Bearing,Condition,Label,RMS,STD,Peak,Peak_to_Peak,Kurtosis,Crest_Factor,File
K001,N09_M07_F10,0,0.3676200361742805,0.36729508170785247,4.879760738962637,9.570312493675315,20.16506543534376,13.273924864773285,N09_M07_F10_K001_1.mat
K001,N09_M07_F10,0,0.36310065728109353,0.3627805585898447,4.394531247095808,8.596801752131174,18.989023983528742,12.10279066967866,N09_M07_F10_K001_10.mat
K001,N09_M07_F10,0,0.3631800684015947,0.36286664195557367,4.455566403305472,8.874511712885145,19.424457279287807,12.268201894765399,N09_M07_F10_K001_11.mat
K001,N09_M07_F10,0,0.3620386537464793,0.36171798393057136,5.166625973148058,9.432983392203571,19.855237536163443,14.270923614598436,N09_M07_F10_K001_12.mat
K001,N09_M07_F10,0,0.3613316894940476,0.3611055444496719,4.4311523408216065,8.340454096050586,18.96656234675102,12.263392527310016,N09_M07_F10_K001_13.mat
K001,N09_M07_F10,0,0.3651670778905681,0.36491811030166615,4.705810543765095,8.804321283244033,19.519850325451266,12.886732755178205,N09_M07_F10_K001_14.mat
K001,N09_M07_F10,0,0.3643538369409349,0.3640442419005678,5.303955074619802,9.481811517171302,19.63566469241344,14.557154438528999,N09_M07_F10_K001_15.mat
K001,N09_M07_F10,0,0.36423004124698416,0.3639705695938158,5.12084960599081,9.494018548413237,20.08553193988024,14.059382879179823,N09_M07_F10_K001_16.mat
K001,N09_M07_F10,0,0.36511744216043074,0.36478314065876655,4.669189450039296,9.16442870488105,19.55443515371646,12.788185145062661,N09_M07_F10_K001_17.mat
K001,N09_M07_F10,0,0.3624831360098875,0.3622023309447892,4.855346676478771,9.310913079784243,19.639544676868777,13.394682935943068,N09_M07_F10_K001_18.mat
K001,N09_M07_F10,0,0.3650336482746013,0.3647385413021114,4.8980712858255355,9.548950189001932,19.762753466907927,13.418136407361818,N09_M07_F10_K001_19.mat
K001,N09_M07_F10,0,0.3654410547057989,0.36510667658179363,4.879760738962637,9.29870604854231,19.557674936797632,13.353072064908321,N09_M07_F10_K001_2.mat
K001,N09_M07_F10,0,0.36340342641492374,0.3631478228709499,4.443359372063539,8.660888666151322,19.51379381009857,12.227070657804523,N09_M07_F10_K001_20.mat
K001,N09_M07_F10,0,0.3618043166067322,0.36146077503564766,5.007934567002931,9.448242181255987,20.09912888365771,13.841555606552836,N09_M07_F10_K001_3.mat
K001,N09_M07_F10,0,0.3628144221122384,0.3624688036878398,4.79736327807959,9.225463861090713,19.784047931478,13.22263665857115,N09_M07_F10_K001_4.mat
K001,N09_M07_F10,0,0.3644082017357834,0.3640914294381348,4.9407958951723,9.854125970050251,19.521588720367458,13.558410243342045,N09_M07_F10_K001_5.mat
K001,N09_M07_F10,0,0.36418668156756384,0.3638515525140747,4.611206051640115,8.93554686909481,19.428667900909186,12.661654818875208,N09_M07_F10_K001_6.mat
K001,N09_M07_F10,0,0.36521954820977454,0.3649336231865021,4.327392575265178,8.636474603667457,19.5608904417458,11.848743027247856,N09_M07_F10_K001_7.mat
K001,N09_M07_F10,0,0.3644500481621259,0.36408487568324077,4.913330074877952,9.5184326108971,19.977370291049972,13.48149108404632,N09_M07_F10_K001_8.mat
K001,N09_M07_F10,0,0.36676355065720695,0.36643872616003237,4.888916012394087,9.597778313969664,19.70212967501164,13.329885163434572,N09_M07_F10_K001_9.mat
K001,N15_M01_F10,0,0.3962512428717183,0.39600234232772835,4.9682617154666495,9.866333001292185,14.915306370340948,12.53816058584595,N15_M01_F10_K001_1.mat
K001,N15_M01_F10,0,0.40686834055403204,0.406598730927205,4.5349121063780355,8.578491205268275,13.854155229260686,11.145895746527863,N15_M01_F10_K001_10.mat
K001,N15_M01_F10,0,0.4019110293707867,0.40167329558987747,4.846191403047322,9.262084954816512,14.07123325616535,12.057871142860385,N15_M01_F10_K001_11.mat
K001,N15_M01_F10,0,0.4071794474360295,0.4069209019786756,4.852294918668288,9.020996087788339,13.836430039433258,11.916846366442929,N15_M01_F10_K001_12.mat
K001,N15_M01_F10,0,0.39759732228509276,0.3973138375851474,4.794311520269107,9.539794915570482,14.969770033914722,12.05820877443284,N15_M01_F10_K001_13.mat
K001,N15_M01_F10,0,0.4046211557604093,0.4043264826155103,4.553222653240934,8.996582025304473,13.90915964117224,11.253051375141295,N15_M01_F10_K001_14.mat
K001,N15_M01_F10,0,0.4028815958214135,0.4026153014804112,4.727172848438476,9.426879876582603,14.041733064594066,11.733404795521869,N15_M01_F10_K001_15.mat
K001,N15_M01_F10,0,0.40422461082872135,0.40389108485706227,4.736328121869927,9.03930663465124,13.543464538560954,11.71707015107205,N15_M01_F10_K001_16.mat
K001,N15_M01_F10,0,0.4008005065813401,0.40046303126063426,4.782104489027175,9.445190423445505,15.002579193728872,11.931383345336853,N15_M01_F10_K001_17.mat
K001,N15_M01_F10,0,0.39721462442203836,0.39694706802516644,5.117797848180326,9.704589837336577,14.875279620597393,12.884213051387288,N15_M01_F10_K001_18.mat
K001,N15_M01_F10,0,0.4089324433503192,0.40866013714029126,4.907226559256986,9.597778313969664,14.106548561878315,12.000091064071245,N15_M01_F10_K001_19.mat
K001,N15_M01_F10,0,0.40552578609744744,0.40520618773685113,4.669189450039296,9.33532714226811,14.317990675169744,11.513915045878967,N15_M01_F10_K001_2.mat
K001,N15_M01_F10,0,0.4071262232187282,0.40686102960532344,4.803466793700557,9.207153314227815,13.559989427792752,11.79847064560098,N15_M01_F10_K001_20.mat
K001,N15_M01_F10,0,0.40644340621788155,0.4061127627353039,4.800415035890074,9.448242181255988,13.462539774935598,11.810783401703711,N15_M01_F10_K001_3.mat
K001,N15_M01_F10,0,0.39617375791037535,0.3958897525898516,4.727172848438476,9.225463861090713,14.559351158402453,11.932069588283746,N15_M01_F10_K001_4.mat
K001,N15_M01_F10,0,0.3988503620051339,0.39853490050088586,5.059814449781146,10.055541985542146,14.598146998211634,12.685996884505817,N15_M01_F10_K001_5.mat
K001,N15_M01_F10,0,0.3953270166834908,0.39503429668532614,4.4708251923578874,8.770751947328716,14.879655223267521,11.309182028248141,N15_M01_F10_K001_6.mat
K001,N15_M01_F10,0,0.3990052164697507,0.39871973165320823,4.849243160857805,9.475708001550336,14.72914084345176,12.153332740263647,N15_M01_F10_K001_7.mat
K001,N15_M01_F10,0,0.39696709451036377,0.39668663219112194,5.1849365200109565,9.90905761063895,15.057658267512908,13.061376098203503,N15_M01_F10_K001_8.mat
K001,N15_M01_F10,0,0.3942088295571845,0.3939458098871333,4.79736327807959,8.987426751873024,14.721487020167313,12.16959874660463,N15_M01_F10_K001_9.mat
K001,N15_M07_F04,0,0.40026469123081154,0.3999337506505709,4.241943356571648,8.316040033566718,14.694592722857125,10.597845499506082,N15_M07_F04_K001_1.mat
K001,N15_M07_F04,0,0.40262105412243127,0.40234465933848634,5.2917480433778685,9.960937493417164,15.264526287797805,13.143247202787174,N15_M07_F04_K001_10.mat
K001,N15_M07_F04,0,0.4011470892981765,0.4008238534043281,5.007934567002931,9.74731444668334,13.943719637433976,12.484035658253239,N15_M07_F04_K001_11.mat
K001,N15_M07_F04,0,0.38945323600922005,0.38907254412884607,4.72106933281751,9.35363768913101,15.663691304664694,12.122300949903373,N15_M07_F04_K001_12.mat
K001,N15_M07_F04,0,0.3926021982332381,0.3922625283419274,4.818725582752973,9.045410150272204,15.467570126714758,12.273812027639876,N15_M07_F04_K001_13.mat
K001,N15_M07_F04,0,0.3895853921398562,0.38926315869419403,5.175781246579507,9.704589837336576,15.585855701703569,13.285357590413623,N15_M07_F04_K001_14.mat
K001,N15_M07_F04,0,0.4047082553048521,0.4044228490431219,5.419921871418163,9.704589837336576,14.539134866140099,13.392170286557489,N15_M07_F04_K001_15.mat
K001,N15_M07_F04,0,0.3906500663180654,0.39029777756873574,4.782104489027175,9.286499017300379,16.09689500835225,12.24140196390907,N15_M07_F04_K001_16.mat
K001,N15_M07_F04,0,0.3871215417921158,0.38680010388310726,4.821777340563456,9.143066400207667,15.822180506860073,12.455461192476728,N15_M07_F04_K001_17.mat
K001,N15_M07_F04,0,0.39980815042666323,0.3994420876194239,5.072021481023079,9.887695305965568,14.85514036679036,12.686138278097557,N15_M07_F04_K001_18.mat
K001,N15_M07_F04,0,0.3974282141203214,0.3971295917539738,4.742431637490893,9.35363768913101,15.537146137206118,11.932800614037737,N15_M07_F04_K001_19.mat
K001,N15_M07_F04,0,0.38868321262607286,0.38837054917355585,4.904174801446502,9.365844720372941,15.80307751189509,12.617408321579594,N15_M07_F04_K001_2.mat
K001,N15_M07_F04,0,0.38897110818999037,0.388629843620913,4.965209957656167,9.744262688872858,16.01194576719611,12.76498396181894,N15_M07_F04_K001_20.mat
K001,N15_M07_F04,0,0.39876758635312287,0.398445773849075,4.833984371805389,9.426879876582605,14.649525117093523,12.122310180759587,N15_M07_F04_K001_3.mat
K001,N15_M07_F04,0,0.3981637812857069,0.39781736146245344,5.029296871676314,9.649658196747879,15.61267999291304,12.631226415010072,N15_M07_F04_K001_4.mat
K001,N15_M07_F04,0,0.3941442523040925,0.3937817671373181,5.096435543506944,9.46044921249792,15.653722706722945,12.930381487778012,N15_M07_F04_K001_5.mat
K001,N15_M07_F04,0,0.39815965037333323,0.39785090555239266,4.696655270333645,9.112548822102836,15.314829438260878,11.795909670730925,N15_M07_F04_K001_6.mat
K001,N15_M07_F04,0,0.4053242478272144,0.4049196041633282,4.632568356313498,9.12475585334477,14.56691682893044,11.429289960190872,N15_M07_F04_K001_7.mat
K001,N15_M07_F04,0,0.39630430813269557,0.3959830742080831,4.696655270333645,9.338378900078592,15.09666030911018,11.851133520256994,N15_M07_F04_K001_8.mat
K001,N15_M07_F04,0,0.3893260898464819,0.38896860465685373,4.916381832688435,9.072875970566553,15.625358124916486,12.6279280040725,N15_M07_F04_K001_9.mat
K001,N15_M07_F10,0,0.4066348138297611,0.40619803265471327,4.928588863930368,9.320068353215692,13.100813872760893,12.120430165612275,N15_M07_F10_K001_1.mat
K001,N15_M07_F10,0,0.40963418932366674,0.40926446820189233,4.763793942164275,9.24987792357458,13.113970036840245,11.629385598964811,N15_M07_F10_K001_10.mat
K001,N15_M07_F10,0,0.408058948149195,0.4076673337047249,5.224609371547238,10.305786126001767,13.816110096945724,12.803565257529925,N15_M07_F10_K001_11.mat
K001,N15_M07_F10,0,0.39572130350459833,0.3953889634791657,4.772949215595725,9.320068353215692,14.845187053669257,12.061390613356915,N15_M07_F10_K001_12.mat
K001,N15_M07_F10,0,0.40480208954630514,0.4044995453979366,5.014038082623898,9.866333001292187,13.459591574512137,12.386393776384754,N15_M07_F10_K001_13.mat
K001,N15_M07_F10,0,0.4018303294369619,0.40147870666795793,4.757690426543308,9.445190423445503,13.557402494017147,11.840048094950191,N15_M07_F10_K001_14.mat
K001,N15_M07_F10,0,0.4075324385967877,0.40711874973880247,4.9591064420352,9.915161126259918,13.817097626125065,12.168617691171661,N15_M07_F10_K001_15.mat
K001,N15_M07_F10,0,0.40147685400850663,0.4011597666060754,4.483032223599821,8.920288080042393,13.591994823866566,11.166352876484464,N15_M07_F10_K001_16.mat
K001,N15_M07_F10,0,0.3991698348597138,0.3988687153589424,4.656982418797363,8.978271478441574,13.898551784793241,11.66666920218066,N15_M07_F10_K001_17.mat
K001,N15_M07_F10,0,0.40192043538300176,0.40164243810027933,4.852294918668288,9.005737298735923,13.706855684504987,12.07277483675194,N15_M07_F10_K001_18.mat
K001,N15_M07_F10,0,0.40508093664016465,0.40474671302287,5.477905269817343,9.619140618643046,13.558641538878993,13.522989541923058,N15_M07_F10_K001_19.mat
K001,N15_M07_F10,0,0.39608808869550105,0.39572090597925624,4.678344723470746,9.167480462691532,14.035190443901726,11.811374431578265,N15_M07_F10_K001_2.mat
K001,N15_M07_F10,0,0.40518935597801503,0.4048764928013451,4.8645019499102204,9.54589843119145,13.453665943713078,12.00550280539492,N15_M07_F10_K001_20.mat
K001,N15_M07_F10,0,0.4018855132474447,0.4015405052326901,4.711914059386061,9.31701659540521,13.4392835031069,11.724518311972322,N15_M07_F10_K001_3.mat
K001,N15_M07_F10,0,0.3994222935089232,0.3990760753552031,4.476928707978854,8.816528314485964,14.269755300782922,11.208509842174943,N15_M07_F10_K001_4.mat
K001,N15_M07_F10,0,0.3954698526552658,0.39515338391338195,4.531860348567552,8.923339837852875,14.11649090289733,11.459433173324618,N15_M07_F10_K001_5.mat
K001,N15_M07_F10,0,0.40718493944558515,0.406913665132331,4.397583004906291,8.438110345986047,13.365043820414884,10.799964779871162,N15_M07_F10_K001_6.mat
K001,N15_M07_F10,0,0.40957268518174483,0.4092451979937696,4.724121090627994,9.100341790860902,12.90215035225294,11.53426793715919,N15_M07_F10_K001_7.mat
K001,N15_M07_F10,0,0.39105856626649776,0.39070685719707354,4.33959960650711,8.654785150530355,14.38718606450739,11.097058038999123,N15_M07_F10_K001_8.mat
K001,N15_M07_F10,0,0.4084495577671149,0.40811728908642614,4.589843746966733,9.072875970566553,13.303001352715746,11.23723519755582,N15_M07_F10_K001_9.mat
K002,N09_M07_F10,0,0.17871486833170677,0.1784520864811551,4.855346676478771,8.901977533179494,46.93601689336285,27.168118253412032,N09_M07_F10_K002_1.mat
K002,N09_M07_F10,0,0.17611184948143357,0.1758283846196891,4.016113278595891,7.818603510457958,44.12570915739821,22.80433310093246,N09_M07_F10_K002_10.mat
K002,N09_M07_F10,0,0.17642732864670224,0.17616001934407766,4.0740966769950715,7.617187494966067,43.04144806129988,23.09220860648804,N09_M07_F10_K002_11.mat
K002,N09_M07_F10,0,0.17469393668043853,0.17438285254551888,2.926635740253389,5.801391597728563,40.54135233436741,16.752932562318865,N09_M07_F10_K002_12.mat
K002,N09_M07_F10,0,0.17438393463591575,0.1741290899525881,3.6346435522854907,6.762695308030771,42.68856598076271,20.84276604879924,N09_M07_F10_K002_13.mat
K002,N09_M07_F10,0,0.17540693862051115,0.17515040091142983,4.211425778466816,6.869506831397683,42.69671788488214,24.009459440929742,N09_M07_F10_K002_14.mat
K002,N09_M07_F10,0,0.17666482515796295,0.1763778343623744,3.8848876927451133,6.481933589466316,42.607577534351336,21.990159553671667,N09_M07_F10_K002_15.mat
K002,N09_M07_F10,0,0.17540122586312107,0.1751179310414208,3.7109374975475715,6.1859130818494465,41.53022995034811,21.156850411316388,N09_M07_F10_K002_16.mat
K002,N09_M07_F10,0,0.17444499367001212,0.17413939359990818,3.1341552713662466,5.94177245701079,41.33567662146526,17.966438620158705,N09_M07_F10_K002_17.mat
K002,N09_M07_F10,0,0.17698941497671544,0.17671612001549472,4.043579098890239,7.803344721405542,44.80839146080669,22.846445926849405,N09_M07_F10_K002_18.mat
K002,N09_M07_F10,0,0.17411155345477816,0.1738154403966387,3.3142089821847556,6.060791011619635,42.013491674882765,19.034974511588356,N09_M07_F10_K002_19.mat
K002,N09_M07_F10,0,0.17658027299095458,0.1762512554284115,3.9154052708499454,6.878662104829132,42.663439540873846,22.17351465443999,N09_M07_F10_K002_2.mat
K002,N09_M07_F10,0,0.1736320321235708,0.1733517754586516,2.9541015605477376,5.789184566486631,40.969229220575095,17.01357476738714,N09_M07_F10_K002_20.mat
K002,N09_M07_F10,0,0.17614411790314827,0.1758827977381451,4.171752926930535,7.626342768397517,41.3483308130804,23.683748152318927,N09_M07_F10_K002_3.mat
K002,N09_M07_F10,0,0.17511900905062583,0.17483355899675962,3.1799316385234944,6.2591552693010435,40.46893610029116,18.158689086712428,N09_M07_F10_K002_4.mat
K002,N09_M07_F10,0,0.17654679330135092,0.17625978348817217,3.512573239866163,6.872558589208166,42.00785283177033,19.89599003291149,N09_M07_F10_K002_5.mat
K002,N09_M07_F10,0,0.17495348334573496,0.17470573331198264,4.067993161374106,7.592773432482201,42.989608804727844,23.25185577091441,N09_M07_F10_K002_6.mat
K002,N09_M07_F10,0,0.17697076027934958,0.17671572446001085,4.0344238254587905,7.95288085411922,43.829487476904475,22.797120942976253,N09_M07_F10_K002_7.mat
K002,N09_M07_F10,0,0.17560727145820132,0.17532852165436652,3.8513183568297986,6.460571284792934,41.368218911943394,21.93142872074351,N09_M07_F10_K002_8.mat
K002,N09_M07_F10,0,0.17603087219057126,0.17575197166447806,4.2144775362772995,7.250976557708084,44.12920475942133,23.941695475522614,N09_M07_F10_K002_9.mat
K002,N15_M01_F10,0,0.23699361047701134,0.23675817411417918,4.217529294087782,7.736206049574912,14.473339238588688,17.79596203289577,N15_M01_F10_K002_1.mat
K002,N15_M01_F10,0,0.2325504797744671,0.23228666120132374,4.168701169120051,7.714843744901529,16.214114697105504,17.92600545551639,N15_M01_F10_K002_10.mat
K002,N15_M01_F10,0,0.23083544404113948,0.2305943713549211,3.997802731732992,7.135009760909721,16.03743062220675,17.318842642815735,N15_M01_F10_K002_11.mat
K002,N15_M01_F10,0,0.23906160459441825,0.23878380404186025,3.5766601538863103,7.0861816359419905,14.874412372458275,14.961248837739209,N15_M01_F10_K002_12.mat
K002,N15_M01_F10,0,0.2332721497979908,0.2330434897816791,3.0578613261041667,6.01806640227287,15.879617598033489,13.1085572313378,N15_M01_F10_K002_13.mat
K002,N15_M01_F10,0,0.23428206503026,0.23404257907451043,3.448486325846016,6.100463863155917,15.342135250215254,14.719378222146913,N15_M01_F10_K002_14.mat
K002,N15_M01_F10,0,0.23574687018391402,0.23550955940076207,4.913330074877952,8.126831049316761,16.176985809320147,20.841549544411336,N15_M01_F10_K002_15.mat
K002,N15_M01_F10,0,0.23561884449251916,0.23538123136209282,3.887939450555597,7.241821284276634,15.242951942313104,16.50096985633523,N15_M01_F10_K002_16.mat
K002,N15_M01_F10,0,0.23626510959515756,0.23599847351513026,4.516601559515136,8.270263666409472,16.069328895863784,19.11666757421091,N15_M01_F10_K002_17.mat
K002,N15_M01_F10,0,0.23725248817272165,0.23701704805408425,3.7658691381362686,6.903076167312998,15.144471781295566,15.872833061268832,N15_M01_F10_K002_18.mat
K002,N15_M01_F10,0,0.23136438510675092,0.23109076448567709,3.247070310354125,6.066894527240602,14.901788099972926,14.034443152760678,N15_M01_F10_K002_19.mat
K002,N15_M01_F10,0,0.2297883693291613,0.22951761387270886,3.1311035135557628,5.96008300387369,15.837651315206461,13.626031303049114,N15_M01_F10_K002_2.mat
K002,N15_M01_F10,0,0.23294061827847978,0.23267651329302078,3.829956052156416,7.269287104570982,15.406272632733035,16.441769926006273,N15_M01_F10_K002_20.mat
K002,N15_M01_F10,0,0.23608617413396663,0.2358381454894348,4.306030270591795,7.971191400982118,15.510236378759963,18.239231019722258,N15_M01_F10_K002_3.mat
K002,N15_M01_F10,0,0.23988837607933589,0.23964678791561528,3.848266599019315,7.189941401498419,15.399280044257397,16.041905247408135,N15_M01_F10_K002_4.mat
K002,N15_M01_F10,0,0.24096549913036422,0.24073557497314685,3.829956052156416,6.985473628196045,15.276381573097977,15.894209195833383,N15_M01_F10_K002_5.mat
K002,N15_M01_F10,0,0.2407988722003771,0.2405423735898796,3.939819333333811,7.827758783889408,16.311136243945306,16.361452598728746,N15_M01_F10_K002_6.mat
K002,N15_M01_F10,0,0.2359222104369927,0.2356959782612216,3.985595700491059,7.794189447974093,15.24497082459045,16.893685817493154,N15_M01_F10_K002_7.mat
K002,N15_M01_F10,0,0.23448157917085743,0.23422471518759871,4.306030270591795,8.398437494449766,17.160912301308894,18.364044995850875,N15_M01_F10_K002_8.mat
K002,N15_M01_F10,0,0.23179531152965235,0.23155500601309364,3.0578613261041667,6.097412105345434,15.23227814516479,13.19207582726707,N15_M01_F10_K002_9.mat
K002,N15_M07_F04,0,0.21633394069984477,0.21604657173052408,3.671264646011289,6.38122558172037,17.791305539692665,16.970359039060963,N15_M07_F04_K002_1.mat
K002,N15_M07_F04,0,0.224878121890564,0.22456821183097425,4.733276364059443,9.097290033050419,18.853902320690587,21.04818523147784,N15_M07_F04_K002_10.mat
K002,N15_M07_F04,0,0.21881004733468257,0.21849927612141293,4.116821286341836,7.275390620191948,19.51062271110586,18.814589807409167,N15_M07_F04_K002_11.mat
K002,N15_M07_F04,0,0.21442103698866075,0.2140946439786514,3.726196286599987,6.427001948877619,18.35512668407037,17.37794173058234,N15_M07_F04_K002_12.mat
K002,N15_M07_F04,0,0.21658909710052465,0.21626428297694567,3.2897949197008898,6.109619136587367,18.389742718970417,15.18910676364291,N15_M07_F04_K002_13.mat
K002,N15_M07_F04,0,0.2183899055683659,0.21805397983855934,4.168701169120051,7.165527339014553,19.098532034628033,19.088341827296862,N15_M07_F04_K002_14.mat
K002,N15_M07_F04,0,0.21858462087690167,0.2182737456643391,4.315185544023245,7.40051269042176,18.773273900994326,19.741487423552037,N15_M07_F04_K002_15.mat
K002,N15_M07_F04,0,0.21753547687148925,0.2172043754018218,3.9886474583015428,6.6894531205791745,17.106995098175148,18.33561824335378,N15_M07_F04_K002_16.mat
K002,N15_M07_F04,0,0.21693272311293588,0.2166097298723829,3.982543942680576,7.928466791635353,20.09121538156638,18.358428758612185,N15_M07_F04_K002_17.mat
K002,N15_M07_F04,0,0.2191182026413644,0.2188118290899199,3.1341552713662466,5.73120116808745,19.27076775703822,14.303491145808584,N15_M07_F04_K002_18.mat
K002,N15_M07_F04,0,0.21346922482334268,0.21314078340764955,3.3142089821847556,6.185913081849447,19.18047504601393,15.5254650169243,N15_M07_F04_K002_19.mat
K002,N15_M07_F04,0,0.21920872219512852,0.21886027257659366,3.9245605442813956,7.6477050730709,19.96151459438574,17.9033046905312,N15_M07_F04_K002_2.mat
K002,N15_M07_F04,0,0.22052574548313703,0.22022568020754046,4.11987304415232,7.397460932611278,19.12686312045134,18.68205018478151,N15_M07_F04_K002_20.mat
K002,N15_M07_F04,0,0.2224420659847837,0.22217336205439184,2.9968261698945025,5.929565425768858,17.390287057366947,13.472389570862475,N15_M07_F04_K002_3.mat
K002,N15_M07_F04,0,0.22101768461153967,0.22072167876367202,3.4210205055516676,6.814575190808986,17.841672223335813,15.478492191991096,N15_M07_F04_K002_4.mat
K002,N15_M07_F04,0,0.216571235511008,0.216277787713878,3.3355712868581375,5.877685542990643,18.63565976454497,15.401728114944405,N15_M07_F04_K002_5.mat
K002,N15_M07_F04,0,0.21633776346104133,0.21601946215094284,3.0761718729670653,5.862426753938227,18.132798355506804,14.21930144674455,N15_M07_F04_K002_6.mat
K002,N15_M07_F04,0,0.21880293340921336,0.21852000502949456,3.100585935450931,6.0089111288414205,18.610800205706955,14.17067809439328,N15_M07_F04_K002_7.mat
K002,N15_M07_F04,0,0.2179398413310079,0.21763752398371872,3.2836914040799234,6.274414058353459,18.767551834725527,15.066962442597358,N15_M07_F04_K002_8.mat
K002,N15_M07_F04,0,0.21523300653268784,0.21489189600638836,3.247070310354125,5.911254878905959,17.607188352774518,15.086302805796592,N15_M07_F04_K002_9.mat
K002,N15_M07_F10,0,0.22820031270939053,0.22794578426771733,3.427124021172634,6.0791015584825345,14.479483064469855,15.018051379872656,N15_M07_F10_K002_1.mat
K002,N15_M07_F10,0,0.23057179456250174,0.23032170334870927,4.089355466047488,7.11364745623634,16.41981693286398,17.735714265514705,N15_M07_F10_K002_10.mat
K002,N15_M07_F10,0,0.2297351347308435,0.22947674633486945,3.3172607399952385,5.957031246063206,15.253574478903303,14.439501140658018,N15_M07_F10_K002_11.mat
K002,N15_M07_F10,0,0.23556962769677864,0.23529620487837807,3.8146972631039997,7.125854487478271,15.056318897154414,16.193502109763553,N15_M07_F10_K002_12.mat
K002,N15_M07_F10,0,0.2322271690818348,0.23197790657032777,3.0609130839146497,5.9356689413898245,15.068090033187326,13.180684654671095,N15_M07_F10_K002_13.mat
K002,N15_M07_F10,0,0.23002246564744191,0.22978138119114497,2.7526855450558463,5.386352535502848,13.94252915060195,11.967029121733349,N15_M07_F10_K002_14.mat
K002,N15_M07_F10,0,0.23255978293222862,0.2323210423969159,3.6682128882008067,6.512451167571149,13.3897816202039,15.773203956205009,N15_M07_F10_K002_15.mat
K002,N15_M07_F10,0,0.2313297314612308,0.23109737933301056,3.829956052156416,6.933593745417831,14.87403238666248,16.556263771041856,N15_M07_F10_K002_16.mat
K002,N15_M07_F10,0,0.2236221561087744,0.22335592095965812,3.436279294604083,6.24694823805911,15.619302730787576,15.366452745105484,N15_M07_F10_K002_17.mat
K002,N15_M07_F10,0,0.23392210800385743,0.23365711566961364,2.9907226542735357,5.966186519494656,14.213881272516,12.785121850151153,N15_M07_F10_K002_18.mat
K002,N15_M07_F10,0,0.23200327456849368,0.2317505032893935,2.911376951200973,5.642700191583437,14.748115408361484,12.548861461614651,N15_M07_F10_K002_19.mat
K002,N15_M07_F10,0,0.22938935517676107,0.22909267757524882,3.598022458559693,6.3659667926679555,15.132005570100594,15.685219812345508,N15_M07_F10_K002_2.mat
K002,N15_M07_F10,0,0.2285050400913468,0.2282873856675479,3.2257080056807426,6.207275386522829,16.102292405369184,14.116572677745921,N15_M07_F10_K002_20.mat
K002,N15_M07_F10,0,0.22937307918733882,0.22912699534665434,3.591918942938727,7.073974604700058,15.337747313769325,15.659723258129402,N15_M07_F10_K002_3.mat
K002,N15_M07_F10,0,0.22569429358339954,0.22542917464582887,3.6285400366645253,6.280517573974427,14.490731337579733,16.077234293580805,N15_M07_F10_K002_4.mat
K002,N15_M07_F10,0,0.22908783399135865,0.2288529569370264,2.6794433576042493,5.316162105861734,14.348229669877387,11.696139908090098,N15_M07_F10_K002_5.mat
K002,N15_M07_F10,0,0.23075636252514986,0.2305270725726007,3.4210205055516676,6.091308589724468,15.501277527940877,14.825248882048982,N15_M07_F10_K002_6.mat
K002,N15_M07_F10,0,0.22663659283398466,0.22638247732800829,2.9510498027372547,5.841064449264845,15.38330404558697,13.021064982648019,N15_M07_F10_K002_7.mat
K002,N15_M07_F10,0,0.22887536262666922,0.22866878944664162,4.248046872192615,7.150268549962138,16.119295534451645,18.560524922561587,N15_M07_F10_K002_8.mat
K002,N15_M07_F10,0,0.23436895836028954,0.23408854823783554,3.4942626930032636,6.436157222309069,15.179031432568546,14.909238482135596,N15_M07_F10_K002_9.mat
K003,N09_M07_F10,0,0.3381578615739704,0.337947636376383,4.391479489285325,8.389282221018316,20.81784451107971,12.986477584300403,N09_M07_F10_K003_1.mat
K003,N09_M07_F10,0,0.32298550254651054,0.32272751126027804,4.306030270591795,8.389282221018316,21.73721763431714,13.33196145536507,N09_M07_F10_K003_10.mat
K003,N09_M07_F10,0,0.3230411396404426,0.32281091319213306,4.870605465531187,9.124755853344768,22.088036538883294,15.077353525165126,N09_M07_F10_K003_11.mat
K003,N09_M07_F10,0,0.32392563840597544,0.3236733642442527,4.742431637490893,9.304809564163277,22.5536348394275,14.640494839581706,N09_M07_F10_K003_12.mat
K003,N09_M07_F10,0,0.3385959771451308,0.33834731135170537,4.833984371805389,9.075927728377037,20.931391861996996,14.276555830825544,N09_M07_F10_K003_13.mat
K003,N09_M07_F10,0,0.33585210511669167,0.33564960968525087,4.4311523408216065,8.203124994578841,20.872834313798883,13.193760805167514,N09_M07_F10_K003_14.mat
K003,N09_M07_F10,0,0.32862839011049744,0.328391384497851,4.33044433307566,8.523559564679577,21.728387059708023,13.177328750019434,N09_M07_F10_K003_15.mat
K003,N09_M07_F10,0,0.32291051809726395,0.3226917291169563,5.450439449522995,9.719848626388991,21.828262626945392,16.879101621215284,N09_M07_F10_K003_16.mat
K003,N09_M07_F10,0,0.3231947943506898,0.3229529032861012,4.122924801962803,8.129882807127245,21.79281016835208,12.756779731696824,N09_M07_F10_K003_17.mat
K003,N09_M07_F10,0,0.32444480472473913,0.3242247811925009,4.437255856442572,8.547973627163444,21.401937921207683,13.676458343067525,N09_M07_F10_K003_18.mat
K003,N09_M07_F10,0,0.32367263536176527,0.32341796169975257,5.371093746450431,9.658813470179327,22.365934896204518,16.59421637682537,N09_M07_F10_K003_19.mat
K003,N09_M07_F10,0,0.3343871775918961,0.33413451882666084,4.476928707978854,8.850097650401281,20.64123906320232,13.388458074916784,N09_M07_F10_K003_2.mat
K003,N09_M07_F10,0,0.3230686719304367,0.3228277640718128,4.965209957656167,9.67102050142126,21.808758650990367,15.368899522158799,N09_M07_F10_K003_20.mat
K003,N09_M07_F10,0,0.33062107292031967,0.3303678466648817,5.001831051381965,9.362792962562457,21.150463440149917,15.128591191122943,N09_M07_F10_K003_3.mat
K003,N09_M07_F10,0,0.3235377900906795,0.3232910978088716,4.956054684224717,9.649658196747879,21.70957241283562,15.31831778549164,N09_M07_F10_K003_4.mat
K003,N09_M07_F10,0,0.3381934840687287,0.33796851465090855,4.547119137619967,8.972167962820606,20.838585812718136,13.445318587793633,N09_M07_F10_K003_5.mat
K003,N09_M07_F10,0,0.3239613386233858,0.3237455272878985,5.0750732388335615,9.094238275239936,21.37317149623292,15.665675603141885,N09_M07_F10_K003_6.mat
K003,N09_M07_F10,0,0.3366793586025853,0.3364463981951802,4.336547848696627,8.63952636147794,21.49846072560622,12.880349620172193,N09_M07_F10_K003_7.mat
K003,N09_M07_F10,0,0.32627392227221796,0.32600669773695756,4.693603512523162,9.103393548671386,21.10096868389521,14.385469362173477,N09_M07_F10_K003_8.mat
K003,N09_M07_F10,0,0.3246570729035774,0.32440313648377617,4.440307614253055,8.261108392978022,21.496369024356845,13.67691630599965,N09_M07_F10_K003_9.mat
K003,N15_M01_F10,0,0.3630237172596948,0.36275487640831156,4.083251950426522,8.11462401807483,15.937929223444593,11.247893061228016,N15_M01_F10_K003_1.mat
K003,N15_M01_F10,0,0.3584609310929658,0.35825163992252046,4.342651364317594,8.160400385232077,16.415997910740217,12.114713174115312,N15_M01_F10_K003_10.mat
K003,N15_M01_F10,0,0.3657396883189984,0.36550541891863997,4.580688473535283,8.572387689647309,15.833556564799926,12.52445009342274,N15_M01_F10_K003_11.mat
K003,N15_M01_F10,0,0.3571905342951221,0.3569613562685723,4.708862301575578,9.048461908082688,16.851302448307347,13.183054559012941,N15_M01_F10_K003_12.mat
K003,N15_M01_F10,0,0.3626747286515353,0.3624185878688898,4.846191403047322,9.152221673639117,16.72649145377878,13.362363076870551,N15_M01_F10_K003_13.mat
K003,N15_M01_F10,0,0.3624627570960574,0.36221043053477026,5.072021481023079,9.378051751614873,17.663416679135317,13.993221046097506,N15_M01_F10_K003_14.mat
K003,N15_M01_F10,0,0.36819724310627905,0.3679481960686865,4.727172848438476,8.807373041054515,15.578925976538525,12.838697021623249,N15_M01_F10_K003_15.mat
K003,N15_M01_F10,0,0.3534710793160163,0.3531772602525983,4.595947262587699,8.978271478441574,17.00729063180504,13.002328992462637,N15_M01_F10_K003_16.mat
K003,N15_M01_F10,0,0.35157696937013444,0.3513058283263377,4.742431637490893,9.170532220502016,16.65133096206156,13.489028152177223,N15_M01_F10_K003_17.mat
K003,N15_M01_F10,0,0.3538827436817423,0.3536423209562063,5.023193356055347,9.454345696876953,16.213718855474625,14.19451342496898,N15_M01_F10_K003_18.mat
K003,N15_M01_F10,0,0.34648494305363653,0.3462059043831546,4.043579098890239,8.029174799381298,17.01700718117675,11.670288074435273,N15_M01_F10_K003_19.mat
K003,N15_M01_F10,0,0.35762521952713616,0.3573712308038187,5.3405761683456,9.289550775110861,16.220988200975448,14.93344394281557,N15_M01_F10_K003_2.mat
K003,N15_M01_F10,0,0.346010919603212,0.34576732248569614,4.660034176607846,8.828735345727896,16.76503054495954,13.467881828561191,N15_M01_F10_K003_20.mat
K003,N15_M01_F10,0,0.36928492615527037,0.3690286622440337,4.571533200103834,8.737182611413402,15.81792353836702,12.37941999880514,N15_M01_F10_K003_3.mat
K003,N15_M01_F10,0,0.36321422641125883,0.36296458110524166,4.623413082882048,8.758544916086784,15.601010236490279,12.729162975150283,N15_M01_F10_K003_4.mat
K003,N15_M01_F10,0,0.36687090052557414,0.36659945971242874,5.001831051381965,9.414672845340672,15.727427705766235,13.633763387110864,N15_M01_F10_K003_5.mat
K003,N15_M01_F10,0,0.3562141639240414,0.35598482799543607,4.702758785954611,9.350585931320524,17.45852879224491,13.2020544442961,N15_M01_F10_K003_6.mat
K003,N15_M01_F10,0,0.3549930510777646,0.35474669457775004,5.346679683966566,9.637451165505945,17.108907526636347,15.06136434990477,N15_M01_F10_K003_7.mat
K003,N15_M01_F10,0,0.3573567475146713,0.3571091803737653,4.919433590498919,9.744262688872858,17.859540426657293,13.766169590227065,N15_M01_F10_K003_8.mat
K003,N15_M01_F10,0,0.3541168512047721,0.35384613201514475,4.257202145624063,8.255004877357056,16.19220011263352,12.022026433196448,N15_M01_F10_K003_9.mat
K003,N15_M07_F04,0,0.37155674726572707,0.3713099387597475,4.391479489285325,8.740234369223884,16.397263521624684,11.819135358466955,N15_M07_F04_K003_1.mat
K003,N15_M07_F04,0,0.35223466553079924,0.3519116410800652,4.653930660986879,9.024047845598822,16.654872950184632,13.212585575510147,N15_M07_F04_K003_10.mat
K003,N15_M07_F04,0,0.3508512272937529,0.3505614600321846,5.050659176349695,9.625244134264012,16.97316757293966,14.395443947303031,N15_M07_F04_K003_11.mat
K003,N15_M07_F04,0,0.36483160058560676,0.3646400756407893,4.473876950168371,8.752441400465818,16.305045976736025,12.262854815720898,N15_M07_F04_K003_12.mat
K003,N15_M07_F04,0,0.3453597608156358,0.3451028865551466,4.660034176607846,9.185791009554432,17.423682726173915,13.493274855189407,N15_M07_F04_K003_13.mat
K003,N15_M07_F04,0,0.34839359737442754,0.34815356382532386,4.766845699974758,9.246826165764096,17.622412626854345,13.68235735644621,N15_M07_F04_K003_14.mat
K003,N15_M07_F04,0,0.3618864982956928,0.3616238319709763,4.708862301575578,9.085083001808487,15.871752169850664,13.011986696801346,N15_M07_F04_K003_15.mat
K003,N15_M07_F04,0,0.355547803160669,0.3552250437071898,4.904174801446502,9.289550775110861,17.731742640361865,13.793292372644329,N15_M07_F04_K003_16.mat
K003,N15_M07_F04,0,0.3454389554179749,0.3451898263774182,5.007934567002931,9.533691399949518,17.57893631548015,14.497306943692614,N15_M07_F04_K003_17.mat
K003,N15_M07_F04,0,0.3694627851164404,0.36922714675689866,5.224609371547238,9.875488274723635,15.143026075902016,14.141097783097813,N15_M07_F04_K003_18.mat
K003,N15_M07_F04,0,0.3710303721300976,0.37077005510370714,4.711914059386061,8.926391595663361,17.035766809273028,12.699537324491272,N15_M07_F04_K003_19.mat
K003,N15_M07_F04,0,0.3625752517108241,0.36224581497297,4.9591064420352,9.448242181255987,16.17144338638095,13.677454317787772,N15_M07_F04_K003_2.mat
K003,N15_M07_F04,0,0.3651398899575678,0.36491571442944126,4.675292965660263,8.926391595663361,16.31584713407607,12.804114516777583,N15_M07_F04_K003_20.mat
K003,N15_M07_F04,0,0.35839379222257245,0.35813304006049884,4.385375973664359,8.761596673897268,16.494876393328266,12.23619401013765,N15_M07_F04_K003_3.mat
K003,N15_M07_F04,0,0.35892917757857246,0.35861858580733197,3.952026364575744,7.852172846373273,15.547394435637504,11.010602122783997,N15_M07_F04_K003_4.mat
K003,N15_M07_F04,0,0.3585598340336962,0.35827566426367047,4.306030270591795,8.36486815853445,16.709772959075995,12.009237683290342,N15_M07_F04_K003_5.mat
K003,N15_M07_F04,0,0.36742167966627387,0.36711906730932375,5.126953121611776,9.902954095017984,16.1993457047336,13.953866647903157,N15_M07_F04_K003_6.mat
K003,N15_M07_F04,0,0.35363394454981717,0.35333994484365067,4.391479489285325,8.718872064550503,16.68672793726624,12.41815034152268,N15_M07_F04_K003_7.mat
K003,N15_M07_F04,0,0.34985789408983825,0.349539623822854,4.446411129874022,8.401489252260248,17.018552610969433,12.70919194617987,N15_M07_F04_K003_8.mat
K003,N15_M07_F04,0,0.35424361772163143,0.3540114986063735,4.785156246837658,9.207153314227813,16.470723598479665,13.508094450971553,N15_M07_F04_K003_9.mat
K003,N15_M07_F10,0,0.36491583806127986,0.36464875398983215,5.044555660728729,9.475708001550336,16.492668226632794,13.823887961480049,N15_M07_F10_K003_1.mat
K003,N15_M07_F10,0,0.3558974678409726,0.3556247539073267,4.66308593441833,9.320068353215692,15.621110389350003,13.102329619557619,N15_M07_F10_K003_10.mat
K003,N15_M07_F10,0,0.3673252434100316,0.367032363564845,4.724121090627994,9.426879876582605,15.054666747514569,12.860866971112662,N15_M07_F10_K003_11.mat
K003,N15_M07_F10,0,0.3660848873462852,0.36583272323135213,5.160522457527091,9.341430657889074,14.785946993557953,14.096518692523015,N15_M07_F10_K003_12.mat
K003,N15_M07_F10,0,0.36099864637871054,0.36075003230676256,4.11071777072087,8.10546874464338,16.13244494616473,11.387072533253951,N15_M07_F10_K003_13.mat
K003,N15_M07_F10,0,0.36091449076270227,0.3606505897933026,4.8583984342892546,9.063720697135103,16.59422003867352,13.461355968341,N15_M07_F10_K003_14.mat
K003,N15_M07_F10,0,0.35455138842772654,0.35430744004126463,4.275512692486963,8.49609374438523,16.335151876584654,12.058936537935752,N15_M07_F10_K003_15.mat
K003,N15_M07_F10,0,0.3690838229472527,0.3688296485054749,4.43420409863209,8.779907220760167,15.201132456004212,12.014084126536753,N15_M07_F10_K003_16.mat
K003,N15_M07_F10,0,0.365155583174122,0.36491996210074934,4.3609619111804925,8.676147455203736,14.96255708357433,11.942750192322807,N15_M07_F10_K003_17.mat
K003,N15_M07_F10,0,0.3600943962094698,0.3599063662885277,4.446411129874022,8.795166009812583,15.522311126783933,12.347904262546503,N15_M07_F10_K003_18.mat
K003,N15_M07_F10,0,0.3616553686790747,0.36142121602413296,4.183959958172467,8.303833002324787,15.524475224017959,11.568914277297026,N15_M07_F10_K003_19.mat
K003,N15_M07_F10,0,0.3627444513533245,0.36245544008365155,4.406738278337741,8.712768548929535,16.17837476574344,12.148327181565733,N15_M07_F10_K003_2.mat
K003,N15_M07_F10,0,0.36725915224845584,0.367041589204649,5.047607418539213,9.378051751614873,15.179673240298223,13.743993546890392,N15_M07_F10_K003_20.mat
K003,N15_M07_F10,0,0.36074537326009826,0.3604523943943321,4.58679198915625,9.100341790860902,17.442553644088367,12.714763179649049,N15_M07_F10_K003_3.mat
K003,N15_M07_F10,0,0.3600353360167973,0.35975473893928533,4.809570309321523,9.46960448592937,16.118828934007205,13.358606303846615,N15_M07_F10_K003_4.mat
K003,N15_M07_F10,0,0.35425940078538815,0.3539621332524577,4.605102536019149,8.932495111284327,16.67033046117688,12.999238766309944,N15_M07_F10_K003_5.mat
K003,N15_M07_F10,0,0.364080028652129,0.36378309023147776,4.66308593441833,8.941650384715777,15.142881716748464,12.8078597216158,N15_M07_F10_K003_6.mat
K003,N15_M07_F10,0,0.36379203879735006,0.36353347011811876,4.51049804389417,8.929443353473843,15.715031973080958,12.398561713459426,N15_M07_F10_K003_7.mat
K003,N15_M07_F10,0,0.36368334223361365,0.36343953858988537,4.72106933281751,9.426879876582605,15.241823777523605,12.98126360097326,N15_M07_F10_K003_8.mat
K003,N15_M07_F10,0,0.36115595819561264,0.3608868974522476,5.0750732388335615,9.96704100903813,15.839179838471901,14.052303786401202,N15_M07_F10_K003_9.mat
K004,N09_M07_F10,0,0.10797703402239342,0.10663576685649871,1.770019530080256,3.1860351541444607,16.737141230938104,16.39255556615095,N09_M07_F10_K004_1.mat
K004,N09_M07_F10,0,0.10482411047471839,0.10350561815199348,1.3671874990964736,2.688598631035699,18.137057709718462,13.042681620715625,N09_M07_F10_K004_10.mat
K004,N09_M07_F10,0,0.10459602820812851,0.10330460244725309,1.4068603506327553,2.6489257794994177,18.06246704191296,13.450418478924838,N09_M07_F10_K004_11.mat
K004,N09_M07_F10,0,0.10403887336338255,0.10278156464950776,1.4282226553061377,2.8259277325074432,17.766024451852488,13.727778945834048,N09_M07_F10_K004_12.mat
K004,N09_M07_F10,0,0.10464421779465528,0.10332630038983928,1.3305664053706752,2.456665037438976,17.765810320727084,12.715145025802219,N09_M07_F10_K004_13.mat
K004,N09_M07_F10,0,0.10523811056366528,0.10399417507175668,1.4068603506327553,2.624511717015552,18.5008070869975,13.368354326179729,N09_M07_F10_K004_14.mat
K004,N09_M07_F10,0,0.10396108767938264,0.10265422666728355,1.3366699209916415,2.6092529279631362,17.5617313923401,12.857406081725012,N09_M07_F10_K004_15.mat
K004,N09_M07_F10,0,0.1045017378046495,0.10319894684391245,1.846313475342336,3.329467771237171,18.677694259215002,17.667777724364214,N09_M07_F10_K004_16.mat
K004,N09_M07_F10,0,0.10486467690315658,0.10360239658736133,1.5380859364835326,2.8564453106122754,18.033882735613243,14.667340632765866,N09_M07_F10_K004_17.mat
K004,N09_M07_F10,0,0.10440013274924785,0.10312835382862999,1.266479491350528,2.4627685530599424,17.911404666097432,12.131014185512635,N09_M07_F10_K004_18.mat
K004,N09_M07_F10,0,0.10290582992547487,0.10152998558591886,1.7059326160601087,2.9968261698945025,18.08366845711472,16.577609036296167,N09_M07_F10_K004_19.mat
K004,N09_M07_F10,0,0.10863311401948132,0.10732028410233392,1.5167236318101505,2.902221677769523,16.822747654179675,13.961890400547244,N09_M07_F10_K004_2.mat
K004,N09_M07_F10,0,0.10435962909203651,0.10304711062852204,1.3244628897497088,2.4475097640075267,17.74856875798642,12.691333816275284,N09_M07_F10_K004_20.mat
K004,N09_M07_F10,0,0.10849443386099687,0.10713942788903603,1.4160156240642048,2.8198242168864764,17.09088080272085,13.051504797733724,N09_M07_F10_K004_3.mat
K004,N09_M07_F10,0,0.10650058714870823,0.10515584002217863,1.7486572254068737,3.04260253705175,17.414874039966232,16.41922614910282,N09_M07_F10_K004_4.mat
K004,N09_M07_F10,0,0.10532929119766087,0.10400616820472915,1.4556884756004864,2.694702146656666,16.760038369634504,13.820357652162897,N09_M07_F10_K004_5.mat
K004,N09_M07_F10,0,0.10594223412773686,0.10452608578160054,1.4221191396851713,2.6672363263623167,17.66161012023963,13.42353360200514,N09_M07_F10_K004_6.mat
K004,N09_M07_F10,0,0.10474104821906181,0.1033003340639227,1.3427734366126078,2.6611328107413503,17.054791257540035,12.819935063130641,N09_M07_F10_K004_7.mat
K004,N09_M07_F10,0,0.10583418459189349,0.10451984122465045,1.5258789052416,2.8961181621485568,18.08465984121558,14.41763746870193,N09_M07_F10_K004_8.mat
K004,N09_M07_F10,0,0.10417020021882359,0.10284226611485567,1.3702392569069568,2.6489257794994177,16.897454362120364,13.153850660060018,N09_M07_F10_K004_9.mat
K004,N15_M01_F10,0,0.17260060203909752,0.1708483028123941,1.8493652331528194,3.20434570100736,5.607164968054178,10.714709052601687,N15_M01_F10_K004_1.mat
K004,N15_M01_F10,0,0.17345691551681078,0.1721270631417157,1.4312744131166208,2.6397705060679684,5.056478036172495,8.251469299175374,N15_M01_F10_K004_10.mat
K004,N15_M01_F10,0,0.1741364332182056,0.17285360414337833,1.861572264394752,3.189086911954944,5.13189395151662,10.690308914631705,N15_M01_F10_K004_11.mat
K004,N15_M01_F10,0,0.17319880962882056,0.17185056640093538,1.7181396473020416,3.225708005680742,5.249220109122871,9.920043047548408,N15_M01_F10_K004_12.mat
K004,N15_M01_F10,0,0.17100878647080872,0.16961308638632666,1.6265869129875457,3.155517576039629,5.141747675958435,9.511715430278226,N15_M01_F10_K004_13.mat
K004,N15_M01_F10,0,0.17046117741244882,0.1690974606632597,1.6906738270076926,3.082275388588032,5.135314059929162,9.918233891561883,N15_M01_F10_K004_14.mat
K004,N15_M01_F10,0,0.17432136175508664,0.17306800840891315,1.770019530080256,3.329467771237171,5.091550385735936,10.153772964251223,N15_M01_F10_K004_15.mat
K004,N15_M01_F10,0,0.17463978317461706,0.17342637516668688,1.75476074102784,3.2836914040799234,5.121872551485011,10.047886621992124,N15_M01_F10_K004_16.mat
K004,N15_M01_F10,0,0.17305311164300807,0.171776981389592,1.7761230457012223,3.527832028918579,5.071350229401657,10.263456281359408,N15_M01_F10_K004_17.mat
K004,N15_M01_F10,0,0.17193034938219456,0.17070381019509714,1.4068603506327553,2.728271482571981,5.187055885943037,8.182734204217539,N15_M01_F10_K004_18.mat
K004,N15_M01_F10,0,0.17260588109870917,0.17139394562542387,1.4526367177900033,2.697753904467149,5.087204929005667,8.4159167030889,N15_M01_F10_K004_19.mat
K004,N15_M01_F10,0,0.1718242514566676,0.17017329316736815,1.6754150379552766,3.2318115213017085,5.508196242360565,9.750748359161628,N15_M01_F10_K004_2.mat
K004,N15_M01_F10,0,0.17166169709536755,0.17044242412295219,1.4587402334109696,2.8503417949913086,5.129223347752775,8.497761924144084,N15_M01_F10_K004_20.mat
K004,N15_M01_F10,0,0.17336997763223314,0.17184937642388912,1.5594482411569153,2.926635740253389,5.353680476652026,8.994915166136476,N15_M01_F10_K004_3.mat
K004,N15_M01_F10,0,0.1754827183917282,0.173910672163132,1.5289306630520834,2.981567380842087,5.1891455421510795,8.712713576952163,N15_M01_F10_K004_4.mat
K004,N15_M01_F10,0,0.1743612878327738,0.17279968872436555,1.7486572254068737,3.262329099406541,5.229967553284419,10.028930430268293,N15_M01_F10_K004_5.mat
K004,N15_M01_F10,0,0.17517427634740276,0.17368953120818154,1.4312744131166208,2.8472900371808256,5.210466315232064,8.170574144562988,N15_M01_F10_K004_6.mat
K004,N15_M01_F10,0,0.17645949514580272,0.17495523150723097,1.571655272398848,3.0944824198299647,5.129545414610904,8.906606420358624,N15_M01_F10_K004_7.mat
K004,N15_M01_F10,0,0.17472251133729583,0.1733194375411763,1.6448974598504449,3.155517576039629,5.211904797455214,9.414341902830293,N15_M01_F10_K004_8.mat
K004,N15_M01_F10,0,0.1751985972552209,0.1737178324453808,1.5136718739996673,2.911376951200973,5.024967554180789,8.639748820560605,N15_M01_F10_K004_9.mat
K004,N15_M07_F04,0,0.15009389893150138,0.14906906703121975,1.510620116189184,2.838134763749376,6.603546457922716,10.064500468993668,N15_M07_F04_K004_1.mat
K004,N15_M07_F04,0,0.1539966506396162,0.1530542065508019,1.785278319132672,3.326416013426688,6.509034557755007,11.59296849455895,N15_M07_F04_K004_10.mat
K004,N15_M07_F04,0,0.15238321176777053,0.15143054033202472,1.480102538084352,2.7893066387816448,6.360914001306579,9.713028888904137,N15_M07_F04_K004_11.mat
K004,N15_M07_F04,0,0.1534119878766971,0.15249062927458826,1.6540527332818946,3.0578613261041667,6.24470693656299,10.781769770243235,N15_M07_F04_K004_12.mat
K004,N15_M07_F04,0,0.15428043728718668,0.15335019820512166,1.75476074102784,3.1036376932614145,6.332563654311087,11.373838264156753,N15_M07_F04_K004_13.mat
K004,N15_M07_F04,0,0.15418966076852877,0.1532379710327161,1.6937255848181758,3.0731201151565823,6.557456197902472,10.984689741037926,N15_M07_F04_K004_14.mat
K004,N15_M07_F04,0,0.15242953412519397,0.1515840610619782,1.358032225665024,2.5360107405115393,6.162191530396418,8.909246055620953,N15_M07_F04_K004_15.mat
K004,N15_M07_F04,0,0.15392967254458714,0.15311143029671434,1.7059326160601087,3.009033201136435,6.351907078425874,11.082545605792605,N15_M07_F04_K004_16.mat
K004,N15_M07_F04,0,0.1530344903490038,0.1521586426248518,1.5624999989673984,2.7862548809711614,6.261338178014491,10.210116656735543,N15_M07_F04_K004_17.mat
K004,N15_M07_F04,0,0.15324388620595958,0.15245758293308773,1.3671874990964736,2.6000976545316865,6.124886983526401,8.921644660322537,N15_M07_F04_K004_18.mat
K004,N15_M07_F04,0,0.15340208665379884,0.15256611578822474,1.5502929677254655,2.911376951200973,6.2828732855665255,10.106074836023582,N15_M07_F04_K004_19.mat
K004,N15_M07_F04,0,0.1494560999154149,0.14839203146346744,1.4373779287375872,2.7984619122130945,6.544428291148082,9.617392194437533,N15_M07_F04_K004_2.mat
K004,N15_M07_F04,0,0.15266977621992917,0.15177509625436245,1.4099121084432384,2.6031494123421695,6.404869085012088,9.235044049663,N15_M07_F04_K004_20.mat
K004,N15_M07_F04,0,0.15116877737963597,0.1501855883781056,1.3763427725279231,2.606201170152653,6.509051096631217,9.104676219424999,N15_M07_F04_K004_3.mat
K004,N15_M07_F04,0,0.1515789962022378,0.15060459618274727,1.5350341786730497,2.865600584043725,6.4382110604141545,10.126958332835216,N15_M07_F04_K004_4.mat
K004,N15_M07_F04,0,0.15408531437777778,0.15314243488839122,1.666259764523827,3.1402587869872125,6.3594707347841535,10.813877826400667,N15_M07_F04_K004_5.mat
K004,N15_M07_F04,0,0.1541440033393231,0.15316220205416903,1.4770507802738688,2.7374267560034307,6.226603556391685,9.58227857247473,N15_M07_F04_K004_6.mat
K004,N15_M07_F04,0,0.153960265766349,0.15302576694387152,1.3702392569069568,2.6763915997937664,6.233652373603233,8.899953829557816,N15_M07_F04_K004_7.mat
K004,N15_M07_F04,0,0.1527100378650338,0.15172707781596861,1.3702392569069568,2.688598631035699,6.158985612147323,8.972817216625826,N15_M07_F04_K004_8.mat
K004,N15_M07_F04,0,0.15455080026960052,0.15362450403026323,1.5045166005682176,2.89916991995904,6.340380180491096,9.734770689920197,N15_M07_F04_K004_9.mat
K004,N15_M07_F10,0,0.17160795597414238,0.17048096930115858,1.3916015615803392,2.7557373028663297,5.214788787590314,8.109190239350113,N15_M07_F10_K004_1.mat
K004,N15_M07_F10,0,0.17108286419261765,0.16995912564348856,1.4953613271367678,2.7862548809711614,4.96941890590176,8.740567526699696,N15_M07_F10_K004_10.mat
K004,N15_M07_F10,0,0.1708443529391428,0.16980222903785339,1.8249511706689536,3.4332275367936003,5.199995727805593,10.6819519596239,N15_M07_F10_K004_11.mat
K004,N15_M07_F10,0,0.170405748764304,0.16938774094835046,1.3336181631811586,2.6611328107413508,5.110586618291506,7.826133641921594,N15_M07_F10_K004_12.mat
K004,N15_M07_F10,0,0.16996053050442717,0.1689202157656023,1.2969970694553599,2.5878906232897534,4.9106393828054,7.631166280818213,N15_M07_F10_K004_13.mat
K004,N15_M07_F10,0,0.17059461972711512,0.16957292586730513,1.2725830069714945,2.5421142561325056,5.237375805946556,7.459690164948526,N15_M07_F10_K004_14.mat
K004,N15_M07_F10,0,0.16961189566767831,0.16849304828267841,1.3702392569069568,2.6702880841728,5.055435540622276,8.078674266996435,N15_M07_F10_K004_15.mat
K004,N15_M07_F10,0,0.1704729540279165,0.1694937910559454,1.5838623036407806,2.8350830059388925,5.249491912069081,9.290988782780222,N15_M07_F10_K004_16.mat
K004,N15_M07_F10,0,0.1697313488536756,0.1687696747249563,1.4465332021690367,2.697753904467149,5.161304044601443,8.522486929719062,N15_M07_F10_K004_17.mat
K004,N15_M07_F10,0,0.16921300219195654,0.16826123556513767,1.5472412099149824,2.8472900371808256,5.308419776183522,9.143748942884306,N15_M07_F10_K004_18.mat
K004,N15_M07_F10,0,0.17044495213557737,0.1694324687222268,1.4129638662537216,2.6184082013945855,5.135302495747594,8.289854575040772,N15_M07_F10_K004_19.mat
K004,N15_M07_F10,0,0.17349799242651803,0.17233701616980562,1.739501951975424,3.112792966692864,4.962789601496622,10.026063861875283,N15_M07_F10_K004_2.mat
K004,N15_M07_F10,0,0.1711403695769827,0.17013215213313626,1.4953613271367678,2.7770996075397116,5.042552404381551,8.7376305826202,N15_M07_F10_K004_20.mat
K004,N15_M07_F10,0,0.17066472674164046,0.16946687444352193,1.4526367177900033,2.7557373028663297,4.9963607329597455,8.511640017969658,N15_M07_F10_K004_3.mat
K004,N15_M07_F10,0,0.17068997494455718,0.1695331848187236,1.632690428608512,3.1402587869872125,5.265497423801013,9.565239136855201,N15_M07_F10_K004_4.mat
K004,N15_M07_F10,0,0.17135923593254546,0.17021802414474202,1.4282226553061377,2.7709960919187457,5.199960224713244,8.334669838679423,N15_M07_F10_K004_5.mat
K004,N15_M07_F10,0,0.17064233800060677,0.16944411015086333,1.4160156240642048,2.6824951154147327,5.031968405078772,8.298149454909424,N15_M07_F10_K004_6.mat
K004,N15_M07_F10,0,0.16877259226592503,0.1675969059581317,1.6387939442294785,2.990722654273536,5.116511191486928,9.71007153606628,N15_M07_F10_K004_7.mat
K004,N15_M07_F10,0,0.17135990436625081,0.17026816216089843,1.5197753896206336,2.883911130906624,5.060251060131934,8.868908950674882,N15_M07_F10_K004_8.mat
K004,N15_M07_F10,0,0.17068526828562683,0.1695457085883793,1.4312744131166208,2.7709960919187457,5.135264531059593,8.385459550741711,N15_M07_F10_K004_9.mat
K005,N09_M07_F10,0,0.11569392753653535,0.11400900574009888,1.3641357412859905,2.563476560805888,13.676127736148274,11.790901824602729,N09_M07_F10_K005_1.mat
K005,N09_M07_F10,0,0.11415158068477317,0.11237674287717671,1.6052246083141632,2.8442382793703427,14.252659783127916,14.06221971421449,N09_M07_F10_K005_10.mat
K005,N09_M07_F10,0,0.11451449595348544,0.11273345724502061,1.3885498037698558,2.7282714825719805,13.638995665770237,12.125537402128286,N09_M07_F10_K005_11.mat
K005,N09_M07_F10,0,0.11419981697576513,0.11247339216607248,1.4312744131166208,2.8625488262332417,13.928911608505006,12.533070989249993,N09_M07_F10_K005_12.mat
K005,N09_M07_F10,0,0.11470909811398376,0.11291543428705236,1.5960693348827135,2.8076171856445438,13.623502391368179,13.914060533339182,N09_M07_F10_K005_13.mat
K005,N09_M07_F10,0,0.115389957572192,0.11365461221239315,1.6143798817456128,3.1097412088823804,14.196474705794248,13.990644556183323,N09_M07_F10_K005_14.mat
K005,N09_M07_F10,0,0.11392797853849254,0.11212415025339285,1.3061523428868096,2.5726318342373373,14.22516126557969,11.464719725940748,N09_M07_F10_K005_15.mat
K005,N09_M07_F10,0,0.11361278286145066,0.1119289590216615,1.4251708974956545,2.728271482571981,14.217734986955742,12.544106935868584,N09_M07_F10_K005_16.mat
K005,N09_M07_F10,0,0.11324709854301641,0.11154526532088037,1.4434814443585535,2.871704099664691,14.24139803518615,12.746299577911511,N09_M07_F10_K005_17.mat
K005,N09_M07_F10,0,0.11316362392385083,0.11148520476779274,1.5228271474311168,2.911376951200973,14.209005559711276,13.456860911911459,N09_M07_F10_K005_18.mat
K005,N09_M07_F10,0,0.11302432379106722,0.11138509015863962,1.5777587880198143,2.871704099664691,14.51997349297217,13.959462309514928,N09_M07_F10_K005_19.mat
K005,N09_M07_F10,0,0.115402974722613,0.11353847513600443,1.4099121084432384,2.545166013942989,13.80774923334337,12.2172943273963,N09_M07_F10_K005_2.mat
K005,N09_M07_F10,0,0.11438900573632217,0.1127267499368736,1.6540527332818946,2.9052734355800065,13.740766744966333,14.45989256253042,N09_M07_F10_K005_20.mat
K005,N09_M07_F10,0,0.11632782788288455,0.1144815402891937,1.480102538084352,2.804565427834061,13.732035356837164,12.723546592604444,N09_M07_F10_K005_3.mat
K005,N09_M07_F10,0,0.11570592999719942,0.11391119849252512,1.8646240222052353,3.0609130839146497,13.340280914177916,16.11519843667794,N09_M07_F10_K005_4.mat
K005,N09_M07_F10,0,0.11625375291322748,0.11462490707310402,1.4312744131166208,2.5970458967212036,13.118754105488698,12.311640504069858,N09_M07_F10_K005_5.mat
K005,N09_M07_F10,0,0.11577088540645171,0.11408547789429327,1.5472412099149824,2.865600584043725,13.480391710634581,13.36468322309952,N09_M07_F10_K005_6.mat
K005,N09_M07_F10,0,0.11434185162055378,0.11246910566585405,1.7272949207334913,3.085327146398515,14.159057659943135,15.106410262320761,N09_M07_F10_K005_7.mat
K005,N09_M07_F10,0,0.13511351169452318,0.13366184529293662,1.6357421864189954,3.048706052672717,10.56340158855398,12.106429371158889,N09_M07_F10_K005_8.mat
K005,N09_M07_F10,0,0.11430895389397178,0.1126471860267786,1.3397216788021247,2.597045896721203,13.464500442971532,11.720181430798455,N09_M07_F10_K005_9.mat
K005,N15_M01_F10,0,0.19574105722550378,0.19465560961005238,1.3763427725279231,2.728271482571981,4.166763534907858,7.031446504053084,N15_M01_F10_K005_1.mat
K005,N15_M01_F10,0,0.19932121545135156,0.19827232228143615,1.3885498037698558,2.725219724761497,4.184980706253538,6.966392416510022,N15_M01_F10_K005_10.mat
K005,N15_M01_F10,0,0.19980813637847358,0.19882187349254837,1.8371582019108865,3.1616210916605954,4.162678092757755,9.194611566923225,N15_M01_F10_K005_11.mat
K005,N15_M01_F10,0,0.20002808809861747,0.1989960798455751,1.7761230457012223,3.19519042757591,4.308759378488363,8.879368205657006,N15_M01_F10_K005_12.mat
K005,N15_M01_F10,0,0.2001615580368361,0.19912208967565906,1.3916015615803392,2.7557373028663297,4.114472458917032,6.95239173410231,N15_M01_F10_K005_13.mat
K005,N15_M01_F10,0,0.2007354345137763,0.1997484535883981,1.75476074102784,3.2714843728379908,4.312274696686396,8.741659116031219,N15_M01_F10_K005_14.mat
K005,N15_M01_F10,0,0.20059300029752863,0.19962288226114136,1.4129638662537216,2.7008056622776317,4.138875599734651,7.04393405631278,N15_M01_F10_K005_15.mat
K005,N15_M01_F10,0,0.19947963667086357,0.19855980227172107,1.5594482411569153,2.9693603496001537,4.204258891040002,7.817581118467576,N15_M01_F10_K005_16.mat
K005,N15_M01_F10,0,0.200939066319598,0.19993869709108467,1.5289306630520834,2.9693603496001537,4.197371724500733,7.608926880451836,N15_M01_F10_K005_17.mat
K005,N15_M01_F10,0,0.20266284999629403,0.2017224654664996,1.9561767565197314,3.5339355445395455,4.316293682132976,9.652369719243081,N15_M01_F10_K005_18.mat
K005,N15_M01_F10,0,0.2130379673669385,0.21212605025707149,1.5747070302093311,3.021240232378368,4.22595495868501,7.391673182353649,N15_M01_F10_K005_19.mat
K005,N15_M01_F10,0,0.19715293001969914,0.19616309577429447,1.5228271474311168,2.9266357402533885,4.231767210805016,7.724090873409586,N15_M01_F10_K005_2.mat
K005,N15_M01_F10,0,0.2012270011376879,0.20024723076297854,1.6296386707980288,3.0731201151565823,4.1388934930569645,8.098508955480394,N15_M01_F10_K005_20.mat
K005,N15_M01_F10,0,0.1977740310450904,0.1968718258113584,1.6113281239351296,2.89916991995904,4.244221907248684,8.14731901564854,N15_M01_F10_K005_3.mat
K005,N15_M01_F10,0,0.19976450049240793,0.19880451627765108,1.4862060537053186,2.8259277325074432,4.02133654035943,7.439790603645325,N15_M01_F10_K005_4.mat
K005,N15_M01_F10,0,0.20119035368168145,0.20024019370694468,1.5258789052416,2.9388427714953216,4.107338552903592,7.584254798099361,N15_M01_F10_K005_5.mat
K005,N15_M01_F10,0,0.19854444336752233,0.19750730490642635,1.6021728505036799,2.9571533183582206,4.014890602801182,8.069593000585387,N15_M01_F10_K005_6.mat
K005,N15_M01_F10,0,0.1983319636190075,0.19729773338136433,1.5838623036407806,3.088378904208998,4.26785897530692,7.985915506203299,N15_M01_F10_K005_7.mat
K005,N15_M01_F10,0,0.19787891592358411,0.19685934244777195,1.4129638662537216,2.7893066387816448,4.2357220811827565,7.140547842900923,N15_M01_F10_K005_8.mat
K005,N15_M01_F10,0,0.19981089158753404,0.19882130596273132,1.7639160144592898,3.0853271463985155,4.024772074279482,8.827927248833408,N15_M01_F10_K005_9.mat
K005,N15_M07_F04,0,0.17319375652438987,0.17218144917718126,1.5319824208625665,2.902221677769523,4.904154439023318,8.845482952769295,N15_M07_F04_K005_1.mat
K005,N15_M07_F04,0,0.17671696720596702,0.17579828815119544,1.4465332021690367,2.82287597469696,4.792118245531648,8.185593183494793,N15_M07_F04_K005_10.mat
K005,N15_M07_F04,0,0.19187647829921284,0.19101170318611146,1.858520506584269,3.5491943335919616,5.708944700826154,9.686025734150101,N15_M07_F04_K005_11.mat
K005,N15_M07_F04,0,0.1920372332558003,0.1911633515057107,1.4556884756004864,2.810668943455027,4.779167122764333,7.580240825806205,N15_M07_F04_K005_12.mat
K005,N15_M07_F04,0,0.19015142022359263,0.18933836792634529,1.739501951975424,3.131103513555763,4.767021793466634,9.1479829597381,N15_M07_F04_K005_13.mat
K005,N15_M07_F04,0,0.19412702097995788,0.1932658028634591,1.5594482411569153,2.9052734355800065,4.698790152762288,8.033133323144728,N15_M07_F04_K005_14.mat
K005,N15_M07_F04,0,0.1920159187757005,0.19111781304636102,1.8005371081850878,3.344726560289587,5.616779626418024,9.377019987016538,N15_M07_F04_K005_15.mat
K005,N15_M07_F04,0,0.18888304866086078,0.1880192842660306,1.510620116189184,2.8900146465275904,4.73122456728528,7.997647893228894,N15_M07_F04_K005_16.mat
K005,N15_M07_F04,0,0.18955438553779208,0.18866449585394615,1.4953613271367678,2.9846191386525693,4.869904183241545,7.888824744910123,N15_M07_F04_K005_17.mat
K005,N15_M07_F04,0,0.2037169743430069,0.20289563838547364,1.861572264394752,3.610229489801626,7.44359299090192,9.13803216643275,N15_M07_F04_K005_18.mat
K005,N15_M07_F04,0,0.20824921091328163,0.20746998353987833,2.011108397108429,3.8238525365354494,7.301945550318041,9.657219771871727,N15_M07_F04_K005_19.mat
K005,N15_M07_F04,0,0.1725354642964498,0.17150380514267063,1.5258789052416,2.7740478497292287,4.936617235008684,8.843856603415981,N15_M07_F04_K005_2.mat
K005,N15_M07_F04,0,0.20027428421253515,0.19944282616436945,1.8646240222052353,3.619384763233075,6.82409934679768,9.310351698605789,N15_M07_F04_K005_20.mat
K005,N15_M07_F04,0,0.1743680885947891,0.17332033108460604,1.3183593741287425,2.590942381100237,4.765900412919011,7.560783539885295,N15_M07_F04_K005_3.mat
K005,N15_M07_F04,0,0.17564377507454626,0.1745806961986519,1.6235351551770625,2.944946287116288,4.777796851353048,9.24334013253818,N15_M07_F04_K005_4.mat
K005,N15_M07_F04,0,0.17582338985468263,0.17479567412459407,1.2786865225924609,2.5543212873744388,4.9057561325230825,7.2725621070626065,N15_M07_F04_K005_5.mat
K005,N15_M07_F04,0,0.176266215400342,0.17524225374810914,1.5197753896206336,2.9937744120840195,4.921839545398047,8.622045842244168,N15_M07_F04_K005_6.mat
K005,N15_M07_F04,0,0.1769887070325757,0.17604784339137042,1.4251708974956545,2.801513670023578,4.801388977830841,8.052326735362525,N15_M07_F04_K005_7.mat
K005,N15_M07_F04,0,0.17789413731399653,0.17699818544536125,1.2847900382134272,2.5573730451849217,4.814128530584681,7.22221686229983,N15_M07_F04_K005_8.mat
K005,N15_M07_F04,0,0.17829605726540104,0.17735471007064268,1.3549804678545407,2.6763915997937664,4.691304570815072,7.599609821083123,N15_M07_F04_K005_9.mat
K005,N15_M07_F10,0,0.20019747316497932,0.19849366463048945,1.6967773426286592,3.143310544797696,4.539017087527908,8.475518276049238,N15_M07_F10_K005_1.mat
K005,N15_M07_F10,0,0.1995728583662922,0.19821547632623965,1.7822265613221886,3.3630371071524863,4.203043650222175,8.930205118629528,N15_M07_F10_K005_10.mat
K005,N15_M07_F10,0,0.19872779857429837,0.19745571608605808,1.6693115223343102,3.189086911954944,4.2012269564516,8.399990007991784,N15_M07_F10_K005_11.mat
K005,N15_M07_F10,0,0.19994575029964176,0.19867366751857243,1.3244628897497088,2.5512695295639554,4.103732872986551,6.624111228995107,N15_M07_F10_K005_12.mat
K005,N15_M07_F10,0,0.19910393909388754,0.19782121313938245,1.6632080067133441,3.048706052672717,4.1274783694849715,8.353466105605564,N15_M07_F10_K005_13.mat
K005,N15_M07_F10,0,0.19806736710676445,0.19687496696306567,1.5960693348827135,2.8747558574751744,4.146976372017941,8.058214526688703,N15_M07_F10_K005_14.mat
K005,N15_M07_F10,0,0.1988217122136848,0.19761089915880933,1.6296386707980288,3.085327146398515,4.197396025727269,8.19648242967833,N15_M07_F10_K005_15.mat
K005,N15_M07_F10,0,0.1994675786743924,0.19828841092040855,1.5289306630520834,2.9327392558743552,4.174614179232158,7.665058518346406,N15_M07_F10_K005_16.mat
K005,N15_M07_F10,0,0.2017418815900485,0.2004526503952812,1.6143798817456128,2.98461913865257,4.193716925155564,8.002204941392034,N15_M07_F10_K005_17.mat
K005,N15_M07_F10,0,0.1999404990546213,0.1987626060838363,1.7303466785439745,3.231811521301709,4.168136946170343,8.654308090284724,N15_M07_F10_K005_18.mat
K005,N15_M07_F10,0,0.20117518385029087,0.1997869357345846,1.6723632801447934,3.298950193132339,4.228584692977821,8.312970059912166,N15_M07_F10_K005_19.mat
K005,N15_M07_F10,0,0.1976710792016517,0.19615522619295,1.6632080067133441,3.2104492166283265,4.300169252346009,8.414017940462818,N15_M07_F10_K005_2.mat
K005,N15_M07_F10,0,0.19926122434372462,0.19823403707387624,1.3183593741287425,2.621459959205069,4.113207430519434,6.616236442744019,N15_M07_F10_K005_20.mat
K005,N15_M07_F10,0,0.19785039857395256,0.19640087095333295,1.2939453116448767,2.5573730451849217,4.289459482045083,6.540018726124656,N15_M07_F10_K005_3.mat
K005,N15_M07_F10,0,0.1965614364807375,0.19515238568820978,1.3671874990964736,2.615356443584102,4.273667124502653,6.9555225255512125,N15_M07_F10_K005_4.mat
K005,N15_M07_F10,0,0.1947776990554476,0.1934331700741968,1.3214111319392257,2.590942381100237,4.260264800248985,6.784201365696686,N15_M07_F10_K005_5.mat
K005,N15_M07_F10,0,0.1970386103893377,0.1956932285126342,1.4282226553061377,2.651977537309901,4.271329636167125,7.248440559360658,N15_M07_F10_K005_6.mat
K005,N15_M07_F10,0,0.19692749421571637,0.19549468640423945,1.3305664053706752,2.627563474826035,4.139784457944817,6.7566309654717855,N15_M07_F10_K005_7.mat
K005,N15_M07_F10,0,0.19880397253541832,0.19740417035141775,1.4160156240642048,2.7832031231606784,4.163808241674356,7.12267268105989,N15_M07_F10_K005_8.mat
K005,N15_M07_F10,0,0.19915479895608562,0.19795100890368184,1.6113281239351296,2.9815673808420864,4.197409712423631,8.090832520136427,N15_M07_F10_K005_9.mat
K006,N09_M07_F10,0,0.35959342897620244,0.3593238935080092,4.598999020398183,9.197998040796366,20.451897771451303,12.789441212794076,N09_M07_F10_K006_1.mat
K006,N09_M07_F10,0,0.3964008580351073,0.39615995264137593,4.73022460624896,9.170532220502015,16.378087890527027,11.932932309218229,N09_M07_F10_K006_10.mat
K006,N09_M07_F10,0,0.39695979534870196,0.3967334681108702,4.6844482390917115,9.356689446941491,16.184314455753874,11.800812812735217,N09_M07_F10_K006_11.mat
K006,N09_M07_F10,0,0.3753260382952021,0.3750579693611547,4.745483395301376,9.060668939324621,17.3932733486387,12.643629567658586,N09_M07_F10_K006_12.mat
K006,N09_M07_F10,0,0.36839274166930697,0.36811380723151027,4.840087887426355,9.228515618901197,18.292737956417056,13.138391015779376,N09_M07_F10_K006_13.mat
K006,N09_M07_F10,0,0.3469764768829646,0.34665460665582837,4.745483395301376,9.246826165764094,20.964750646085196,13.676671796117263,N09_M07_F10_K006_14.mat
K006,N09_M07_F10,0,0.34744706993519553,0.3471771138755964,5.337524410535117,9.445190423445505,20.82916215909563,15.362122384657471,N09_M07_F10_K006_15.mat
K006,N09_M07_F10,0,0.3504826122688155,0.3502335972327294,4.5776367157247995,8.85009765040128,20.83698810209523,13.060952399583844,N09_M07_F10_K006_16.mat
K006,N09_M07_F10,0,0.3477174586814053,0.34743301264979587,5.117797848180326,9.982299798090548,20.808180304241795,14.718265420401245,N09_M07_F10_K006_17.mat
K006,N09_M07_F10,0,0.37641259764468105,0.37613628833646473,4.852294918668288,9.500122064034201,17.608256326427135,12.890894058887653,N09_M07_F10_K006_18.mat
K006,N09_M07_F10,0,0.37103553107226905,0.37072468024558436,4.833984371805389,9.436035150014055,17.44390486017488,13.028359731035684,N09_M07_F10_K006_19.mat
K006,N09_M07_F10,0,0.3612701964642271,0.36101207584777023,4.528808590757069,8.984374994062541,20.364523236826784,12.535793528170295,N09_M07_F10_K006_2.mat
K006,N09_M07_F10,0,0.34425429277154196,0.3439577811957854,4.974365231087615,9.078979486187519,20.6424902834717,14.449682503708855,N09_M07_F10_K006_20.mat
K006,N09_M07_F10,0,0.35212450774066695,0.3518301326379903,4.513549801704652,8.847045892590796,20.31742138739459,12.818050724912327,N09_M07_F10_K006_3.mat
K006,N09_M07_F10,0,0.3500935084509341,0.3497914658319784,4.476928707978854,8.831787103538382,20.67961524567934,12.787808399498784,N09_M07_F10_K006_4.mat
K006,N09_M07_F10,0,0.34856972559469657,0.3482575470978921,4.50134277046272,8.358764642913485,20.48846155298991,12.913751367199076,N09_M07_F10_K006_5.mat
K006,N09_M07_F10,0,0.34834167172677094,0.3480726753956468,5.545043941647974,10.571289055513805,21.15728913905504,15.918405381017248,N09_M07_F10_K006_6.mat
K006,N09_M07_F10,0,0.350711885113294,0.35043013158436215,4.449462887684506,8.850097650401281,20.509232082517066,12.68694639831539,N09_M07_F10_K006_7.mat
K006,N09_M07_F10,0,0.38448901272983943,0.38420979686746765,4.675292965660263,9.017944329977857,17.25030169721594,12.159757004409771,N09_M07_F10_K006_8.mat
K006,N09_M07_F10,0,0.37916762415238436,0.3789360579072982,4.782104489027175,8.999633783114957,17.426461690266883,12.612111858752176,N09_M07_F10_K006_9.mat
K006,N15_M01_F10,0,0.395101452477274,0.3948398433676311,4.547119137619967,9.063720697135103,15.443195079566287,11.508738095265581,N15_M01_F10_K006_1.mat
K006,N15_M01_F10,0,0.37917735987538326,0.37884702711206586,5.215454098115789,9.875488274723635,16.112105007493554,13.754655868245534,N15_M01_F10_K006_10.mat
K006,N15_M01_F10,0,0.44135103608902726,0.44114659162647807,5.0781249966440445,9.902954095017984,12.61949876555398,11.505863998061871,N15_M01_F10_K006_11.mat
K006,N15_M01_F10,0,0.4104696515619983,0.41018235280198806,4.760742184353791,9.420776360961638,13.215252760893362,11.598280570164679,N15_M01_F10_K006_12.mat
K006,N15_M01_F10,0,0.41500712206695883,0.41474323557199516,4.818725582752973,9.359741204751973,13.795382357968537,11.611187679751437,N15_M01_F10_K006_13.mat
K006,N15_M01_F10,0,0.41214815736688337,0.4118977281943977,5.108642574748877,9.024047845598822,13.317065130670493,12.39516053495612,N15_M01_F10_K006_14.mat
K006,N15_M01_F10,0,0.405511134852529,0.40519376679988617,4.690551754712678,8.728027337981953,13.026856368811872,11.567010993220881,N15_M01_F10_K006_15.mat
K006,N15_M01_F10,0,0.38469614976786987,0.38437915944689094,5.630493160341504,10.641479485154917,15.631198939309469,14.63620876824218,N15_M01_F10_K006_16.mat
K006,N15_M01_F10,0,0.3739759557056841,0.37367837092347733,4.772949215595725,9.481811517171302,16.42595423121611,12.76271680779391,N15_M01_F10_K006_17.mat
K006,N15_M01_F10,0,0.38337094631914637,0.38309200344376715,5.200195309063373,9.436035150014055,14.628393566007972,13.564395943385719,N15_M01_F10_K006_18.mat
K006,N15_M01_F10,0,0.38554252731745536,0.38523244031652715,5.191040035631923,9.735107415441409,14.865877559760467,13.464247567578001,N15_M01_F10_K006_19.mat
K006,N15_M01_F10,0,0.38861898120614097,0.38835845390149076,4.953002926414234,9.67102050142126,14.846979463697458,12.745138981739387,N15_M01_F10_K006_2.mat
K006,N15_M01_F10,0,0.37045054808599426,0.3701297769124183,4.513549801704652,8.932495111284325,16.335807333644873,12.183946885825373,N15_M01_F10_K006_20.mat
K006,N15_M01_F10,0,0.38326324687699515,0.3829306077092338,4.904174801446502,9.280395501679411,15.0106853043733,12.795838999455256,N15_M01_F10_K006_3.mat
K006,N15_M01_F10,0,0.3929273896929501,0.3925912061132006,5.044555660728729,9.29870604854231,15.775117002445901,12.838391501978919,N15_M01_F10_K006_4.mat
K006,N15_M01_F10,0,0.39556139227841763,0.3952236162279874,4.492187497031271,8.731079095792435,14.703824842771626,11.356486211044137,N15_M01_F10_K006_5.mat
K006,N15_M01_F10,0,0.41138842111404844,0.4111222703907919,4.458618161115955,8.877563470695629,13.902122061079346,10.837976793420495,N15_M01_F10_K006_6.mat
K006,N15_M01_F10,0,0.38718808100000895,0.38682878725600534,5.313110348051251,10.208129876066304,16.191200383800314,13.722298306107021,N15_M01_F10_K006_7.mat
K006,N15_M01_F10,0,0.3812756379670396,0.3809340919606009,4.495239254841754,8.734130853602919,15.373280635711641,11.789998644577329,N15_M01_F10_K006_8.mat
K006,N15_M01_F10,0,0.37403222840926903,0.37368411809280333,4.507446286083686,8.837890619159346,16.389664907284665,12.050956959654297,N15_M01_F10_K006_9.mat
K006,N15_M07_F04,0,0.41648998423194156,0.41628800871503335,4.4311523408216065,8.767700189518234,12.939069703633166,10.639277074077047,N15_M07_F04_K006_1.mat
K006,N15_M07_F04,0,0.37366076926642827,0.3733981940777715,4.632568356313498,8.990478509683507,14.870067154321054,12.39779162636786,N15_M07_F04_K006_10.mat
K006,N15_M07_F04,0,0.3655176964390504,0.36525761621710734,4.589843746966733,8.605957025562624,15.647132484443391,12.557104051820057,N15_M07_F04_K006_11.mat
K006,N15_M07_F04,0,0.3690309345708363,0.3687754439244302,4.907226559256986,9.390258782856808,16.342482764711022,13.297602177887429,N15_M07_F04_K006_12.mat
K006,N15_M07_F04,0,0.37742062821440675,0.3771870489073198,4.608154293829632,8.63037108804649,14.910945343300426,12.209598387960424,N15_M07_F04_K006_13.mat
K006,N15_M07_F04,0,0.3695410310954711,0.36923028079855247,4.125976559773287,8.200073236768358,16.028312327392143,11.165137867213828,N15_M07_F04_K006_14.mat
K006,N15_M07_F04,0,0.37115422215885413,0.3708906185122891,4.611206051640115,9.103393548671386,15.008271958270463,12.423962267810381,N15_M07_F04_K006_15.mat
K006,N15_M07_F04,0,0.3693588921614707,0.3691018780239155,4.302978512781312,8.261108392978024,15.199725834314235,11.64985764279421,N15_M07_F04_K006_16.mat
K006,N15_M07_F04,0,0.37436566520770526,0.3740956440897188,4.528808590757069,8.883666986316594,15.237166196463148,12.097286187408235,N15_M07_F04_K006_17.mat
K006,N15_M07_F04,0,0.3794909513373017,0.3792668110153748,4.696655270333645,8.88671874412708,14.695883642374293,12.376198309295475,N15_M07_F04_K006_18.mat
K006,N15_M07_F04,0,0.3683082029719596,0.36802338838135323,4.9407958951723,9.75646972011479,16.150483839269725,13.414840764620324,N15_M07_F04_K006_19.mat
K006,N15_M07_F04,0,0.3656612713508634,0.36533822238549696,4.342651364317594,8.685302728635188,15.898566065773501,11.876158905958308,N15_M07_F04_K006_2.mat
K006,N15_M07_F04,0,0.37697681041580444,0.37671159070253507,4.5745849579143165,9.033203119030272,14.485361842800437,12.134924036490629,N15_M07_F04_K006_20.mat
K006,N15_M07_F04,0,0.38097764730755795,0.38071422464769245,4.7515869109223425,9.271240228247962,16.297312039327263,12.472088440103292,N15_M07_F04_K006_3.mat
K006,N15_M07_F04,0,0.3835828720820226,0.38334469449654757,4.568481442293351,8.779907220760165,15.347169543485542,11.910024599107908,N15_M07_F04_K006_4.mat
K006,N15_M07_F04,0,0.36653535822051075,0.3662551062703726,4.492187497031271,8.599853509941658,16.02204966343374,12.25580942269895,N15_M07_F04_K006_5.mat
K006,N15_M07_F04,0,0.37386477423140696,0.37355572920801666,4.5379638641885185,8.981323236252058,15.434071800862542,12.137981904065947,N15_M07_F04_K006_6.mat
K006,N15_M07_F04,0,0.37500840210021613,0.37472539078723116,4.7180175750070275,9.03015136121979,14.860859536412352,12.581098312955127,N15_M07_F04_K006_7.mat
K006,N15_M07_F04,0,0.368127392263036,0.3678303956292036,4.541015621999001,8.969116205010124,16.121652739937744,12.335446145649318,N15_M07_F04_K006_8.mat
K006,N15_M07_F04,0,0.375272222051494,0.37494526345024554,4.302978512781312,8.40148925226025,14.880897811805587,11.46628569857448,N15_M07_F04_K006_9.mat
K006,N15_M07_F10,0,0.3906074928818421,0.3903126370792203,4.687499996902195,9.024047845598822,14.770728772041137,12.000537834844232,N15_M07_F10_K006_1.mat
K006,N15_M07_F10,0,0.39530604598461316,0.39498234880267935,4.388427731474842,8.618164056804556,13.780163571339795,11.101342304401932,N15_M07_F10_K006_10.mat
K006,N15_M07_F10,0,0.3791511699624173,0.3788020748657458,4.598999020398183,9.063720697135103,15.487131005700391,12.129723932683763,N15_M07_F10_K006_11.mat
K006,N15_M07_F10,0,0.3740291757427642,0.373700675891296,4.846191403047322,9.548950189001932,15.386699463894379,12.956720270346649,N15_M07_F10_K006_12.mat
K006,N15_M07_F10,0,0.37583213304343804,0.375497270399627,4.785156246837658,9.48791503279227,15.390035889599014,12.732163713858382,N15_M07_F10_K006_13.mat
K006,N15_M07_F10,0,0.37834539260486055,0.37806075932190114,4.421997067390157,8.279418939840921,14.162014480873554,11.687725432428982,N15_M07_F10_K006_14.mat
K006,N15_M07_F10,0,0.37805983531499593,0.3777618820369494,4.34875487993856,8.36486815853445,14.866834331654125,11.50282170629212,N15_M07_F10_K006_15.mat
K006,N15_M07_F10,0,0.371241364958907,0.37089801409646633,4.760742184353791,9.072875970566553,15.145900577889192,12.823846245907326,N15_M07_F10_K006_16.mat
K006,N15_M07_F10,0,0.3833551341411026,0.38298867728652364,4.437255856442572,8.673095697393254,14.951271551050644,11.574791782518137,N15_M07_F10_K006_17.mat
K006,N15_M07_F10,0,0.37941760908239147,0.37910893894847236,4.5776367157247995,8.737182611413402,14.635244865894789,12.064903173038429,N15_M07_F10_K006_18.mat
K006,N15_M07_F10,0,0.381054909023715,0.3807567215263539,5.0750732388335615,9.320068353215692,14.817589465138896,13.318482766266404,N15_M07_F10_K006_19.mat
K006,N15_M07_F10,0,0.3866506631907435,0.38636050347542394,4.415893551769191,8.721923822360985,14.828716887422255,11.420887049120955,N15_M07_F10_K006_2.mat
K006,N15_M07_F10,0,0.37675784279662117,0.37645376818599136,4.583740231345766,9.048461908082688,14.715417630862351,12.166276877798479,N15_M07_F10_K006_20.mat
K006,N15_M07_F10,0,0.38791641548412187,0.38760426304147555,4.9316406217408515,9.347534173510041,14.653111098612174,12.713152691891464,N15_M07_F10_K006_3.mat
K006,N15_M07_F10,0,0.3855893408639356,0.3853024779592192,4.66308593441833,9.320068353215692,15.124652341585922,12.093399480313465,N15_M07_F10_K006_4.mat
K006,N15_M07_F10,0,0.3813160616987619,0.3810349196737326,4.809570309321523,9.423828118772121,14.29717835037734,12.613080833508302,N15_M07_F10_K006_5.mat
K006,N15_M07_F10,0,0.3776992576963785,0.37739811935343737,5.072021481023079,9.457397454687438,15.484050008378354,13.428730339471118,N15_M07_F10_K006_6.mat
K006,N15_M07_F10,0,0.38226084641887315,0.38198053279818284,4.284667965918413,8.236694330494156,14.009029192033925,11.208754456697264,N15_M07_F10_K006_7.mat
K006,N15_M07_F10,0,0.37897188946225535,0.37864348662508934,4.385375973664359,8.666992181772288,14.21778601947928,11.57177114082793,N15_M07_F10_K006_8.mat
K006,N15_M07_F10,0,0.38037102241188075,0.3800237367427795,4.757690426543308,9.332275384457624,14.464269777234483,12.508025444145147,N15_M07_F10_K006_9.mat
KA01,N09_M07_F10,1,0.22815226291007215,0.22764199747746308,2.4047851546607615,4.550170895430451,15.749298991711058,10.540264312910299,N09_M07_F10_KA01_1.mat
KA01,N09_M07_F10,1,0.23223450733243,0.23174134501678542,2.612304685773619,4.702758785954611,15.383236333017054,11.24856385805861,N09_M07_F10_KA01_10.mat
KA01,N09_M07_F10,1,0.23219873554495044,0.2316989731903605,2.4719238264913916,4.88281249677312,15.449044301640953,10.645724752505647,N09_M07_F10_KA01_11.mat
KA01,N09_M07_F10,1,0.2326545695297908,0.23214205696299398,2.4627685530599424,4.745483395301376,15.245232142820877,10.58551550497095,N09_M07_F10_KA01_12.mat
KA01,N09_M07_F10,1,0.2293101078959335,0.22881043690981906,2.5665283186163714,4.623413082882049,15.894801346928682,11.192390698194274,N09_M07_F10_KA01_13.mat
KA01,N09_M07_F10,1,0.2291496904758816,0.22869212503683167,2.7374267560034307,5.175781246579508,15.888013035587655,11.946019871632991,N09_M07_F10_KA01_14.mat
KA01,N09_M07_F10,1,0.2321881877121161,0.2317077918820825,3.018188474567885,4.946899410793267,15.386954683292323,12.998888980132167,N09_M07_F10_KA01_15.mat
KA01,N09_M07_F10,1,0.2308657032348691,0.2303884939882175,2.334594725019648,4.440307614253056,15.323310876604907,10.11234970074602,N09_M07_F10_KA01_16.mat
KA01,N09_M07_F10,1,0.23209205217635454,0.2316004912540831,2.331542967209165,4.470825192357888,15.405926139617435,10.045768243013976,N09_M07_F10_KA01_17.mat
KA01,N09_M07_F10,1,0.22854923436119462,0.22806564770967588,2.4597167952494594,4.531860348567552,15.942162148780454,10.762305995574557,N09_M07_F10_KA01_18.mat
KA01,N09_M07_F10,1,0.2318108660890682,0.23135368792596447,2.5756835920478207,4.434204098632089,15.345424517894564,11.111142611658986,N09_M07_F10_KA01_19.mat
KA01,N09_M07_F10,1,0.23122321937283083,0.23075076892032262,2.3712158187454464,4.479980465789337,15.283160976121557,10.255093866338878,N09_M07_F10_KA01_2.mat
KA01,N09_M07_F10,1,0.23135062119971175,0.23088141219755587,2.621459959205069,4.647827145365914,15.38299382346649,11.331112687793963,N09_M07_F10_KA01_20.mat
KA01,N09_M07_F10,1,0.22781315044008038,0.2273206696817648,2.6000976545316865,4.809570309321524,15.999636916296248,11.413290451007422,N09_M07_F10_KA01_3.mat
KA01,N09_M07_F10,1,0.22472410538600016,0.22415245110027598,2.621459959205069,5.136108395043226,16.465864013948664,11.665237045675566,N09_M07_F10_KA01_4.mat
KA01,N09_M07_F10,1,0.22679585665924812,0.22629927308085743,2.453613279628493,4.620361325071565,15.788892415823266,10.818598345537461,N09_M07_F10_KA01_5.mat
KA01,N09_M07_F10,1,0.22422078685196317,0.22370429172324924,2.4353027327655936,4.315185544023245,16.400947603430335,10.8611818152857,N09_M07_F10_KA01_6.mat
KA01,N09_M07_F10,1,0.23170493670669093,0.23119902510078802,2.36511230312448,4.226684567519232,15.172494087517844,10.207431644490217,N09_M07_F10_KA01_7.mat
KA01,N09_M07_F10,1,0.23049965112695,0.230005881983969,2.185058592305971,4.190063473793433,15.183715144726902,9.479661169215948,N09_M07_F10_KA01_8.mat
KA01,N09_M07_F10,1,0.2276738421477911,0.2271987714868271,2.2644042953785344,4.525756832946586,15.852590742457576,9.945825458106997,N09_M07_F10_KA01_9.mat
KA01,N15_M01_F10,1,0.5252125346736384,0.5249637694202888,4.306030270591795,8.416748041312665,14.090304436509257,8.19864338018421,N15_M01_F10_KA01_1.mat
KA01,N15_M01_F10,1,0.5307380130675411,0.5304964593375466,4.067993161374106,7.824707026078925,14.174900695073493,7.664785753449353,N15_M01_F10_KA01_10.mat
KA01,N15_M01_F10,1,0.5285638149103633,0.5283245649859027,4.147338864446668,7.656860346502349,14.366220948648547,7.846429792304258,N15_M01_F10_KA01_11.mat
KA01,N15_M01_F10,1,0.5284239977489638,0.5281753596108801,4.4677734345474045,8.261108392978022,14.50213655299538,8.454902603931117,N15_M01_F10_KA01_12.mat
KA01,N15_M01_F10,1,0.5299706725489945,0.5297382415712008,3.8970947239870464,7.388305659179828,14.656049337870499,7.353415813073636,N15_M01_F10_KA01_13.mat
KA01,N15_M01_F10,1,0.5318539345619808,0.531640511676452,4.528808590757069,8.63037108804649,14.625846434205933,8.515136010955455,N15_M01_F10_KA01_14.mat
KA01,N15_M01_F10,1,0.5338970171752947,0.5336672587894007,4.025268552027341,7.913208002582937,14.64523477426149,7.539410078228106,N15_M01_F10_KA01_15.mat
KA01,N15_M01_F10,1,0.5337642583654459,0.5335480040386371,4.031372067648308,7.553100580945921,14.612907105613457,7.552720146518684,N15_M01_F10_KA01_16.mat
KA01,N15_M01_F10,1,0.5343479459908447,0.5341437985666938,4.208374020656333,7.806396479216026,14.663148679159052,7.875718531775618,N15_M01_F10_KA01_17.mat
KA01,N15_M01_F10,1,0.5331736730127976,0.5329533042656834,4.342651364317594,8.12377929150628,14.72832111208593,8.144909593488796,N15_M01_F10_KA01_18.mat
KA01,N15_M01_F10,1,0.5357391538581121,0.5355048999529801,4.3609619111804925,8.224487299252225,14.625439492104727,8.140084367131157,N15_M01_F10_KA01_19.mat
KA01,N15_M01_F10,1,0.5237455450462323,0.5235026030171585,3.89099120836608,7.312011713917748,14.170982420375438,7.42916335073096,N15_M01_F10_KA01_2.mat
KA01,N15_M01_F10,1,0.5327387221238086,0.532535389789567,3.9459228489547775,7.644653315260417,14.626154560633106,7.406863224103587,N15_M01_F10_KA01_20.mat
KA01,N15_M01_F10,1,0.5284730213807729,0.5282299941371356,4.043579098890239,7.791137690163609,14.012276493522236,7.651439023936056,N15_M01_F10_KA01_3.mat
KA01,N15_M01_F10,1,0.52687167341745,0.5266489402776547,4.379272458043392,8.111572260264346,14.095439311231683,8.311838876510665,N15_M01_F10_KA01_4.mat
KA01,N15_M01_F10,1,0.5222018452034214,0.5219713828398594,3.9215087864709117,7.498168940357222,14.380386590682543,7.509565166211363,N15_M01_F10_KA01_5.mat
KA01,N15_M01_F10,1,0.526503738852047,0.5262526652153214,3.89099120836608,7.431030268526592,14.210564901911358,7.390244211465113,N15_M01_F10_KA01_6.mat
KA01,N15_M01_F10,1,0.528664621422004,0.5284278982181952,4.0008544895434754,7.580566401240269,14.127140529176344,7.567849875752916,N15_M01_F10_KA01_7.mat
KA01,N15_M01_F10,1,0.5289271747250596,0.528682704191579,4.064941403563623,7.727050776143463,14.15868269338547,7.6852572486497985,N15_M01_F10_KA01_8.mat
KA01,N15_M01_F10,1,0.5281327996855417,0.5278899154508437,4.138183591015219,8.074951166538547,14.27024844471128,7.835498180531783,N15_M01_F10_KA01_9.mat
KA01,N15_M07_F04,1,0.5144880388975084,0.5142791199094089,6.140136714692199,10.974121086497588,23.248150167011794,11.93445959958533,N15_M07_F04_KA01_1.mat
KA01,N15_M07_F04,1,0.5196395833410874,0.5194472302383143,5.517578121353626,9.5550537046229,22.59394253022037,10.618086647436808,N15_M07_F04_KA01_10.mat
KA01,N15_M07_F04,1,0.5226105062048463,0.5223810935493138,5.999755855409971,9.97619628246958,22.33345725495196,11.480358286287995,N15_M07_F04_KA01_11.mat
KA01,N15_M07_F04,1,0.5216710836406092,0.5214582949462353,5.667114254067302,9.588623040538213,22.58667174969691,10.86338582257226,N15_M07_F04_KA01_12.mat
KA01,N15_M07_F04,1,0.5194443585149672,0.5192216821888669,5.459594722954445,9.310913079784243,22.732532176314624,10.510451472729072,N15_M07_F04_KA01_13.mat
KA01,N15_M07_F04,1,0.5204963528869947,0.5202801170410227,5.932617183579341,9.835815423187354,22.800675528156695,11.397999526170311,N15_M07_F04_KA01_14.mat
KA01,N15_M07_F04,1,0.5195624524163994,0.5193252396461757,5.895996089853543,9.83276366537687,22.90870352759283,11.348002655758197,N15_M07_F04_KA01_15.mat
KA01,N15_M07_F04,1,0.5211113867834998,0.5208904431402319,5.34973144177705,9.652709954558361,22.33625333610978,10.26600373251802,N15_M07_F04_KA01_16.mat
KA01,N15_M07_F04,1,0.5225495978172657,0.5223318901080465,5.697631832172134,9.60388182959063,22.6952928734225,10.903523523837027,N15_M07_F04_KA01_17.mat
KA01,N15_M07_F04,1,0.5220940193547068,0.5218808725654295,5.828857418022912,9.896850579397018,22.766716723601732,11.164382662776356,N15_M07_F04_KA01_18.mat
KA01,N15_M07_F04,1,0.5226797055742047,0.5224628416083354,5.718994136845517,9.695434563905126,22.55152844318021,10.941680107060503,N15_M07_F04_KA01_19.mat
KA01,N15_M07_F04,1,0.5128119401476406,0.5126001099910366,5.88378905861161,10.021972649626829,23.04091317763644,11.473580464834034,N15_M07_F04_KA01_2.mat
KA01,N15_M07_F04,1,0.5222434913491234,0.5220233771340546,5.480957027627827,9.353637689131007,22.41566428531753,10.495022184898364,N15_M07_F04_KA01_20.mat
KA01,N15_M07_F04,1,0.5180031806422071,0.5177862567255854,6.0791015584825345,10.336303704106598,22.384970191624564,11.735645234737401,N15_M07_F04_KA01_3.mat
KA01,N15_M07_F04,1,0.5146261348214448,0.5143874084523342,5.953979488252723,10.122680657372774,22.398160017154773,11.569524136815403,N15_M07_F04_KA01_4.mat
KA01,N15_M07_F04,1,0.5138414026689346,0.513627957658217,5.749511714950349,10.589599602376705,22.631232860018393,11.189272964550755,N15_M07_F04_KA01_5.mat
KA01,N15_M07_F04,1,0.5155475147209027,0.5153304989636027,5.862426753938227,9.768676751356722,23.030463293339967,11.371263727479931,N15_M07_F04_KA01_6.mat
KA01,N15_M07_F04,1,0.5192423878036535,0.5190061354903829,5.892944332043059,10.375976555642879,22.526542359344464,11.349120315407337,N15_M07_F04_KA01_7.mat
KA01,N15_M07_F04,1,0.5198427730793217,0.5196242648055056,5.813598628970496,9.542846673380966,22.769360829982336,11.183378763800592,N15_M07_F04_KA01_8.mat
KA01,N15_M07_F04,1,0.5194363165801386,0.5192000236163252,5.868530269559193,9.552001946812416,22.553856993331372,11.297882112279682,N15_M07_F04_KA01_9.mat
KA01,N15_M07_F10,1,0.5390327659253793,0.5387633152599662,4.11987304415232,7.882690424478106,14.580722844057325,7.6430846222855635,N15_M07_F10_KA01_1.mat
KA01,N15_M07_F10,1,0.5394569365466745,0.539194820417502,4.168701169120051,8.312988275756236,14.693656095610224,7.727588407345226,N15_M07_F10_KA01_10.mat
KA01,N15_M07_F10,1,0.5406003369443145,0.5403411424044317,3.930664059902362,7.778930658921677,14.751165677714999,7.270924176851275,N15_M07_F10_KA01_11.mat
KA01,N15_M07_F10,1,0.538649103571744,0.5384103938464656,4.235839840950682,8.270263666409473,14.899643523075905,7.863820459113602,N15_M07_F10_KA01_12.mat
KA01,N15_M07_F10,1,0.5401323212060739,0.5398684890637722,4.086303708237004,7.766723627679744,14.67568157128187,7.565375275289215,N15_M07_F10_KA01_13.mat
KA01,N15_M07_F10,1,0.5422951313082687,0.5420380346764756,4.370117184611942,8.410644525691698,14.74764219576297,8.058558766827174,N15_M07_F10_KA01_14.mat
KA01,N15_M07_F10,1,0.5408850605335007,0.5406200263068891,4.748535153111859,8.435058588175565,14.588970403713624,8.779194508401012,N15_M07_F10_KA01_15.mat
KA01,N15_M07_F10,1,0.5395748611193147,0.5393252579817123,4.20532226284585,8.016967768139367,14.559480601669176,7.793769810035569,N15_M07_F10_KA01_16.mat
KA01,N15_M07_F10,1,0.5384983554178933,0.5382434373290861,4.153442380067635,7.888793940099072,14.633997817776493,7.713008476775052,N15_M07_F10_KA01_17.mat
KA01,N15_M07_F10,1,0.5388531202203705,0.538581489378413,3.836059567777382,7.461547846631424,14.684553688900944,7.118933571746934,N15_M07_F10_KA01_18.mat
KA01,N15_M07_F10,1,0.5375064006763306,0.5372655122052231,4.0740966769950715,7.717895502712013,14.691640118560409,7.579624487947938,N15_M07_F10_KA01_19.mat
KA01,N15_M07_F10,1,0.5346997168915201,0.5344405592444551,4.199218747224883,8.105468744643378,14.885073235000478,7.853414944068169,N15_M07_F10_KA01_2.mat
KA01,N15_M07_F10,1,0.5413505195736901,0.5411046829762446,4.025268552027341,7.681274408986214,14.70537100510802,7.435604855791425,N15_M07_F10_KA01_20.mat
KA01,N15_M07_F10,1,0.538646740855829,0.5383659930412429,4.223632809708748,8.425903314744115,14.627542066836332,7.841192546710722,N15_M07_F10_KA01_3.mat
KA01,N15_M07_F10,1,0.5401422447603863,0.5398664625233706,4.2877197237288955,8.270263666409472,14.716977904523397,7.938130678208627,N15_M07_F10_KA01_4.mat
KA01,N15_M07_F10,1,0.5376726870188281,0.537380635178846,4.299926754970828,8.435058588175565,14.782259394350014,7.997294374040344,N15_M07_F10_KA01_5.mat
KA01,N15_M07_F10,1,0.5388307978475069,0.5385585991946729,4.171752926930535,7.79113769016361,14.681888528251468,7.7422317796154845,N15_M07_F10_KA01_6.mat
KA01,N15_M07_F10,1,0.5399650317494546,0.5397018469154742,4.019165036406375,7.754516596437812,14.720855902535396,7.443380219242195,N15_M07_F10_KA01_7.mat
KA01,N15_M07_F10,1,0.5392929599395619,0.539021340198002,4.437255856442572,8.758544916086784,14.60605203219952,8.227913557298896,N15_M07_F10_KA01_8.mat
KA01,N15_M07_F10,1,0.539284719149163,0.5390208622143837,4.135131833204736,8.239746088304639,14.634555854711905,7.667808277098581,N15_M07_F10_KA01_9.mat
KA03,N09_M07_F10,1,0.14948863651112915,0.14390830656115017,1.129150389878784,2.191162107926938,4.524445926195733,7.553419552359894,N09_M07_F10_KA03_1.mat
KA03,N09_M07_F10,1,0.14269919100299636,0.1368820064681452,1.3610839834755073,2.487182615543808,5.03808369374533,9.538133845810854,N09_M07_F10_KA03_10.mat
KA03,N09_M07_F10,1,0.14219517622327668,0.13603976617718702,1.2268066398142465,2.2430419907051524,4.796826397969388,8.627624877287673,N09_M07_F10_KA03_11.mat
KA03,N09_M07_F10,1,0.14264413141590054,0.13673213557696504,1.2786865225924609,2.3895263656083454,4.7843698614093055,8.964171956463156,N09_M07_F10_KA03_12.mat
KA03,N09_M07_F10,1,0.14142517918899783,0.13518980907568132,1.2298583976247297,2.1789550766850048,4.863724910313977,8.696177050489512,N09_M07_F10_KA03_13.mat
KA03,N09_M07_F10,1,0.14154510230909437,0.13585151651956037,1.3397216788021247,2.2979736312938495,4.843986892018485,9.464980821989533,N09_M07_F10_KA03_14.mat
KA03,N09_M07_F10,1,0.1406009930131791,0.13469918368728112,1.113891600826368,2.1759033188745214,4.867551812964191,7.922359415498284,N09_M07_F10_KA03_15.mat
KA03,N09_M07_F10,1,0.13810568517383187,0.13174369575348835,1.3671874990964736,2.3132324203462655,5.092683880238305,9.899574354057997,N09_M07_F10_KA03_16.mat
KA03,N09_M07_F10,1,0.1388164878506428,0.13270495114398254,1.2023925773303807,2.3559570296930303,5.1038003690093205,8.661741814301442,N09_M07_F10_KA03_17.mat
KA03,N09_M07_F10,1,0.1386124544716132,0.13223598004170917,1.1413574211207167,2.1789550766850043,4.9118593323817015,8.23416211387021,N09_M07_F10_KA03_18.mat
KA03,N09_M07_F10,1,0.13688600826201136,0.1308777081617619,1.1932373038989312,2.0721435533180927,5.035025126531679,8.717014390652508,N09_M07_F10_KA03_19.mat
KA03,N09_M07_F10,1,0.14910806985055378,0.14350054484744418,1.0864257805320192,2.120971678285824,4.446690400637573,7.286163529719812,N09_M07_F10_KA03_2.mat
KA03,N09_M07_F10,1,0.13821773933510517,0.1323101911270935,1.1779785148465152,2.230834959463219,5.132981373032749,8.522629009222456,N09_M07_F10_KA03_20.mat
KA03,N09_M07_F10,1,0.1475884052727132,0.14195610686007598,1.1962890617094144,2.209472654789837,4.576426749926568,8.105576176522247,N09_M07_F10_KA03_3.mat
KA03,N09_M07_F10,1,0.14725863104959372,0.1414666142434615,1.3183593741287425,2.4536132796284926,4.615284306485707,8.952679817353088,N09_M07_F10_KA03_4.mat
KA03,N09_M07_F10,1,0.1462417991218814,0.1405547727786083,1.2145996085723136,2.182006834495488,4.617737894163197,8.30542030982563,N09_M07_F10_KA03_5.mat
KA03,N09_M07_F10,1,0.14553963530694913,0.13992602286440103,1.1932373038989312,2.258300779757568,4.555340835566818,8.198710278353689,N09_M07_F10_KA03_6.mat
KA03,N09_M07_F10,1,0.14387426162465863,0.13842644880771382,1.129150389878784,2.0904541001809918,4.760174146892144,7.848175046239533,N09_M07_F10_KA03_7.mat
KA03,N09_M07_F10,1,0.14253143672959773,0.13671100629866922,1.083374022721536,2.157592772011623,4.697028402519714,7.600947886162473,N09_M07_F10_KA03_8.mat
KA03,N09_M07_F10,1,0.14311334810015147,0.1372335150108216,1.0467529289957376,2.0385742174027777,4.7540795007976735,7.314153032484533,N09_M07_F10_KA03_9.mat
KA03,N15_M01_F10,1,0.3128850519850643,0.3101584630885631,1.4892578115158015,2.97546386522112,3.141389499528656,4.75976018051157,N15_M01_F10_KA03_1.mat
KA03,N15_M01_F10,1,0.31864584737203117,0.31607339113636657,1.5747070302093311,3.0975341776404477,3.1284947946937165,4.9418721229114295,N15_M01_F10_KA03_10.mat
KA03,N15_M01_F10,1,0.3205678478780351,0.31802954857665766,1.7913818347536383,3.372192380583936,3.2005090622341976,5.588151920448356,N15_M01_F10_KA03_11.mat
KA03,N15_M01_F10,1,0.317650673299853,0.31514486103757433,1.785278319132672,3.445434568035533,3.1619868089439134,5.620256681928771,N15_M01_F10_KA03_12.mat
KA03,N15_M01_F10,1,0.3189854334654516,0.3164413810587542,1.6296386707980288,3.2562255837855743,3.157764477493165,5.108818459494108,N15_M01_F10_KA03_13.mat
KA03,N15_M01_F10,1,0.3196776232673002,0.31718291047597846,1.6510009754714112,3.2012939431968768,3.1596296137397917,5.164580988175446,N15_M01_F10_KA03_14.mat
KA03,N15_M01_F10,1,0.31877952125486597,0.3161353617130328,2.2674560531890178,3.872680661503181,3.096234465798959,7.112928848952547,N15_M01_F10_KA03_15.mat
KA03,N15_M01_F10,1,0.31812688166508574,0.31534248516602054,1.5045166005682176,2.972412107410637,3.147820398239053,4.729297293876996,N15_M01_F10_KA03_16.mat
KA03,N15_M01_F10,1,0.3178707712584276,0.3152032843097121,1.5747070302093311,3.109741208882381,3.2059995252075257,4.953922073348169,N15_M01_F10_KA03_17.mat
KA03,N15_M01_F10,1,0.31715776265964024,0.31432527982908215,1.5930175770722304,3.079223630777549,3.204539317118405,5.022792328062255,N15_M01_F10_KA03_18.mat
KA03,N15_M01_F10,1,0.3145996655556489,0.3119367186643701,1.8981933581205503,3.341674802479104,3.1428321697856676,6.033678881278985,N15_M01_F10_KA03_19.mat
KA03,N15_M01_F10,1,0.31638832028735103,0.31361093663844536,1.6235351551770625,3.0029296855154692,3.120203561993249,5.131463619461462,N15_M01_F10_KA03_2.mat
KA03,N15_M01_F10,1,0.3189063856514334,0.3162268157704273,1.965332029951181,3.417968747741184,3.13311605545735,6.162723979128159,N15_M01_F10_KA03_20.mat
KA03,N15_M01_F10,1,0.31741332169187114,0.31483800099115145,1.7364501941649408,3.378295896204903,3.179727998886784,5.470627965169651,N15_M01_F10_KA03_3.mat
KA03,N15_M01_F10,1,0.3198491806494611,0.31732064378658614,1.7791748035117054,3.237915036922675,3.148216618174004,5.56254294570663,N15_M01_F10_KA03_4.mat
KA03,N15_M01_F10,1,0.317615534113808,0.31511177076888214,1.6632080067133441,3.2775878884589567,3.149093827230503,5.236544904372918,N15_M01_F10_KA03_5.mat
KA03,N15_M01_F10,1,0.3186313586446262,0.31608050172027924,1.785278319132672,3.298950193132339,3.166589811674842,5.602958625060556,N15_M01_F10_KA03_6.mat
KA03,N15_M01_F10,1,0.3171208103857337,0.3143628609213938,1.5777587880198143,3.115844724503347,3.1427712031732544,4.975260961589649,N15_M01_F10_KA03_7.mat
KA03,N15_M01_F10,1,0.3196572891599423,0.3170988475870491,1.632690428608512,3.0609130839146497,3.1257971651151926,5.107627712476741,N15_M01_F10_KA03_8.mat
KA03,N15_M01_F10,1,0.32237610761017815,0.31969540090967513,1.7150878894915584,3.1829833963339778,3.1828183810745823,5.320145783152974,N15_M01_F10_KA03_9.mat
KA03,N15_M07_F04,1,0.38067366659889995,0.3784371484012761,2.1545410142011394,4.101562497289422,3.4113769783120764,5.659811022524155,N15_M07_F04_KA03_1.mat
KA03,N15_M07_F04,1,0.3723513621259599,0.3700351210783605,2.169799803253555,4.165649411309568,3.468890149497029,5.827291166238705,N15_M07_F04_KA03_10.mat
KA03,N15_M07_F04,1,0.37447751001329194,0.3721642045902419,2.1270751939067902,4.101562497289421,3.506840941571638,5.680114658504567,N15_M07_F04_KA03_11.mat
KA03,N15_M07_F04,1,0.37233628053484624,0.3700030415225704,2.05993652207616,4.083251950426522,3.3717190393819565,5.53246253391462,N15_M07_F04_KA03_12.mat
KA03,N15_M07_F04,1,0.3690671784956736,0.36682148243402063,2.2064208969793535,4.217529294087782,3.4979358766069772,5.978372029647221,N15_M07_F04_KA03_13.mat
KA03,N15_M07_F04,1,0.37016306410907,0.3678351176923819,2.0690917955076094,3.8513183568297977,3.479592005639906,5.589676540223212,N15_M07_F04_KA03_14.mat
KA03,N15_M07_F04,1,0.36752258079931377,0.3652143688526463,1.998901365866496,3.906249997418496,3.4470361551187714,5.438853203302899,N15_M07_F04_KA03_15.mat
KA03,N15_M07_F04,1,0.365450083278769,0.3632107914633106,2.148437498580173,4.058837887942657,3.406696339434426,5.8788808564624775,N15_M07_F04_KA03_16.mat
KA03,N15_M07_F04,1,0.3698127796365358,0.3675135244904712,2.1911621079269374,4.220581051898265,3.4726765118863776,5.925057836239418,N15_M07_F04_KA03_17.mat
KA03,N15_M07_F04,1,0.36912647578306607,0.3668107057410766,2.014160154918912,3.9733886692491263,3.469963267123932,5.45655835346426,N15_M07_F04_KA03_18.mat
KA03,N15_M07_F04,1,0.36366054206658976,0.3613572600662452,1.8066406238060544,3.5949707007492098,3.3870683646154562,4.967931394314539,N15_M07_F04_KA03_19.mat
KA03,N15_M07_F04,1,0.38103314173878466,0.378755115847967,2.029418943971328,4.019165036406374,3.383288217910686,5.326095611290909,N15_M07_F04_KA03_2.mat
KA03,N15_M07_F04,1,0.3647798249229976,0.3624438474296883,1.9927978502455295,3.8146972631039997,3.4685200131003193,5.463015534552095,N15_M07_F04_KA03_20.mat
KA03,N15_M07_F04,1,0.38398132663311124,0.3817505095450075,2.1881103501164545,4.18701171598295,3.439444327053779,5.698481145691658,N15_M07_F04_KA03_3.mat
KA03,N15_M07_F04,1,0.38001728796363754,0.37786847989136435,2.197265623547904,4.244995114382132,3.4336782073704746,5.782014906011729,N15_M07_F04_KA03_4.mat
KA03,N15_M07_F04,1,0.37479581040860394,0.3725493607267462,1.9012451159310335,3.6773681616322555,3.3806994910975394,5.072749116000758,N15_M07_F04_KA03_5.mat
KA03,N15_M07_F04,1,0.38045306959715725,0.3782217174715556,2.3681640609349635,4.4311523408216065,3.4627134582002057,6.224589181111074,N15_M07_F04_KA03_6.mat
KA03,N15_M07_F04,1,0.37752357559159627,0.37536026757854296,2.0172119127293953,3.909301755228979,3.3881983419691557,5.343274018234052,N15_M07_F04_KA03_7.mat
KA03,N15_M07_F04,1,0.3763876680116669,0.37419569824312976,2.0507812486447103,4.095458981668454,3.4390836739991393,5.448587780461347,N15_M07_F04_KA03_8.mat
KA03,N15_M07_F04,1,0.3736582492478994,0.3713349695661651,1.9561767565197314,3.7536621068943363,3.419108163189812,5.23520291725696,N15_M07_F04_KA03_9.mat
KA03,N15_M07_F10,1,0.3429683174048457,0.3405302119995036,1.8005371081850878,3.5614013648338947,3.150392088913875,5.24986424929654,N15_M07_F10_KA03_1.mat
KA03,N15_M07_F10,1,0.3396971387922262,0.33719615812425224,1.9287109362253825,3.631591794475008,3.1583666579941316,5.6777367718868765,N15_M07_F10_KA03_10.mat
KA03,N15_M07_F10,1,0.3428913300047875,0.3405626212301337,1.7486572254068737,3.2806396462694405,3.155233524598626,5.099741732701316,N15_M07_F10_KA03_11.mat
KA03,N15_M07_F10,1,0.33723564453884364,0.33480492966112824,1.8524169909633026,3.659057614769357,3.111078946163941,5.492945425435112,N15_M07_F10_KA03_12.mat
KA03,N15_M07_F10,1,0.33879930361857113,0.3363921192308232,1.8035888659955712,3.402709958688768,3.1139271195606786,5.323472766124978,N15_M07_F10_KA03_13.mat
KA03,N15_M07_F10,1,0.3372774996419509,0.33485459267003176,1.632690428608512,3.131103513555763,3.123786569237662,4.84079261243858,N15_M07_F10_KA03_14.mat
KA03,N15_M07_F10,1,0.3395859392485514,0.33728823175021916,1.7608642566488066,3.3264160134266882,3.1570852184477496,5.185327344663662,N15_M07_F10_KA03_15.mat
KA03,N15_M07_F10,1,0.3378801704706288,0.3354477963400857,1.8737792956366845,3.454589841466982,3.138827239412944,5.545691814428536,N15_M07_F10_KA03_16.mat
KA03,N15_M07_F10,1,0.33360906349639385,0.33108483232425207,1.5838623036407806,3.1097412088823804,3.131087769357536,4.7476596919792655,N15_M07_F10_KA03_17.mat
KA03,N15_M07_F10,1,0.33689273705633055,0.33438880049315367,1.724243162923008,3.2562255837855743,3.121201787336356,5.11807757563709,N15_M07_F10_KA03_18.mat
KA03,N15_M07_F10,1,0.33627549803677004,0.33381368549985535,1.7669677722697725,3.4332275367935994,3.1284259824844227,5.254524289118928,N15_M07_F10_KA03_19.mat
KA03,N15_M07_F10,1,0.3391021958754078,0.33667464546703385,1.7578124988383232,3.305053708753306,3.1316496200427113,5.183724907178646,N15_M07_F10_KA03_2.mat
KA03,N15_M07_F10,1,0.3345727818840619,0.33198314953509944,1.6754150379552766,3.329467771237171,3.1155441858105606,5.0076250330962395,N15_M07_F10_KA03_20.mat
KA03,N15_M07_F10,1,0.3401219769741754,0.33772002735002365,1.7089843738705919,3.2562255837855743,3.10321724404984,5.024622016707703,N15_M07_F10_KA03_3.mat
KA03,N15_M07_F10,1,0.34199402822814723,0.33960286454721456,1.9348144518463488,3.726196286599987,3.1400027547557414,5.657450984949998,N15_M07_F10_KA03_4.mat
KA03,N15_M07_F10,1,0.34146122675475155,0.3390367303332511,1.724243162923008,3.2531738259750913,3.1455238273225956,5.049601617466849,N15_M07_F10_KA03_5.mat
KA03,N15_M07_F10,1,0.34463965433783805,0.34217463514464597,1.8707275378262014,3.6468505835274234,3.1424318978414782,5.428068169986015,N15_M07_F10_KA03_6.mat
KA03,N15_M07_F10,1,0.34054794818881473,0.3381249309589049,1.6906738270076926,3.366088864962969,3.1123143077317597,4.96456911867902,N15_M07_F10_KA03_7.mat
KA03,N15_M07_F10,1,0.34225222558136764,0.33982094095031906,1.7639160144592898,3.4240722633621505,3.1270696319921636,5.153848193282043,N15_M07_F10_KA03_8.mat
KA03,N15_M07_F10,1,0.34053693519684286,0.3380835220411501,1.6754150379552766,3.341674802479104,3.1407712040696385,4.919921643703128,N15_M07_F10_KA03_9.mat
KA04,N09_M07_F10,1,0.2171255410375126,0.2130652213883601,1.8890380846891006,3.515624997676646,8.95540260923958,8.700211295559802,N09_M07_F10_KA04_1.mat
KA04,N09_M07_F10,1,0.21857757075390097,0.21378742513291876,1.660156248902861,3.0761718729670657,8.374973305283978,7.595272667624485,N09_M07_F10_KA04_10.mat
KA04,N09_M07_F10,1,0.21742200106328738,0.21283740951331157,1.6937255848181758,3.018188474567885,8.229471824378221,7.790037698738523,N09_M07_F10_KA04_11.mat
KA04,N09_M07_F10,1,0.21989097383764086,0.21505180191800366,2.005004881487462,3.555297849212928,8.279025903060194,9.11817727892679,N09_M07_F10_KA04_12.mat
KA04,N09_M07_F10,1,0.25361680700881967,0.2496857964923213,3.1127929666928638,5.386352535502848,10.315212622347662,12.273606798403604,N09_M07_F10_KA04_13.mat
KA04,N09_M07_F10,1,0.2222277402442413,0.21743853579316638,1.876831053447168,3.375244138394419,8.618701911083091,8.445530028719281,N09_M07_F10_KA04_14.mat
KA04,N09_M07_F10,1,0.22277921969296913,0.218453099111939,1.666259764523827,2.9327392558743552,8.343857986968223,7.479421854606729,N09_M07_F10_KA04_15.mat
KA04,N09_M07_F10,1,0.23221416568953301,0.22853974765565946,2.1453857407696897,3.6987304663056384,8.15511968855194,9.23882371430363,N09_M07_F10_KA04_16.mat
KA04,N09_M07_F10,1,0.23345968214178092,0.22920884464508562,2.1453857407696897,3.6987304663056384,8.064844083376629,9.18953423172567,N09_M07_F10_KA04_17.mat
KA04,N09_M07_F10,1,0.23345968214178092,0.22920884464508562,2.1453857407696897,3.6987304663056384,8.064844083376629,9.18953423172567,N09_M07_F10_KA04_18.mat
KA04,N09_M07_F10,1,0.23289163791680936,0.2291012832387492,2.148437498580173,3.6010742163701766,8.292162559950619,9.225052122084396,N09_M07_F10_KA04_19.mat
KA04,N09_M07_F10,1,0.21452342229792234,0.2099956241470528,1.9592285143302146,3.4515380836564993,9.134352086081915,9.132935198140318,N09_M07_F10_KA04_2.mat
KA04,N09_M07_F10,1,0.2338807400614443,0.22991098677541286,1.9042968737415167,3.2043457010073597,7.960929007509583,8.142170549149224,N09_M07_F10_KA04_20.mat
KA04,N09_M07_F10,1,0.21423046933547502,0.2095533364827576,1.8737792956366845,3.335571286858137,8.777087514081177,8.746558327809257,N09_M07_F10_KA04_3.mat
KA04,N09_M07_F10,1,0.21445313046453188,0.20970105969367628,1.8127441394270207,3.2775878884589567,8.794107163923632,8.452868631483224,N09_M07_F10_KA04_4.mat
KA04,N09_M07_F10,1,0.21410298498516872,0.20971680219717945,1.858520506584269,3.1341552713662466,8.850166011716345,8.68049787681854,N09_M07_F10_KA04_5.mat
KA04,N09_M07_F10,1,0.21269610162268074,0.20801764632070865,2.001953123676979,3.3538818337210365,8.828563038964202,9.412269940087619,N09_M07_F10_KA04_6.mat
KA04,N09_M07_F10,1,0.2159425783513466,0.21121147482271507,1.8371582019108865,3.082275388588032,8.663483037658127,8.507623720791932,N09_M07_F10_KA04_7.mat
KA04,N09_M07_F10,1,0.21461912310300582,0.21045323274367195,1.9409179674673154,3.265380857217024,8.437223225990097,9.043546257226005,N09_M07_F10_KA04_8.mat
KA04,N09_M07_F10,1,0.21615824082506657,0.21171532955824465,1.6693115223343102,2.9266357402533885,8.33100517898537,7.722636509080667,N09_M07_F10_KA04_9.mat
KA04,N15_M01_F10,1,0.5309546146766891,0.5292576775280935,3.906249997418496,7.769775385490227,6.702798140107932,7.357031824268265,N15_M01_F10_KA04_1.mat
KA04,N15_M01_F10,1,0.5461444520098601,0.5444927698040374,4.336547848696627,7.949829096308736,7.064028835189187,7.9402946102221605,N15_M01_F10_KA04_10.mat
KA04,N15_M01_F10,1,0.5589455510195139,0.5573275926337143,4.34875487993856,8.187866205526426,7.156673815635895,7.780283557148728,N15_M01_F10_KA04_11.mat
KA04,N15_M01_F10,1,0.5674842723361017,0.5659717883601595,4.690551754712678,8.557128900594893,7.092034461780066,8.265518505743934,N15_M01_F10_KA04_12.mat
KA04,N15_M01_F10,1,0.5613466666448305,0.5597336995361196,4.33959960650711,8.261108392978022,7.171361507738362,7.730694532212867,N15_M01_F10_KA04_13.mat
KA04,N15_M01_F10,1,0.560275524872785,0.5587197954883398,4.156494137878118,8.291625971082855,7.057613658049391,7.418660914773822,N15_M01_F10_KA04_14.mat
KA04,N15_M01_F10,1,0.5662834524989359,0.5646842154576681,4.391479489285325,8.24890136173609,7.104308600141663,7.754914027429712,N15_M01_F10_KA04_15.mat
KA04,N15_M01_F10,1,0.5630412811244984,0.5614075534889101,4.33959960650711,8.056640619675647,7.204431102890072,7.707427060836678,N15_M01_F10_KA04_16.mat
KA04,N15_M01_F10,1,0.5569726117156031,0.5553604412707538,4.449462887684506,8.47778319752233,7.15373327480418,7.988656522946689,N15_M01_F10_KA04_17.mat
KA04,N15_M01_F10,1,0.5629489532393505,0.5613403618264664,4.306030270591795,8.218383783631257,7.165115070089577,7.649059911762531,N15_M01_F10_KA04_18.mat
KA04,N15_M01_F10,1,0.5515784555909893,0.5499880103309358,4.412841793958707,8.148193353990143,6.912705755778059,8.000388247997401,N15_M01_F10_KA04_19.mat
KA04,N15_M01_F10,1,0.5330239194118853,0.531321604377789,3.8635253880717313,7.6232910105870335,6.628605459039366,7.248315220702613,N15_M01_F10_KA04_2.mat
KA04,N15_M01_F10,1,0.5518357999646861,0.5501121461529314,4.150390622257151,8.117675775885312,6.880038403814573,7.521060834622816,N15_M01_F10_KA04_20.mat
KA04,N15_M01_F10,1,0.5297942262348629,0.5281522983689559,4.125976559773287,7.962036127550669,6.628934641778911,7.787885098514081,N15_M01_F10_KA04_3.mat
KA04,N15_M01_F10,1,0.5378110017757672,0.5360561734452178,3.7902832006201344,7.33337401859113,6.782754372910939,7.047611871280461,N15_M01_F10_KA04_4.mat
KA04,N15_M01_F10,1,0.5435494626892297,0.5419277512445925,4.1076660129103875,7.788085932353127,6.865673997635524,7.557115395878728,N15_M01_F10_KA04_5.mat
KA04,N15_M01_F10,1,0.5388576947041056,0.537045589976156,3.7414550756524028,7.373046870127411,6.532224918988037,6.9433082471001715,N15_M01_F10_KA04_6.mat
KA04,N15_M01_F10,1,0.5559302363027093,0.5542824442359451,4.028320309837824,7.9833984322240505,6.8923561519066325,7.2460896112230255,N15_M01_F10_KA04_7.mat
KA04,N15_M01_F10,1,0.5531948147535174,0.5514863230417758,4.278564450297447,8.328247064808654,6.916544948402982,7.734281551796202,N15_M01_F10_KA04_8.mat
KA04,N15_M01_F10,1,0.5620168824285214,0.5605025393233651,4.113769528531354,8.160400385232077,6.9549331056851535,7.319654724170235,N15_M01_F10_KA04_9.mat
KA04,N15_M07_F04,1,0.43107958405342844,0.42897245575700227,2.545166013942989,4.9316406217408515,4.829279972237433,5.9041673697716535,N15_M07_F04_KA04_1.mat
KA04,N15_M07_F04,1,0.43818481172015833,0.43606938483322005,2.597045896721203,5.062866207591629,4.7847635778232025,5.926827738565654,N15_M07_F04_KA04_10.mat
KA04,N15_M07_F04,1,0.43894616653099533,0.43683655297878554,3.002929685515469,5.520629879164108,4.975853613443145,6.84122544968945,N15_M07_F04_KA04_11.mat
KA04,N15_M07_F04,1,0.44185296768497095,0.4398227037617899,2.7709960919187457,5.117797848180327,4.968636198791128,6.2713080924566516,N15_M07_F04_KA04_12.mat
KA04,N15_M07_F04,1,0.4383764204096041,0.4363277059372857,3.21350097443881,5.957031246063207,5.040886064323964,7.330460364260065,N15_M07_F04_KA04_13.mat
KA04,N15_M07_F04,1,0.43921623063400717,0.43719702331594146,2.5939941389107197,5.072021481023079,4.968165877468584,5.905961478623634,N15_M07_F04_KA04_14.mat
KA04,N15_M07_F04,1,0.43987920698494354,0.4377712131712615,2.6031494123421695,5.17883300438999,4.849441819719081,5.917873295682448,N15_M07_F04_KA04_15.mat
KA04,N15_M07_F04,1,0.4402316983418456,0.4383101374462845,2.4322509749551102,4.837036129615871,4.832534469148719,5.524933765824459,N15_M07_F04_KA04_16.mat
KA04,N15_M07_F04,1,0.43954454927800735,0.43738829424511866,2.9327392558743552,5.673217769688269,4.947655767315959,6.672223010595061,N15_M07_F04_KA04_17.mat
KA04,N15_M07_F04,1,0.441752233842542,0.4397415765639512,2.6336669904470016,5.197143551252889,4.910127952577067,5.961864567244599,N15_M07_F04_KA04_18.mat
KA04,N15_M07_F04,1,0.4389014420816094,0.43687242297151363,2.7557373028663297,5.294799801188352,4.909703738961955,6.278715535306734,N15_M07_F04_KA04_19.mat
KA04,N15_M07_F04,1,0.4410562969231709,0.43903246546146724,2.548217771753472,4.80651855151104,4.788553722362951,5.77753404617496,N15_M07_F04_KA04_2.mat
KA04,N15_M07_F04,1,0.43987920698494354,0.4377712131712615,2.6031494123421695,5.17883300438999,4.849441819719081,5.917873295682448,N15_M07_F04_KA04_20.mat
KA04,N15_M07_F04,1,0.4436099863578632,0.44157930451790744,2.655029295120384,4.980468746708582,4.859374577992428,5.9850530348037605,N15_M07_F04_KA04_3.mat
KA04,N15_M07_F04,1,0.4378876185311205,0.43591015709739805,2.5878906232897534,4.94995116860375,4.820902147418063,5.909942445896841,N15_M07_F04_KA04_4.mat
KA04,N15_M07_F04,1,0.4389014420816094,0.43687242297151363,2.7557373028663297,5.294799801188352,4.909703738961955,6.278715535306734,N15_M07_F04_KA04_5.mat
KA04,N15_M07_F04,1,0.43987920698494354,0.4377712131712615,2.6031494123421695,5.17883300438999,4.849441819719081,5.917873295682448,N15_M07_F04_KA04_6.mat
KA04,N15_M07_F04,1,0.44114926808568494,0.4391561711019267,2.9663085917896703,5.911254878905958,4.923638724632505,6.7240474061344715,N15_M07_F04_KA04_7.mat
KA04,N15_M07_F04,1,0.4371541680932138,0.4351185159644436,2.960205076168704,5.590820308805222,4.939179832393694,6.771535746943864,N15_M07_F04_KA04_8.mat
KA04,N15_M07_F04,1,0.43755695808316925,0.4355496726252622,2.7099609357090815,5.0781249966440445,4.894687748032937,6.19339010761196,N15_M07_F04_KA04_9.mat
KA04,N15_M07_F10,1,0.47728524466750294,0.4753443129487461,3.2196044900597762,5.58776855099474,5.6056402480079015,6.745661061243761,N15_M07_F10_KA04_1.mat
KA04,N15_M07_F10,1,0.4841437543395518,0.4823081975759081,3.6865234350637057,7.012939448490394,5.548158212180641,7.614522343870165,N15_M07_F10_KA04_10.mat
KA04,N15_M07_F10,1,0.4832869786599633,0.4813260228149315,3.643798825716941,6.912231440744447,5.669186332445434,7.5396172183664145,N15_M07_F10_KA04_11.mat
KA04,N15_M07_F10,1,0.4839306154103176,0.4820137269652669,3.2531738259750913,6.396484370772788,5.551531566106395,6.722397224686381,N15_M07_F10_KA04_12.mat
KA04,N15_M07_F10,1,0.4842000609312536,0.4823444838594882,3.1951904275759104,6.286621089595392,5.516744564890695,6.5989054636438,N15_M07_F10_KA04_13.mat
KA04,N15_M07_F10,1,0.4799640215511763,0.47805748042223384,3.237915036922675,6.201171870901862,5.395769669195445,6.746161986180106,N15_M07_F10_KA04_14.mat
KA04,N15_M07_F10,1,0.48551066898764794,0.483664592357635,3.4942626930032636,6.686401362768691,5.848690605331235,7.1970873478213155,N15_M07_F10_KA04_15.mat
KA04,N15_M07_F10,1,0.48731010119172974,0.4853400833647116,3.35693359153152,6.530761714434048,5.669362548814132,6.888701020812107,N15_M07_F10_KA04_16.mat
KA04,N15_M07_F10,1,0.4892327217304491,0.4873438419522268,3.6071777319911424,6.857299800155751,5.565502669969175,7.37313260493352,N15_M07_F10_KA04_17.mat
KA04,N15_M07_F10,1,0.490390119677112,0.4885323115416539,3.3935546852573184,6.729125972115456,5.641505671710826,6.920112272024852,N15_M07_F10_KA04_18.mat
KA04,N15_M07_F10,1,0.4900977406531348,0.48823059129785257,3.5064697242451968,6.848144526724301,5.765014249587959,7.154633521820069,N15_M07_F10_KA04_19.mat
KA04,N15_M07_F10,1,0.4791951811180602,0.47722716265617615,3.512573239866163,6.204223628712345,5.629893531494437,7.3301514252931605,N15_M07_F10_KA04_2.mat
KA04,N15_M07_F10,1,0.49427255756128163,0.4924005232016982,3.2836914040799234,6.5429687456759815,5.723779687294945,6.643483142745184,N15_M07_F10_KA04_20.mat
KA04,N15_M07_F10,1,0.47560297476410157,0.47357720672301234,3.546142575781478,5.889892574232576,5.700408038171553,7.456098392867202,N15_M07_F10_KA04_3.mat
KA04,N15_M07_F10,1,0.4817131907359062,0.47975936336153546,3.2287597634912255,5.618286129099571,5.709438620865232,6.702660059108402,N15_M07_F10_KA04_4.mat
KA04,N15_M07_F10,1,0.47887669798767046,0.476877517987926,3.2592773415960576,5.789184566486631,5.629486643501925,6.806088822638794,N15_M07_F10_KA04_5.mat
KA04,N15_M07_F10,1,0.4729784743102996,0.4710199797293266,3.485107419571815,6.1889648396599295,5.521156762032872,7.368427124836542,N15_M07_F10_KA04_6.mat
KA04,N15_M07_F10,1,0.4876845330467713,0.4857076657485222,3.479003903950848,6.375122066099404,5.716141000420439,7.133717943064631,N15_M07_F10_KA04_7.mat
KA04,N15_M07_F10,1,0.48568895170430043,0.48390767661209094,3.570556638265344,6.576538081591296,5.456145183403848,7.3515294629126915,N15_M07_F10_KA04_8.mat
KA04,N15_M07_F10,1,0.48445722758264576,0.4824894936332406,3.4332275367936,6.158447261555097,5.5458494149771385,7.086750576361068,N15_M07_F10_KA04_9.mat
KI05,N09_M07_F10,1,0.17708323812867488,0.17686856851710486,4.202270505035367,7.641601557449933,49.70810337287437,23.730481492448483,N09_M07_F10_KI05_1.mat
KI05,N09_M07_F10,1,0.17680509029322794,0.17659777992353143,3.610229489801626,6.765747065841254,46.47711296217732,20.41926215933109,N09_M07_F10_KI05_10.mat
KI05,N09_M07_F10,1,0.17553924588152384,0.175327379188992,2.7923583965921277,5.499267574490727,44.381382319058744,15.907316808668334,N09_M07_F10_KI05_11.mat
KI05,N09_M07_F10,1,0.17429963249867458,0.17403713550593172,4.077148434805555,7.196044917119385,46.72310478556469,23.39160660500279,N09_M07_F10_KI05_12.mat
KI05,N09_M07_F10,1,0.17239198159123673,0.17219795239842375,4.064941403563623,7.723999018332979,46.93932053618431,23.57964312517803,N09_M07_F10_KI05_13.mat
KI05,N09_M07_F10,1,0.17386467603866887,0.17362050039122215,3.482055661761331,6.411743159825203,46.81060827296558,20.027389928169736,N09_M07_F10_KI05_14.mat
KI05,N09_M07_F10,1,0.17458800483504888,0.17439278440281583,4.11071777072087,7.922363276014387,46.70481143683433,23.545247421807044,N09_M07_F10_KI05_15.mat
KI05,N09_M07_F10,1,0.17600241649076087,0.1757964043061577,3.610229489801626,6.765747065841254,48.53800443603129,20.51238591937823,N09_M07_F10_KI05_16.mat
KI05,N09_M07_F10,1,0.1741460562197197,0.17388717499312234,3.570556638265344,6.457519526982451,45.49769215357709,20.50322996554329,N09_M07_F10_KI05_17.mat
KI05,N09_M07_F10,1,0.17395578430323191,0.17372382808817832,4.193115231603917,7.2479247998976,46.99792134501039,24.104488668768074,N09_M07_F10_KI05_18.mat
KI05,N09_M07_F10,1,0.17296164454723598,0.17273489850069113,3.6376953100959746,6.848144526724301,45.34899704651455,21.03180343606479,N09_M07_F10_KI05_19.mat
KI05,N09_M07_F10,1,0.17502398715038145,0.17478463206831474,4.629516598503015,7.397460932611278,46.36305947662943,26.45075497294729,N09_M07_F10_KI05_2.mat
KI05,N09_M07_F10,1,0.17573291048640943,0.1754724716781148,3.8665771458822142,7.678222651175732,49.49856556596853,22.00257843098343,N09_M07_F10_KI05_20.mat
KI05,N09_M07_F10,1,0.175327789971217,0.17510488682331343,3.8818359349346307,7.666015619933798,48.66181429944833,22.1404486737208,N09_M07_F10_KI05_3.mat
KI05,N09_M07_F10,1,0.17576943852509738,0.1755602310579656,4.483032223599821,8.54492186935296,49.58320847814215,25.505186005129712,N09_M07_F10_KI05_4.mat
KI05,N09_M07_F10,1,0.17549076683039674,0.1752589313218443,3.4454345680355325,6.460571284792934,43.09072952563732,19.633138713020593,N09_M07_F10_KI05_5.mat
KI05,N09_M07_F10,1,0.17624400404475424,0.1760182598539587,3.555297849212928,6.542968745675981,44.345019434816756,20.17258895406234,N09_M07_F10_KI05_6.mat
KI05,N09_M07_F10,1,0.1752832652316327,0.17505821091214877,3.332519529047654,6.503295894139699,43.554349811128056,19.0121944878412,N09_M07_F10_KI05_7.mat
KI05,N09_M07_F10,1,0.17769091499536258,0.17748524366534368,3.6499023413379073,6.860351557966234,45.17981849695384,20.540736938819656,N09_M07_F10_KI05_8.mat
KI05,N09_M07_F10,1,0.17643341831630444,0.1762001737711413,4.244995114382131,7.586669916861235,47.49635662902522,24.06004007002706,N09_M07_F10_KI05_9.mat
KI05,N15_M01_F10,1,0.23722550429629433,0.23700944939122442,3.7445068334628866,7.034301753163776,15.47247391374309,15.784587936995184,N15_M01_F10_KI05_1.mat
KI05,N15_M01_F10,1,0.23673859225102914,0.236474666094119,4.437255856442572,8.645629877098905,16.151472466695733,18.74327212243226,N15_M01_F10_KI05_10.mat
KI05,N15_M01_F10,1,0.24151118799852475,0.24133377348606724,4.9713134732771325,8.810424798864998,17.039758039746193,20.584195351262565,N15_M01_F10_KI05_11.mat
KI05,N15_M01_F10,1,0.23877841260826282,0.2385680720012889,4.183959958172467,8.041381830623232,16.061941526913394,17.522354355528048,N15_M01_F10_KI05_12.mat
KI05,N15_M01_F10,1,0.23674872069894895,0.2365565880742071,4.290771481539379,8.361816400723967,16.012995865474025,18.12373671490943,N15_M01_F10_KI05_13.mat
KI05,N15_M01_F10,1,0.23827668214606476,0.23806469660095164,4.226684567519232,8.346557611671553,16.215994646358457,17.7385572497113,N15_M01_F10_KI05_14.mat
KI05,N15_M01_F10,1,0.23758039739723943,0.23739594872315398,3.848266599019315,7.232666010845184,15.105856082622223,16.19774460005188,N15_M01_F10_KI05_15.mat
KI05,N15_M01_F10,1,0.23691155941797687,0.23670282559617298,3.8940429661765634,7.092285151562956,16.71806633602773,16.436694670969622,N15_M01_F10_KI05_16.mat
KI05,N15_M01_F10,1,0.23580812628401965,0.2356031699488164,4.168701169120051,7.678222651175731,15.586568045531951,17.678360940364918,N15_M01_F10_KI05_17.mat
KI05,N15_M01_F10,1,0.2384845332450157,0.23828950784890374,3.930664059902362,7.0831298781315075,16.599774299635804,16.48184058906685,N15_M01_F10_KI05_18.mat
KI05,N15_M01_F10,1,0.23534305895343471,0.23511288337504313,4.702758785954611,7.751464838627328,16.165681435161957,19.982568455036123,N15_M01_F10_KI05_19.mat
KI05,N15_M01_F10,1,0.23334872201889648,0.23315815342607837,3.4088134743097345,6.631469722179993,15.3150673718854,14.608237168891332,N15_M01_F10_KI05_2.mat
KI05,N15_M01_F10,1,0.23860174346497898,0.23841469237880553,3.704833981926605,7.165527339014554,15.863816844300187,15.527271209861826,N15_M01_F10_KI05_20.mat
KI05,N15_M01_F10,1,0.23525783149836127,0.2350148053682381,3.753662106894336,6.814575190808986,15.670327815395794,15.955524553581046,N15_M01_F10_KI05_3.mat
KI05,N15_M01_F10,1,0.2350043245059483,0.23477180755405203,3.9459228489547775,6.567382808159847,14.819186704415198,16.79085207155369,N15_M01_F10_KI05_4.mat
KI05,N15_M01_F10,1,0.23657960392071167,0.23637190846778755,3.7414550756524028,7.0129394484903935,15.449209456946553,15.814782904558122,N15_M01_F10_KI05_5.mat
KI05,N15_M01_F10,1,0.23548320545416018,0.23524821320631822,4.013061520785408,7.791137690163609,15.71734255527199,17.041816264755244,N15_M01_F10_KI05_6.mat
KI05,N15_M01_F10,1,0.23757813817108375,0.23736500208203873,3.9031982396080127,7.031249995353292,15.412009051325711,16.42911367879,N15_M01_F10_KI05_7.mat
KI05,N15_M01_F10,1,0.23948144677912597,0.23924962361089727,3.9215087864709117,7.720947260522496,16.520449548003114,16.37500039862263,N15_M01_F10_KI05_8.mat
KI05,N15_M01_F10,1,0.23609115172280404,0.2358204593155565,3.9459228489547775,7.669067377744282,15.215531964038757,16.713556692661264,N15_M01_F10_KI05_9.mat
KI05,N15_M07_F04,1,0.21452156987990442,0.2143074409358069,4.058837887942656,7.650756830881383,22.912603667347334,18.920418539799584,N15_M07_F04_KI05_1.mat
KI05,N15_M07_F04,1,0.21352912956117973,0.2133064730540091,3.58581542731776,7.034301753163776,22.666469271821644,16.793097197965036,N15_M07_F04_KI05_10.mat
KI05,N15_M07_F04,1,0.21498236275085858,0.21480080527437045,4.199218747224883,7.351684565454029,22.79073073773034,19.532852339572273,N15_M07_F04_KI05_11.mat
KI05,N15_M07_F04,1,0.21207929029408681,0.21190037674801065,2.850341794991309,5.596923824426189,20.939106931296752,13.439981768322534,N15_M07_F04_KI05_12.mat
KI05,N15_M07_F04,1,0.21415997073413426,0.2139574355143599,4.156494137878118,7.5836181590507525,22.154005133172674,19.408361532875517,N15_M07_F04_KI05_13.mat
KI05,N15_M07_F04,1,0.2166390727827077,0.21644171509307325,3.0883789042089984,5.9356689413898245,20.590761600882722,14.255872057330533,N15_M07_F04_KI05_14.mat
KI05,N15_M07_F04,1,0.21527494123590488,0.2150471436102611,4.290771481539379,8.142089838369177,22.436493095881897,19.931588214149926,N15_M07_F04_KI05_15.mat
KI05,N15_M07_F04,1,0.21228969229963296,0.2120893569082959,3.4545898414669827,6.362915034857473,21.830512055352568,16.272998486384616,N15_M07_F04_KI05_16.mat
KI05,N15_M07_F04,1,0.2138755712748362,0.21367252065119047,3.723144528789504,6.8664550735872005,23.7160372080946,17.407993379501754,N15_M07_F04_KI05_17.mat
KI05,N15_M07_F04,1,0.21732592007296705,0.21713941866497852,4.525756832946586,7.330322260780647,21.82795306433179,20.824744841420966,N15_M07_F04_KI05_18.mat
KI05,N15_M07_F04,1,0.21110310637073004,0.2108837382769753,3.2897949197008898,6.326293941131674,22.13889813006574,15.58382998838253,N15_M07_F04_KI05_19.mat
KI05,N15_M07_F04,1,0.21674221500733326,0.21651880794630804,3.9489746067652605,7.055664057837157,22.747089996399303,18.219683722580996,N15_M07_F04_KI05_2.mat
KI05,N15_M07_F04,1,0.20944258732676724,0.20919799806686032,4.083251950426522,6.912231440744449,21.60661119429896,19.495805521424025,N15_M07_F04_KI05_20.mat
KI05,N15_M07_F04,1,0.21252496363341847,0.21230821322261478,3.9886474583015428,6.857299800155751,21.819908441088582,18.767900909662117,N15_M07_F04_KI05_3.mat
KI05,N15_M07_F04,1,0.2164403157212389,0.2162011068160673,4.620361325071565,8.151245111800627,22.679101356032312,21.347045764904035,N15_M07_F04_KI05_4.mat
KI05,N15_M07_F04,1,0.21421565138615994,0.2140015318974138,3.268432615027507,6.448364253551001,22.338652340642362,15.25767418896766,N15_M07_F04_KI05_5.mat
KI05,N15_M07_F04,1,0.21214746141059765,0.21193582960937243,3.4881591773822973,6.964111323522662,21.71999857980703,16.442144318810357,N15_M07_F04_KI05_6.mat
KI05,N15_M07_F04,1,0.21527354734726126,0.21509024602549237,4.333496090886144,7.498168940357223,21.739495519038915,20.13018387203752,N15_M07_F04_KI05_7.mat
KI05,N15_M07_F04,1,0.2154292686335389,0.21522475915968256,4.818725582752973,8.551025384973926,22.754965940402123,22.36801718409944,N15_M07_F04_KI05_8.mat
KI05,N15_M07_F04,1,0.21272743555118906,0.21247950598991613,3.250122068164608,6.423950191067135,22.76008324820525,15.278339908265025,N15_M07_F04_KI05_9.mat
KI05,N15_M07_F10,1,0.23857957793958978,0.23832852015743197,3.7628173803257856,7.498168940357222,14.989738210397917,15.77174967288508,N15_M07_F10_KI05_1.mat
KI05,N15_M07_F10,1,0.2427861818246904,0.24256502243298567,4.446411129874022,7.1594238233935865,14.378514579458466,18.314102954527538,N15_M07_F10_KI05_10.mat
KI05,N15_M07_F10,1,0.24297093749641188,0.2427706239723233,3.5827636695072766,6.433105464498586,14.485802871700507,14.745646975001632,N15_M07_F10_KI05_11.mat
KI05,N15_M07_F10,1,0.23830204621157544,0.23808358655266504,2.8778076152856573,5.694580074361651,14.088507517567255,12.076302579167148,N15_M07_F10_KI05_12.mat
KI05,N15_M07_F10,1,0.23798111827173735,0.23774985786739888,2.8411865215598593,5.609130855668122,13.97171964491634,11.938705651074667,N15_M07_F10_KI05_13.mat
KI05,N15_M07_F10,1,0.24277970687944117,0.24257330387970444,3.677368161632256,6.411743159825203,15.328718889787934,15.146933855795256,N15_M07_F10_KI05_14.mat
KI05,N15_M07_F10,1,0.24322769165040434,0.24301007653664808,4.461669918926439,7.5866699168612355,15.057940438773016,18.343593563101685,N15_M07_F10_KI05_15.mat
KI05,N15_M07_F10,1,0.24210899816759796,0.24189612585084067,3.1982421853863934,6.231689449006694,14.035339173152975,13.209926973356177,N15_M07_F10_KI05_16.mat
KI05,N15_M07_F10,1,0.23959635954266684,0.2393897963938779,3.1524658182291456,5.746459957139866,14.629193614613767,13.157402826347038,N15_M07_F10_KI05_17.mat
KI05,N15_M07_F10,1,0.24178738726339571,0.24154196317153348,3.610229489801626,6.95190429228073,14.988548698274757,14.931421901957,N15_M07_F10_KI05_18.mat
KI05,N15_M07_F10,1,0.24498593859959084,0.24478895446729731,3.3142089821847556,6.4758300738453505,13.996651844130898,13.528160028815183,N15_M07_F10_KI05_19.mat
KI05,N15_M07_F10,1,0.24008564666949322,0.23983441756495075,4.73022460624896,8.3740234319659,15.601653659500924,19.702238229845882,N15_M07_F10_KI05_2.mat
KI05,N15_M07_F10,1,0.23809438583453021,0.2378744642159573,3.8940429661765634,7.708740229280563,14.568862175773095,16.355039000721455,N15_M07_F10_KI05_20.mat
KI05,N15_M07_F10,1,0.24255577910873866,0.2423432239284946,3.3172607399952385,6.173706050607514,13.836985965036384,13.676279955828628,N15_M07_F10_KI05_3.mat
KI05,N15_M07_F10,1,0.23458306918693544,0.23436480562872633,3.6254882788540415,6.387329097341338,13.623074247655298,15.455029603883938,N15_M07_F10_KI05_4.mat
KI05,N15_M07_F10,1,0.2420663406886638,0.24183922919550577,3.643798825716941,7.107543940615373,14.955718955288049,15.05289341488188,N15_M07_F10_KI05_5.mat
KI05,N15_M07_F10,1,0.2409611713641324,0.24071720281084918,4.092407223857971,7.781982416732159,14.532274868998135,16.983679157475805,N15_M07_F10_KI05_6.mat
KI05,N15_M07_F10,1,0.2373978941523373,0.23715254113170853,3.610229489801626,7.009887690679911,14.980261283576558,15.207504273331741,N15_M07_F10_KI05_7.mat
KI05,N15_M07_F10,1,0.24266096759404673,0.2424547745995219,3.3142089821847556,6.2988281208373245,14.447893559777224,13.657775352355696,N15_M07_F10_KI05_8.mat
KI05,N15_M07_F10,1,0.24031861435935029,0.24009201224245258,3.6834716772532223,6.784057612704153,14.490577593775717,15.327450547568898,N15_M07_F10_KI05_9.mat
