Band_0_1000Hz_Mean,Band_0_1000Hz_Max,Band_1000_3000Hz_Mean,Band_1000_3000Hz_Max,Band_3000_5000Hz_Mean,Band_3000_5000Hz_Max,Band_5000_10000Hz_Mean,Band_5000_10000Hz_Max,Band_10000_20000Hz_Mean,Band_10000_20000Hz_Max,STFT_Mean,STFT_Max,Bearing,Condition,Label,File
5.566884761546877e-05,0.0013246625453694808,5.2167112528187374e-05,0.0005604987271226528,5.7171191759805855e-05,0.0007039370070065275,5.2462968326103986e-05,0.0008610026721084525,4.842257768492553e-05,0.0008441903979496004,4.929180700091121e-05,0.0013246625453694808,K001,N09_M07_F10,0,N09_M07_F10_K001_1.mat
5.001915587321698e-05,0.001126741238101196,5.2413856431867374e-05,0.0006651077532812755,5.5036940396146675e-05,0.0008840331405451697,5.1567772395239215e-05,0.0007094856265502497,4.644285795522524e-05,0.0006154013877854186,4.805801168366435e-05,0.001126741238101196,K001,N09_M07_F10,0,N09_M07_F10_K001_10.mat
5.354777414700169e-05,0.0010026881272476684,5.0554863875417473e-05,0.0005558453119277502,5.6639101796591045e-05,0.000849542178675718,5.12910097012964e-05,0.0006928950351372633,4.6229540490901066e-05,0.000746842864791352,4.795401234804572e-05,0.0010026881272476684,K001,N09_M07_F10,0,N09_M07_F10_K001_11.mat
4.954964553736694e-05,0.0011244253153384685,5.1502268300529196e-05,0.0007082882046436824,5.448018438308398e-05,0.000823081863055585,5.2777693497209684e-05,0.000772289154332494,4.535072658793681e-05,0.0006710268579552125,4.784513695577632e-05,0.0011244253153384685,K001,N09_M07_F10,0,N09_M07_F10_K001_12.mat
5.0337308983529364e-05,0.0009465479081347543,5.102754965641674e-05,0.0005248199463176182,5.5315231268923664e-05,0.0012696583114046149,5.132773742883057e-05,0.0007897211868599408,4.598069490668529e-05,0.0005977166849091343,4.765348064814226e-05,0.0012696583114046149,K001,N09_M07_F10,0,N09_M07_F10_K001_13.mat
5.071469348528214e-05,0.0013825147865998211,5.0506014579685374e-05,0.0005766979548478215,5.6180778348429445e-05,0.0008623746382418445,5.212260925202515e-05,0.0006507737830950111,4.734418972991109e-05,0.0005552126182249636,4.848122869415429e-05,0.0013825147865998211,K001,N09_M07_F10,0,N09_M07_F10_K001_14.mat
5.2353971224831385e-05,0.0008063932835726132,5.144629680279441e-05,0.0005213935293732426,5.7017717643559744e-05,0.0010651364709796647,5.21853828600045e-05,0.0007711847119403345,4.600955337888747e-05,0.000677198390863339,4.8271797472348254e-05,0.0010651364709796647,K001,N09_M07_F10,0,N09_M07_F10_K001_15.mat
5.400145495158454e-05,0.0009066668265692439,5.049804167790106e-05,0.0007293778823154021,5.4850723080727e-05,0.0009215090805415769,5.206280707119802e-05,0.000643483908235189,4.624098437789504e-05,0.0006293959937414273,4.823801243460272e-05,0.0009215090805415769,K001,N09_M07_F10,0,N09_M07_F10_K001_16.mat
5.2311238452727e-05,0.0015016733882665875,5.1095255202921876e-05,0.0005452053216825312,5.8375391430020005e-05,0.0009059147812304494,5.150314141712177e-05,0.0006921964211081768,4.6906023354201536e-05,0.0007415351481447753,4.8471308650665794e-05,0.0015016733882665875,K001,N09_M07_F10,0,N09_M07_F10_K001_17.mat
5.101782046562551e-05,0.0011446224352435145,4.94523839924079e-05,0.0005457863900889144,5.467743202862294e-05,0.0010152907326237443,5.209321104997018e-05,0.0007800084070853025,4.6492761557297104e-05,0.0005681831608413363,4.7969154226151694e-05,0.0011446224352435145,K001,N09_M07_F10,0,N09_M07_F10_K001_18.mat
5.427067520249296e-05,0.0009052432570292726,5.037060423067633e-05,0.0008492234955623389,5.449339974020983e-05,0.0008204221894585389,5.152743929479603e-05,0.000773942440463936,4.792418211475704e-05,0.0006303299315973609,4.8447978732432324e-05,0.0009052432570292726,K001,N09_M07_F10,0,N09_M07_F10_K001_19.mat
5.1340753500490104e-05,0.0011564897131247204,5.089874209716863e-05,0.0007956388975580258,5.680191567219474e-05,0.0013025503521073812,5.336388760472827e-05,0.0007915735392997991,4.610615519096776e-05,0.0006270946557677264,4.856580100354916e-05,0.0013025503521073812,K001,N09_M07_F10,0,N09_M07_F10_K001_2.mat
5.073371262777268e-05,0.0007871016072337299,5.1715443915555514e-05,0.0005387475679875537,5.581498226467207e-05,0.0011181125407980228,5.114669038163911e-05,0.000963756486899298,4.658596396435217e-05,0.0006042725088909876,4.801036329599501e-05,0.0011181125407980228,K001,N09_M07_F10,0,N09_M07_F10_K001_20.mat
5.2610237172102466e-05,0.001218864113790057,5.08715712897113e-05,0.0006209879244656477,5.6273274545819355e-05,0.0007709055082753175,5.0299551391450674e-05,0.0011797567756726055,4.6350481523588596e-05,0.0006830322242600656,4.7602288414061814e-05,0.001218864113790057,K001,N09_M07_F10,0,N09_M07_F10_K001_3.mat
5.217662962174642e-05,0.0015082871447713146,4.956297727988877e-05,0.0005182797843514416,5.591407773491921e-05,0.0010688978116300564,5.241122974550761e-05,0.0005486614664854959,4.584010724682412e-05,0.0006215220339488035,4.788308564020353e-05,0.0015082871447713146,K001,N09_M07_F10,0,N09_M07_F10_K001_4.mat
5.635216670458029e-05,0.0012706370235226446,5.1881073320011805e-05,0.0006282780432924264,5.595171011842314e-05,0.0011262103619476454,5.072246352184436e-05,0.0007117896238622903,4.667232021490254e-05,0.0006834303277356606,4.8287135842689216e-05,0.0012706370235226446,K001,N09_M07_F10,0,N09_M07_F10_K001_5.mat
5.352450096975731e-05,0.0012069845437915987,5.051407909744191e-05,0.00047845120180786525,5.725013724900267e-05,0.0008529420082762848,5.1600372103527015e-05,0.0006458894127922099,4.6619245452775315e-05,0.0006478068907867372,4.832213978947874e-05,0.0012069845437915987,K001,N09_M07_F10,0,N09_M07_F10_K001_6.mat
5.11157997987297e-05,0.001854875425969334,5.0859109950202414e-05,0.0005928196009770869,5.6386369880594434e-05,0.0010240958881689867,5.1881791809476554e-05,0.0006788029536762409,4.743670796279757e-05,0.0007869140416104603,4.850110463895767e-05,0.001854875425969334,K001,N09_M07_F10,0,N09_M07_F10_K001_7.mat
5.2923904451000125e-05,0.0011754669611856328,5.120795298133138e-05,0.0006360769291189961,5.5660146823997695e-05,0.001050063051260528,5.2701193656059636e-05,0.0008928733029242963,4.658259515489249e-05,0.000703294712022291,4.846502938528354e-05,0.0011754669611856328,K001,N09_M07_F10,0,N09_M07_F10_K001_8.mat
5.5006358021605975e-05,0.0013048971182539023,5.135098503399813e-05,0.0005856416294279226,5.650765919174318e-05,0.001072617019952728,5.189688346918947e-05,0.0008750663002053511,4.781233645757793e-05,0.0006535459608716279,4.8924869838741686e-05,0.0013048971182539023,K001,N09_M07_F10,0,N09_M07_F10_K001_9.mat
5.186931430099172e-05,0.0011827393984577923,6.24730097734262e-05,0.0013948272004568566,0.00010243591096205989,0.004056152412445604,8.56578046432173e-05,0.0029633539304416883,4.620836740982316e-05,0.0006438644433822505,5.7086222160822645e-05,0.004056152412445604,K001,N15_M01_F10,0,N15_M01_F10_K001_1.mat
5.4722716460102565e-05,0.0012708978932654187,6.466102863120224e-05,0.0009065525475030642,0.00010736989694180076,0.0027718107870262315,9.082854119426099e-05,0.0026272716982021216,4.876501632264628e-05,0.0006584226269924809,6.02532948116782e-05,0.0027718107870262315,K001,N15_M01_F10,0,N15_M01_F10_K001_10.mat
5.283177771651932e-05,0.0009311676930368844,6.272535503125408e-05,0.0012463332198327838,0.0001083974876125281,0.003851745412261682,9.306975486031025e-05,0.004011148870244094,4.615428803885579e-05,0.000643374735491867,5.8709043708247027e-05,0.004011148870244094,K001,N15_M01_F10,0,N15_M01_F10_K001_11.mat
5.6591942256028405e-05,0.0014235856384933216,6.286079967663072e-05,0.0008431355862829464,0.00010438346636757239,0.003095702699231123,9.258145669838004e-05,0.003680743136116459,4.8603013332591625e-05,0.0006309322753620625,6.02945811954743e-05,0.003680743136116459,K001,N15_M01_F10,0,N15_M01_F10_K001_12.mat
5.1016053215217424e-05,0.0009148364331052618,5.892398758033103e-05,0.0008999605721616238,0.00010875312378957459,0.00264639956283793,8.826366165870689e-05,0.003184587687720748,4.711133846932662e-05,0.000709063715501908,5.749579679590787e-05,0.003184587687720748,K001,N15_M01_F10,0,N15_M01_F10_K001_13.mat
5.352345159109898e-05,0.00085106960520346,6.295425616694032e-05,0.0009642102230977692,0.00010397098615926008,0.0026735757394290346,9.180191880825738e-05,0.003949506943071003,4.846558685510169e-05,0.0007396510150516676,5.953161608473868e-05,0.003949506943071003,K001,N15_M01_F10,0,N15_M01_F10_K001_14.mat
5.329996499430929e-05,0.0012150792036906926,6.202454368984461e-05,0.0007431198918370097,0.00011292176360261433,0.00447556039291289,9.269752138859243e-05,0.0030725353140740167,4.6219621046446826e-05,0.0006306957583575124,5.898871632795004e-05,0.00447556039291289,K001,N15_M01_F10,0,N15_M01_F10_K001_15.mat
5.3997225745420754e-05,0.0011517311692730047,6.0978801796580354e-05,0.0009138659684121748,0.00010893703048527853,0.0036830913613063497,9.294344877863098e-05,0.004094924584562801,4.908071531759709e-05,0.0008625699187868392,5.957135700105976e-05,0.004094924584562801,K001,N15_M01_F10,0,N15_M01_F10_K001_16.mat
5.4893131835495365e-05,0.001103550034246208,6.0502633558546525e-05,0.0007073503691027719,0.00010348163831308543,0.003508055655465344,9.053026407778698e-05,0.0028988012894463865,4.69063436681823e-05,0.00058509068010608,5.8411983880959635e-05,0.003508055655465344,K001,N15_M01_F10,0,N15_M01_F10_K001_17.mat
5.1902079429646195e-05,0.0010956040273696582,5.990005051356376e-05,0.0007265347569753444,0.0001055703963817784,0.0028954173572457234,8.970689491836211e-05,0.0032243324387646773,4.576285632288793e-05,0.0007136446913835431,5.7359179402471615e-05,0.0032243324387646773,K001,N15_M01_F10,0,N15_M01_F10_K001_18.mat
5.67594113665528e-05,0.0011518753993908749,6.281718276300249e-05,0.0009099725010180968,0.00010747816352338138,0.0032448011377289635,9.266479564632281e-05,0.0026642958214535867,4.8940768119345665e-05,0.000581197750660728,6.077109933553213e-05,0.0032448011377289635,K001,N15_M01_F10,0,N15_M01_F10_K001_19.mat
5.70659031605217e-05,0.0018751818744898409,6.483572060602864e-05,0.0008660011242561548,0.0001032648026129267,0.0064149083490809755,8.945190174503072e-05,0.002677648403467128,4.8878329275859124e-05,0.0007950837861263,5.979756833929763e-05,0.0064149083490809755,K001,N15_M01_F10,0,N15_M01_F10_K001_2.mat
5.4476249862901404e-05,0.0009266976421463198,6.195715659087262e-05,0.0008873225425805306,0.00010785968175006722,0.0032237650988346236,9.249935411674123e-05,0.0033081012947569575,4.937888534212927e-05,0.0006003396060652046,6.049724359868943e-05,0.0033081012947569575,K001,N15_M01_F10,0,N15_M01_F10_K001_20.mat
5.7523280394460916e-05,0.0013280995123063168,6.427038390608282e-05,0.0007773139653250823,0.00010306419761461201,0.0028497477115303183,9.147822628316103e-05,0.0034505032162517302,4.86515160578655e-05,0.0008091781450465037,6.006969017716341e-05,0.0034505032162517302,K001,N15_M01_F10,0,N15_M01_F10_K001_3.mat
5.19235754690868e-05,0.0013859597704466175,6.037388252920813e-05,0.001046483763715214,0.000104073618049014,0.0031826045196881145,8.724521035169073e-05,0.0034960439240229253,4.6143705437767725e-05,0.0006528542755542111,5.7065985504289e-05,0.0034960439240229253,K001,N15_M01_F10,0,N15_M01_F10_K001_4.mat
5.184589075625791e-05,0.0013865363997199148,6.089081418205243e-05,0.0010720868194467712,0.000102920740745335,0.0038059426535617053,8.93600297086652e-05,0.004517916689533813,4.708742304937012e-05,0.0007043709159053828,5.7843534393105954e-05,0.004517916689533813,K001,N15_M01_F10,0,N15_M01_F10_K001_5.mat
5.157539740328143e-05,0.0012044118794047438,6.0630747241511954e-05,0.0009143823865589951,0.00010475705271374332,0.005566550186981738,8.801776376199666e-05,0.0032777514888072817,4.546877215562402e-05,0.0005861578387240443,5.6951081311272295e-05,0.005566550186981738,K001,N15_M01_F10,0,N15_M01_F10_K001_6.mat
5.141601195970164e-05,0.0010100075975901055,6.257834405829596e-05,0.0008459607475223788,0.00010239846256873222,0.0025263473772498962,8.942710791439699e-05,0.0027725845384001142,4.678204647700566e-05,0.0005767430643118613,5.788173843649714e-05,0.0027725845384001142,K001,N15_M01_F10,0,N15_M01_F10_K001_7.mat
5.250675796667964e-05,0.000969834536871165,6.046208822790421e-05,0.0009053970093077684,0.0001038287997575588,0.0035597696147092375,8.845350765533173e-05,0.0028056979361284966,4.60596090041321e-05,0.0008701279367544756,5.7291409658097935e-05,0.0035597696147092375,K001,N15_M01_F10,0,N15_M01_F10_K001_8.mat
5.048716902109344e-05,0.0011809498369499685,5.851817241721801e-05,0.0007507388054605574,0.0001040884160454281,0.0033777125238807024,8.803572408733342e-05,0.0052411829086538,4.5589517124330614e-05,0.0006530142756116686,5.6491599804643567e-05,0.0052411829086538,K001,N15_M01_F10,0,N15_M01_F10_K001_9.mat
5.6007891951745144e-05,0.0011049853991615928,7.816790576440558e-05,0.001649558440369843,9.864061141372967e-05,0.002849075198659722,7.096569082389942e-05,0.001248175306608723,5.0507439731921966e-05,0.0006383331674983825,5.839531250174669e-05,0.002849075198659722,K001,N15_M07_F04,0,N15_M07_F04_K001_1.mat
5.728928017317859e-05,0.0013347120032283796,7.724630157403221e-05,0.0012564917169597984,9.909813846321967e-05,0.0027930467653260074,7.1820826517435e-05,0.0015708669797593392,5.0909044710643746e-05,0.0006475440031603818,5.893507165807385e-05,0.0027930467653260074,K001,N15_M07_F04,0,N15_M07_F04_K001_10.mat
5.864187947949814e-05,0.0010212573364475675,7.788463004682168e-05,0.0012360842109902996,0.00010296076193250136,0.003925829321301342,7.044950361867925e-05,0.0018909300241972832,4.9778580314187136e-05,0.0005941429989081408,5.8512459924864996e-05,0.003925829321301342,K001,N15_M07_F04,0,N15_M07_F04_K001_11.mat
5.489517408247371e-05,0.0009186809930758765,7.477523083698031e-05,0.0017063967196514363,9.688109368550965e-05,0.0027791878173258687,6.842850977292833e-05,0.0012298834869478525,4.619070977492009e-05,0.000619555165622313,5.537615456636207e-05,0.0027791878173258687,K001,N15_M07_F04,0,N15_M07_F04_K001_12.mat
5.4140047326362976e-05,0.001398071647414486,7.618522634895542e-05,0.001583802011113081,9.652179416104439e-05,0.00281574423147564,6.882845198380855e-05,0.0013795021138450173,4.745219134727547e-05,0.0007865054919405034,5.6055525908362667e-05,0.00281574423147564,K001,N15_M07_F04,0,N15_M07_F04_K001_13.mat
5.4211059748163245e-05,0.0012048627064087842,7.430699695052477e-05,0.001506266162468792,9.610462468175123e-05,0.002897226280703185,6.766259649384767e-05,0.001616180055942998,4.718261127390332e-05,0.000647939713086663,5.5193329475266194e-05,0.002897226280703185,K001,N15_M07_F04,0,N15_M07_F04_K001_14.mat
5.8085351146321774e-05,0.001173538036548406,7.758777807241325e-05,0.0016113611549731688,0.00010591945900168626,0.003671516706097058,7.225241183347983e-05,0.0014232671205996715,5.127045344128981e-05,0.0006063274520521954,5.961007943742594e-05,0.003671516706097058,K001,N15_M07_F04,0,N15_M07_F04_K001_15.mat
5.644181457049182e-05,0.0009871872198735456,7.30811298934685e-05,0.0014124636592198652,9.729018826647606e-05,0.0030328042573615336,6.733862344799219e-05,0.0014936066890796236,4.777492981065512e-05,0.0006103752430581932,5.549860089811602e-05,0.0030328042573615336,K001,N15_M07_F04,0,N15_M07_F04_K001_16.mat
5.696434259305135e-05,0.001798963848369654,7.304403907039781e-05,0.0013311849172407868,9.820127764249766e-05,0.0027860614912220342,6.690525508017885e-05,0.0014102872418014114,4.5844295739687395e-05,0.00069229227706795,5.452524967508324e-05,0.0027860614912220342,K001,N15_M07_F04,0,N15_M07_F04_K001_17.mat
5.9768613696390324e-05,0.0011138143285838273,7.747027093872327e-05,0.0012793574196674669,0.00010017769556041798,0.0025947439814036307,7.054077484200792e-05,0.0016536296757749189,4.971981909470628e-05,0.0006768887842817772,5.826874380808197e-05,0.0025947439814036307,K001,N15_M07_F04,0,N15_M07_F04_K001_18.mat
5.506335827323238e-05,0.0008887613062074204,7.438930565238839e-05,0.0013636631604894897,0.00010639821891092081,0.003553407296880393,6.952049567774193e-05,0.0020726210814909374,5.0066266643238215e-05,0.0007784050097102428,5.758677614580098e-05,0.003553407296880393,K001,N15_M07_F04,0,N15_M07_F04_K001_19.mat
5.328564255839916e-05,0.0014829425483345532,7.562576830426931e-05,0.0014993676757599507,9.433967641873035e-05,0.002166283020897994,6.841232155611437e-05,0.0014034396359087075,4.693324560626158e-05,0.000605731293015001,5.51194368721967e-05,0.002166283020897994,K001,N15_M07_F04,0,N15_M07_F04_K001_2.mat
5.455643527453842e-05,0.0009992522276200278,7.399861563077562e-05,0.0018848836907350338,0.00010516287954454536,0.004424855316702658,6.65757157028928e-05,0.0014839404812207985,4.675555368975325e-05,0.0006298157306663037,5.5131347457079226e-05,0.004424855316702658,K001,N15_M07_F04,0,N15_M07_F04_K001_20.mat
5.751759298907007e-05,0.0013239996427201024,7.746364620418692e-05,0.0015010064988397985,9.79778995534486e-05,0.003314109674198517,7.045499597125717e-05,0.002024931266924613,4.939569264329999e-05,0.0006843541678496726,5.781468910216565e-05,0.003314109674198517,K001,N15_M07_F04,0,N15_M07_F04_K001_3.mat
5.824039848484037e-05,0.0011412672707218669,7.653587528081206e-05,0.0012507382188301195,0.00010180756796871273,0.003414094305634086,6.908236441419066e-05,0.0013681988595588646,4.917982594580678e-05,0.000757644647428704,5.7678697336849396e-05,0.003414094305634086,K001,N15_M07_F04,0,N15_M07_F04_K001_4.mat
5.605052893010205e-05,0.0015088689398590832,7.604944465171693e-05,0.0015771443644241145,9.933553437503609e-05,0.0031462223202389458,6.810868029012097e-05,0.00157041723413351,4.8177486568561805e-05,0.0006796067305325688,5.649711071637621e-05,0.0031462223202389458,K001,N15_M07_F04,0,N15_M07_F04_K001_5.mat
5.6096455985500877e-05,0.0008989176756422312,7.49985928012542e-05,0.00136591177465092,0.00010077439866631389,0.002696139091944706,7.097050114074717e-05,0.001455421474768271,4.8734060032426754e-05,0.0008239201905901802,5.7700896701510956e-05,0.002696139091944706,K001,N15_M07_F04,0,N15_M07_F04_K001_6.mat
6.0993687581449036e-05,0.0013395566126610632,7.926014312735633e-05,0.001608219843378531,0.00010324039821410871,0.0030177953128867016,7.153187426969829e-05,0.0013983745897904142,5.134253499462278e-05,0.0006613224228946243,5.9846451614871485e-05,0.0030177953128867016,K001,N15_M07_F04,0,N15_M07_F04_K001_7.mat
5.5622006341268335e-05,0.0010647986217314316,7.681169762568592e-05,0.0017964904007197362,9.958375342860986e-05,0.003205648533861287,6.979897037056542e-05,0.0018017600642189328,4.8077595974782065e-05,0.0006567534479778438,5.708993806573026e-05,0.003205648533861287,K001,N15_M07_F04,0,N15_M07_F04_K001_8.mat
5.3073977320039647e-05,0.001299889605003603,7.195239437725343e-05,0.0018098166041268968,0.00010502793381330366,0.0050554004206705,6.762029309099773e-05,0.0015730550108175418,4.7300608522275705e-05,0.0005888629905433266,5.531744615682223e-05,0.0050554004206705,K001,N15_M07_F04,0,N15_M07_F04_K001_9.mat
5.666020115133036e-05,0.00110605902035493,6.251355339528926e-05,0.0009794921153579521,0.00010764085829491835,0.002765250640521291,9.2837285797968e-05,0.003655975377868731,4.871563154967852e-05,0.0006227811031723718,6.014450285996197e-05,0.003655975377868731,K001,N15_M07_F10,0,N15_M07_F10_K001_1.mat
5.6901666426340025e-05,0.001189137955368164,6.369424746364107e-05,0.0009004809273803147,0.00011232152666951715,0.00415970300611575,9.363050582197192e-05,0.0032260276920465596,5.0448692233458335e-05,0.0007320200217151469,6.111021367540562e-05,0.00415970300611575,K001,N15_M07_F10,0,N15_M07_F10_K001_10.mat
5.717936497197564e-05,0.0013677782764560812,6.271400918511824e-05,0.0007774112409536402,0.00010346478599958262,0.0024948894483227133,9.432857568231449e-05,0.0029547894467475324,4.876286301996041e-05,0.0006890461333890298,6.056117670114964e-05,0.0029547894467475324,K001,N15_M07_F10,0,N15_M07_F10_K001_11.mat
5.327541891533499e-05,0.0014281941557157955,5.901448353179122e-05,0.0008353433213673955,0.00010717639597797405,0.004798467570969456,8.821565930133893e-05,0.002410150580553137,4.674077821437634e-05,0.0009816573000580777,5.701174821956521e-05,0.004798467570969456,K001,N15_M07_F10,0,N15_M07_F10_K001_12.mat
5.4614425703590606e-05,0.0011507756394814686,6.219512126039625e-05,0.0008337283950548304,0.00010828206430011203,0.0033501394559068472,9.337350798845458e-05,0.003808395145582453,4.7525436105253536e-05,0.0007825196753982342,5.9597547355369293e-05,0.003808395145582453,K001,N15_M07_F10,0,N15_M07_F10_K001_13.mat
5.588389864947794e-05,0.0014251771970292659,5.86702853606159e-05,0.0008242031391117028,0.00010618855872101285,0.0030441533631937402,9.249951488701086e-05,0.004157812909336818,4.751841296051624e-05,0.0007303347357659665,5.8887457350382745e-05,0.004157812909336818,K001,N15_M07_F10,0,N15_M07_F10_K001_14.mat
5.693641933380062e-05,0.0016287944645224548,6.268360333986365e-05,0.0008652162321567906,0.00010657347733036178,0.00252085957063614,9.273864067963346e-05,0.0026677598802555044,4.8951653428272176e-05,0.0006256616269218793,6.0424543311170985e-05,0.0026677598802555044,K001,N15_M07_F10,0,N15_M07_F10_K001_15.mat
5.455943685891956e-05,0.0012413328184083965,6.0480448217056275e-05,0.000884328567792417,0.00010710025503807361,0.0051382214254907755,9.22072728427249e-05,0.003667546369418432,4.653345156267541e-05,0.0006648793390404165,5.8615182325321684e-05,0.0051382214254907755,K001,N15_M07_F10,0,N15_M07_F10_K001_16.mat
5.289667512288754e-05,0.0013417344948776953,6.036199019482384e-05,0.0008060926889474008,0.00011176794707091674,0.0030905188420445534,9.2628495844427e-05,0.00517609644047661,4.681841845850141e-05,0.0006414713400422245,5.815648112186289e-05,0.00517609644047661,K001,N15_M07_F10,0,N15_M07_F10_K001_17.mat
5.5068574569408357e-05,0.0012126301002000498,6.087085888183644e-05,0.0008747222356382522,0.00010353199183746301,0.0029869280906169053,9.092991873436301e-05,0.003138828630196265,4.7148028653997953e-05,0.0007457614426958898,5.875689314809472e-05,0.003138828630196265,K001,N15_M07_F10,0,N15_M07_F10_K001_18.mat
5.576102092286309e-05,0.0015849795446516112,6.374069728983606e-05,0.0007035638556292574,0.00010724958267573624,0.0031827685014260195,9.216516243569517e-05,0.0023312741682113007,4.7367759808434745e-05,0.000712630569921273,5.967050962043752e-05,0.0031827685014260195,K001,N15_M07_F10,0,N15_M07_F10_K001_19.mat
5.448643064425117e-05,0.0014601373066858065,6.044901361881849e-05,0.0008137486573154291,0.00010647321387705223,0.003070602578994622,8.908954865838534e-05,0.0025714865419285437,4.4724125193503866e-05,0.0006498441226207905,5.7046242815008344e-05,0.003070602578994622,K001,N15_M07_F10,0,N15_M07_F10_K001_2.mat
5.66765017336421e-05,0.0015057768328573234,6.080320587729529e-05,0.001201817571524248,0.00010730038524671842,0.0034712605695420224,9.414132252760768e-05,0.0025434594963573377,4.731917241870314e-05,0.0005520492517856011,5.971358839041726e-05,0.0034712605695420224,K001,N15_M07_F10,0,N15_M07_F10_K001_20.mat
5.394235805053871e-05,0.0016329447157982428,6.036864988179091e-05,0.0008394592833563243,0.00011094782268112706,0.004834020425366044,9.20095026293069e-05,0.0032867188420545347,4.635309049926727e-05,0.0005728340812984062,5.874774224350858e-05,0.004834020425366044,K001,N15_M07_F10,0,N15_M07_F10_K001_3.mat
5.5276702548228995e-05,0.001381166667117041,6.190077378073622e-05,0.0014457998894682191,0.00011236254820412954,0.003963941462485296,9.080324825813504e-05,0.002918220378301708,4.5292364588563576e-05,0.000632609392903162,5.800842795444495e-05,0.003963941462485296,K001,N15_M07_F10,0,N15_M07_F10_K001_4.mat
5.359708988170882e-05,0.0012874672426377554,5.9412273856552276e-05,0.00105374564151314,0.00010174852174990478,0.002854960604813709,8.94327571928818e-05,0.0037908653451502183,4.530652686977192e-05,0.0005414608828213795,5.6865734674100044e-05,0.0037908653451502183,K001,N15_M07_F10,0,N15_M07_F10_K001_5.mat
5.826062261422148e-05,0.0013816149776764196,6.343948860603371e-05,0.0006749309435508375,0.00010341157165977306,0.0028532211436270963,9.155808047960319e-05,0.0029644458485897276,4.874553458756206e-05,0.0006121131042663869,6.02741723632057e-05,0.0029644458485897276,K001,N15_M07_F10,0,N15_M07_F10_K001_6.mat
5.577542438398496e-05,0.001319523526499654,6.558476912771556e-05,0.0008386960982279156,0.00010690524549136037,0.0026705167197766154,9.466610607809382e-05,0.003188078770582386,4.8698447026230736e-05,0.0006943134761848767,6.099657237101366e-05,0.003188078770582386,K001,N15_M07_F10,0,N15_M07_F10_K001_7.mat
5.23533037618507e-05,0.0010616803339663196,5.989025144104523e-05,0.0008228278558041991,0.00010160388822502905,0.003754963153691191,8.70063688800271e-05,0.003056406825351577,4.389783451880151e-05,0.0006718848831787237,5.562792173278889e-05,0.003754963153691191,K001,N15_M07_F10,0,N15_M07_F10_K001_8.mat
5.6901803976133995e-05,0.0014245445439343412,6.454258505026621e-05,0.0009630206458340501,0.00010573244739557097,0.0029136596160986264,9.340726860608191e-05,0.0032735315190233726,4.852048834142293e-05,0.0006914929254599672,6.066498949052193e-05,0.0032735315190233726,K001,N15_M07_F10,0,N15_M07_F10_K001_9.mat
1.4202262031260732e-05,0.00032550966682227115,1.5723137570659293e-05,0.0003559574163225746,1.224504727728575e-05,0.00018005281758124288,1.3838198289462177e-05,0.0005835836088912732,1.0706108932356695e-05,0.00017606511240138647,1.1625470206916466e-05,0.0005835836088912732,K002,N09_M07_F10,0,N09_M07_F10_K002_1.mat
1.3142485407559253e-05,0.00038088443050660336,1.44253536112675e-05,0.00028907524214790196,1.2071585591556904e-05,0.0002695929198857019,1.4225585248817882e-05,0.0004237100917879571,1.0360543967974439e-05,0.0002212918401122065,1.1302315710900182e-05,0.0004237100917879571,K002,N09_M07_F10,0,N09_M07_F10_K002_10.mat
1.4697309866422226e-05,0.0003519618807062122,1.4655471414281973e-05,0.0003397751476463497,1.2544510377612645e-05,0.0002550540315940526,1.4047482440266855e-05,0.00036755904089238176,1.0150000399597963e-05,0.00015530505402272356,1.1373465152494726e-05,0.00036755904089238176,K002,N09_M07_F10,0,N09_M07_F10_K002_11.mat
1.3077466466865663e-05,0.0006409750403756406,1.4762507518796358e-05,0.0004279087690669742,1.1706869076034702e-05,0.0001768259647874111,1.3324068026790574e-05,0.00031616065231598384,1.0519644563303428e-05,0.00018550186571314857,1.1106355601568303e-05,0.0006409750403756406,K002,N09_M07_F10,0,N09_M07_F10_K002_12.mat
1.3000137361484675e-05,0.0003228289909686317,1.4510141511680171e-05,0.00025086212591147994,1.2080841311811673e-05,0.00018548783075207653,1.356450313639262e-05,0.0005510885044889296,1.017179833872086e-05,0.0001876486057119029,1.1068592591670799e-05,0.0005510885044889296,K002,N09_M07_F10,0,N09_M07_F10_K002_13.mat
1.3369903204397704e-05,0.0003827630221231079,1.5164624678937156e-05,0.00034036980296511506,1.2637610186944484e-05,0.00020239747131083958,1.3728810837459412e-05,0.0004606733322415807,9.959810219109502e-06,0.00017050552955182353,1.1197254476082836e-05,0.0004606733322415807,K002,N09_M07_F10,0,N09_M07_F10_K002_14.mat
1.3583472871206137e-05,0.0002974766904894094,1.5167268366727052e-05,0.0002632570720020443,1.1859044603234215e-05,0.00024658585092598734,1.3579339152996404e-05,0.0004963115593593285,1.0731128446315881e-05,0.00017723253591542368,1.1360721643999087e-05,0.0004963115593593285,K002,N09_M07_F10,0,N09_M07_F10_K002_15.mat
1.3506856814191104e-05,0.0003182911755893498,1.532169829523177e-05,0.00029047905412633423,1.1974743975184197e-05,0.0001978337236225149,1.3671379724750628e-05,0.00039685996499771574,1.0083286292815697e-05,0.0001732151397750725,1.1200476319475798e-05,0.00039685996499771574,K002,N09_M07_F10,0,N09_M07_F10_K002_16.mat
1.3580912387779883e-05,0.00042211962728635544,1.4916411275592878e-05,0.00034353826805090277,1.2435469163904197e-05,0.0001718062521029876,1.3599281805931485e-05,0.0004702083295137305,9.937984619813337e-06,0.00015223605823878162,1.1123624266702349e-05,0.0004702083295137305,K002,N09_M07_F10,0,N09_M07_F10_K002_17.mat
1.3075538874470341e-05,0.00044511841065331196,1.558232263684581e-05,0.00035352270415209595,1.2060913837231193e-05,0.00015751611452168623,1.3951914651127899e-05,0.00039929820279956737,1.044068189447046e-05,0.00019494315863658113,1.1419988842278575e-05,0.00044511841065331196,K002,N09_M07_F10,0,N09_M07_F10_K002_18.mat
1.3503371616348153e-05,0.00043980087683313985,1.4845483879237595e-05,0.0003026609546673106,1.2332161967129106e-05,0.00018239656886051005,1.3650853988346522e-05,0.00043676881452850853,9.791939559215462e-06,0.00018488424022676094,1.103677879635423e-05,0.00043980087683313985,K002,N09_M07_F10,0,N09_M07_F10_K002_19.mat
1.390524694069561e-05,0.00040340949766442267,1.4192377320684822e-05,0.0004163665027442122,1.3704467755875057e-05,0.00024691865807178776,1.4346756436089091e-05,0.0004996853486652338,1.0220645246722859e-05,0.00016497523523886198,1.1355310474458887e-05,0.0004996853486652338,K002,N09_M07_F10,0,N09_M07_F10_K002_2.mat
1.3225544626220929e-05,0.00038345664791846645,1.422925643252883e-05,0.00023120915962393743,1.156997210109157e-05,0.00019140311562163456,1.3639024100336872e-05,0.0005028320082481736,1.0093211015782257e-05,0.00019758132375587866,1.0973260824801943e-05,0.0005028320082481736,K002,N09_M07_F10,0,N09_M07_F10_K002_20.mat
1.35240867695511e-05,0.0003065394464024774,1.4078357338395144e-05,0.0003396341327235793,1.230930757384143e-05,0.00018174912533749688,1.4288538460380631e-05,0.00042876281710466975,1.0515219434399247e-05,0.00018064721779708886,1.1293013209678841e-05,0.00042876281710466975,K002,N09_M07_F10,0,N09_M07_F10_K002_3.mat
1.3299121016458645e-05,0.0003282613760156344,1.5137383755347657e-05,0.00025323016799594844,1.1794615067990098e-05,0.00018962397779657313,1.3552802045192397e-05,0.0003958592672152697,1.0409308850147114e-05,0.0001873270327569866,1.1207807683383055e-05,0.0003958592672152697,K002,N09_M07_F10,0,N09_M07_F10_K002_4.mat
1.3522044851072003e-05,0.00033742227184656434,1.55263684425809e-05,0.00033654272570863056,1.2070846731888898e-05,0.0002713503251933688,1.3416266239672617e-05,0.00036529050287211504,1.0627661404254053e-05,0.0001821866583087394,1.1346201203066408e-05,0.00036529050287211504,K002,N09_M07_F10,0,N09_M07_F10_K002_5.mat
1.3574312876478366e-05,0.0003883316322665275,1.3870786912550356e-05,0.00026355815463051396,1.2488187872991803e-05,0.0002318999681013019,1.4019407824827034e-05,0.0004246752221018723,1.0147768194384267e-05,0.00018952829491977578,1.1182952905744377e-05,0.0004246752221018723,K002,N09_M07_F10,0,N09_M07_F10_K002_6.mat
1.441003106049485e-05,0.0004517592057032482,1.4920295685880189e-05,0.0003323335205472818,1.2152618950646824e-05,0.00020088739624846922,1.4123805575152753e-05,0.0004394341635446741,1.0345344410683263e-05,0.00017132708484284456,1.1443939570097459e-05,0.0004517592057032482,K002,N09_M07_F10,0,N09_M07_F10_K002_7.mat
1.4004796240806389e-05,0.0003941413332912839,1.4150098649335044e-05,0.00027502511663597554,1.2388956033277974e-05,0.00017327772727631518,1.3831626901621828e-05,0.00043594575452114763,1.0281311440919307e-05,0.00017504352585108265,1.1225221182187334e-05,0.00043594575452114763,K002,N09_M07_F10,0,N09_M07_F10_K002_8.mat
1.343640857958059e-05,0.00036128103673490535,1.4775593833514563e-05,0.000262696166241233,1.1927587363831434e-05,0.00016802960721405355,1.4108574981149703e-05,0.0005688187855572534,1.0186624469702818e-05,0.00017066335917258806,1.1322306197060634e-05,0.0005688187855572534,K002,N09_M07_F10,0,N09_M07_F10_K002_9.mat
1.5045490867111348e-05,0.00034241064499183053,8.007223511472694e-05,0.0046870154041669075,4.111718216400748e-05,0.00200247597625184,3.6677031070020615e-05,0.002716966172952389,9.667228818691838e-06,0.0001622036200320977,2.043755693898322e-05,0.0046870154041669075,K002,N15_M01_F10,0,N15_M01_F10_K002_1.mat
1.642504254520948e-05,0.0005274993503169467,7.233908364343177e-05,0.003480838048841641,4.2643376095021816e-05,0.0017163076052072257,3.332493655255388e-05,0.002859243183830229,1.063522190882562e-05,0.00036971515771290947,1.9689114425639158e-05,0.003480838048841641,K002,N15_M01_F10,0,N15_M01_F10_K002_10.mat
1.620609029297522e-05,0.00029284988414646755,7.065345163852264e-05,0.004350559038871299,4.07017159982503e-05,0.0020272772845900027,3.36746162458257e-05,0.002133417964727844,9.501297338326142e-06,0.00017720636345926378,1.9376968771234456e-05,0.004350559038871299,K002,N15_M01_F10,0,N15_M01_F10_K002_11.mat
1.719692730208043e-05,0.00037291257724030453,8.129037332286394e-05,0.0038302734390548566,4.4267164165742206e-05,0.0025470619196492615,3.362271190334869e-05,0.0019981311580773674,1.0494109131962774e-05,0.00016837691793011804,2.078734941174013e-05,0.0038302734390548566,K002,N15_M01_F10,0,N15_M01_F10_K002_12.mat
1.658457085800286e-05,0.000342343492903469,7.631888805275892e-05,0.00370709908459354,4.2274816897490626e-05,0.0019503581032329642,3.162725499656823e-05,0.002369378000385017,1.0247301745289476e-05,0.0001941601028744785,1.978715235150665e-05,0.00370709908459354,K002,N15_M01_F10,0,N15_M01_F10_K002_13.mat
1.585793205315346e-05,0.00037271931336554806,7.281542947914055e-05,0.0036825758191031542,4.527963981812259e-05,0.0029093461866132636,3.3521667418362947e-05,0.0020833848502060915,1.0039597147558165e-05,0.00020545192973726306,1.994931092674382e-05,0.0036825758191031542,K002,N15_M01_F10,0,N15_M01_F10_K002_14.mat
1.618636434555306e-05,0.0003339288816081828,8.176471866285572e-05,0.0033118123572812162,4.1197325180685085e-05,0.0014858580495626646,3.3039914363284544e-05,0.0023242180665374117,9.839520873616493e-06,0.0001261285687978441,2.0210323162132963e-05,0.0033118123572812162,K002,N15_M01_F10,0,N15_M01_F10_K002_15.mat
1.6176657882130607e-05,0.00030188146525805506,7.473954259676941e-05,0.0037445720681374235,4.827037684136323e-05,0.002264905166254278,3.294592889287759e-05,0.002206191166776114,1.0053502224485298e-05,0.00018763019235146054,2.018827238670062e-05,0.0037445720681374235,K002,N15_M01_F10,0,N15_M01_F10_K002_16.mat
1.6569215374237294e-05,0.0003916356299361138,7.699446797029296e-05,0.0033979033279861594,4.125447376281941e-05,0.0013579882709581954,3.335398357826721e-05,0.0024388827741007937,1.0484863262382847e-05,0.00019262776722685666,2.030218109886875e-05,0.0033979033279861594,K002,N15_M01_F10,0,N15_M01_F10_K002_17.mat
1.6637375338034213e-05,0.00037035610690292826,8.394606260716751e-05,0.0033811517496012845,4.220549627255196e-05,0.0013655861571354021,3.156687347454987e-05,0.0015227262097903909,1.0499206967548382e-05,0.0001758471961549095,2.0469322724106458e-05,0.0033811517496012845,K002,N15_M01_F10,0,N15_M01_F10_K002_18.mat
1.6421312949804618e-05,0.00047933024690753384,7.523699752572123e-05,0.003712639100769287,4.05331105169202e-05,0.0020172220775036436,3.242735636282203e-05,0.0022695485795792497,9.735793448318037e-06,0.0001782179450390532,1.9469838480492604e-05,0.003712639100769287,K002,N15_M01_F10,0,N15_M01_F10_K002_19.mat
1.6697487100611222e-05,0.00032819942292094484,7.376412255794903e-05,0.003928094613516326,4.1554855337103535e-05,0.0017951652901494796,3.029238961318882e-05,0.0016326050165827923,9.93821702849648e-06,0.0001744343573526976,1.9204107733947446e-05,0.003928094613516326,K002,N15_M01_F10,0,N15_M01_F10_K002_2.mat
1.6376203198878995e-05,0.00037228447566429687,7.48253340790206e-05,0.003466478417069189,4.335225607356664e-05,0.0015250469357649039,3.278467473509913e-05,0.0025212933756942543,9.786144035585114e-06,0.00012648249393908812,1.9809036745691582e-05,0.003466478417069189,K002,N15_M01_F10,0,N15_M01_F10_K002_20.mat
1.634725962425678e-05,0.0003771233226381909,7.38402124452112e-05,0.004277678301367929,4.152427435976131e-05,0.0022449548203967583,3.663515988670015e-05,0.002769074815661441,9.915544786601611e-06,0.0001694113647035325,2.0270309643194793e-05,0.004277678301367929,K002,N15_M01_F10,0,N15_M01_F10_K002_3.mat
1.7075543213218905e-05,0.00040213643754548366,7.617858962375964e-05,0.004191359670994709,4.0578134567074026e-05,0.0017132247569576558,3.811216840300911e-05,0.00351107726025475,1.0582901260177709e-05,0.00015337769451919932,2.0926637586309374e-05,0.004191359670994709,K002,N15_M01_F10,0,N15_M01_F10_K002_4.mat
1.762474918384948e-05,0.0003434354445123176,7.810809588380927e-05,0.0042127042247592115,4.22161122539483e-05,0.0027180667363845773,3.655224231550136e-05,0.0031350749782710517,1.0553298427187825e-05,0.0001815403088028714,2.1111601194645816e-05,0.0042127042247592115,K002,N15_M01_F10,0,N15_M01_F10_K002_5.mat
1.7653229044751453e-05,0.00036638062605193536,7.79235768803133e-05,0.004223747312493421,4.1492588093528914e-05,0.0015926372274661924,3.7464567564016685e-05,0.003381800626012186,1.039152503974256e-05,0.0002264007097889218,2.108711067865893e-05,0.004223747312493421,K002,N15_M01_F10,0,N15_M01_F10_K002_6.mat
1.6193648998682716e-05,0.0003661132321225961,7.520904965836434e-05,0.003977963587139657,4.2848462201374424e-05,0.002019914696737719,3.3432986363455534e-05,0.0019722251911839634,1.035603478254876e-05,0.00016925826400095498,2.0239767157750432e-05,0.003977963587139657,K002,N15_M01_F10,0,N15_M01_F10_K002_7.mat
1.7118231945803792e-05,0.0005132176208542668,7.651149825106722e-05,0.0037855343151914763,4.1210608261594155e-05,0.0014193829294979502,3.229753843331308e-05,0.0019518795222932383,1.026727182606508e-05,0.00016257559004360058,1.9997200021245313e-05,0.0037855343151914763,K002,N15_M01_F10,0,N15_M01_F10_K002_8.mat
1.5701763557483965e-05,0.000364829535273466,7.440990973732849e-05,0.003958436378787519,4.1328783634032245e-05,0.0022271903203787903,3.29510926452051e-05,0.0023088427102795385,9.886852657096363e-06,0.00014717114519679573,1.953656016069905e-05,0.003958436378787519,K002,N15_M01_F10,0,N15_M01_F10_K002_9.mat
1.3559879329612273e-05,0.00030897906558257124,6.562183924717187e-05,0.0028579153076186917,4.160946176665148e-05,0.0016883962901729313,2.1244985818487845e-05,0.0009632288647640341,9.795255691577574e-06,0.00021753896941194764,1.7026995247416363e-05,0.0028579153076186917,K002,N15_M07_F04,0,N15_M07_F04_K002_1.mat
1.4656226679281894e-05,0.0005274845036674792,6.78107927815544e-05,0.0028296349869879173,5.031207459722132e-05,0.002260303716798159,2.2146736741174836e-05,0.0006855544002737332,1.0309555134238888e-05,0.00016172234581655478,1.8397414011210782e-05,0.0028296349869879173,K002,N15_M07_F04,0,N15_M07_F04_K002_10.mat
1.3933146296315911e-05,0.00043800411143181617,6.538274860968586e-05,0.002802787156404605,4.2210351384181244e-05,0.0018660668873221448,2.1256258223913993e-05,0.0006537123819301397,1.030435474749942e-05,0.00018430308480284796,1.748720361372356e-05,0.002802787156404605,K002,N15_M07_F04,0,N15_M07_F04_K002_11.mat
1.3556157035288903e-05,0.0004757824542177317,6.236034949053323e-05,0.0027444459743409173,4.053795860650441e-05,0.0018055593281431487,2.085197733649723e-05,0.0010649913764888231,9.844624593163156e-06,0.00016519594253292707,1.6732478036326627e-05,0.0027444459743409173,K002,N15_M07_F04,0,N15_M07_F04_K002_12.mat
1.4410843782837977e-05,0.0004471210382349165,6.364856124048353e-05,0.0028483841148802405,4.312846947644574e-05,0.0013811859910660912,2.075548680680246e-05,0.0007556331156382915,9.684320835436315e-06,0.00014594666762498943,1.7072028791764517e-05,0.0028483841148802405,K002,N15_M07_F04,0,N15_M07_F04_K002_13.mat
1.3586699375701366e-05,0.00047119108006850004,6.195776311086022e-05,0.002776570935451649,4.2249861344144076e-05,0.001755637486135201,2.1679808747090937e-05,0.0006460279973172261,1.0294212902407885e-05,0.00014597476433216984,1.7357514461004823e-05,0.002776570935451649,K002,N15_M07_F04,0,N15_M07_F04_K002_14.mat
1.424967132607067e-05,0.0005447803888816305,6.725034285295781e-05,0.0027372021389767327,4.129172760465113e-05,0.002012685133939421,2.0742257513145545e-05,0.0006475313056276317,1.016138915890307e-05,0.00015232843578065507,1.7386448492938953e-05,0.0027372021389767327,K002,N15_M07_F04,0,N15_M07_F04_K002_15.mat
1.4493626734810615e-05,0.0005189998757013124,6.556167781725347e-05,0.0031285866789385166,4.324356702664997e-05,0.0016064649294243892,2.104746596087819e-05,0.0009215029767898602,9.834605825239971e-06,0.0001559633635259601,1.7286838541111744e-05,0.0031285866789385166,K002,N15_M07_F04,0,N15_M07_F04_K002_16.mat
1.4243491872920392e-05,0.0004983031017825566,6.329271192961983e-05,0.002830605073122184,4.217651835141999e-05,0.0013185578140791604,2.126788224236109e-05,0.0006531159818685915,9.813381595745824e-06,0.00014721941250688225,1.7124166505636194e-05,0.002830605073122184,K002,N15_M07_F04,0,N15_M07_F04_K002_17.mat
1.4746877428082518e-05,0.00047053545746912346,6.349360627344819e-05,0.002966238125324616,4.207291567480575e-05,0.0012176330285440173,2.1525554655383435e-05,0.0011856659646247404,1.0425673606064166e-05,0.0001728171399827729,1.7531000826124117e-05,0.002966238125324616,K002,N15_M07_F04,0,N15_M07_F04_K002_18.mat
1.3008747015931124e-05,0.0005132466990751292,6.0613030952404184e-05,0.002759617291537194,4.075562643744147e-05,0.0013454194899296657,2.118268775898156e-05,0.0009522350880555418,9.655337152749888e-06,0.0001752430824075473,1.6645851982740516e-05,0.002759617291537194,K002,N15_M07_F04,0,N15_M07_F04_K002_19.mat
1.5492170938799336e-05,0.0005931589937058049,6.267924951555038e-05,0.003189676343093018,4.165022625991743e-05,0.001323032358669773,2.119556831068603e-05,0.0007617486962697238,1.0595308518728613e-05,0.00014266032433111808,1.7490902694256994e-05,0.003189676343093018,K002,N15_M07_F04,0,N15_M07_F04_K002_2.mat
1.4821082575129508e-05,0.0004348085439978184,6.399613746450738e-05,0.0030787655607395423,4.4943190381382974e-05,0.002306620057167822,2.129927799919821e-05,0.000768468029718554,1.0325384959232018e-05,0.00016067801719883557,1.769412718901728e-05,0.0030787655607395423,K002,N15_M07_F04,0,N15_M07_F04_K002_20.mat
1.3529208756593303e-05,0.0004877571783845479,6.764853450399438e-05,0.0031654959255576942,4.884632413918029e-05,0.0023493526202159683,2.1472152245459187e-05,0.0007062192971758205,1.012587485727942e-05,0.00017136386925607847,1.8000148113715507e-05,0.0031654959255576942,K002,N15_M07_F04,0,N15_M07_F04_K002_3.mat
1.3924608942450527e-05,0.0004196889622469117,6.537005106717491e-05,0.003244762383067767,4.858329340327976e-05,0.002832248479293234,2.1432532215337133e-05,0.0007298895405942893,1.0044007778269652e-05,0.00019833188436277628,1.7772050135703334e-05,0.003244762383067767,K002,N15_M07_F04,0,N15_M07_F04_K002_4.mat
1.3908603721517466e-05,0.0003909279492376831,6.724377587694274e-05,0.0028007297690927414,4.02412630260075e-05,0.0016707671427511458,2.104897691857372e-05,0.0008598142314219005,9.546166088082748e-06,0.00015691010435925376,1.7065806946086303e-05,0.0028007297690927414,K002,N15_M07_F04,0,N15_M07_F04_K002_5.mat
1.4062417477110326e-05,0.0005047178508690971,6.316268288648724e-05,0.002914346384914929,3.953457736752215e-05,0.0019033729092246658,2.1397825609350368e-05,0.0007553443074659336,1.0022117499571694e-05,0.00015628258020709625,1.7031173072786137e-05,0.002914346384914929,K002,N15_M07_F04,0,N15_M07_F04_K002_6.mat
1.3935350142721884e-05,0.00047850520141032597,6.763901904253419e-05,0.0029336683301039476,4.17125920489866e-05,0.0016492448290316888,2.1010125968489844e-05,0.000669461695006301,1.0374923481278423e-05,0.0002340595959536946,1.7417922505829433e-05,0.0029336683301039476,K002,N15_M07_F04,0,N15_M07_F04_K002_7.mat
1.3704644456947829e-05,0.0004837695499322569,6.469578255761779e-05,0.0026443104903819178,4.1591355861944644e-05,0.0016040279190410777,2.124710089184643e-05,0.0007386739862300847,1.0024093389457794e-05,0.00015237527816587434,1.728280633189768e-05,0.0026443104903819178,K002,N15_M07_F04,0,N15_M07_F04_K002_8.mat
1.4764342537794784e-05,0.0004515369823498259,6.439071233791343e-05,0.002909055512320712,4.163594723697013e-05,0.001990596485536439,2.0690481608528042e-05,0.0006757148435146838,9.360537252288747e-06,0.0001446741849795825,1.6859144700302395e-05,0.002909055512320712,K002,N15_M07_F04,0,N15_M07_F04_K002_9.mat
1.470437355287312e-05,0.00037411267495967513,8.012299740183043e-05,0.0036382094026544583,4.082628110545048e-05,0.0016230056977961469,2.7080481716390642e-05,0.0013097895768043408,9.619394823381736e-06,0.000145013611779466,1.8941135648405564e-05,0.0036382094026544583,K002,N15_M07_F10,0,N15_M07_F10_K002_1.mat
1.6348763357904177e-05,0.0004587214373848188,7.097069501775638e-05,0.0033156494175909266,4.22150508658598e-05,0.001401528141509854,2.9052003393922268e-05,0.0024752762396615864,1.0652479074303823e-05,0.00013524726228807485,1.933681628253209e-05,0.0033156494175909266,K002,N15_M07_F10,0,N15_M07_F10_K002_10.mat
1.5495134820611696e-05,0.00045434980203554274,7.68508574869666e-05,0.0038785175521731355,4.109114627648268e-05,0.0017241262532491288,2.8281143499463515e-05,0.002408872748903705,1.011922725860978e-05,0.00015066235725170397,1.91961123139271e-05,0.0038785175521731355,K002,N15_M07_F10,0,N15_M07_F10_K002_11.mat
1.58551869864246e-05,0.00035795201923455213,8.041752454711984e-05,0.0036605769937564647,4.248845544330449e-05,0.0017192446155681993,3.0098708679620987e-05,0.0017304385510023327,1.0474900370505017e-05,0.0002441330752868684,2.0183541267428098e-05,0.0036605769937564647,K002,N15_M07_F10,0,N15_M07_F10_K002_12.mat
1.5635796050524908e-05,0.00034086031118140254,7.958804486322059e-05,0.0037865272919758992,4.1313550647949915e-05,0.001415018468159592,2.907655927385326e-05,0.0014612557342112416,1.0366250406926155e-05,0.00015374567074899337,1.9613036049636648e-05,0.0037865272919758992,K002,N15_M07_F10,0,N15_M07_F10_K002_13.mat
1.5228393223522492e-05,0.0003680829071750237,8.176982672509468e-05,0.004815895418852764,4.0572182751178086e-05,0.0013769194971113596,2.7981978055397622e-05,0.0016077937373625809,9.880704855297078e-06,0.00014087110324699037,1.9240729352118707e-05,0.004815895418852764,K002,N15_M07_F10,0,N15_M07_F10_K002_14.mat
1.5430120518832947e-05,0.00033487666332239247,8.80092524033287e-05,0.0038723245424141122,4.223908407602248e-05,0.001974642175793175,2.853143296220196e-05,0.0015221603241390323,9.664410198628497e-06,0.00013923864653200336,1.9665227491176266e-05,0.0038723245424141122,K002,N15_M07_F10,0,N15_M07_F10_K002_15.mat
1.537008015846875e-05,0.00035571193413704184,8.079127114917313e-05,0.0036322539007758365,4.120073714560868e-05,0.001667765567292751,2.8789564059129457e-05,0.0015663572083871302,1.0016525700200885e-05,0.00018644382544366476,1.946002023176341e-05,0.0036322539007758365,K002,N15_M07_F10,0,N15_M07_F10_K002_16.mat
1.5158036840422095e-05,0.0003130273968658546,6.972274781412721e-05,0.0032195632934320377,3.951982915468369e-05,0.0012916743017492432,2.7991918294832157e-05,0.0023390908828823096,9.519904760921605e-06,0.00018491724925325892,1.8259214060486638e-05,0.0032195632934320377,K002,N15_M07_F10,0,N15_M07_F10_K002_17.mat
1.543949526936121e-05,0.0004476654370301059,8.497543410357769e-05,0.003818036760803217,4.501712535246716e-05,0.0017759402978198516,2.8827712421953926e-05,0.0017548939731162447,1.089673456041482e-05,0.0003207634224459787,1.9968062293789728e-05,0.003818036760803217,K002,N15_M07_F10,0,N15_M07_F10_K002_18.mat
1.562967827141475e-05,0.0004734648097541548,7.954210781611779e-05,0.0036526417126400332,4.110586823990589e-05,0.0015317372123481272,2.9020751921946365e-05,0.0027223613958699544,1.0185900804489798e-05,0.00014806044734187742,1.9576157465440095e-05,0.0036526417126400332,K002,N15_M07_F10,0,N15_M07_F10_K002_19.mat
1.5218953009633637e-05,0.00039925603377428373,7.59105326397143e-05,0.003719485178409404,4.2979900844295294e-05,0.0025029867335352573,2.8140914295276626e-05,0.002174599955564135,9.92435044311435e-06,0.00020706605502250836,1.9142660974186212e-05,0.003719485178409404,K002,N15_M07_F10,0,N15_M07_F10_K002_2.mat
1.5682541583848355e-05,0.0003979291540238935,6.906409606355097e-05,0.0032182004407410474,4.010336687405117e-05,0.0018070951162184282,2.8545924450968164e-05,0.0013928889128738537,1.072363611034791e-05,0.00016038242580563146,1.8985086594902437e-05,0.0032182004407410474,K002,N15_M07_F10,0,N15_M07_F10_K002_20.mat
1.638462941495773e-05,0.0004051466480738263,7.680688143079106e-05,0.003614388858923043,4.1951125213351466e-05,0.0019041571546523127,2.830755425088348e-05,0.0014710914166551987,9.870571174950404e-06,0.00017526055076285058,1.9144996975158308e-05,0.003614388858923043,K002,N15_M07_F10,0,N15_M07_F10_K002_3.mat
1.5393055497707805e-05,0.0003672442171315152,7.576066591729988e-05,0.004219585065776175,3.930360500084212e-05,0.0017002613565768405,2.7388984674918374e-05,0.0015082569360714286,9.500531823316555e-06,0.0001290366576850523,1.8528595777115152e-05,0.004219585065776175,K002,N15_M07_F10,0,N15_M07_F10_K002_4.mat
1.4803472109088828e-05,0.0004662219672204426,8.17293147538698e-05,0.003562009789650327,4.0793444209424724e-05,0.002281295633538004,2.761263648998026e-05,0.0017642915239465475,9.903171292396948e-06,0.0001818100824148988,1.9085521357760404e-05,0.003562009789650327,K002,N15_M07_F10,0,N15_M07_F10_K002_5.mat
1.6200002150862432e-05,0.0003590779217929854,7.704620145236898e-05,0.003712719858627898,4.073067906728934e-05,0.001722744697411565,2.8426980524754596e-05,0.001588545650541978,1.0221939009311196e-05,0.00014029932982424233,1.94377886564396e-05,0.003712719858627898,K002,N15_M07_F10,0,N15_M07_F10_K002_6.mat
1.5608025020455648e-05,0.0004259325488964306,6.976083256466049e-05,0.003942499155864746,4.1443252921761906e-05,0.001916199755776247,2.8534458809332786e-05,0.0015049385109045632,9.766492593277965e-06,0.00019760461943190796,1.867877772891739e-05,0.003942499155864746,K002,N15_M07_F10,0,N15_M07_F10_K002_7.mat
1.5164406112256412e-05,0.0003215669810897781,7.092815482382718e-05,0.003146725463943829,4.0623304169198537e-05,0.0015957775071169613,2.8515132113944544e-05,0.0013766083811806561,1.0406650447310068e-05,0.00014398699588721698,1.9047833662318434e-05,0.003146725463943829,K002,N15_M07_F10,0,N15_M07_F10_K002_8.mat
1.5998747403540613e-05,0.0004026929139114782,7.833860890515797e-05,0.00396817743395003,4.2546674498225084e-05,0.0015566344719876869,2.9487196450785287e-05,0.001590298794435752,1.063796311948704e-05,0.00015240151113678799,1.9981440711671876e-05,0.00396817743395003,K002,N15_M07_F10,0,N15_M07_F10_K002_9.mat
4.528319646683496e-05,0.0007510234103667072,4.398663289074517e-05,0.0004982340621679691,4.307152514243294e-05,0.0006701336991177315,4.4780069229524296e-05,0.0007389082830270887,4.0618022308566964e-05,0.000518972981060095,4.1712657836060733e-05,0.0007510234103667072,K003,N09_M07_F10,0,N09_M07_F10_K003_1.mat
3.9805098250731555e-05,0.0008566264728727652,4.198596927387089e-05,0.0004936948761415028,4.1174829335425654e-05,0.0004789800428198686,3.999856886160171e-05,0.0005774585573702228,3.670983027498027e-05,0.0004181691715611341,3.8011733646201115e-05,0.0008566264728727652,K003,N09_M07_F10,0,N09_M07_F10_K003_10.mat
3.893509389079512e-05,0.0007530562133059781,4.042681689011125e-05,0.00047329285619007006,3.9802938286848286e-05,0.0004627833102660067,4.0256912092438634e-05,0.0008251808357344448,3.737648577455888e-05,0.0006111453618513279,3.793540579828689e-05,0.0008251808357344448,K003,N09_M07_F10,0,N09_M07_F10_K003_11.mat
3.9777446670777536e-05,0.0008176808962211507,4.0699397830622745e-05,0.0005986797409680212,4.032375644007711e-05,0.00046089673616481793,4.080446246047906e-05,0.0005386341049823937,3.7270322183246364e-05,0.0004174889845162709,3.81579232645106e-05,0.0008176808962211507,K003,N09_M07_F10,0,N09_M07_F10_K003_12.mat
4.5689641124526396e-05,0.0008514826619796553,4.4508997348394675e-05,0.0005932673348809835,4.46490833121654e-05,0.000585940459940976,4.345119331775032e-05,0.0005992977104975261,4.0410011462878574e-05,0.0005313097918592634,4.168125548648495e-05,0.0008514826619796553,K003,N09_M07_F10,0,N09_M07_F10_K003_13.mat
4.439312316319918e-05,0.0010971733456334614,4.313867147901848e-05,0.0004964876732421617,4.274311462815511e-05,0.0005604849790273947,4.292189261803704e-05,0.0006409599356377495,4.0691594053634484e-05,0.0004847481547702149,4.1012027331490966e-05,0.0010971733456334614,K003,N09_M07_F10,0,N09_M07_F10_K003_14.mat
4.363538204006733e-05,0.0010381587549831396,4.196894215110465e-05,0.0005079112146991731,4.0634061175383286e-05,0.0004979235070228805,4.1479150925343146e-05,0.0005784910826073243,3.8714335287631266e-05,0.0006133222720838859,3.933367014792108e-05,0.0010381587549831396,K003,N09_M07_F10,0,N09_M07_F10_K003_15.mat
4.207079345739851e-05,0.0008888784635314229,4.148364205394508e-05,0.0005171461292595458,3.972537641434863e-05,0.0005420386588368383,3.874163244827143e-05,0.0005225962606619176,3.8147421176104754e-05,0.0005429953739854149,3.8036322330149916e-05,0.0008888784635314229,K003,N09_M07_F10,0,N09_M07_F10_K003_16.mat
4.100428878923184e-05,0.0007070475827020545,4.182352070033579e-05,0.0004117589155136744,3.9833844397799135e-05,0.0004899232778376878,3.94733454176303e-05,0.0006523939362583543,3.748529817805879e-05,0.000490530004083787,3.7996553990476526e-05,0.0007070475827020545,K003,N09_M07_F10,0,N09_M07_F10_K003_17.mat
4.078580703691054e-05,0.0009595610368393649,4.1149230197349086e-05,0.0006797451686683006,3.979760117172446e-05,0.0004458723854663178,4.0791057226333586e-05,0.0005716927141774948,3.7428090734578435e-05,0.0006095058488812849,3.8277615246015504e-05,0.0009595610368393649,K003,N09_M07_F10,0,N09_M07_F10_K003_18.mat
4.3740543973370707e-05,0.0008667941549877856,4.127155137547941e-05,0.0004270916994627094,4.1552986919915885e-05,0.0005293192972804951,3.882405512859438e-05,0.000496146087535873,3.780038871791647e-05,0.0005271253961063499,3.820491970707572e-05,0.0008667941549877856,K003,N09_M07_F10,0,N09_M07_F10_K003_19.mat
4.171684754338794e-05,0.0010342712846188448,4.475094572845316e-05,0.0005497392617083844,4.2322432787016164e-05,0.0006041414770900595,4.204515635407837e-05,0.0007030713776285879,4.064645293567471e-05,0.00046579569918751856,4.065523363724575e-05,0.0010342712846188448,K003,N09_M07_F10,0,N09_M07_F10_K003_2.mat
4.193959137728356e-05,0.0009146537518170233,4.046266132611268e-05,0.0004626149821980942,4.06598815130785e-05,0.0005312955915504798,3.9317893558073986e-05,0.0006211742594172502,3.7426666705235314e-05,0.0004367528101386336,3.794449331963936e-05,0.0009146537518170233,K003,N09_M07_F10,0,N09_M07_F10_K003_20.mat
4.261211834551499e-05,0.0009549471465761778,4.304349676838512e-05,0.0008614087047451874,4.162362078338849e-05,0.00046957805952840755,4.1895431666264736e-05,0.0007691694800941968,3.909674931024098e-05,0.0007110338322241633,3.975605196212761e-05,0.0009549471465761778,K003,N09_M07_F10,0,N09_M07_F10_K003_3.mat
3.9625351061310414e-05,0.0006807574369614527,4.293039165184277e-05,0.0005178361908362674,3.985975906926032e-05,0.00044246937487008725,3.9497776368747534e-05,0.0005101793946923729,3.784942768774694e-05,0.0005170644303803528,3.8048060845552506e-05,0.0006807574369614527,K003,N09_M07_F10,0,N09_M07_F10_K003_4.mat
4.479852814908699e-05,0.000984904921489006,4.529374671566586e-05,0.0005398367917492989,4.431775832638681e-05,0.0004792884916041337,4.329403020782959e-05,0.0006622268545744029,4.061441946688965e-05,0.0005441546241344466,4.159801298134286e-05,0.000984904921489006,K003,N09_M07_F10,0,N09_M07_F10_K003_5.mat
4.1460240148024824e-05,0.0006868183917541275,4.18908162615144e-05,0.0005433166157234351,3.976938388608409e-05,0.0006078470937665657,3.997840576476306e-05,0.000508527889486908,3.7313546708265024e-05,0.0005163850851342266,3.816129940729472e-05,0.0006868183917541275,K003,N09_M07_F10,0,N09_M07_F10_K003_6.mat
4.186273489383184e-05,0.0007184169344333296,4.466870483864136e-05,0.0006993894342062055,4.467912724210192e-05,0.0004717951832759902,4.302659878893696e-05,0.0005741028369407814,4.0278376643414234e-05,0.0006345041283600321,4.121605195356522e-05,0.0007184169344333296,K003,N09_M07_F10,0,N09_M07_F10_K003_7.mat
4.266749546001441e-05,0.0010053918831900896,4.169705192605521e-05,0.0004677710003640352,3.9246311636513134e-05,0.0005187321619772699,4.0221141189202e-05,0.0005200277443289776,3.913506580480859e-05,0.000459794928551873,3.887064274013003e-05,0.0010053918831900896,K003,N09_M07_F10,0,N09_M07_F10_K003_8.mat
4.207274622373228e-05,0.0008074259261533272,4.113177136944053e-05,0.000546237918883526,4.096366515691938e-05,0.0006520787765452985,3.9803077925646924e-05,0.0005886881686189512,3.743057325225148e-05,0.0005348700433613799,3.834525219423705e-05,0.0008074259261533272,K003,N09_M07_F10,0,N09_M07_F10_K003_9.mat
4.6522178408327966e-05,0.0012752753342576975,7.758647359637646e-05,0.001563541679218372,6.843615621574658e-05,0.001762595196544155,6.005260538624739e-05,0.0013120208267152402,4.0466073252401535e-05,0.0006312786285475472,4.800726177306358e-05,0.001762595196544155,K003,N15_M01_F10,0,N15_M01_F10_K003_1.mat
4.699900759322406e-05,0.0012293973000021168,7.020814636725966e-05,0.001576904483001999,6.480167819046463e-05,0.001357709552363301,6.059771706675261e-05,0.0015999711253517897,3.968929843142276e-05,0.0005564978511840572,4.670770870905782e-05,0.0015999711253517897,K003,N15_M01_F10,0,N15_M01_F10_K003_10.mat
4.843720353606313e-05,0.0009209145301238146,7.49015195504783e-05,0.0014245687890062915,6.558213567759387e-05,0.0018239618287697772,6.31270822824028e-05,0.0016930610606267064,4.118628525138417e-05,0.0005376029139946889,4.862492643994551e-05,0.0018239618287697772,K003,N15_M01_F10,0,N15_M01_F10_K003_11.mat
4.697142328981601e-05,0.0007332528817590776,7.094170391525932e-05,0.0015813976414312818,6.8581951984977e-05,0.0017905662961272641,5.9487507696028164e-05,0.0016420760058658498,3.8895808008034124e-05,0.0005240436601182205,4.6389834519732166e-05,0.0017905662961272641,K003,N15_M01_F10,0,N15_M01_F10_K003_12.mat
4.6074754795559286e-05,0.0011150447803406542,7.163780743350136e-05,0.001616570566193887,6.845972597909257e-05,0.0016571700772476565,6.00625502210007e-05,0.002020486251450206,4.1595426145345374e-05,0.0004857992315199928,4.782444848925745e-05,0.002020486251450206,K003,N15_M01_F10,0,N15_M01_F10_K003_13.mat
4.683484980856669e-05,0.0008730931674698004,7.111959531596033e-05,0.0013544926176277327,6.739057115450224e-05,0.0014776208096948038,6.192449396808457e-05,0.00163486079753191,4.080574428773762e-05,0.0005782171704731638,4.777459332743999e-05,0.00163486079753191,K003,N15_M01_F10,0,N15_M01_F10_K003_14.mat
4.735753036711777e-05,0.0010574035767017876,7.439483269686935e-05,0.0013612649059075595,6.816680661105509e-05,0.0013558008072465139,6.232476569314471e-05,0.0012879212997704208,4.2710119383362865e-05,0.0005924521256012859,4.928461818510785e-05,0.0013612649059075595,K003,N15_M01_F10,0,N15_M01_F10_K003_15.mat
4.247692184440416e-05,0.0009729932615778857,6.921704381441339e-05,0.0016541575351401798,6.565188743966121e-05,0.0012383307995992101,6.009894065457827e-05,0.0019270538238524244,3.8245779711958685e-05,0.00048625808122054276,4.543114469996689e-05,0.0019270538238524244,K003,N15_M01_F10,0,N15_M01_F10_K003_16.mat
4.414217764439032e-05,0.0012214212704928144,6.970897331400148e-05,0.0017422520351104184,6.334736418209201e-05,0.0013375622427633405,5.9467898556409826e-05,0.0018343353233540535,3.773468982453301e-05,0.0004590319678304504,4.494658399324541e-05,0.0018343353233540535,K003,N15_M01_F10,0,N15_M01_F10_K003_17.mat
4.41002858173687e-05,0.001007289790144232,6.905071865883109e-05,0.0014761665323592646,6.483905498092187e-05,0.0013811790803949307,5.929454114064432e-05,0.0016358862998613773,3.849711981016135e-05,0.0005315788017477034,4.55233009932596e-05,0.0016358862998613773,K003,N15_M01_F10,0,N15_M01_F10_K003_18.mat
4.461589063148101e-05,0.000866563670950101,6.832622526364211e-05,0.001339474755146912,6.304656737108439e-05,0.001660212553004886,5.784028673746937e-05,0.0014195280868557938,3.629953538822457e-05,0.00042121507431128094,4.3656249184651866e-05,0.001660212553004886,K003,N15_M01_F10,0,N15_M01_F10_K003_19.mat
4.576503870073661e-05,0.0008189405824382989,7.550758886679176e-05,0.0017648656686533107,6.662316835466376e-05,0.0016382271430053076,5.923240894520673e-05,0.0015883294500584314,3.9695046546753334e-05,0.0006610274890723997,4.665282189938565e-05,0.0017648656686533107,K003,N15_M01_F10,0,N15_M01_F10_K003_2.mat
4.104079291420821e-05,0.0010891891723468056,6.7295730895293e-05,0.0013751181537171504,6.350433458658856e-05,0.001413537690669288,5.797573067601616e-05,0.002145529857745719,3.676989713418968e-05,0.0005033279090922162,4.3666436964372575e-05,0.002145529857745719,K003,N15_M01_F10,0,N15_M01_F10_K003_20.mat
4.80754647597023e-05,0.0010145592045141746,7.82978272859834e-05,0.0016783165751042732,6.591953390035657e-05,0.002135797711305639,6.400852388306203e-05,0.0016376718442117444,4.1966131057817584e-05,0.0006820403874022994,4.958427486886687e-05,0.002135797711305639,K003,N15_M01_F10,0,N15_M01_F10_K003_3.mat
4.809456175225979e-05,0.0009854538792198973,7.468748953505056e-05,0.0017437954584298197,6.523277025981413e-05,0.0012924575760277816,6.125551164280237e-05,0.0015397657386438093,4.104221796846455e-05,0.0005702195468526652,4.796290407972696e-05,0.0017437954584298197,K003,N15_M01_F10,0,N15_M01_F10_K003_4.mat
4.764826396536408e-05,0.0010094531430158336,7.384787003576803e-05,0.0017419811106085968,7.028709095085763e-05,0.0018265777310998597,6.38330970562286e-05,0.0014505064640663583,4.20111971702829e-05,0.000568603258593933,4.90006038024686e-05,0.0018265777310998597,K003,N15_M01_F10,0,N15_M01_F10_K003_5.mat
4.557553438861597e-05,0.00074576784903688,7.181130733275189e-05,0.0015452162190500451,6.402882777244689e-05,0.0013027418237657518,5.979396229810735e-05,0.0013556905994241688,3.921841100120731e-05,0.0006019974890387471,4.6145532215214804e-05,0.0015452162190500451,K003,N15_M01_F10,0,N15_M01_F10_K003_6.mat
4.598392874719092e-05,0.0009919099609686387,6.876758993221441e-05,0.0014533014736005684,6.555821051234924e-05,0.0013915658182042888,5.939329325859874e-05,0.001623268951504779,3.889022955140033e-05,0.0006349722601307375,4.581817712992976e-05,0.001623268951504779,K003,N15_M01_F10,0,N15_M01_F10_K003_7.mat
4.439711940518248e-05,0.0007120763746508932,7.047499626034034e-05,0.0016739715056834563,6.452601471145127e-05,0.0017549322647145349,6.142715728395865e-05,0.0012382377807619814,3.8816291970049655e-05,0.000578035769462666,4.6425215068608684e-05,0.0017549322647145349,K003,N15_M01_F10,0,N15_M01_F10_K003_8.mat
4.3262697889414376e-05,0.0009515870239099084,7.16374543445073e-05,0.001286421359225181,6.455095844223798e-05,0.0015035999719658112,5.9604679686717737e-05,0.0013394383785356328,3.8564415152548974e-05,0.0005848038704822862,4.559913869059399e-05,0.0015035999719658112,K003,N15_M01_F10,0,N15_M01_F10_K003_9.mat
5.6469400146996644e-05,0.00120618093315785,7.849925627947036e-05,0.0013027650077061309,6.309994550618393e-05,0.001006554853206305,5.756266664999298e-05,0.0011585017142469538,4.4951025956615225e-05,0.0005433719525018525,5.019812805356849e-05,0.0013027650077061309,K003,N15_M07_F04,0,N15_M07_F04_K003_1.mat
5.084457738923705e-05,0.0009290097723165452,6.974416183061774e-05,0.001293492356247648,5.794876394817137e-05,0.001280435548245796,5.587762180536566e-05,0.0015825859440243713,3.8651329514371335e-05,0.0005501337022859883,4.5146075432860294e-05,0.0015825859440243713,K003,N15_M07_F04,0,N15_M07_F04_K003_10.mat
4.8966589982149674e-05,0.0014477803633477827,7.00052312397733e-05,0.001195549787601578,5.666306505672065e-05,0.0011938909052317823,5.6611112589114746e-05,0.0016600333181737022,3.797490772965699e-05,0.000455426213669297,4.477478129152994e-05,0.0016600333181737022,K003,N15_M07_F04,0,N15_M07_F04_K003_11.mat
5.180611335902495e-05,0.0008411423405299388,7.265978964179519e-05,0.0012297653242373493,6.3187826454909e-05,0.001463822279232289,5.906360426237888e-05,0.0014522556951694467,4.229421964990532e-05,0.0005456804794652167,4.838385346714038e-05,0.001463822279232289,K003,N15_M07_F04,0,N15_M07_F04_K003_12.mat
4.729868514365909e-05,0.001148628854578885,6.720488127185375e-05,0.0015285467146887639,5.567407212192227e-05,0.0014305110754414452,5.45069607124709e-05,0.0015968938097935018,3.785017558017692e-05,0.000591845521980427,4.336883105162125e-05,0.0015968938097935018,K003,N15_M07_F04,0,N15_M07_F04_K003_13.mat
4.753016100524716e-05,0.000890816579170092,6.8797975905589e-05,0.0011606011239923648,5.67072240570843e-05,0.001948463776753683,5.413300430201954e-05,0.0012789578280726994,3.872433562566388e-05,0.0006118374726447046,4.4126221467910685e-05,0.001948463776753683,K003,N15_M07_F04,0,N15_M07_F04_K003_14.mat
5.0981395088448636e-05,0.0010480337328365062,7.216018863155204e-05,0.0014791517127110481,5.902921840449558e-05,0.001346563211745374,5.942776337110945e-05,0.001411892262478322,4.206159525134474e-05,0.0006310430943963971,4.7800294501709074e-05,0.0014791517127110481,K003,N15_M07_F04,0,N15_M07_F04_K003_15.mat
5.1316503314553346e-05,0.0009419505292454214,7.07446131237552e-05,0.0017341618698327572,6.266521230900163e-05,0.0013243571581130103,5.574643592758268e-05,0.0018226170333611239,4.081917582306017e-05,0.0005450257114097526,4.60971289842334e-05,0.0018226170333611239,K003,N15_M07_F04,0,N15_M07_F04_K003_16.mat
4.6654327991457796e-05,0.001162907663975394,6.908033268412776e-05,0.0013627012123329973,5.615710392823576e-05,0.0015884341663375086,5.396983464376627e-05,0.0012010898217152362,3.735188528908722e-05,0.0005501557345039585,4.3388294723090136e-05,0.0015884341663375086,K003,N15_M07_F04,0,N15_M07_F04_K003_17.mat
5.1284123307672984e-05,0.0009493869985679936,7.286826799413045e-05,0.0016172970527487996,6.358402365226822e-05,0.001376182011778426,6.194527629350127e-05,0.0016345382877766793,4.3357786498256433e-05,0.0005552067010820377,4.981157295508762e-05,0.0016345382877766793,K003,N15_M07_F04,0,N15_M07_F04_K003_18.mat
5.5114739049823667e-05,0.0011207118819762953,7.375379194859391e-05,0.0013519936366982587,6.469498899053113e-05,0.0019507672862555739,6.186010024021756e-05,0.0020267182569607294,4.350640584588326e-05,0.0006287025511232565,5.0043986762872545e-05,0.0020267182569607294,K003,N15_M07_F04,0,N15_M07_F04_K003_19.mat
5.2689142430737767e-05,0.0010318467714114045,7.389032680801953e-05,0.0011338700659744717,6.096168119817318e-05,0.0011581733705510026,5.65435158896054e-05,0.0014580094069953696,4.2605581718526976e-05,0.0006244517004564752,4.798633287651163e-05,0.0014580094069953696,K003,N15_M07_F04,0,N15_M07_F04_K003_2.mat
5.3236513505818924e-05,0.000932487298711681,7.221834334793996e-05,0.0016932112735947745,5.999932448159448e-05,0.0011986679581730472,6.010686064761149e-05,0.0019519800782379568,4.270056771325454e-05,0.000572450356140881,4.8475195617692786e-05,0.0019519800782379568,K003,N15_M07_F04,0,N15_M07_F04_K003_20.mat
5.0593851025819715e-05,0.0009630026034913303,7.271569548906819e-05,0.0012287961216648864,5.9887675904483103e-05,0.0013616846538592662,5.5452805712019574e-05,0.0015394919586748735,4.10628309240769e-05,0.0006257404541243045,4.670474298260777e-05,0.0015394919586748735,K003,N15_M07_F04,0,N15_M07_F04_K003_3.mat
5.20132356798614e-05,0.001084370593879951,7.064025045767946e-05,0.00114484044520953,6.0641545868247865e-05,0.0017638200381175709,5.6963580071773225e-05,0.002063328633117703,4.088488139639829e-05,0.0005884603710483528,4.6910393538069e-05,0.002063328633117703,K003,N15_M07_F04,0,N15_M07_F04_K003_4.mat
5.278136118095155e-05,0.0010581194997891753,7.08349320984632e-05,0.001320977744292954,5.797673506516277e-05,0.0010650707512896882,5.654049063260961e-05,0.0016120961664964407,4.12054921901919e-05,0.0006057880375846272,4.674452121823878e-05,0.0016120961664964407,K003,N15_M07_F04,0,N15_M07_F04_K003_5.mat
5.65071354561674e-05,0.0011948134065368388,7.283260493091601e-05,0.0014275229286422296,6.025332530504629e-05,0.001278516992572975,5.8522173400394656e-05,0.001527432065811578,4.3845651269166354e-05,0.0006421402257841107,4.922719261345213e-05,0.001527432065811578,K003,N15_M07_F04,0,N15_M07_F04_K003_6.mat
5.0023607869929135e-05,0.0010567536957662087,7.028695669075e-05,0.0014165094705522435,5.7764644748716864e-05,0.001459635441808088,5.460971873770498e-05,0.0015095566793657143,4.007422312360214e-05,0.000488534805329964,4.547941751757498e-05,0.0015095566793657143,K003,N15_M07_F04,0,N15_M07_F04_K003_7.mat
4.979062790985704e-05,0.0010640323629386088,6.897294351844193e-05,0.001254761869332686,5.7031816103267515e-05,0.0012640020919449098,5.459375175500205e-05,0.0013161283572280418,3.878717525138711e-05,0.00046888696114590013,4.4514915787784826e-05,0.0013161283572280418,K003,N15_M07_F04,0,N15_M07_F04_K003_8.mat
5.0185581943327025e-05,0.001303417600672046,6.98656181927574e-05,0.0013856242950134013,5.930392357624501e-05,0.0011506616701670595,5.632458517427612e-05,0.0015532345454166954,3.9418052100669815e-05,0.000551592703182288,4.5620952159859753e-05,0.0015532345454166954,K003,N15_M07_F04,0,N15_M07_F04_K003_9.mat
4.753365536631687e-05,0.0009154764934477539,7.290315402875136e-05,0.001734935882066166,6.562166579757702e-05,0.0014991056733631412,6.267068889132187e-05,0.001428213785108461,4.201350511446871e-05,0.0005161405520522316,4.86068754943817e-05,0.001734935882066166,K003,N15_M07_F10,0,N15_M07_F10_K003_1.mat
4.5643311546911265e-05,0.0008010717149746501,6.949483581854638e-05,0.0015282354151506961,6.136543956790269e-05,0.0013084700751320644,6.174840045345256e-05,0.0015506789396091103,3.872648487143156e-05,0.0005541383992380928,4.605305153424892e-05,0.0015506789396091103,K003,N15_M07_F10,0,N15_M07_F10_K003_10.mat
4.9570686085205536e-05,0.0014573518902919228,7.324622248491383e-05,0.0020081208736328804,6.718608309673177e-05,0.0016369787721638455,6.267539745125612e-05,0.0015999761649203546,4.3026045509672614e-05,0.0005937639372541507,4.923090105796943e-05,0.0020081208736328804,K003,N15_M07_F10,0,N15_M07_F10_K003_11.mat
4.890692011785614e-05,0.0009160814355503032,7.268298013220274e-05,0.001541134716956685,6.55635512329803e-05,0.0015241467484179236,6.255946235637687e-05,0.0016431997864363155,4.159793611901962e-05,0.0006653878933145572,4.875551380412613e-05,0.0016431997864363155,K003,N15_M07_F10,0,N15_M07_F10_K003_12.mat
4.723658184407394e-05,0.001121625309570067,6.962224613606501e-05,0.001427404856370703,6.555307620522902e-05,0.0014760781302231123,6.183369493088306e-05,0.0019817970282302983,4.021589578473635e-05,0.0005412782006117986,4.7396583556396e-05,0.0019817970282302983,K003,N15_M07_F10,0,N15_M07_F10_K003_13.mat
4.6215231149246517e-05,0.0015332140747522077,7.254339007053882e-05,0.0013325324051145302,6.470373673437149e-05,0.0013785094786693292,6.11881941557043e-05,0.0019047047057748666,4.0425064815549405e-05,0.0005352515383020569,4.7417679494861816e-05,0.0019047047057748666,K003,N15_M07_F10,0,N15_M07_F10_K003_14.mat
4.702335385127141e-05,0.0008743619732896558,7.04873539233528e-05,0.0012966452995900627,6.36501943967465e-05,0.0011344849960076443,5.967049565679292e-05,0.002073055313652178,3.846718091472276e-05,0.00048316537398952297,4.582538788719904e-05,0.002073055313652178,K003,N15_M07_F10,0,N15_M07_F10_K003_15.mat
4.881321774208781e-05,0.0011734388607737717,7.303811889721407e-05,0.0015274720803850241,7.0046916542117e-05,0.0015093238131035367,6.314268335913374e-05,0.001554593023425218,4.207734557372234e-05,0.0006020504390776644,4.954306671867331e-05,0.001554593023425218,K003,N15_M07_F10,0,N15_M07_F10_K003_16.mat
4.869591120262117e-05,0.0008932039465541548,7.164532529728493e-05,0.0016644223247611102,6.75096955163436e-05,0.0015554839935347131,6.2864517309107e-05,0.0018170332098147626,4.134284124713909e-05,0.0005208334730902912,4.8558199826027936e-05,0.0018170332098147626,K003,N15_M07_F10,0,N15_M07_F10_K003_17.mat
4.634529567024233e-05,0.0006537982166773739,7.05553597701992e-05,0.0015598334782691106,6.504356139155165e-05,0.0032891520044598635,6.146131373363538e-05,0.001761051654083667,3.976690274005658e-05,0.0004984594382643235,4.714292821192987e-05,0.0032891520044598635,K003,N15_M07_F10,0,N15_M07_F10_K003_18.mat
4.877703464682586e-05,0.00107808235254913,7.103501329696223e-05,0.001169109417971722,6.46191703626781e-05,0.0017517482526836147,6.14208677129743e-05,0.001468376992520504,4.0670126370176166e-05,0.00064456559567044,4.755348167642821e-05,0.0017517482526836147,K003,N15_M07_F10,0,N15_M07_F10_K003_19.mat
4.894013319752797e-05,0.0007898909755721243,7.2069115920727e-05,0.0016719818675780661,6.476936195392507e-05,0.001688445587091842,6.185535429274779e-05,0.0014649117205431778,4.0912474995202836e-05,0.0006546784404690526,4.784191018627675e-05,0.001688445587091842,K003,N15_M07_F10,0,N15_M07_F10_K003_2.mat
4.7464345786217624e-05,0.0008251653527696925,7.24457956423769e-05,0.0013799779112581264,6.755668127090319e-05,0.0017123768294693828,6.31594177178873e-05,0.001797258331580671,4.284217247926939e-05,0.0006195980790377072,4.921475378943329e-05,0.001797258331580671,K003,N15_M07_F10,0,N15_M07_F10_K003_20.mat
4.636083324249392e-05,0.0008602001936827984,7.229836982847528e-05,0.0016772062288119057,6.426708560668733e-05,0.0014994264434754299,6.083018338503069e-05,0.0013092732526921056,4.047665139556676e-05,0.000621538739015807,4.732521506223282e-05,0.0016772062288119057,K003,N15_M07_F10,0,N15_M07_F10_K003_3.mat
4.507237541227063e-05,0.000939992759654516,6.969683190722914e-05,0.0017208584060462097,6.439803097047148e-05,0.0014552163904856907,6.126413911649441e-05,0.0014767091710698459,4.0585663090851154e-05,0.0005685343617819156,4.715127781337937e-05,0.0017208584060462097,K003,N15_M07_F10,0,N15_M07_F10_K003_4.mat
4.537679932421448e-05,0.0010168276744149532,6.999839740694542e-05,0.0015039486477533388,6.270878995415009e-05,0.0013598557135641287,5.890135696064783e-05,0.001773488855894858,3.92036414559043e-05,0.0005059211367773152,4.565721885943904e-05,0.001773488855894858,K003,N15_M07_F10,0,N15_M07_F10_K003_5.mat
4.969511088402442e-05,0.001107071869095158,7.364060151360099e-05,0.0014564453377923041,6.525233045923679e-05,0.0018626398167700777,6.218866126678491e-05,0.0017323815305299434,4.096670214711922e-05,0.00047308489131415033,4.8371707943351085e-05,0.0018626398167700777,K003,N15_M07_F10,0,N15_M07_F10_K003_6.mat
4.677991497485474e-05,0.0008584039670015335,7.139189146197414e-05,0.0013073472721168223,6.446795461108772e-05,0.001496877693012192,6.224041014699346e-05,0.0016505942102787673,4.142405839164552e-05,0.0005197964463163267,4.811640869331381e-05,0.0016505942102787673,K003,N15_M07_F10,0,N15_M07_F10_K003_7.mat
5.1073655608957555e-05,0.0012652409105712182,7.33488446941319e-05,0.0015729040183289265,6.323971639577974e-05,0.0014956375149919304,6.295576487123905e-05,0.002023171742204148,4.118390840855688e-05,0.0007408338579822214,4.8276143742081805e-05,0.002023171742204148,K003,N15_M07_F10,0,N15_M07_F10_K003_8.mat
4.7762715257996976e-05,0.0010851899430979466,7.225695057256391e-05,0.001550800228617522,6.515247225116514e-05,0.0012891536282252528,6.141115441633653e-05,0.001352036579419944,3.982373497580943e-05,0.0004964412637658309,4.7414890880592696e-05,0.001550800228617522,K003,N15_M07_F10,0,N15_M07_F10_K003_9.mat
9.570854379000746e-06,0.0004147835422726642,4.8080371224390665e-06,8.406424657230176e-05,5.023092578963578e-06,9.851234366071193e-05,8.852392103144137e-06,0.0009011227173301748,2.9196941780206066e-06,4.2281262635033205e-05,4.303865151198384e-06,0.0009011227173301748,K004,N09_M07_F10,0,N09_M07_F10_K004_1.mat
9.191176420726617e-06,0.0004661136410881781,5.269967741609452e-06,0.00012117038058941374,4.903801561647856e-06,9.396466308661918e-05,7.4489950133372595e-06,0.0005582684878533632,2.859304471878008e-06,4.396313595545001e-05,4.057396433351591e-06,0.0005582684878533632,K004,N09_M07_F10,0,N09_M07_F10_K004_10.mat
8.920728756367338e-06,0.00046384440800178176,5.196427691348246e-06,6.778612400027408e-05,4.9944193176277095e-06,0.00011919889106754285,7.465842421189127e-06,0.0005179765154831441,2.8460352363347693e-06,4.3304595821280095e-05,4.03818961473865e-06,0.0005179765154831441,K004,N09_M07_F10,0,N09_M07_F10_K004_11.mat
8.888228485027902e-06,0.0004152242932614309,5.176620513964771e-06,8.133895703622068e-05,4.768196234360999e-06,9.113229233448189e-05,7.462002133545918e-06,0.0004248501571289364,2.8649586455401003e-06,4.04721087564657e-05,4.0092810820011575e-06,0.0004248501571289364,K004,N09_M07_F10,0,N09_M07_F10_K004_12.mat
9.246329461775731e-06,0.0004789514655186906,5.080163271469147e-06,7.299218292382775e-05,4.925506390686487e-06,0.00014080424792466833,7.46511332432433e-06,0.0004948579746295916,2.8565700892928084e-06,4.36681238146075e-05,4.04360309242241e-06,0.0004948579746295916,K004,N09_M07_F10,0,N09_M07_F10_K004_13.mat
8.678715396947488e-06,0.0004194840845153886,5.109307814093986e-06,8.132407279429199e-05,5.114447408717595e-06,0.00011079177467869808,7.5668709002193504e-06,0.00047776721555330045,2.898464019340794e-06,4.858831704723593e-05,4.09629291144747e-06,0.00047776721555330045,K004,N09_M07_F10,0,N09_M07_F10_K004_14.mat
8.9045670096621e-06,0.00044806278850732486,5.153286686664705e-06,9.29895660741139e-05,4.872196367965774e-06,0.00014360314089408922,7.448436488734516e-06,0.0006004775161675799,2.806086769786053e-06,3.336919389503579e-05,3.990889664643777e-06,0.0006004775161675799,K004,N09_M07_F10,0,N09_M07_F10_K004_15.mat
9.09276263992959e-06,0.0004996378985956281,5.400457017281365e-06,0.00015798483149394684,4.997411887035545e-06,0.00010195226684377913,7.263143550307078e-06,0.0004888337419745926,2.855611905314855e-06,3.5920992624330715e-05,4.032087241424564e-06,0.0004996378985956281,K004,N09_M07_F10,0,N09_M07_F10_K004_16.mat
8.88023846919783e-06,0.0005260502213127683,5.25656399019663e-06,8.16545096553497e-05,4.895109552114321e-06,0.00011357273297174689,7.520372135219497e-06,0.0005951551043334445,2.8628608228697225e-06,4.6073431861865283e-05,4.056499084188273e-06,0.0005951551043334445,K004,N09_M07_F10,0,N09_M07_F10_K004_17.mat
9.02955725753208e-06,0.00041876577985544935,5.198155409945119e-06,8.014304732211294e-05,4.877421973908967e-06,0.00011934329751357035,7.461604336166586e-06,0.0005153085334319846,2.836255686741759e-06,4.021180130059686e-05,4.0223655363345705e-06,0.0005153085334319846,K004,N09_M07_F10,0,N09_M07_F10_K004_18.mat
9.238163868113628e-06,0.0004567574472320137,5.125350723457049e-06,9.08465350229397e-05,4.759613594144972e-06,0.00011003096191796758,7.184324971820634e-06,0.0004197212955812952,2.7937414577683203e-06,4.0782599364642644e-05,3.9291200962939935e-06,0.0004567574472320137,K004,N09_M07_F10,0,N09_M07_F10_K004_19.mat
9.637618361707927e-06,0.0005519441505007581,5.022369194044437e-06,8.054256173252793e-05,5.11687978385892e-06,8.162950017527591e-05,8.82708408728901e-06,0.000601542919214427,2.9815470356336893e-06,4.9343267871093306e-05,4.370296522200856e-06,0.000601542919214427,K004,N09_M07_F10,0,N09_M07_F10_K004_2.mat
8.99871438501724e-06,0.0004785126971300476,5.20102138038179e-06,7.661957054952625e-05,4.936022669583324e-06,0.00014226307926446048,7.362843765422961e-06,0.000510293495060079,2.872883493216974e-06,4.082243462752482e-05,4.034225885335216e-06,0.000510293495060079,K004,N09_M07_F10,0,N09_M07_F10_K004_20.mat
9.486144064026754e-06,0.00046804453763669664,5.069230066832416e-06,8.894576092398251e-05,4.978455735659384e-06,0.00010713874511554498,8.69427769222359e-06,0.0006900536151933619,2.972667644940479e-06,5.175598931046346e-05,4.3456972351561835e-06,0.0006900536151933619,K004,N09_M07_F10,0,N09_M07_F10_K004_3.mat
9.26677574132872e-06,0.00043357300116219965,5.194135800272014e-06,7.738071324621167e-05,4.824676101777311e-06,9.205024981944832e-05,8.191098573595585e-06,0.0006046569161852584,2.8990154650126566e-06,3.972289088992662e-05,4.188507319723419e-06,0.0006046569161852584,K004,N09_M07_F10,0,N09_M07_F10_K004_4.mat
9.356930479186971e-06,0.0005020557344695769,5.124388990508003e-06,9.521932641002379e-05,4.698724719458946e-06,9.842727075858344e-05,7.958775833091297e-06,0.0006177302017884289,2.8591787598036075e-06,4.112097382872431e-05,4.096847272475938e-06,0.0006177302017884289,K004,N09_M07_F10,0,N09_M07_F10_K004_5.mat
9.85573211734408e-06,0.0005093405014051518,5.364555674657233e-06,9.382356101386972e-05,5.023315659362339e-06,9.50545901675091e-05,7.729911511157896e-06,0.0005128832737579159,2.890808957677576e-06,6.0872643981910145e-05,4.148776896658939e-06,0.0005128832737579159,K004,N09_M07_F10,0,N09_M07_F10_K004_6.mat
9.598323537252279e-06,0.00043534954866603125,5.14857873680516e-06,8.509845754855977e-05,4.856877643553385e-06,0.00011228819939585378,7.787395390141321e-06,0.0004986862733376908,2.794556096322172e-06,3.59908849834594e-05,4.059223361568114e-06,0.0004986862733376908,K004,N09_M07_F10,0,N09_M07_F10_K004_7.mat
9.19050128540219e-06,0.0004488304603352831,5.477290827854801e-06,0.00014932267143187485,4.849668078267755e-06,0.00012009582293163959,7.663139771828463e-06,0.000591969273863092,2.9568382379207734e-06,3.8181609357500134e-05,4.14169106834705e-06,0.000591969273863092,K004,N09_M07_F10,0,N09_M07_F10_K004_8.mat
9.128998113894931e-06,0.0005249679132633644,5.243440182471494e-06,0.00010889007346363658,4.857152194932805e-06,0.00010908630424440382,7.445635727855595e-06,0.0004838796699948417,2.817275957076037e-06,3.4546844771976056e-05,4.007709506461148e-06,0.0005249679132633644,K004,N09_M07_F10,0,N09_M07_F10_K004_9.mat
1.6935291208177177e-05,0.0008705217975176018,2.072277720863524e-05,0.0006275185419333569,2.3843354565034426e-05,0.0011573453706351501,3.3485780835998584e-05,0.0022231979951133794,3.5508049694174946e-06,4.015716789629341e-05,1.096338272797578e-05,0.0022231979951133794,K004,N15_M01_F10,0,N15_M01_F10_K004_1.mat
1.3616415564346812e-05,0.0007502535161427188,1.6428432150038796e-05,0.00033773512464517936,2.0903315104253284e-05,0.0006820457073320174,3.8288467199881026e-05,0.004600607522998136,3.3843938209672136e-06,4.698118134884428e-05,1.1035838236468435e-05,0.004600607522998136,K004,N15_M01_F10,0,N15_M01_F10_K004_10.mat
1.3429562430659632e-05,0.0006395702160291103,1.6591508243319078e-05,0.0003866287319542389,2.1154717148568487e-05,0.0006108317742340699,3.849109435831296e-05,0.003648938278042731,3.3951672681556753e-06,5.709981312931827e-05,1.111903255664917e-05,0.003648938278042731,K004,N15_M01_F10,0,N15_M01_F10_K004_11.mat
1.3836774288365809e-05,0.0007130984880804365,1.665245704961663e-05,0.00035651547993762335,2.038745400012253e-05,0.0008665453025508476,3.853709448221429e-05,0.003256383607848458,3.2817663794158544e-06,8.382419356746637e-05,1.1005305705636878e-05,0.003256383607848458,K004,N15_M01_F10,0,N15_M01_F10_K004_12.mat
1.374122812316422e-05,0.0007349256886935269,1.6063845975534835e-05,0.00037619629983240774,2.096653730063679e-05,0.0007681330524501803,3.7193620941539866e-05,0.0036983799787909627,3.1785121306899527e-06,5.558528952050398e-05,1.0733928383555962e-05,0.0036983799787909627,K004,N15_M01_F10,0,N15_M01_F10_K004_13.mat
1.3508159144033238e-05,0.0006710350099580626,1.6286870757238872e-05,0.0003482102673182336,2.0962235540131528e-05,0.0006559498370523405,3.734635448568483e-05,0.004237265011104565,3.022338083941012e-06,5.807056343100273e-05,1.0684781331068522e-05,0.004237265011104565,K004,N15_M01_F10,0,N15_M01_F10_K004_14.mat
1.345753066268509e-05,0.0006662567474902205,1.6882893261559818e-05,0.00048600630418026505,2.2795636200076027e-05,0.0007712563772427827,3.8885778176371775e-05,0.0036139307717219632,3.7692663990103573e-06,0.000237133724800347,1.1153034488790875e-05,0.0036139307717219632,K004,N15_M01_F10,0,N15_M01_F10_K004_15.mat
1.2998304193121123e-05,0.0006756536274325096,1.6974233191913852e-05,0.0004015488034383495,2.152006417933742e-05,0.0006364595927032748,3.875790708415798e-05,0.003917833705728134,3.408132134918822e-06,4.7274643080265615e-05,1.1177027361239756e-05,0.003917833705728134,K004,N15_M01_F10,0,N15_M01_F10_K004_16.mat
1.3455185076187815e-05,0.0006658783824185341,1.647844919857947e-05,0.00034905292847813507,2.0838868964242917e-05,0.0007711751455179984,3.883782250127098e-05,0.003376597849356084,3.2118434668618253e-06,4.74922895754671e-05,1.1023253164650277e-05,0.003376597849356084,K004,N15_M01_F10,0,N15_M01_F10_K004_17.mat
1.2902878043367983e-05,0.0006576422686165755,1.6619534139647824e-05,0.0004419889686139199,2.1302242914927092e-05,0.000712845787747357,3.7647433413610896e-05,0.0028544125813951913,3.213653553679772e-06,4.497071818310748e-05,1.0835360094927906e-05,0.0028544125813951913,K004,N15_M01_F10,0,N15_M01_F10_K004_18.mat
1.2875449708354288e-05,0.0006436797394923304,1.6366243312156476e-05,0.00037113123054778726,2.153307702150774e-05,0.000865965749484095,3.812081757377331e-05,0.004177678461796114,3.181948900975968e-06,6.044342202924918e-05,1.0918600201008939e-05,0.004177678461796114,K004,N15_M01_F10,0,N15_M01_F10_K004_19.mat
1.5886286968437782e-05,0.0008344809217478579,1.9490799533099684e-05,0.0005603958794017747,2.237629611951765e-05,0.0011605246044918617,3.496036221480825e-05,0.003082591147732759,3.344187214042063e-06,4.508546564383344e-05,1.0856543676359208e-05,0.003082591147732759,K004,N15_M01_F10,0,N15_M01_F10_K004_2.mat
1.2754502049519239e-05,0.0006126672941355342,1.640551319023166e-05,0.00037806412286891215,2.1460759430114793e-05,0.0009273510901501246,3.738390799378547e-05,0.004497837244306757,3.275228043550883e-06,5.299588553729065e-05,1.0829451813065059e-05,0.004497837244306757,K004,N15_M01_F10,0,N15_M01_F10_K004_20.mat
1.516121076432912e-05,0.0008267253603371674,1.893042873065014e-05,0.0004724713721322128,2.1100704070021422e-05,0.000766903387084942,3.7336095285053146e-05,0.003009429667655988,3.2562857984429504e-06,4.681883687895623e-05,1.1041986371007148e-05,0.003009429667655988,K004,N15_M01_F10,0,N15_M01_F10_K004_3.mat
1.556648070183136e-05,0.0009430538497024823,1.8298000408862695e-05,0.0004556363939957374,2.176179077401012e-05,0.0010565925975228184,3.867318187159489e-05,0.003375509558122743,3.350842887225711e-06,4.5773909709021915e-05,1.1314705735663353e-05,0.003375509558122743,K004,N15_M01_F10,0,N15_M01_F10_K004_4.mat
1.5312388707074078e-05,0.000791904525415707,1.712664379540459e-05,0.00038342655499906496,2.147775934787559e-05,0.0008442731170159422,3.833054525957736e-05,0.0029838675592923835,3.342348958442197e-06,4.870344428061099e-05,1.1170517653674191e-05,0.0029838675592923835,K004,N15_M01_F10,0,N15_M01_F10_K004_5.mat
1.4958188431337443e-05,0.0007800610338286321,1.6684821906193724e-05,0.0004043292457024317,2.202037934739983e-05,0.0011470660283937862,3.924239164930979e-05,0.003144056386389958,3.302440047867548e-06,5.9200725327372656e-05,1.1267159907891045e-05,0.003144056386389958,K004,N15_M01_F10,0,N15_M01_F10_K004_6.mat
1.5145055878363661e-05,0.0008992954341146078,1.709692549711547e-05,0.00034690018508257175,2.2018854248399816e-05,0.000955330199116059,3.986593655279096e-05,0.003468852057946342,3.3500718568034894e-06,5.0954072240591134e-05,1.1434922851528307e-05,0.003468852057946342,K004,N15_M01_F10,0,N15_M01_F10_K004_7.mat
1.4329643719885479e-05,0.0007068500274317616,1.6732590405320738e-05,0.0003268966132249785,2.1677504939788894e-05,0.0006954530333807551,3.891955059177831e-05,0.002599288981386788,3.3689228689579295e-06,5.0055954840152516e-05,1.1203330131627475e-05,0.002599288981386788,K004,N15_M01_F10,0,N15_M01_F10_K004_8.mat
1.4818535768955637e-05,0.0007047461320339621,1.644805317041967e-05,0.0003900079513839273,2.1417237021038794e-05,0.0008356071552556204,3.99319151128973e-05,0.0031442379859802643,3.2567132483894097e-06,5.2482590626813736e-05,1.1271117225720436e-05,0.0031442379859802643,K004,N15_M01_F10,0,N15_M01_F10_K004_9.mat
1.1516823364469776e-05,0.0005073719324138341,1.823894415166655e-05,0.00035876586265776286,1.7526365251359016e-05,0.0006621658014423686,2.262481627161129e-05,0.0012150781764270495,3.1449496821081184e-06,6.943917381636046e-05,8.25491271138549e-06,0.0012150781764270495,K004,N15_M07_F04,0,N15_M07_F04_K004_1.mat
1.1524517293592227e-05,0.0004988693448451148,1.7259837815459985e-05,0.000400976678545583,1.7805455822811255e-05,0.0005287013870531823,2.552343117943517e-05,0.0008386329507763756,3.1991523382833345e-06,8.091336286087185e-05,8.714551031127931e-06,0.0008386329507763756,K004,N15_M07_F04,0,N15_M07_F04_K004_10.mat
1.1403095327512517e-05,0.0004371763843979798,1.7194957471805445e-05,0.0004579340669037632,1.740519731013538e-05,0.0004678604265155503,2.468995856655229e-05,0.0009147261585375802,3.1964328206968604e-06,6.73980476465428e-05,8.501808995202932e-06,0.0009147261585375802,K004,N15_M07_F04,0,N15_M07_F04_K004_11.mat
1.1285312315858039e-05,0.0004596361558316484,1.646731220610437e-05,0.0003411410713097167,1.812183823506234e-05,0.0004959594068926625,2.5206493411968556e-05,0.000841584599839925,3.23557016019585e-06,8.976590629445395e-05,8.62423411941831e-06,0.000841584599839925,K004,N15_M07_F04,0,N15_M07_F04_K004_12.mat
1.1642629092292978e-05,0.00045046192223579097,1.69090038904527e-05,0.00044764384718982357,1.824090871117442e-05,0.0005584083048352533,2.5793023460181235e-05,0.0010474437221657767,3.1748671120124815e-06,7.228539648015993e-05,8.746452450999647e-06,0.0010474437221657767,K004,N15_M07_F04,0,N15_M07_F04_K004_13.mat
1.1656930515747105e-05,0.00047071026951071246,1.7042425018758676e-05,0.0005068026590272226,1.823453919875584e-05,0.0005433242742626666,2.499610166498612e-05,0.0012911835275139266,3.2985458787634986e-06,0.00010159152223516368,8.704558807937301e-06,0.0012911835275139266,K004,N15_M07_F04,0,N15_M07_F04_K004_14.mat
1.0703507877216195e-05,0.00044190983956320253,1.7283060468435208e-05,0.0004986778803292948,1.7288037004265718e-05,0.000490241366632181,2.5305838821966242e-05,0.001032834133015328,3.0771869987234356e-06,5.522466583284899e-05,8.528455694656862e-06,0.001032834133015328,K004,N15_M07_F04,0,N15_M07_F04_K004_15.mat
1.0918961835866075e-05,0.00040342789873791047,1.67145127168921e-05,0.0003602481664774213,1.7525848220370528e-05,0.0004484240553918748,2.5561576963822382e-05,0.0009499855671599089,3.2507741981549173e-06,8.80331329051329e-05,8.66553388931144e-06,0.0009499855671599089,K004,N15_M07_F04,0,N15_M07_F04_K004_16.mat
1.1162119459576136e-05,0.0004406887905899002,1.672829090658547e-05,0.0003970323640925304,1.760959010740406e-05,0.0005561635234421876,2.523462883656299e-05,0.0010528078411956418,3.143204735557502e-06,8.726142381338505e-05,8.568588614555422e-06,0.0010528078411956418,K004,N15_M07_F04,0,N15_M07_F04_K004_17.mat
1.054158883319075e-05,0.00044841109790437657,1.667636821734891e-05,0.00037919649569909445,1.7746144143093714e-05,0.0004508510805062215,2.5124992104843125e-05,0.000821719644942048,3.228063535203846e-06,8.350108037901417e-05,8.585830889900396e-06,0.000821719644942048,K004,N15_M07_F04,0,N15_M07_F04_K004_18.mat
1.082301829044465e-05,0.00042634800738503736,1.7096466742814686e-05,0.0004767291509813427,1.8380663817763423e-05,0.0006420826333469622,2.5063059135069444e-05,0.0009632414439351222,3.1322339857966194e-06,6.393392866376953e-05,8.607126219805807e-06,0.0009632414439351222,K004,N15_M07_F04,0,N15_M07_F04_K004_19.mat
1.1780440882157729e-05,0.0005047722144200766,1.7873132616024956e-05,0.0004117571818265053,1.798070755572298e-05,0.000424213758059194,2.2480417548412938e-05,0.0007057983114770237,3.0582414514963875e-06,9.74153287898337e-05,8.187456061907645e-06,0.0007057983114770237,K004,N15_M07_F04,0,N15_M07_F04_K004_2.mat
1.1187635275096926e-05,0.0005198619402440658,1.6923398732591633e-05,0.000472718661453456,1.778254488785423e-05,0.0004313868156991134,2.466306861947658e-05,0.0011653494258484056,3.2008769971339197e-06,8.23720029131048e-05,8.530009744702256e-06,0.0011653494258484056,K004,N15_M07_F04,0,N15_M07_F04_K004_20.mat
1.1648342982031425e-05,0.00044607403201076657,1.74841898264228e-05,0.00036522609556548377,1.6884993448242378e-05,0.0005866728266307422,2.3452307172920223e-05,0.0008999538020823529,3.236031537337932e-06,9.312155925004726e-05,8.369824565447296e-06,0.0008999538020823529,K004,N15_M07_F04,0,N15_M07_F04_K004_3.mat
1.121483921349601e-05,0.0005600501398521819,1.729729114894846e-05,0.00040003824235991254,1.746536186059214e-05,0.00043260459918663787,2.416357400163769e-05,0.0010647811469277164,3.1118294623927107e-06,0.00010080705255056805,8.414803909416676e-06,0.0010647811469277164,K004,N15_M07_F04,0,N15_M07_F04_K004_4.mat
1.1421320412516719e-05,0.00047997683806210367,1.7180341356284227e-05,0.00034167857170428075,1.7795371795737618e-05,0.0004280956635711728,2.5321198452164946e-05,0.0009782055805068826,3.289106905428271e-06,7.457100286161808e-05,8.725392311864844e-06,0.0009782055805068826,K004,N15_M07_F04,0,N15_M07_F04_K004_5.mat
1.1716267944202022e-05,0.000477819763599302,1.6825230837674126e-05,0.0005645601335841187,1.75861135902466e-05,0.0005287926498366087,2.5366754926513542e-05,0.00126733186579806,3.2678153359489925e-06,8.198156585594356e-05,8.701475032309473e-06,0.00126733186579806,K004,N15_M07_F04,0,N15_M07_F04_K004_6.mat
1.1153850312600492e-05,0.0005233844223637163,1.6736334844231488e-05,0.0004196150739061449,1.7698515294950107e-05,0.00042722650199123597,2.5450546346275016e-05,0.001091801789037984,3.245801454067225e-06,8.712129040131211e-05,8.676173955721738e-06,0.001091801789037984,K004,N15_M07_F04,0,N15_M07_F04_K004_7.mat
1.1516561569297374e-05,0.0005129874433550981,1.6878061205213786e-05,0.0004724883143155094,1.7310914161016907e-05,0.0004742346117856245,2.523679392633066e-05,0.0008249839068935227,3.147908925448217e-06,8.267695363788866e-05,8.561061579635202e-06,0.0008249839068935227,K004,N15_M07_F04,0,N15_M07_F04_K004_8.mat
1.1364019697501962e-05,0.0004541390319099214,1.7056046936616676e-05,0.000381917703534805,1.7837678452235932e-05,0.000516270825030055,2.5851816482209415e-05,0.0009303940370087748,3.181663630176476e-06,7.012518431948945e-05,8.742724496669807e-06,0.0009303940370087748,K004,N15_M07_F04,0,N15_M07_F04_K004_9.mat
1.2237071936351946e-05,0.0005967390712329834,1.6240793239220088e-05,0.00037148987324750525,2.1580092212952945e-05,0.0008098085895149378,3.7486069538438565e-05,0.004631129435212673,3.184585987993911e-06,5.3092324864626654e-05,1.078735494963402e-05,0.004631129435212673,K004,N15_M07_F10,0,N15_M07_F10_K004_1.mat
1.204268463367911e-05,0.0006031488991179404,1.5747679829645388e-05,0.00038207854310663513,2.1110394876396033e-05,0.0007700599172440865,3.7914229099802724e-05,0.004557420920986254,3.0809442593316216e-06,4.159469635245933e-05,1.0720526908650802e-05,0.004557420920986254,K004,N15_M07_F10,0,N15_M07_F10_K004_10.mat
1.1746109658520571e-05,0.0005838622185695368,1.591808411189e-05,0.0003055278867087311,2.1564441090754148e-05,0.0006537427192470307,3.673159110185325e-05,0.00285186843440231,3.277291823971196e-06,4.514363798039605e-05,1.0683247281882417e-05,0.00285186843440231,K004,N15_M07_F10,0,N15_M07_F10_K004_11.mat
1.1646021561312357e-05,0.0005539954597407521,1.552669391165166e-05,0.0003383261615090955,2.1804033472615718e-05,0.0007927916085398437,3.682962477368158e-05,0.002618987368832208,3.15052925329624e-06,6.386939776942147e-05,1.0628199521202994e-05,0.002618987368832208,K004,N15_M07_F10,0,N15_M07_F10_K004_12.mat
1.1385713861337507e-05,0.0005349935858523061,1.5959081811376617e-05,0.00039234358546012815,2.0940433289572688e-05,0.0009463263918788144,3.780191063384053e-05,0.00386865646531035,2.9565218824344626e-06,6.729947067099378e-05,1.0614582616649626e-05,0.00386865646531035,K004,N15_M07_F10,0,N15_M07_F10_K004_13.mat
1.1348335114104937e-05,0.0005395293855122071,1.6080606024577386e-05,0.0003715925260295159,2.1180631952983714e-05,0.0006265126047218117,3.685309907969184e-05,0.003135232324046181,3.2264175819115234e-06,5.0141597750903584e-05,1.0651930297432325e-05,0.003135232324046181,K004,N15_M07_F10,0,N15_M07_F10_K004_14.mat
1.2044131409412508e-05,0.0006175536804114747,1.565732432036843e-05,0.00026450426579502226,2.122778078418264e-05,0.0006631461801300564,3.653962397680668e-05,0.0037976435840576944,3.1332561619587916e-06,6.735361933194644e-05,1.053677416712269e-05,0.0037976435840576944,K004,N15_M07_F10,0,N15_M07_F10_K004_15.mat
1.1604097771531256e-05,0.0005629517994173068,1.5595371454327382e-05,0.0002655664377714012,2.1906173629761356e-05,0.000978044081290302,3.6229791088277454e-05,0.002339026677154539,3.3027192249524665e-06,5.1078486605587904e-05,1.0633470938752362e-05,0.002339026677154539,K004,N15_M07_F10,0,N15_M07_F10_K004_16.mat
1.1010183032955914e-05,0.0004870006407307955,1.5786696062043315e-05,0.00033411443471900384,2.154086211440286e-05,0.0007678390779786107,3.6213454399194365e-05,0.002929166451676967,3.2643802357411572e-06,5.407197587146671e-05,1.0579826661953422e-05,0.002929166451676967,K004,N15_M07_F10,0,N15_M07_F10_K004_17.mat
1.1039570710924071e-05,0.0005579279843398212,1.5891150189376744e-05,0.00030762363125503124,2.062073464900182e-05,0.0006519672963934585,3.610654308452285e-05,0.003041212027345343,3.2442625870015945e-06,5.661050776288308e-05,1.047502198489641e-05,0.003041212027345343,K004,N15_M07_F10,0,N15_M07_F10_K004_18.mat
1.1210861302819267e-05,0.0005575956364324456,1.6318263024014812e-05,0.00030368644423974526,2.1445914429489827e-05,0.0006667544883604728,3.6802328323957815e-05,0.003221466698386377,3.17649507220765e-06,4.459833552888052e-05,1.0633122246945817e-05,0.003221466698386377,K004,N15_M07_F10,0,N15_M07_F10_K004_19.mat
1.2533186556007874e-05,0.0005699602979791728,1.543449128482024e-05,0.00036474143624389157,2.1109079229346202e-05,0.001194964413452255,3.95349684373789e-05,0.004010932443924513,3.1519819170126496e-06,5.861149649400337e-05,1.10268158280983e-05,0.004010932443924513,K004,N15_M07_F10,0,N15_M07_F10_K004_2.mat
1.135761869658014e-05,0.0005040445495122015,1.6371336549753198e-05,0.00035466292507592526,2.138430602269543e-05,0.0007529054337339463,3.7126875535888815e-05,0.003165132652695475,3.2174672048411937e-06,4.571178121195174e-05,1.071866589640151e-05,0.003165132652695475,K004,N15_M07_F10,0,N15_M07_F10_K004_20.mat
1.2521062293917457e-05,0.0006374213572540798,1.5654246401619143e-05,0.0003180294264552076,2.171315088052903e-05,0.0009128032481479834,3.7218331940055156e-05,0.0028924287319349496,3.1413001669220685e-06,5.316298627697726e-05,1.067468366223372e-05,0.0028924287319349496,K004,N15_M07_F10,0,N15_M07_F10_K004_3.mat
1.233022420665733e-05,0.0006145306423347305,1.5810570466975893e-05,0.0003716849051836176,2.140170671660087e-05,0.0007830104517950677,3.6931412789368994e-05,0.003796602421672086,3.195122687390243e-06,5.07228927026555e-05,1.0674510475296184e-05,0.003796602421672086,K004,N15_M07_F10,0,N15_M07_F10_K004_4.mat
1.2473011428872792e-05,0.0005804967200277685,1.6018015304435502e-05,0.00032707232556566257,2.1094893019985066e-05,0.0007681800848277067,3.7328902957959826e-05,0.0028638504748897927,3.2742359784533665e-06,6.333981104786717e-05,1.0798460901957671e-05,0.0028638504748897927,K004,N15_M07_F10,0,N15_M07_F10_K004_5.mat
1.2494563072389156e-05,0.0006452221267398027,1.5804264178253773e-05,0.0004329446963330208,2.1234227027708472e-05,0.0009248166447074954,3.6939694583841215e-05,0.003208665704143187,3.2052055443947542e-06,5.429519476527869e-05,1.0671578718309748e-05,0.003208665704143187,K004,N15_M07_F10,0,N15_M07_F10_K004_6.mat
1.2052458418772258e-05,0.000596422353807169,1.5430704414251304e-05,0.0002906116809749094,2.199580166673073e-05,0.0006677937882462067,3.604631963690685e-05,0.0033451594538950703,3.0580356635109176e-06,6.97471038442977e-05,1.0439152422212031e-05,0.0033451594538950703,K004,N15_M07_F10,0,N15_M07_F10_K004_7.mat
1.1862525441749038e-05,0.0005826931141152028,1.5930673780056784e-05,0.0004260659014758764,2.1545295987868026e-05,0.0008275302571130817,3.7911651776400466e-05,0.004168979469419314,3.0898602807411434e-06,4.9683608770343684e-05,1.0752646355081575e-05,0.004168979469419314,K004,N15_M07_F10,0,N15_M07_F10_K004_8.mat
1.2384251125135652e-05,0.000667787881601786,1.5777708240961478e-05,0.0003287446492050744,2.0795329793012174e-05,0.0007564556738759075,3.7678337338046685e-05,0.0036337041812994596,3.1268195410683665e-06,4.8196379715165293e-05,1.0713860442561713e-05,0.0036337041812994596,K004,N15_M07_F10,0,N15_M07_F10_K004_9.mat
1.1645563933735415e-05,0.0006353347852859259,7.11190658578082e-06,0.00013106293738912646,9.36033738746891e-06,0.0005063460711486747,8.940902691755772e-06,0.00034709983607236273,3.1220544593205793e-06,6.506094262871794e-05,4.955047121304917e-06,0.0006353347852859259,K005,N09_M07_F10,0,N09_M07_F10_K005_1.mat
1.133229555940652e-05,0.0005806377192754538,6.785623103139725e-06,0.00014579731999133768,8.795374554807212e-06,0.00042263553126172453,9.30489520076208e-06,0.000399979326575389,2.976887196473179e-06,4.4767645558910595e-05,4.829537570475597e-06,0.0005806377192754538,K005,N09_M07_F10,0,N09_M07_F10_K005_10.mat
1.156869343679147e-05,0.0006352231019962787,6.844159499885381e-06,0.00017726108217118553,8.665771291840011e-06,0.0006407673673668842,9.524590963288066e-06,0.00046654701687342333,2.9570620766655507e-06,3.913656066200595e-05,4.8607417398530806e-06,0.0006407673673668842,K005,N09_M07_F10,0,N09_M07_F10_K005_11.mat
1.1470642753050317e-05,0.000541812413759441,6.90776208396234e-06,0.00020030799333477773,9.251271645381467e-06,0.0005615034106367991,9.19242321697601e-06,0.0004291385412864737,3.08746823748378e-06,6.693637334511166e-05,4.847262865561411e-06,0.0005615034106367991,K005,N09_M07_F10,0,N09_M07_F10_K005_12.mat
1.1703049366712247e-05,0.0006009621481044798,7.0353487545988614e-06,0.00015938855256338673,8.866183056576061e-06,0.00044827286266252686,9.190066950514523e-06,0.00035830253421196455,3.04511929033919e-06,4.0114030247732774e-05,4.896227569782988e-06,0.0006009621481044798,K005,N09_M07_F10,0,N09_M07_F10_K005_13.mat
1.144500364967802e-05,0.0006279748185799431,7.0965483813316505e-06,0.00017241564093469202,8.908309914223179e-06,0.00043529641569268096,9.241330469977162e-06,0.0005543656800430585,3.122179169839671e-06,4.4033795406696844e-05,4.931022683450109e-06,0.0006279748185799431,K005,N09_M07_F10,0,N09_M07_F10_K005_14.mat
1.1509920247984682e-05,0.0005913780297967193,6.893248526474676e-06,0.00017842115914034094,8.747531175602246e-06,0.00045365846377455854,9.028154203506112e-06,0.00033827458567352916,3.002094298953982e-06,3.9543355909633414e-05,4.813354099721418e-06,0.0005913780297967193,K005,N09_M07_F10,0,N09_M07_F10_K005_15.mat
1.0943362440386609e-05,0.0005769222049730153,6.79950668004654e-06,0.0002069657376884235,8.646551202680395e-06,0.0005305121841550971,9.141558432402084e-06,0.0004067989787645682,3.0140756953736484e-06,3.946293357996418e-05,4.794340780040848e-06,0.0005769222049730153,K005,N09_M07_F10,0,N09_M07_F10_K005_16.mat
1.0941531215756122e-05,0.0006190522468929547,6.565745380256419e-06,0.00019512536727203785,8.35467405892224e-06,0.0005597613010451994,9.097868382886196e-06,0.000388735338479338,2.9945056194354423e-06,3.923057366150895e-05,4.750449739883793e-06,0.0006190522468929547,K005,N09_M07_F10,0,N09_M07_F10_K005_17.mat
1.090066814796509e-05,0.0005781273169264055,6.913858636113762e-06,0.00024266699642869032,8.142663563043316e-06,0.00039034074950778096,9.07490120887886e-06,0.0004421518207533654,2.9802266944025464e-06,4.885917589667969e-05,4.742360573628326e-06,0.0005781273169264055,K005,N09_M07_F10,0,N09_M07_F10_K005_18.mat
1.073321020397925e-05,0.0005680628563364714,6.714917833658591e-06,0.00014434494216994902,8.596851143004081e-06,0.0005317065206567054,8.77354347306412e-06,0.0003344772330025512,3.004668696473838e-06,4.714043678319143e-05,4.727774783164986e-06,0.0005680628563364714,K005,N09_M07_F10,0,N09_M07_F10_K005_19.mat
1.210110245357275e-05,0.0006353268014748911,7.14772063759271e-06,0.00013931475748788175,9.428543452621197e-06,0.0004279703099344851,9.063478932160567e-06,0.00043412769821839984,3.055568802374097e-06,4.248927433025884e-05,4.941563194219861e-06,0.0006353268014748911,K005,N09_M07_F10,0,N09_M07_F10_K005_2.mat
1.1012833737769237e-05,0.0005773996116671633,6.859901020364993e-06,0.0001608078186247015,8.56199904632933e-06,0.00046431849933603034,9.105428426760448e-06,0.00037895526695147036,3.062144992061086e-06,3.90869467362864e-05,4.843493211860503e-06,0.0005773996116671633,K005,N09_M07_F10,0,N09_M07_F10_K005_20.mat
1.2071214547080241e-05,0.0007068640571485195,7.211599132974299e-06,0.00015413994837986774,9.965715864314645e-06,0.0005008823556438833,9.03677889376584e-06,0.00039931685208887644,3.110559890778547e-06,3.895404172727163e-05,5.019600993213714e-06,0.0007068640571485195,K005,N09_M07_F10,0,N09_M07_F10_K005_3.mat
1.1833463664316992e-05,0.0006396146037447127,7.188275723677024e-06,0.00018764685099687654,9.12663883783845e-06,0.00038339428380154786,9.284932760425134e-06,0.0003578276835150402,3.1162940615682813e-06,4.669602725334563e-05,4.962114581117386e-06,0.0006396146037447127,K005,N09_M07_F10,0,N09_M07_F10_K005_4.mat
1.1053586029473667e-05,0.0005593028782180619,7.507398368374624e-06,0.00021365202990242992,9.548600636147099e-06,0.0005341144412930932,9.301925226885927e-06,0.0003835451654331503,3.0729605794435885e-06,4.636465455042057e-05,4.998728444254911e-06,0.0005593028782180619,K005,N09_M07_F10,0,N09_M07_F10_K005_5.mat
1.119329335466761e-05,0.0006301368820055614,7.383519572477627e-06,0.00023021470166883622,9.125667063119819e-06,0.00040760052636624436,9.278841557419052e-06,0.0003956424247007801,3.1030663552139207e-06,5.8527384416369055e-05,4.960985304679504e-06,0.0006301368820055614,K005,N09_M07_F10,0,N09_M07_F10_K005_6.mat
1.1922981675241546e-05,0.0006322043326843613,6.927865450290468e-06,0.00015084851975761992,9.278529150956647e-06,0.00037043515813828357,9.202356235759049e-06,0.0002910320876114172,2.9121794750236128e-06,4.1099638111530054e-05,4.8564582884542675e-06,0.0006322043326843613,K005,N09_M07_F10,0,N09_M07_F10_K005_7.mat
1.3023735071755621e-05,0.000653214010358565,8.786932562264477e-06,0.0002006654457219877,1.08826198214072e-05,0.0004700660107105016,1.118807818328726e-05,0.0003659788707715621,4.85299340604922e-06,8.150840403574996e-05,6.727036373178968e-06,0.000653214010358565,K005,N09_M07_F10,0,N09_M07_F10_K005_8.mat
1.0835809068254186e-05,0.0005753518197783567,7.1290340819486965e-06,0.00014559187509319703,9.11262392237852e-06,0.0005656788727053843,9.205475866080963e-06,0.0003608690807578612,2.9780886685721986e-06,4.228158658961058e-05,4.83593763181831e-06,0.0005753518197783567,K005,N09_M07_F10,0,N09_M07_F10_K005_9.mat
1.2514971680783194e-05,0.0006321640945156479,3.91048017143454e-05,0.00173076430692041,4.512440626817467e-05,0.0027575123024864284,3.958007827870213e-05,0.002402885238483221,3.0580470338336414e-06,7.011051822870667e-05,1.4014639749388261e-05,0.0027575123024864284,K005,N15_M01_F10,0,N15_M01_F10_K005_1.mat
1.278786395813627e-05,0.0006227546076219299,3.862135028826305e-05,0.0016161314604284439,4.91688949311044e-05,0.0026862473495991965,4.094165591689258e-05,0.0035807732197789027,3.087107406938666e-06,4.122064565727323e-05,1.4526829797903651e-05,0.0035807732197789027,K005,N15_M01_F10,0,N15_M01_F10_K005_10.mat
1.2458126153610224e-05,0.0006369759153743151,3.852189071839655e-05,0.0016157442155573464,4.839589499255046e-05,0.003428177127170885,4.2051263630324e-05,0.0027806293143593686,3.0408413001746528e-06,4.68499634282163e-05,1.4591347636809967e-05,0.003428177127170885,K005,N15_M01_F10,0,N15_M01_F10_K005_11.mat
1.28976729457473e-05,0.0006627360403844129,3.749923518117666e-05,0.0015351872723130102,4.943256863540694e-05,0.0025513841230546883,4.1928339565150394e-05,0.0027539990308967427,3.09505015118576e-06,4.679665532395801e-05,1.4628021769760724e-05,0.0027539990308967427,K005,N15_M01_F10,0,N15_M01_F10_K005_12.mat
1.2629689796599108e-05,0.0006162735408634459,3.809587032718105e-05,0.0015623463371636133,4.9968410997179886e-05,0.002831974638602542,4.191399942589043e-05,0.0024224515929019614,2.986505530249373e-06,3.96276169945956e-05,1.464757851682781e-05,0.002831974638602542,K005,N15_M01_F10,0,N15_M01_F10_K005_13.mat
1.2497825752842873e-05,0.0005711038950076766,3.9097540067529016e-05,0.0015454037759530556,4.7818768073799165e-05,0.002418884577606346,4.2538862100450386e-05,0.0024441747454362196,3.0960037638054956e-06,4.34379312788637e-05,1.4726876208495929e-05,0.0024441747454362196,K005,N15_M01_F10,0,N15_M01_F10_K005_14.mat
1.2343046256733726e-05,0.0006004310068502422,3.814236842340983e-05,0.0015567927453238079,4.829305205655037e-05,0.00256004879871764,4.273126335966076e-05,0.002390479451458859,3.1164174769531037e-06,4.669163896248576e-05,1.4704274469448407e-05,0.00256004879871764,K005,N15_M01_F10,0,N15_M01_F10_K005_15.mat
1.1907954402485572e-05,0.0005427269869779509,3.719221838541069e-05,0.001639775662112816,4.8116875717842715e-05,0.0022005925555845813,4.2814597525376157e-05,0.0026609024524913653,3.035383329212124e-06,4.42279477526519e-05,1.4593361030889482e-05,0.0026609024524913653,K005,N15_M01_F10,0,N15_M01_F10_K005_16.mat
1.2713266354826448e-05,0.0006225604489449106,3.8042201897396126e-05,0.0014089230336012234,4.7429837997871645e-05,0.002426539216804413,4.320631265537251e-05,0.00278149379949977,3.103536539664496e-06,4.1229157010022335e-05,1.4757092182108185e-05,0.00278149379949977,K005,N15_M01_F10,0,N15_M01_F10_K005_17.mat
1.2323046715775588e-05,0.0005994595357886988,3.696213803938617e-05,0.0015500863479841497,5.13042219323912e-05,0.0024407011262202543,4.3736755327854424e-05,0.0025223391555231726,3.222072389874408e-06,3.4244325139932115e-05,1.5058880218718955e-05,0.0025223391555231726,K005,N15_M01_F10,0,N15_M01_F10_K005_18.mat
1.4304101285305e-05,0.0006659334188429314,3.9353576656857696e-05,0.0015576097411412013,5.093555478284161e-05,0.002207285169300394,4.461564917240232e-05,0.003949935991295778,4.9821966513414374e-06,6.230617853202602e-05,1.6592276851282374e-05,0.003949935991295778,K005,N15_M01_F10,0,N15_M01_F10_K005_19.mat
1.2018440143394592e-05,0.0006476694080630356,4.078041258297307e-05,0.0016446326885837222,4.67755715138611e-05,0.0031679795082338634,3.96220047201886e-05,0.0031425407354995355,2.994001961061238e-06,4.3766355921669735e-05,1.4208168384234595e-05,0.0031679795082338634,K005,N15_M01_F10,0,N15_M01_F10_K005_2.mat
1.2351213661686706e-05,0.0006052688093830817,3.795794849196792e-05,0.0015620622791931691,4.769367806178555e-05,0.00244627251038921,4.3561596708920866e-05,0.0026478215959060128,3.117153145127247e-06,5.121387546490871e-05,1.4798499350723036e-05,0.0026478215959060128,K005,N15_M01_F10,0,N15_M01_F10_K005_20.mat
1.159272248904053e-05,0.0005884961293524195,4.0706507415900075e-05,0.001756593111872681,4.91337492005279e-05,0.0030047004666029845,3.905142682886055e-05,0.002584727571525322,3.1851308621665992e-06,3.9725573504945536e-05,1.4343334916865018e-05,0.0030047004666029845,K005,N15_M01_F10,0,N15_M01_F10_K005_3.mat
1.194081340445527e-05,0.0005787130723578375,4.235236065639637e-05,0.001768200205487194,4.878594268067357e-05,0.0037929149095064438,4.0702761676928734e-05,0.002888240081645553,3.0221749323739186e-06,4.688281440857959e-05,1.4622179501076775e-05,0.0037929149095064438,K005,N15_M01_F10,0,N15_M01_F10_K005_4.mat
1.2080331353314308e-05,0.0005889846631841757,4.213339920294876e-05,0.001945786062068049,4.9811628205444215e-05,0.0036834016333611047,4.130249899729563e-05,0.0027476237350546793,3.1480667295074535e-06,3.808168511811979e-05,1.4844056023777531e-05,0.0036834016333611047,K005,N15_M01_F10,0,N15_M01_F10_K005_5.mat
1.2460385670255139e-05,0.0007711618467461071,4.023075924754416e-05,0.0015449137933263057,4.831812005552944e-05,0.0028874698956527717,4.100802917731358e-05,0.0022815983847856414,2.925041008088116e-06,3.492050197935137e-05,1.4449518096326374e-05,0.0028874698956527717,K005,N15_M01_F10,0,N15_M01_F10_K005_6.mat
1.257646284763656e-05,0.0006278158802227587,3.837036095557245e-05,0.0015898932756829923,5.041634549607325e-05,0.0022100586005927756,4.1757182012623066e-05,0.003017322209100494,3.356028664944332e-06,0.0002667724350653452,1.4420587348985489e-05,0.003017322209100494,K005,N15_M01_F10,0,N15_M01_F10_K005_7.mat
1.248527000672763e-05,0.0006011288425097057,3.78729319189401e-05,0.0016185661364479485,4.740727328531944e-05,0.0024631445209934277,4.091300916222208e-05,0.003012416967907202,3.013462863398938e-06,4.7504020797223445e-05,1.4314981855809185e-05,0.003012416967907202,K005,N15_M01_F10,0,N15_M01_F10_K005_8.mat
1.2612992928606458e-05,0.0005993737829012841,3.769079162589712e-05,0.0015685113500812278,5.31285996815821e-05,0.003937452484430507,4.214847447142069e-05,0.00336004073810162,3.374084998016747e-06,0.0001621664978556137,1.4603480704519783e-05,0.003937452484430507,K005,N15_M01_F10,0,N15_M01_F10_K005_9.mat
1.1453848734651331e-05,0.000499194041566049,2.577679541250076e-05,0.0011099288326253027,2.430766898486262e-05,0.0011548423812849976,3.379862713953988e-05,0.0016340972155299976,3.481217145550265e-06,0.00012902756147697603,1.1016244572842316e-05,0.0016340972155299976,K005,N15_M07_F04,0,N15_M07_F04_K005_1.mat
1.1292655156869405e-05,0.0006054322033759553,2.6300033492635066e-05,0.0008687603125411968,2.8057649154530957e-05,0.0010599601681371023,3.428036379850087e-05,0.001680338598909441,3.584023785140609e-06,8.02932435524199e-05,1.1418115629271293e-05,0.001680338598909441,K005,N15_M07_F04,0,N15_M07_F04_K005_10.mat
1.3054890991889563e-05,0.0006728040772187743,2.8406227951843337e-05,0.0009566416275054902,3.093131428964668e-05,0.001102738353530063,3.651644853536257e-05,0.0012943840401963536,5.520070289031109e-06,0.00013375533254200898,1.3450103778065678e-05,0.0012943840401963536,K005,N15_M07_F04,0,N15_M07_F04_K005_11.mat
1.3233541306226761e-05,0.0006598518030054243,2.8473451808924844e-05,0.001142201946882608,3.170699851267054e-05,0.0015035854055650442,3.634964143033864e-05,0.0013408999922835704,5.537472833794794e-06,0.00011600639550989828,1.347351070789197e-05,0.0015035854055650442,K005,N15_M07_F04,0,N15_M07_F04_K005_12.mat
1.3194317533539299e-05,0.0006250092298985306,2.6834112188541403e-05,0.0008692744191866696,3.023811090569637e-05,0.0012149732107864723,3.6159063541446184e-05,0.0016307554280351802,5.515837594019495e-06,0.00011117765273348693,1.324028306182317e-05,0.0016307554280351802,K005,N15_M07_F04,0,N15_M07_F04_K005_13.mat
1.32629778712064e-05,0.0006081542033863459,2.9511611307753183e-05,0.001232063350736498,3.196836877258003e-05,0.0014599032765676815,3.727207608262753e-05,0.0020390749953043967,5.665920306279857e-06,9.618984047213852e-05,1.3765729068682248e-05,0.0020390749953043967,K005,N15_M07_F04,0,N15_M07_F04_K005_14.mat
1.3745506690570321e-05,0.0006683424014316545,2.8717561554288817e-05,0.0013117232671299719,3.0193051783808196e-05,0.0012421882390053444,3.5587105531005826e-05,0.0018856458552056333,5.82204962319077e-06,0.00011731457979823274,1.3472368430242167e-05,0.0018856458552056333,K005,N15_M07_F04,0,N15_M07_F04_K005_15.mat
1.2874005818871385e-05,0.0005234311396328766,2.826873907709433e-05,0.0009058717577204002,3.025261163818436e-05,0.0008899439636839731,3.5021894885784265e-05,0.001735727536688205,5.347828970476863e-06,0.00012291631771716008,1.3033253766358569e-05,0.001735727536688205,K005,N15_M07_F04,0,N15_M07_F04_K005_16.mat
1.3303906627130237e-05,0.0007335523110992589,2.7427064088371854e-05,0.001265767457163213,3.092898622038799e-05,0.0011471824654849722,3.604183136079873e-05,0.0017129449347400758,5.329196218671675e-06,0.00012214737523149631,1.31806609164087e-05,0.0017129449347400758,K005,N15_M07_F04,0,N15_M07_F04_K005_17.mat
1.4991360957594083e-05,0.0007428127924326376,2.9753004784176705e-05,0.0008702853569002748,3.287314263257706e-05,0.0009891672871329216,3.749994289803749e-05,0.001651000128031869,7.424934302480972e-06,0.00016935472777657995,1.5152083999146e-05,0.001651000128031869,K005,N15_M07_F04,0,N15_M07_F04_K005_18.mat
1.5323972802590207e-05,0.0006427877670771737,3.140574536437732e-05,0.0010288261088333636,3.407197716667872e-05,0.0012444138841966445,3.89982473261443e-05,0.0017767653997830886,7.684854966268477e-06,0.00013510397396517405,1.5827740340577403e-05,0.0017767653997830886,K005,N15_M07_F04,0,N15_M07_F04_K005_19.mat
1.1666930556427487e-05,0.00056460028650032,2.565332479810328e-05,0.0009941588340863967,2.4013623247282588e-05,0.0009236416509831893,3.3025301730923676e-05,0.0015663640354171126,3.4855610743266987e-06,9.815485533462246e-05,1.0895760747088549e-05,0.0015663640354171126,K005,N15_M07_F04,0,N15_M07_F04_K005_2.mat
1.4960189669199467e-05,0.0006682518038138064,2.9877179907905917e-05,0.001288958331204525,3.2604872443914864e-05,0.0018605330744979668,3.694694089863961e-05,0.0014300320145154864,6.9084513070123435e-06,0.00013051230894682857,1.4701749723700653e-05,0.0018605330744979668,K005,N15_M07_F04,0,N15_M07_F04_K005_20.mat
1.1857226156730211e-05,0.0005974808132270173,2.601786046631221e-05,0.0011012263948267816,2.5386629050291088e-05,0.0009883657874897064,3.3753024470050145e-05,0.0017022409187427206,3.490212431549391e-06,7.983452026960944e-05,1.112775934488443e-05,0.0017022409187427206,K005,N15_M07_F04,0,N15_M07_F04_K005_3.mat
1.1883255525953501e-05,0.0006586335156903739,2.6182483501064944e-05,0.0011337014768556433,2.615077784950488e-05,0.0009826193335231955,3.4037943070965016e-05,0.0023030341278390265,3.594870217132022e-06,0.00011118219628444345,1.1292688846542361e-05,0.0023030341278390265,K005,N15_M07_F04,0,N15_M07_F04_K005_4.mat
1.2057621214603712e-05,0.0005532623424114562,2.573435590595386e-05,0.0009431192707085148,2.6871197282953737e-05,0.0012219313452910732,3.3942923354068675e-05,0.0016721060908760008,3.6476126319633973e-06,0.00011937090447511563,1.1347696596932931e-05,0.0016721060908760008,K005,N15_M07_F04,0,N15_M07_F04_K005_5.mat
1.2106529247915284e-05,0.0005827618486967188,2.6432309264762986e-05,0.000901499124185996,2.7243255515677874e-05,0.0009328527185865424,3.364123175157663e-05,0.0017972808950991405,3.726633991090613e-06,0.00011423773486728748,1.1369465533850048e-05,0.0017972808950991405,K005,N15_M07_F04,0,N15_M07_F04_K005_6.mat
1.1632917514239069e-05,0.0004905973152132835,2.628184890043446e-05,0.000820361338096698,2.981283629076098e-05,0.0011918648610782863,3.3116678596956445e-05,0.0014543528062541343,4.58443818391103e-06,0.00036022346371860226,1.1461933381662668e-05,0.0014543528062541343,K005,N15_M07_F04,0,N15_M07_F04_K005_7.mat
1.115995335743681e-05,0.000545323082280194,2.6587337580633906e-05,0.0011842639093339947,2.8247168226232436e-05,0.0011435002858371103,3.485956507771942e-05,0.0021289007641829344,3.679544724182117e-06,0.00011503767513613308,1.1568254706100981e-05,0.0021289007641829344,K005,N15_M07_F04,0,N15_M07_F04_K005_8.mat
1.1572301134339555e-05,0.000513899469683843,2.6127886141314646e-05,0.0009439679429350306,2.9118320681200322e-05,0.0011850153818352214,3.496051911454179e-05,0.0019080285149762092,3.6237636535386635e-06,0.00010978968744944726,1.162481079099486e-05,0.0019080285149762092,K005,N15_M07_F04,0,N15_M07_F04_K005_9.mat
1.7619758357246265e-05,0.0010429159467146003,4.535174351624893e-05,0.0016870073512577767,5.049025095501737e-05,0.0025852852010720584,3.6256551550153226e-05,0.0016588576516718913,3.5140308433164633e-06,4.765455532081422e-05,1.4716983714515524e-05,0.0025852852010720584,K005,N15_M07_F10,0,N15_M07_F10_K005_1.mat
1.5048194530753523e-05,0.0008490826911312024,4.520341337439615e-05,0.0016930051664205514,5.443396840018514e-05,0.0025951443058109575,3.7330883794570795e-05,0.0015570208297325163,3.555940957509006e-06,0.00021669678766628067,1.464318273746657e-05,0.0025951443058109575,K005,N15_M07_F10,0,N15_M07_F10_K005_10.mat
1.4019235911836337e-05,0.0007714251831338712,4.4476142131919473e-05,0.0016918292007505455,5.101872393525968e-05,0.0028390152743361314,3.6868331694496705e-05,0.0015581713079753957,3.1472918091857113e-06,4.090086215199954e-05,1.446213831815751e-05,0.0028390152743361314,K005,N15_M07_F10,0,N15_M07_F10_K005_11.mat
1.4230954503494458e-05,0.0007571625088234361,4.5358978021899255e-05,0.0015708337871632027,5.05733697722285e-05,0.002585678957304882,3.788115747753225e-05,0.0019196822619551976,3.1847129228350545e-06,4.3956864016979223e-05,1.4639284714453441e-05,0.002585678957304882,K005,N15_M07_F10,0,N15_M07_F10_K005_12.mat
1.4241718881990187e-05,0.0007287702209438997,4.258996974557404e-05,0.0017347411470533076,5.0885291520715355e-05,0.0027949792590181094,3.848841621973587e-05,0.002340976638687796,3.163970113468018e-06,5.43341586262007e-05,1.4572489922103783e-05,0.0027949792590181094,K005,N15_M07_F10,0,N15_M07_F10_K005_13.mat
1.3510362054053638e-05,0.0006804611637561788,4.269150139250303e-05,0.0017769151823119945,5.1291440160788366e-05,0.0025367530403383313,3.7011275319126535e-05,0.001704734467841587,3.2017626913546267e-06,5.439569633080827e-05,1.435913121267085e-05,0.0025367530403383313,K005,N15_M07_F10,0,N15_M07_F10_K005_14.mat
1.3997131476446848e-05,0.0006939055808306766,4.3085387146580885e-05,0.00151296158527175,4.877500174229629e-05,0.004143793120359522,3.830270576542931e-05,0.0021852402569145116,3.3406161369768208e-06,5.36773759880736e-05,1.4525470612326014e-05,0.004143793120359522,K005,N15_M07_F10,0,N15_M07_F10_K005_15.mat
1.3473260379769274e-05,0.0008046000034668462,4.260465671291999e-05,0.00164253354286061,5.0763709168034716e-05,0.0023524900294996267,3.804393592270787e-05,0.0017291871163570293,3.2725078912320747e-06,5.6572388973899605e-05,1.4558350892377397e-05,0.0023524900294996267,K005,N15_M07_F10,0,N15_M07_F10_K005_16.mat
1.4572839920071118e-05,0.0007776379676717061,4.457438385765432e-05,0.0016559894315403758,5.206044688230063e-05,0.0030119637604111996,3.8732999124914396e-05,0.002330101464724618,3.3767769695887436e-06,4.270725017348607e-05,1.4961321301734186e-05,0.0030119637604111996,K005,N15_M07_F10,0,N15_M07_F10_K005_17.mat
1.3763339617531617e-05,0.0007219240216303709,4.446221628246547e-05,0.0017759511939392663,4.9325197906021716e-05,0.0020521487333746632,3.8256272610192186e-05,0.0022784787426104376,3.2932479667086733e-06,4.5062084847855606e-05,1.4635221607679735e-05,0.0022784787426104376,K005,N15_M07_F10,0,N15_M07_F10_K005_18.mat
1.5584455382496802e-05,0.0007930902693656368,4.166858816880789e-05,0.0015974635544244017,5.255747044122095e-05,0.005228592745046121,3.894901260575919e-05,0.002730642477887827,3.350988371728363e-06,5.1249357941453316e-05,1.4874570967852784e-05,0.005228592745046121,K005,N15_M07_F10,0,N15_M07_F10_K005_19.mat
1.584397369572475e-05,0.0008473181526575432,4.5294114147767034e-05,0.001593035676724725,5.194445273593675e-05,0.0030893415728508182,3.500225169706767e-05,0.0018024345055296523,3.197998273224427e-06,6.578010957297439e-05,1.4333109831171604e-05,0.0030893415728508182,K005,N15_M07_F10,0,N15_M07_F10_K005_2.mat
1.2428802329899257e-05,0.0006932934523319697,4.147516791541572e-05,0.001657611053111186,5.141650348919606e-05,0.003377116250968812,3.821622046675636e-05,0.002086967967998752,3.2773702479913673e-06,4.2651181006467676e-05,1.4518981762262946e-05,0.003377116250968812,K005,N15_M07_F10,0,N15_M07_F10_K005_20.mat
1.5476253020417124e-05,0.000789507869228766,4.438418056753335e-05,0.0015685987202260871,5.258274908731931e-05,0.002046491355193641,3.663808966135646e-05,0.0018846838024801642,3.5349884308735025e-06,0.00012237921405126078,1.4362740191753943e-05,0.002046491355193641,K005,N15_M07_F10,0,N15_M07_F10_K005_3.mat
1.512922554945768e-05,0.0008977419359510679,4.330387602629324e-05,0.00166802654742028,5.271051353302023e-05,0.002181563436848133,3.612072910165653e-05,0.0017454110338129812,3.4735228114790206e-06,0.00016861500337944643,1.420000541824963e-05,0.002181563436848133,K005,N15_M07_F10,0,N15_M07_F10_K005_4.mat
1.433716037141712e-05,0.0007536854014419969,4.328160440660421e-05,0.0017367474531706135,4.799281912550845e-05,0.001805411479300624,3.5102749455031255e-05,0.002084933670583975,3.1726517289446547e-06,4.186016402706537e-05,1.3902273541216687e-05,0.002084933670583975,K005,N15_M07_F10,0,N15_M07_F10_K005_5.mat
1.4500718037245352e-05,0.0007886054026143616,4.4550913194444534e-05,0.0017393554142875404,4.8879947136863314e-05,0.003129851361986684,3.610572703132476e-05,0.001446797138336165,3.191297441852638e-06,5.132025204264966e-05,1.4224801598617295e-05,0.003129851361986684,K005,N15_M07_F10,0,N15_M07_F10_K005_6.mat
1.5066808092812624e-05,0.0008524783817879554,4.277683751663164e-05,0.0016907436825342106,5.3831359932033444e-05,0.0027312266136165866,3.682612512286639e-05,0.002142704106185864,3.3650377491026396e-06,0.00014220966094825456,1.4246879791033666e-05,0.0027312266136165866,K005,N15_M07_F10,0,N15_M07_F10_K005_7.mat
1.5188376909285428e-05,0.000811076065637742,4.429313139954566e-05,0.0016513373478296053,5.434801037421939e-05,0.0021897082669928613,3.715092320410536e-05,0.0018305828609347047,3.463305519157964e-06,0.00015832958065422072,1.4536957469408797e-05,0.0021897082669928613,K005,N15_M07_F10,0,N15_M07_F10_K005_8.mat
1.3543576836168497e-05,0.0006893739864479716,4.323329218284098e-05,0.0016342446150397099,5.126670384927543e-05,0.00225338104836703,3.763834851190903e-05,0.00201394849274358,3.2025192145408207e-06,4.3003300985912336e-05,1.4516545257851665e-05,0.00225338104836703,K005,N15_M07_F10,0,N15_M07_F10_K005_9.mat
5.0815814000577216e-05,0.0014345938700195714,4.760118683579956e-05,0.000484422263785109,4.922926909868152e-05,0.0007213537334187407,5.347277300985319e-05,0.0010089339158174618,4.510187438455241e-05,0.0005304310029149702,4.704133513015655e-05,0.0014345938700195714,K006,N09_M07_F10,0,N09_M07_F10_K006_1.mat
5.877401405911542e-05,0.001433152613936786,6.003893577550033e-05,0.0007254811879569629,5.849889413646149e-05,0.0010821421558191656,6.260244669345464e-05,0.00102952470862916,5.607828155320958e-05,0.0007721799037785445,5.718486836809216e-05,0.001433152613936786,K006,N09_M07_F10,0,N09_M07_F10_K006_10.mat
6.0888300009495535e-05,0.0013760494656817612,5.927988669570634e-05,0.0007737897954807608,6.026060146761914e-05,0.001138348834296535,6.218591374740202e-05,0.0009679464820036734,5.552429136846136e-05,0.0010964371611126256,5.735452597571825e-05,0.0013760494656817612,K006,N09_M07_F10,0,N09_M07_F10_K006_11.mat
5.6507100046058914e-05,0.0011243015044674314,5.21544360006528e-05,0.0005033327532605646,5.247190465176195e-05,0.000756571852930218,5.61576507015612e-05,0.0008412670432570216,5.045705228636071e-05,0.0007709354208422223,5.124508188114224e-05,0.0011243015044674314,K006,N09_M07_F10,0,N09_M07_F10_K006_12.mat
5.146920848699557e-05,0.0012368843398932506,5.0592864153214216e-05,0.000581849390693174,5.0550383072481615e-05,0.0006002865913321823,5.48788687067199e-05,0.001059923661029831,4.813170326032845e-05,0.0006976700037581356,4.9361152452885945e-05,0.0012368843398932506,K006,N09_M07_F10,0,N09_M07_F10_K006_13.mat
4.879007456911508e-05,0.0011006577569172987,4.763728107652377e-05,0.0004705847993439054,4.505869401415101e-05,0.0006464664130277693,4.849730129787235e-05,0.0007401809791761496,4.203803092454246e-05,0.000606520146330444,4.378680794157792e-05,0.0011006577569172987,K006,N09_M07_F10,0,N09_M07_F10_K006_14.mat
4.862832314298492e-05,0.001138390236004293,4.6129896847048495e-05,0.0006713475798552789,4.5024972610078584e-05,0.0006560315624027118,4.8410633559763814e-05,0.0007760105176780622,4.310922255387223e-05,0.0006884923994688873,4.392591785934428e-05,0.001138390236004293,K006,N09_M07_F10,0,N09_M07_F10_K006_15.mat
4.7225583018761825e-05,0.001109425609391146,4.7166517615138064e-05,0.0006108983431026409,4.633937979756593e-05,0.0005253139383624833,5.0116637605699256e-05,0.0007223071280853473,4.2653330801162226e-05,0.0005383683953580199,4.4680151763821744e-05,0.001109425609391146,K006,N09_M07_F10,0,N09_M07_F10_K006_16.mat
4.783150964652656e-05,0.0008675519684415723,4.6552275376617936e-05,0.0004948001696090243,4.620726416201925e-05,0.0006927923042236155,4.7853742234186606e-05,0.0007944896233870017,4.308368550972044e-05,0.0005396272590453564,4.3970651606456246e-05,0.0008675519684415723,K006,N09_M07_F10,0,N09_M07_F10_K006_17.mat
5.738025082426015e-05,0.0012059681682084105,5.291666376875382e-05,0.0006281465436579933,5.4345398948981166e-05,0.0005373310262979575,5.598390244979124e-05,0.000904515657084086,5.045906515839804e-05,0.000651754918164562,5.168379324032447e-05,0.0012059681682084105,K006,N09_M07_F10,0,N09_M07_F10_K006_18.mat
5.433471793004472e-05,0.001161834056897622,5.3959289183178925e-05,0.0005254538071846958,5.17475589988159e-05,0.0007342013806511714,5.314060144931225e-05,0.0007878862637379376,4.9613088553874934e-05,0.0008707883236508692,5.008592991802423e-05,0.001161834056897622,K006,N09_M07_F10,0,N09_M07_F10_K006_19.mat
5.221962204665882e-05,0.0010657792130172278,5.048349081756182e-05,0.0005578068451865679,5.0422199246968485e-05,0.0007371237972445939,5.283790259269117e-05,0.0008494367088148827,4.544074953385377e-05,0.0005375949360437757,4.746394655908382e-05,0.0010657792130172278,K006,N09_M07_F10,0,N09_M07_F10_K006_2.mat
4.8413023942340744e-05,0.000877192074135029,4.4660555386168325e-05,0.0004720619739747092,4.4827500673012424e-05,0.0007518067875414308,4.7378617142254386e-05,0.0007799170597180338,4.202928705615502e-05,0.0005418568526510657,4.318219169363347e-05,0.000877192074135029,K006,N09_M07_F10,0,N09_M07_F10_K006_20.mat
4.972119481672364e-05,0.0009830885518275238,4.659866322457214e-05,0.00044338374983252414,4.7261747049060965e-05,0.0006358310575139972,5.096834806904206e-05,0.0010579729111659635,4.341107498369327e-05,0.0005267145839420678,4.509116525368614e-05,0.0010579729111659635,K006,N09_M07_F10,0,N09_M07_F10_K006_3.mat
4.8796784768311504e-05,0.0012775503828341798,4.606554215833493e-05,0.0005039062099699175,4.76826379290242e-05,0.0005957747813595773,5.0571077447287645e-05,0.0009065759448922942,4.239626777110571e-05,0.0005835854031409238,4.4593589878794815e-05,0.0012775503828341798,K006,N09_M07_F10,0,N09_M07_F10_K006_4.mat
5.045146391023513e-05,0.0013226467442069966,4.659677210868979e-05,0.0006043410744182462,4.538782211391381e-05,0.0004891128672929535,4.8985650413029295e-05,0.0008695920520260695,4.305477182683376e-05,0.00048353557237930416,4.418443531904994e-05,0.0013226467442069966,K006,N09_M07_F10,0,N09_M07_F10_K006_5.mat
4.750788360144102e-05,0.0011980132966943396,4.649467308221035e-05,0.0004538039977754583,4.40038160103842e-05,0.0006335222300754023,4.933823439360313e-05,0.0007980196904582171,4.326040367770764e-05,0.0006779062090767548,4.412573311755761e-05,0.0011980132966943396,K006,N09_M07_F10,0,N09_M07_F10_K006_6.mat
5.007110291920857e-05,0.0010602392595882896,4.703621850690762e-05,0.0005050209575697361,4.686122986160892e-05,0.0005546462864987749,4.990789409467663e-05,0.000695310698756792,4.332420587529163e-05,0.000577868933862668,4.472594099320091e-05,0.0010602392595882896,K006,N09_M07_F10,0,N09_M07_F10_K006_7.mat
5.6338013137802005e-05,0.0010376742719339933,5.598936752518978e-05,0.0005993564441448248,5.537502804520204e-05,0.0006503852223107542,5.844902137934844e-05,0.0008425982608688739,5.2974592142456885e-05,0.0007589589791009811,5.385696396620221e-05,0.0010376742719339933,K006,N09_M07_F10,0,N09_M07_F10_K006_8.mat
5.7062010921216104e-05,0.001605396376409287,5.298116669079217e-05,0.0005626235471814595,5.4726593145307316e-05,0.0007984975662863683,5.836241241924792e-05,0.0008810875983104793,5.015567100402715e-05,0.0007222817095362424,5.2289051122917443e-05,0.001605396376409287,K006,N09_M07_F10,0,N09_M07_F10_K006_9.mat
5.3940351035608095e-05,0.0009643568119701522,5.9611971310084334e-05,0.0006940956400288321,7.941768034534277e-05,0.0021587072192046845,8.846112950483174e-05,0.004737120527038973,4.764159718537918e-05,0.000559709527620538,5.686990171100882e-05,0.004737120527038973,K006,N15_M01_F10,0,N15_M01_F10_K006_1.mat
5.072433274755188e-05,0.001132441746115327,5.5585389411408275e-05,0.0008891323985347145,7.966403967767624e-05,0.002298908317223302,7.97402239849409e-05,0.004936244331433731,4.375073510493309e-05,0.0006176155693299224,5.228701035809119e-05,0.004936244331433731,K006,N15_M01_F10,0,N15_M01_F10_K006_10.mat
6.760453535515306e-05,0.0010354387470518616,7.419296214930535e-05,0.0009912639923792287,9.449855618337479e-05,0.001894068382023991,9.952518603223845e-05,0.005691463543177011,6.193890465666627e-05,0.0010490079124327368,7.080260030526915e-05,0.005691463543177011,K006,N15_M01_F10,0,N15_M01_F10_K006_11.mat
6.170512284786757e-05,0.0010571909715460738,6.369318978131713e-05,0.0008466452147997055,8.74697086021588e-05,0.0019313277629064898,8.826671189998884e-05,0.005615583515504096,5.380324873190325e-05,0.0006816914333051887,6.13039560933875e-05,0.005615583515504096,K006,N15_M01_F10,0,N15_M01_F10_K006_12.mat
6.136485009938291e-05,0.0011856338799140895,6.6661809004836e-05,0.0007597254190024205,8.787095278583213e-05,0.002121138671150692,9.00463267135232e-05,0.0049617641728888625,5.4305894387136315e-05,0.0006908042365713805,6.28526313888471e-05,0.0049617641728888625,K006,N15_M01_F10,0,N15_M01_F10_K006_13.mat
6.0339283813000824e-05,0.0010888729898574962,6.487890624498919e-05,0.0007144901997652748,8.562670900105826e-05,0.0019373922768890863,9.017869300810005e-05,0.006427480512874803,5.3247232704154876e-05,0.0006954327379630146,6.176206012456702e-05,0.006427480512874803,K006,N15_M01_F10,0,N15_M01_F10_K006_14.mat
5.6855124553872455e-05,0.0011387940501904254,6.281978935266649e-05,0.000800081737222279,8.777640901950005e-05,0.0023175500951920203,8.81305056137917e-05,0.0058575196021943285,5.1919654026286974e-05,0.0005997111082166998,5.9867703115736486e-05,0.0058575196021943285,K006,N15_M01_F10,0,N15_M01_F10_K006_15.mat
5.07705442744001e-05,0.001165356276249736,5.455807539295995e-05,0.0007073250322799763,7.942662041961524e-05,0.0021014336658281493,8.244741870543205e-05,0.00415772262761076,4.520134726288767e-05,0.0005664290672402403,5.383414590470673e-05,0.00415772262761076,K006,N15_M01_F10,0,N15_M01_F10_K006_16.mat
4.99497918225664e-05,0.0009343516223050675,5.261953106939582e-05,0.0007418849439066273,7.678134802428084e-05,0.0024136955081778826,7.874674730851995e-05,0.004417775418017194,4.385583879032723e-05,0.0005554541933838125,5.0913782661486685e-05,0.004417775418017194,K006,N15_M01_F10,0,N15_M01_F10_K006_17.mat
4.875283359313956e-05,0.0011028690444012657,5.646097691649814e-05,0.0008049901615098755,8.149059416841536e-05,0.001868636976288721,8.136003685612561e-05,0.006470052196820645,4.499312663710288e-05,0.0006501684237435162,5.3438273119644955e-05,0.006470052196820645,K006,N15_M01_F10,0,N15_M01_F10_K006_18.mat
5.492928450630858e-05,0.0013327689700295552,5.736367591924852e-05,0.0008125303698900462,7.990489585196661e-05,0.0018922597360401846,8.333000746864506e-05,0.00587107884405822,4.5718241933899447e-05,0.0008842485318482924,5.416721300704608e-05,0.00587107884405822,K006,N15_M01_F10,0,N15_M01_F10_K006_19.mat
5.455406428598883e-05,0.000898731456005015,5.696714290136635e-05,0.0009753340022329637,7.515638042827873e-05,0.0018741254147996678,8.654020863488916e-05,0.004993465945309926,4.61390512408515e-05,0.0006216774289946454,5.490634736339915e-05,0.004993465945309926,K006,N15_M01_F10,0,N15_M01_F10_K006_2.mat
4.8191808510061445e-05,0.0013054310276352664,5.3252984793062355e-05,0.0007027003971743142,7.543292829629703e-05,0.0019335490366597808,7.724206201360689e-05,0.005671844852043891,4.193909368660716e-05,0.0006675296920970146,4.9955491813701796e-05,0.005671844852043891,K006,N15_M01_F10,0,N15_M01_F10_K006_20.mat
5.1040936839642205e-05,0.0012392988064642892,5.4393614298591635e-05,0.0006311464652193504,7.726628532436941e-05,0.0027068334345588868,8.48315200814433e-05,0.005462700884084033,4.582955161928484e-05,0.0006328939731061207,5.359854468709041e-05,0.005462700884084033,K006,N15_M01_F10,0,N15_M01_F10_K006_3.mat
5.452505973500259e-05,0.0011338486380223813,5.943257925157758e-05,0.0008653766046918165,7.651778205143618e-05,0.002002691742084545,8.613624672933513e-05,0.0062285480027362145,4.797225650490142e-05,0.0005566182184764825,5.616009597938047e-05,0.0062285480027362145,K006,N15_M01_F10,0,N15_M01_F10_K006_4.mat
5.719932748851446e-05,0.0017006694903206594,5.789435953465215e-05,0.0010084031145726042,7.992219427183272e-05,0.0017147010753525386,8.637125565970223e-05,0.004844694806430143,4.873306418905064e-05,0.0007275938083576817,5.6900726216759506e-05,0.004844694806430143,K006,N15_M01_F10,0,N15_M01_F10_K006_5.mat
5.875694549479486e-05,0.0010497845239039005,6.313264962134652e-05,0.0008612368960698765,8.678326459663404e-05,0.0017168853238954133,9.224107332170988e-05,0.00565152699887772,5.2590688609598084e-05,0.0007924787515421053,6.15392450689309e-05,0.00565152699887772,K006,N15_M01_F10,0,N15_M01_F10_K006_6.mat
5.248211744148415e-05,0.0009757341210933271,5.621252484550329e-05,0.0006887628072463175,7.857577568615818e-05,0.002187291376211742,8.423628972802378e-05,0.005126136060657036,4.596926105894693e-05,0.0005710872251451969,5.451530756343795e-05,0.005126136060657036,K006,N15_M01_F10,0,N15_M01_F10_K006_7.mat
4.907938226661771e-05,0.0008414017697208636,5.5590906437013605e-05,0.0005998447948109692,7.790973426541579e-05,0.001910437640604298,8.196094045911696e-05,0.006603153823600136,4.461484177840637e-05,0.0005865300381668617,5.28674801784473e-05,0.006603153823600136,K006,N15_M01_F10,0,N15_M01_F10_K006_8.mat
4.936220566508485e-05,0.0011982883455693035,5.352146764662724e-05,0.0005999172181504478,7.287508472941379e-05,0.0023912251393567474,8.077474756197381e-05,0.005016277117338057,4.211857893269607e-05,0.0005661404990431199,5.09051152603153e-05,0.005016277117338057,K006,N15_M01_F10,0,N15_M01_F10_K006_9.mat
6.0541266184505124e-05,0.001139115515965571,8.279923313502831e-05,0.001127113743873919,7.872160874646698e-05,0.0014652596668037142,8.429196592678559e-05,0.002014770292897191,5.589813985163328e-05,0.0007430838393541394,6.313977033430685e-05,0.002014770292897191,K006,N15_M07_F04,0,N15_M07_F04_K006_1.mat
4.863328511077553e-05,0.001100195591794534,7.08882003045894e-05,0.0008901007927152602,7.155390003173863e-05,0.0017727661243809292,6.964647553427014e-05,0.0017096705444321408,4.379363511244273e-05,0.0008778898692722649,5.076205340794921e-05,0.0017727661243809292,K006,N15_M07_F04,0,N15_M07_F04_K006_10.mat
4.7007384916431776e-05,0.0010537199117987576,6.650521638715016e-05,0.0010375571306965928,6.877864854076464e-05,0.0017995082569315232,6.962224316521171e-05,0.0015717896082010489,4.1153903726964e-05,0.0005634052807308112,4.876270792552558e-05,0.0017995082569315232,K006,N15_M07_F04,0,N15_M07_F04_K006_11.mat
4.685369876457274e-05,0.0009474761960777424,6.772558361909598e-05,0.0009335898305812783,7.058212600952466e-05,0.002101766852371683,6.977195561579027e-05,0.0017568369484874326,4.203745198192725e-05,0.0006467485903124178,4.951444827918977e-05,0.002101766852371683,K006,N15_M07_F04,0,N15_M07_F04_K006_12.mat
4.98250613073737e-05,0.0014365060064068526,7.126475156524691e-05,0.001341168283857146,7.366624389178885e-05,0.001916203998361638,7.146563127109461e-05,0.0017210279391593575,4.456430249765686e-05,0.0007142761303561838,5.178333519236808e-05,0.001916203998361638,K006,N15_M07_F04,0,N15_M07_F04_K006_13.mat
4.8425553925125906e-05,0.0011525955255708973,6.878874534308291e-05,0.0013022185071987888,7.054424345184718e-05,0.001943243210062756,6.958254173379808e-05,0.0016492363072433671,4.205930469395676e-05,0.0006126609133615258,4.964689486986131e-05,0.001943243210062756,K006,N15_M07_F04,0,N15_M07_F04_K006_14.mat
4.781109054421008e-05,0.001005295751267822,6.780962984780007e-05,0.0009961994772536126,7.143390902074903e-05,0.0018232207353596893,6.982228662523888e-05,0.001641824007772362,4.2996724253857956e-05,0.0006231624043425138,5.0100914509257626e-05,0.0018232207353596893,K006,N15_M07_F04,0,N15_M07_F04_K006_15.mat
4.9196353117238556e-05,0.0011034350673881808,6.828947845967659e-05,0.0008782927220621151,6.81876987889065e-05,0.0015215658539436266,6.918196906216279e-05,0.0016657646996587718,4.2990924184481886e-05,0.0006709329199104561,4.960456618935105e-05,0.0016657646996587718,K006,N15_M07_F04,0,N15_M07_F04_K006_16.mat
4.897349946244238e-05,0.0011219366351751276,7.065615750346578e-05,0.0012144301125663547,7.000430765949905e-05,0.0014116428124525268,7.204830104096299e-05,0.0017135762521442567,4.34933568378779e-05,0.0006255292625093784,5.0959337814932275e-05,0.0017135762521442567,K006,N15_M07_F04,0,N15_M07_F04_K006_17.mat
5.07467138691774e-05,0.0007379331031728729,7.052119570015141e-05,0.0010802588579016015,7.70467459286893e-05,0.0018664238850793133,7.275374114893411e-05,0.0016078627889371396,4.4488554638731764e-05,0.00066646107438754,5.2497178223389255e-05,0.0018664238850793133,K006,N15_M07_F04,0,N15_M07_F04_K006_18.mat
4.8700267798189905e-05,0.0009911146907482858,6.887189402985377e-05,0.001068632886227816,6.870068360358761e-05,0.0018230464594259882,6.909916958494552e-05,0.001303786386588862,4.2050481832809524e-05,0.0006089428254198831,4.932922389952165e-05,0.0018230464594259882,K006,N15_M07_F04,0,N15_M07_F04_K006_19.mat
4.7441584083464634e-05,0.0013218499360692039,6.742196717622327e-05,0.0010225869495415138,7.107888846187989e-05,0.0016122687733624256,6.32166389323834e-05,0.0015524013390763893,4.4422039583588424e-05,0.0015468191904090827,4.8726638655940294e-05,0.0016122687733624256,K006,N15_M07_F04,0,N15_M07_F04_K006_2.mat
4.9809520299772535e-05,0.0009908117353199526,7.130177869574706e-05,0.001042976894500097,7.440739683732028e-05,0.0016660672637489086,7.16409205915807e-05,0.0020431128119814215,4.397488669766725e-05,0.000664167594119901,5.186795629620864e-05,0.0020431128119814215,K006,N15_M07_F04,0,N15_M07_F04_K006_20.mat
5.216557750740688e-05,0.0013388667077589187,7.166520154455115e-05,0.001244754998047583,7.32159032423894e-05,0.0018778429310118677,7.29422374837571e-05,0.001949291545771333,4.542969613216549e-05,0.0006210156585300067,5.277242180336817e-05,0.001949291545771333,K006,N15_M07_F04,0,N15_M07_F04_K006_3.mat
5.257094804366665e-05,0.0010664094394572635,7.098692026396037e-05,0.001009380165185823,7.098449972483052e-05,0.0013974066573248843,7.45319833320111e-05,0.0019374436772216397,4.633796304022778e-05,0.0008754026243376414,5.348993804193219e-05,0.0019374436772216397,K006,N15_M07_F04,0,N15_M07_F04_K006_4.mat
4.89289064214975e-05,0.0008025557232027886,6.703599376527971e-05,0.0009208840801561252,6.79009683706106e-05,0.0020205403656736163,7.063484090627997e-05,0.0014925386300366859,4.115923934636973e-05,0.0006449882743873417,4.891849591690071e-05,0.0020205403656736163,K006,N15_M07_F04,0,N15_M07_F04_K006_5.mat
5.1844810210682155e-05,0.0012708802798835175,6.908121711703668e-05,0.001063980408668857,6.912754542392986e-05,0.001982349499351368,7.309167820778942e-05,0.001478404642323935,4.2398692595918235e-05,0.0006003182798231442,5.082073342681603e-05,0.001982349499351368,K006,N15_M07_F04,0,N15_M07_F04_K006_6.mat
5.1721787791049925e-05,0.0007807960913502109,6.926978350122786e-05,0.0012197763962411667,6.922943292175702e-05,0.0016257991543956402,7.208357555661281e-05,0.0014276257391215047,4.361340119043542e-05,0.0006257601079049527,5.113327135898472e-05,0.0016257991543956402,K006,N15_M07_F04,0,N15_M07_F04_K006_7.mat
4.591442543989029e-05,0.001244427247479957,6.924715990620127e-05,0.0009755801747480433,7.072319656904875e-05,0.0017736854774834318,7.081324760053492e-05,0.0022455003354024203,4.1729565739819195e-05,0.0007983968045931333,4.940410243715178e-05,0.0022455003354024203,K006,N15_M07_F04,0,N15_M07_F04_K006_8.mat
5.0957304534236255e-05,0.0017105978156703953,6.989580239544576e-05,0.0010387019705627252,6.952970247695609e-05,0.0015038125890296516,7.075379183089151e-05,0.0015969610333552216,4.493097494538535e-05,0.0005636942002399045,5.1216731049524036e-05,0.0017105978156703953,K006,N15_M07_F04,0,N15_M07_F04_K006_9.mat
5.254954741950181e-05,0.001018549997220908,5.681209611105574e-05,0.0007432449990516922,8.128432966520544e-05,0.0015830580613735437,8.787978316995919e-05,0.007159732013425048,4.608621551816763e-05,0.0008549614254619599,5.5475298760430905e-05,0.007159732013425048,K006,N15_M07_F10,0,N15_M07_F10_K006_1.mat
5.5940369288147164e-05,0.0011400064000491085,5.892987608399778e-05,0.0009789763272349424,8.440703564799402e-05,0.0020028644319616032,9.104106843228402e-05,0.006968808681449287,4.720696551050501e-05,0.0008113756246416635,5.688749045631373e-05,0.006968808681449287,K006,N15_M07_F10,0,N15_M07_F10_K006_10.mat
4.9306331861727326e-05,0.001418167863449007,5.438635512102601e-05,0.0006247637017266708,7.739970160971616e-05,0.0024397287854751658,8.571232719522563e-05,0.0074945284171915524,4.2588570111048065e-05,0.0005750354223434379,5.228020733262021e-05,0.0074945284171915524,K006,N15_M07_F10,0,N15_M07_F10_K006_11.mat
4.9182995225049376e-05,0.0011139719343273898,5.3335351303029917e-05,0.0007387503987190051,7.669005947520059e-05,0.0020052793650864164,8.33686821063444e-05,0.006116580072624702,4.088010323104243e-05,0.000719046918910154,5.100695621187535e-05,0.006116580072624702,K006,N15_M07_F10,0,N15_M07_F10_K006_12.mat
4.884459463451513e-05,0.0012596396585687437,5.2551634824859515e-05,0.0005999097461781688,7.64647933036257e-05,0.0021482173666067463,8.368550196583117e-05,0.006168194101644819,4.199079326546144e-05,0.00054193527768574,5.138345386074259e-05,0.006168194101644819,K006,N15_M07_F10,0,N15_M07_F10_K006_13.mat
4.912634786005947e-05,0.0011161559185179383,5.495506023111101e-05,0.000613049768332798,7.930966709143737e-05,0.0018014824693750313,8.4021947781252e-05,0.004854470703043489,4.377120504795975e-05,0.0007097717786923073,5.2231361845693716e-05,0.004854470703043489,K006,N15_M07_F10,0,N15_M07_F10_K006_14.mat
5.139146547975562e-05,0.0008978002591570073,5.491835230932785e-05,0.0006454323840236145,7.708282212100233e-05,0.0020277444417624237,8.406308240446048e-05,0.00465902073621964,4.216079654348703e-05,0.0005966294396701414,5.197082420315151e-05,0.00465902073621964,K006,N15_M07_F10,0,N15_M07_F10_K006_15.mat
5.057661208473735e-05,0.0013523708941793153,5.19270456130573e-05,0.0006201970912133052,7.318372592490373e-05,0.0015939241331685797,8.267669773975304e-05,0.004607666898290475,4.0375096361888574e-05,0.0005421973072902678,5.0143312381727674e-05,0.004607666898290475,K006,N15_M07_F10,0,N15_M07_F10_K006_16.mat
5.297634294489662e-05,0.0013718888449724559,5.6445633636017176e-05,0.0007263818597714741,7.943677667053323e-05,0.002204520157452254,8.648228081487696e-05,0.0076613075840479,4.501864835375725e-05,0.00098678885664509,5.350246346486133e-05,0.0076613075840479,K006,N15_M07_F10,0,N15_M07_F10_K006_17.mat
5.256255014846108e-05,0.0009888192700733412,5.4504468006840894e-05,0.0006778906444976523,7.869014619080697e-05,0.0025317918501521165,8.251906154348639e-05,0.004965569590104363,4.3235836103864144e-05,0.0005793980543741122,5.234524383147197e-05,0.004965569590104363,K006,N15_M07_F10,0,N15_M07_F10_K006_18.mat
5.155738022533722e-05,0.001098001482712464,5.507710692594974e-05,0.0006327643023491017,7.73606467147645e-05,0.002425243624613769,8.384688156070316e-05,0.006965891868874561,4.511251576760988e-05,0.0007362720097370943,5.289873799452025e-05,0.006965891868874561,K006,N15_M07_F10,0,N15_M07_F10_K006_19.mat
5.2139993717223034e-05,0.0008362986344343335,5.5235392544458516e-05,0.000804229424658803,7.996973012828492e-05,0.0020079766764387486,8.515818984455265e-05,0.009079398748277333,4.558557079496999e-05,0.0006375629603915092,5.4354542277966436e-05,0.009079398748277333,K006,N15_M07_F10,0,N15_M07_F10_K006_2.mat
4.7749423908468284e-05,0.001352642907795533,5.371250935180669e-05,0.0005908613928680293,7.696402755268883e-05,0.0016246212237544864,8.396701190965979e-05,0.005883601045154568,4.229193108759102e-05,0.000548643002638074,5.1630772348325004e-05,0.005883601045154568,K006,N15_M07_F10,0,N15_M07_F10_K006_20.mat
5.336800024452085e-05,0.0009334129387087201,5.5794171210761146e-05,0.0007186576571202706,8.036361796022039e-05,0.0019085098118271874,8.723061241419325e-05,0.006387411432992156,4.576351773941582e-05,0.0007215545486068788,5.480398546186503e-05,0.006387411432992156,K006,N15_M07_F10,0,N15_M07_F10_K006_3.mat
5.3002523225878793e-05,0.0016334447034543414,5.599214199869175e-05,0.0008567190369929815,7.79632669526459e-05,0.002155217701148715,8.796543512568483e-05,0.006831937758411054,4.4631272585474714e-05,0.0005649019780445181,5.4076756962862084e-05,0.006831937758411054,K006,N15_M07_F10,0,N15_M07_F10_K006_4.mat
5.165006891324534e-05,0.0008414921855212516,5.312867838895171e-05,0.0007576586172623432,8.017840399873788e-05,0.0019467566615803818,8.508793582058725e-05,0.009616274558320289,4.369541503491075e-05,0.000686345214634336,5.2867083263953885e-05,0.009616274558320289,K006,N15_M07_F10,0,N15_M07_F10_K006_5.mat
4.854703982515717e-05,0.0012034019131343249,5.344051054899496e-05,0.0008005310236481671,7.676567653541986e-05,0.0022627179635822544,8.589529833006743e-05,0.007778584389644079,4.2256639973279133e-05,0.0007110058373214122,5.187643355386697e-05,0.007778584389644079,K006,N15_M07_F10,0,N15_M07_F10_K006_6.mat
4.9469235592434826e-05,0.0011726349984461512,5.5540914321496255e-05,0.000549763149567791,8.076275415912799e-05,0.002574717036272119,8.655269647897511e-05,0.006649833737807167,4.379308649716477e-05,0.0006167369119732534,5.331836636607444e-05,0.006649833737807167,K006,N15_M07_F10,0,N15_M07_F10_K006_7.mat
5.1253372134532505e-05,0.001126351543803986,5.2888484899268835e-05,0.0006663098864900842,7.941766466585876e-05,0.0032763140918624146,8.769831744882527e-05,0.00818950830623255,4.251382478462165e-05,0.0007009147495336052,5.2284894786902114e-05,0.00818950830623255,K006,N15_M07_F10,0,N15_M07_F10_K006_8.mat
5.012787069863554e-05,0.001153136988509495,5.6456696648125806e-05,0.0006718006340021832,7.884762857178628e-05,0.002116133500061479,8.422788153831219e-05,0.006755109065533807,4.29332309943666e-05,0.0005267712110563603,5.2633373547505105e-05,0.006755109065533807,K006,N15_M07_F10,0,N15_M07_F10_K006_9.mat
5.2693582342696104e-05,0.0004830474485096253,2.717673782222354e-05,0.0005094563262581939,3.4086361138723776e-05,0.0004902381671482574,6.83187482040027e-05,0.0017989667480211246,3.932992073382138e-06,9.637542276882931e-05,1.894886665165543e-05,0.0017989667480211246,KA01,N09_M07_F10,1,N09_M07_F10_KA01_1.mat
5.542941947156251e-05,0.0004611114295147026,2.8857070956168375e-05,0.0005247920106435007,3.481358953991245e-05,0.0004970184806154303,7.11095979518483e-05,0.00233952327267476,4.062342366245367e-06,6.758897898871525e-05,1.9715404101348345e-05,0.00233952327267476,KA01,N09_M07_F10,1,N09_M07_F10_KA01_10.mat
5.644124703917415e-05,0.00048199524551834706,2.8069315863487226e-05,0.000549305502373427,3.4317450067664666e-05,0.0005299732117180046,7.104513996400136e-05,0.0018785167327952318,4.085580776764927e-06,7.959254990321822e-05,1.965928196980847e-05,0.0018785167327952318,KA01,N09_M07_F10,1,N09_M07_F10_KA01_11.mat
5.5465999040483504e-05,0.0005782126793461693,2.7976214830083557e-05,0.000578335658886231,3.5555753760517565e-05,0.0007152494367665775,7.10861989119342e-05,0.001977673703648918,4.087611685186721e-06,8.024490804676584e-05,1.9718323079447564e-05,0.001977673703648918,KA01,N09_M07_F10,1,N09_M07_F10_KA01_12.mat
5.591932405393658e-05,0.0005711689296958478,2.7842360572630427e-05,0.0005220247568202361,3.061458781433074e-05,0.0004265575045271671,6.981748946219536e-05,0.002201546374835988,4.082318156339395e-06,7.047985339154665e-05,1.9225378716311268e-05,0.002201546374835988,KA01,N09_M07_F10,1,N09_M07_F10_KA01_13.mat
5.549821725997214e-05,0.0004884766364264865,2.7575953403916937e-05,0.0005728584896682391,3.0010784045574527e-05,0.00044887416543466937,6.969684411567282e-05,0.00179932681638847,4.0878633076087535e-06,6.561812622439566e-05,1.9111833783352813e-05,0.00179932681638847,KA01,N09_M07_F10,1,N09_M07_F10_KA01_14.mat
5.638322387215229e-05,0.00047579454360116406,2.800137784618879e-05,0.0005384931929198803,3.3967413592677144e-05,0.0005103331294751988,7.090329730626853e-05,0.001782074683890739,4.1477880483520194e-06,6.979599970355023e-05,1.9636941034165278e-05,0.001782074683890739,KA01,N09_M07_F10,1,N09_M07_F10_KA01_15.mat
5.577640498775169e-05,0.00048461921107630145,2.8215217255955048e-05,0.0005195520974753459,3.4030325296234114e-05,0.000457370554180945,6.955572292717612e-05,0.0021503805752009957,4.107992870976544e-06,7.139482639236196e-05,1.9408532893137672e-05,0.0021503805752009957,KA01,N09_M07_F10,1,N09_M07_F10_KA01_16.mat
5.621825305871731e-05,0.0005381629455127308,2.7872432758983285e-05,0.0005144723589594023,3.4095653587259704e-05,0.0004897648442112754,7.084713418748009e-05,0.002671785401337036,4.148222245234088e-06,8.498440771335956e-05,1.9621307644192596e-05,0.002671785401337036,KA01,N09_M07_F10,1,N09_M07_F10_KA01_17.mat
5.5248266567109e-05,0.00042986038958086036,2.7772757258065208e-05,0.0005185786866341066,3.0162806709128643e-05,0.0004158350935675693,6.920176854811125e-05,0.0018456594299206442,4.041813259080289e-06,5.985721840369484e-05,1.902252654201359e-05,0.0018456594299206442,KA01,N09_M07_F10,1,N09_M07_F10_KA01_18.mat
5.5801849639434725e-05,0.00046498106899016617,2.8035914292436826e-05,0.0004939002759379971,3.475172825763233e-05,0.0005393436964793857,7.026898241925823e-05,0.002011047107960648,4.06728902789842e-06,9.582258796073368e-05,1.9564328252684563e-05,0.002011047107960648,KA01,N09_M07_F10,1,N09_M07_F10_KA01_19.mat
5.4016394386567525e-05,0.00047269821132065414,2.7629264435214298e-05,0.0004371224527183148,3.6759533940736377e-05,0.0006592858507151817,6.967639629354437e-05,0.0018836239706498822,4.022232242972483e-06,8.179817158381507e-05,1.9473670025396952e-05,0.0018836239706498822,KA01,N09_M07_F10,1,N09_M07_F10_KA01_2.mat
5.5120926613977335e-05,0.0004135004885490129,2.8398782447825307e-05,0.0005319718822254645,3.405720068974878e-05,0.0005092376016536324,7.012945889432764e-05,0.0020835257007441772,4.030207862284558e-06,8.07539145766129e-05,1.948819148586772e-05,0.0020835257007441772,KA01,N09_M07_F10,1,N09_M07_F10_KA01_20.mat
5.423583239550944e-05,0.00043171532840717683,2.8441346422873864e-05,0.0005250517460041117,3.5122543558787614e-05,0.000579245257109338,6.64747047131499e-05,0.0019764905680651696,4.028808979965983e-06,6.401686361062589e-05,1.8900877576780117e-05,0.0019764905680651696,KA01,N09_M07_F10,1,N09_M07_F10_KA01_3.mat
5.526144199994263e-05,0.00046774481040362894,2.7776916691975345e-05,0.0005251722260153247,3.1544115138285247e-05,0.000556726998140594,6.494374993579846e-05,0.0017069599428449407,3.998824546673502e-06,7.746447582309812e-05,1.8399953901962852e-05,0.0017069599428449407,KA01,N09_M07_F10,1,N09_M07_F10_KA01_4.mat
5.4131430665658145e-05,0.0004976467293846928,2.8134208992580358e-05,0.0004962574121656818,3.477555848615855e-05,0.0005290696316972102,6.564607860560895e-05,0.002117624052580909,4.004912622751306e-06,6.612832761290301e-05,1.873366170861704e-05,0.002117624052580909,KA01,N09_M07_F10,1,N09_M07_F10_KA01_5.mat
5.485477854909341e-05,0.0005047649097921699,2.7862860990867976e-05,0.00045364366092547434,3.104959181103818e-05,0.00042344831746647747,6.429824352722028e-05,0.001762123358168883,4.085942023205796e-06,8.116293125951933e-05,1.832052394294174e-05,0.001762123358168883,KA01,N09_M07_F10,1,N09_M07_F10_KA01_6.mat
5.5198485180647336e-05,0.00045039621180610286,2.8514496406696312e-05,0.000546547546923847,3.656111249790855e-05,0.0008097466691139237,6.956934020099565e-05,0.0023182310006194247,4.065738040288231e-06,7.774331441948858e-05,1.955164024920023e-05,0.0023182310006194247,KA01,N09_M07_F10,1,N09_M07_F10_KA01_7.mat
5.397235898182957e-05,0.0004425148444911385,2.8135050869892704e-05,0.00048274226182894896,3.466240602690268e-05,0.0005250511762504038,6.958027694192255e-05,0.0020390706066564326,3.952213044334307e-06,8.122950423197645e-05,1.9348264704558584e-05,0.0020390706066564326,KA01,N09_M07_F10,1,N09_M07_F10_KA01_8.mat
5.492688604448348e-05,0.00047205999113594354,2.748382927959645e-05,0.0005413065597925758,2.9950135310522477e-05,0.0004239501400902391,6.864050222175167e-05,0.0018796817554518812,4.019602907429228e-06,6.659484244352859e-05,1.8881949344581806e-05,0.0018796817554518812,KA01,N09_M07_F10,1,N09_M07_F10_KA01_9.mat
7.42908637822251e-05,0.0007307518659547762,0.00015586620024674112,0.005608727323701712,0.0009699565043742156,0.012821479894764865,0.00014454785042277487,0.0059392849641733605,6.9048658650272515e-06,0.0006202150160627268,0.00010022555243868898,0.012821479894764865,KA01,N15_M01_F10,1,N15_M01_F10_KA01_1.mat
7.434447010997617e-05,0.0009113188971026519,0.00016186497512146272,0.0062316680354904085,0.000990839177056275,0.012847720162853649,0.00014728467310097531,0.006034007023881903,6.787898726308396e-06,0.0006375010702682736,0.00010234432414877905,0.012847720162853649,KA01,N15_M01_F10,1,N15_M01_F10_KA01_10.mat
7.35369709020005e-05,0.0007826078614629262,0.0001531126207677224,0.005584294756086347,0.0009814502857939248,0.013378313494653984,0.00014917465832146694,0.005471108547996356,6.9535314434131295e-06,0.0005683392976377575,0.00010151050049080258,0.013378313494653984,KA01,N15_M01_F10,1,N15_M01_F10_KA01_11.mat
7.400021696482687e-05,0.0007645837937028192,0.00015620903390874225,0.005497743573310158,0.0009781982293139704,0.014366760181067292,0.00014899943872114817,0.00493554386926174,6.839900207243194e-06,0.0007095316969988269,0.00010145802669403948,0.014366760181067292,KA01,N15_M01_F10,1,N15_M01_F10_KA01_12.mat
7.438491349784167e-05,0.0007926558605382852,0.00016225113911568772,0.005512960843413009,0.0009750187740873215,0.01319151977321649,0.0001520659729496321,0.004701237651255685,6.731003662048709e-06,0.0006065319808639033,0.00010207974047514121,0.01319151977321649,KA01,N15_M01_F10,1,N15_M01_F10_KA01_13.mat
7.273275030644471e-05,0.0007692757137143625,0.00016172262699103325,0.006489995308333058,0.0009886037181752367,0.01223864752017133,0.00015348989081053786,0.005418431110870698,6.8871018399556625e-06,0.0006438567920857554,0.0001031636839315656,0.01223864752017133,KA01,N15_M01_F10,1,N15_M01_F10_KA01_14.mat
7.351968398397518e-05,0.0008465238374993819,0.00016259767786211507,0.006437124636502242,0.000995176435358321,0.013394279100962058,0.00015370189471967672,0.004655219390828314,6.548029085729884e-06,0.0005445456182856486,0.00010356573524518662,0.013394279100962058,KA01,N15_M01_F10,1,N15_M01_F10_KA01_15.mat
7.342299355219362e-05,0.0008217725571968478,0.00016238996585088127,0.005193611872215748,0.0009886291084231058,0.013169226817442375,0.00015650698233680125,0.005805046036945229,6.545063497582838e-06,0.0005431483187549622,0.0001035469223238644,0.013169226817442375,KA01,N15_M01_F10,1,N15_M01_F10_KA01_16.mat
7.326196444586452e-05,0.0008101718855589822,0.00016008470398433793,0.005421115341593488,0.0010017110908809724,0.012353188791051878,0.00015274927339831303,0.0044401992371481186,6.657168956176805e-06,0.0006200366437957817,0.0001037364430121163,0.012353188791051878,KA01,N15_M01_F10,1,N15_M01_F10_KA01_17.mat
7.36606567740108e-05,0.0008254316851147919,0.0001587693741071297,0.006005058816614114,0.0009940891283547054,0.013315494819297155,0.00015632756428893244,0.004665950455676311,6.4943739842897375e-06,0.000718864711935688,0.00010362306756968506,0.013315494819297155,KA01,N15_M01_F10,1,N15_M01_F10_KA01_18.mat
7.368835507715552e-05,0.0008607767202914019,0.00016075420810998287,0.006208472276870653,0.00100695200750604,0.013177037284663044,0.00015357962162960132,0.007359557798027456,6.728609528970749e-06,0.0005229477866695262,0.00010428173137449401,0.013177037284663044,KA01,N15_M01_F10,1,N15_M01_F10_KA01_19.mat
7.322384637568398e-05,0.0008988207668093153,0.00016915087129874959,0.006575527776746095,0.0009485358225608055,0.01211745711958587,0.00014453393454044795,0.005112308705875564,6.8173421182526865e-06,0.0005311703623913273,9.966591842722484e-05,0.01211745711958587,KA01,N15_M01_F10,1,N15_M01_F10_KA01_2.mat
7.324529241658289e-05,0.0008261692372377393,0.00015792028499988126,0.005196458876377907,0.0010009327421481478,0.013040374370631658,0.00015302646246095284,0.00571642585219122,6.596851016662403e-06,0.0006984096309730601,0.00010351086744574374,0.013040374370631658,KA01,N15_M01_F10,1,N15_M01_F10_KA01_20.mat
7.380080179961958e-05,0.000984066436127016,0.00015623329709750305,0.005026319784345641,0.000979506622789851,0.014664580819540177,0.00014822948018736618,0.005592556098428081,6.951561424199083e-06,0.0007334084259602273,0.0001014712419664146,0.014664580819540177,KA01,N15_M01_F10,1,N15_M01_F10_KA01_3.mat
7.311403208679129e-05,0.0007512542437089165,0.0001630989195579285,0.006364939607892511,0.0009697653791032141,0.013114415208739646,0.00014588605375838226,0.004767570404116573,6.851812056389454e-06,0.0006403554726186768,0.00010085797329402217,0.013114415208739646,KA01,N15_M01_F10,1,N15_M01_F10_KA01_4.mat
7.346809757070374e-05,0.0008170668708553079,0.00015857871290104138,0.006458797685009134,0.0009527382682745446,0.012753311233971044,0.00014386083226747395,0.007284048299268767,6.832784569155376e-06,0.0005529267814969973,9.911772054889008e-05,0.012753311233971044,KA01,N15_M01_F10,1,N15_M01_F10_KA01_5.mat
7.46606390160639e-05,0.0007228884251243005,0.00015572662804507351,0.005993345302061193,0.0009771228705186242,0.013826459244571624,0.00014531185579524223,0.005949365761306139,6.789354086749242e-06,0.0006992592627276827,0.00010072363695903314,0.013826459244571624,KA01,N15_M01_F10,1,N15_M01_F10_KA01_6.mat
7.431401933943729e-05,0.0007962643725935533,0.00015858567863463263,0.006047369092832177,0.0009842946374271093,0.013660678017653865,0.0001462452084518624,0.0050448128671482795,6.818063454193586e-06,0.0006394491109013297,0.00010152699044232542,0.013660678017653865,KA01,N15_M01_F10,1,N15_M01_F10_KA01_7.mat
7.389520281038038e-05,0.0007381729770047905,0.00015805577982837623,0.005731300162794186,0.0009875136619393243,0.01307173346381171,0.0001485215486827787,0.0052742699889503685,6.855995321561353e-06,0.0006377915889965471,0.00010204254584793301,0.01307173346381171,KA01,N15_M01_F10,1,N15_M01_F10_KA01_8.mat
7.462894426868559e-05,0.0007894709322861399,0.00016441010785325902,0.005895220296261115,0.0009802977884846974,0.014793228523757343,0.00014662008734927037,0.005173548141002511,6.890430007094827e-06,0.0007095266820860849,0.00010173714256337069,0.014793228523757343,KA01,N15_M01_F10,1,N15_M01_F10_KA01_9.mat
0.00011258571052279383,0.0014648639179422505,9.243112127261503e-05,0.0017765109408397228,0.0005251030953932583,0.00841527771868618,0.0002771455894009465,0.009731230609073983,2.6065176722999758e-05,0.002282209917422058,9.618357640665637e-05,0.009731230609073983,KA01,N15_M07_F04,1,N15_M07_F04_KA01_1.mat
0.0001178082071193482,0.0013179219126845739,9.20072768466912e-05,0.0018148693195574076,0.0005254847867391388,0.008665140047963817,0.0002819583517808356,0.008140217232446744,2.9189310092908997e-05,0.0038557663121310745,9.81013218007341e-05,0.008665140047963817,KA01,N15_M07_F04,1,N15_M07_F04_KA01_10.mat
0.00012057042612335648,0.0012978494195863197,9.251473463855617e-05,0.0017755821036659974,0.0005330116443771617,0.008784194061264608,0.00028764227800640464,0.009342915647410676,2.910769475921171e-05,0.0035210098358837935,9.957683920333983e-05,0.009342915647410676,KA01,N15_M07_F04,1,N15_M07_F04_KA01_11.mat
0.00011935245556566419,0.0012595882437173337,9.211873618637452e-05,0.0015070457263264545,0.0005289872887197413,0.009400007506096797,0.00028450467426116235,0.009102679753786678,2.9377352755449078e-05,0.003610019154792365,9.885913059086246e-05,0.009400007506096797,KA01,N15_M07_F04,1,N15_M07_F04_KA01_12.mat
0.0001193674058856919,0.0012516250579649398,9.100598220328729e-05,0.0016660120214236746,0.0005251409376776404,0.008225248168372265,0.0002839524112508316,0.009312474159583794,2.9237827515354493e-05,0.003762325700004773,9.841916389055962e-05,0.009312474159583794,KA01,N15_M07_F04,1,N15_M07_F04_KA01_13.mat
0.0001191363137304134,0.0013197610785674356,9.120388013999534e-05,0.0014029102188936587,0.0005232439610948217,0.009984911073628217,0.00028306316069739073,0.010898387266931656,3.0145397102547473e-05,0.004503985796468681,9.843054514751538e-05,0.010898387266931656,KA01,N15_M07_F04,1,N15_M07_F04_KA01_14.mat
0.00012056435479469038,0.0013940094286119444,9.099915278925502e-05,0.0015420378145579085,0.0005273543612594624,0.008404106657928666,0.00028166676392102087,0.009766075510642009,2.9656288436181053e-05,0.004008058045793983,9.841709009725293e-05,0.009766075510642009,KA01,N15_M07_F04,1,N15_M07_F04_KA01_15.mat
0.0001198629188199086,0.0012252327368509966,8.62997133522085e-05,0.0018760106127893358,0.0005418646829847838,0.009350244987223786,0.00022388965055742768,0.007262897929306027,6.698919958318457e-05,0.008752587276899568,9.890147518681955e-05,0.009350244987223786,KA01,N15_M07_F04,1,N15_M07_F04_KA01_16.mat
0.00012058536692829451,0.0012634565150578861,9.177676646723427e-05,0.001411990972639221,0.0005262462763902292,0.009029583082416751,0.00028873221515188333,0.009516167245597283,2.8866765645599836e-05,0.0036061112312099066,9.922663438516673e-05,0.009516167245597283,KA01,N15_M07_F04,1,N15_M07_F04_KA01_17.mat
0.0001204981790011915,0.0013052572867792006,9.136455410516518e-05,0.0016887924138468508,0.0005282416802687097,0.009342768292417642,0.0002851310721439366,0.007603836587097359,2.980637331458738e-05,0.004004354146536443,9.903401838532102e-05,0.009342768292417642,KA01,N15_M07_F04,1,N15_M07_F04_KA01_18.mat
0.00012067304922237913,0.0012872070881043793,9.25405783767556e-05,0.0016554160707640006,0.0005315452742772292,0.00862934740675076,0.00028695213064293434,0.008836923665150856,2.9184192188080348e-05,0.0034874900319875734,9.941798266851037e-05,0.008836923665150856,KA01,N15_M07_F04,1,N15_M07_F04_KA01_19.mat
0.00011304338399151583,0.0012256853638305894,9.599173979727038e-05,0.0017266157983400368,0.0005165300731166766,0.007905289498262155,0.00027674092242797085,0.008963291356325434,2.642660149080153e-05,0.0033846672019766607,9.591964034395415e-05,0.008963291356325434,KA01,N15_M07_F04,1,N15_M07_F04_KA01_2.mat
0.00012009583274557484,0.001276598642599977,8.98680369942527e-05,0.0017360739120113164,0.000535773354232096,0.010485516747947897,0.0002859233991717202,0.008306584134333416,2.8618467300481676e-05,0.004160007127157355,9.912244481154994e-05,0.010485516747947897,KA01,N15_M07_F04,1,N15_M07_F04_KA01_20.mat
0.00011436035951544421,0.0012604695519047816,9.810412038579868e-05,0.00166772460035239,0.0005241814485463026,0.009216754865528056,0.0002793827627734867,0.009171422482243606,2.7985922661833086e-05,0.003307786118537265,9.748003177457029e-05,0.009216754865528056,KA01,N15_M07_F04,1,N15_M07_F04_KA01_3.mat
0.00011458497183846724,0.001383276977791584,9.289558867868503e-05,0.001552538520297865,0.0005160084053967697,0.008113892762968797,0.0002767250018521508,0.00898077697506234,2.7983022313709907e-05,0.0036315388783956033,9.622589106689976e-05,0.00898077697506234,KA01,N15_M07_F04,1,N15_M07_F04_KA01_4.mat
0.0001163987100955001,0.0013777612293557626,9.468508880392108e-05,0.0016640646660032886,0.0005205492750378795,0.00871312426629854,0.0002737854935891379,0.008427420996318456,2.8164569348356994e-05,0.002698642113689686,9.629667386607926e-05,0.00871312426629854,KA01,N15_M07_F04,1,N15_M07_F04_KA01_5.mat
0.00011676055832280989,0.0013092638247764546,9.373187338251246e-05,0.0017885601152780204,0.0005061198182137215,0.007929811720030263,0.00027916053809594706,0.008627110565074602,2.9439856282986158e-05,0.0028427458684176987,9.659857641067634e-05,0.008627110565074602,KA01,N15_M07_F04,1,N15_M07_F04_KA01_6.mat
0.00011778441370021449,0.0013337035600803507,9.041840088508727e-05,0.0013627980530743022,0.0005288429585639364,0.009600414362956493,0.0002813197603996464,0.008901747762754115,2.97178598488682e-05,0.003327083090399246,9.828878058030999e-05,0.009600414362956493,KA01,N15_M07_F04,1,N15_M07_F04_KA01_7.mat
0.00011755480899693323,0.0012908595304285241,9.319923113995486e-05,0.0016260735758221825,0.0005279692454731157,0.008759728034123972,0.00028020048982588936,0.009368094124580282,2.9330573212696125e-05,0.003230478269436818,9.815705899001767e-05,0.009368094124580282,KA01,N15_M07_F04,1,N15_M07_F04_KA01_8.mat
0.00011849893777832344,0.0012336099632227636,9.384721831854466e-05,0.0014946536000238354,0.0005226042807030672,0.010311793326599995,0.00028024463833501134,0.008655950466365348,3.0007463835911726e-05,0.003173696641967201,9.804735567099384e-05,0.010311793326599995,KA01,N15_M07_F04,1,N15_M07_F04_KA01_9.mat
7.636391556993809e-05,0.0008220030266662326,0.00014662992682988975,0.004565268074655462,0.0010274210829790986,0.012495972969619568,0.0001572094078642234,0.005441462006082734,7.773600555341729e-06,0.0006459526931347864,0.00010598729877661681,0.012495972969619568,KA01,N15_M07_F10,1,N15_M07_F10_KA01_1.mat
7.758457328682167e-05,0.0008408633462347723,0.0001505749505681835,0.00483921340810336,0.0010341103848639393,0.013577908981806107,0.00015450977882064745,0.007091118386335292,7.672426694747556e-06,0.0006093834889784317,0.00010615825542035518,0.013577908981806107,KA01,N15_M07_F10,1,N15_M07_F10_KA01_10.mat
7.677265026031799e-05,0.0009165213148707385,0.00014938786355174466,0.004724360823902341,0.0010513614885352233,0.013759382167571698,0.00015186006302556724,0.005105736058054583,7.281223204493403e-06,0.0005934485231645643,0.00010655681355624817,0.013759382167571698,KA01,N15_M07_F10,1,N15_M07_F10_KA01_11.mat
7.53109472036392e-05,0.000835943956746272,0.00015474750869234793,0.005199130451119668,0.0010226845358498756,0.013341176052224605,0.00015303989426314514,0.004962859916701282,7.5835085341355966e-06,0.0006464712833759734,0.00010539402029346828,0.013341176052224605,KA01,N15_M07_F10,1,N15_M07_F10_KA01_12.mat
7.685711758307778e-05,0.000887928820825187,0.00015148532722392084,0.005196879530321229,0.001033265751864686,0.014073869363144325,0.0001542245500753229,0.0049985933390022715,7.451209676834649e-06,0.0005787880679495722,0.00010600448980498048,0.014073869363144325,KA01,N15_M07_F10,1,N15_M07_F10_KA01_13.mat
7.718764147446416e-05,0.0008412405616741604,0.00014979460787170552,0.005557818117854751,0.001048504855650484,0.014107378442179458,0.00015423329259636956,0.004865692509702619,7.409383757719698e-06,0.0006320073947625639,0.00010685608134852006,0.014107378442179458,KA01,N15_M07_F10,1,N15_M07_F10_KA01_14.mat
7.404400451334536e-05,0.0009298164235541582,0.00014569730284848847,0.005458589013505389,0.0010782212773635322,0.01330625344894476,0.00013913282626930895,0.005169147165097243,1.8798867420467623e-05,0.0024789144429039627,0.0001065290547215688,0.01330625344894476,KA01,N15_M07_F10,1,N15_M07_F10_KA01_15.mat
7.710745601966904e-05,0.0009093953248479975,0.00014750525263636902,0.005464599395764603,0.0010376937649728432,0.014081977227182671,0.00015431952934217766,0.005469290094421672,7.447105403064423e-06,0.0005738934876274185,0.0001060089598142552,0.014081977227182671,KA01,N15_M07_F10,1,N15_M07_F10_KA01_16.mat
7.522925770731367e-05,0.000849232252896908,0.00015031639898381208,0.005386758275668521,0.001032424445102957,0.01319984963806605,0.00015255864382989425,0.004961764248742284,7.163130707213455e-06,0.0007372857768183722,0.00010535949945355721,0.01319984963806605,KA01,N15_M07_F10,1,N15_M07_F10_KA01_17.mat
7.690364805194944e-05,0.0008431615911015893,0.00015217625032309227,0.005538364899203318,0.0010309476481502975,0.013916077593510498,0.00015580999626726866,0.005366874440642602,7.012450154109645e-06,0.0006464645810273564,0.00010590880905328311,0.013916077593510498,KA01,N15_M07_F10,1,N15_M07_F10_KA01_18.mat
7.533734929230908e-05,0.0009081696860139293,0.00014960542750320848,0.005014909190258785,0.0010311251069939536,0.01386719522630301,0.00015167256733571467,0.0045003557502779476,7.102775706514015e-06,0.0005973193489660706,0.00010500447773552689,0.01386719522630301,KA01,N15_M07_F10,1,N15_M07_F10_KA01_19.mat
7.570130089571664e-05,0.0008776486920628016,0.00015028495317825409,0.004746798519200474,0.0010123005264069695,0.014345688105385638,0.00015041198718622836,0.005325894743745987,7.318676415358622e-06,0.0006411157951706837,0.00010392284918046761,0.014345688105385638,KA01,N15_M07_F10,1,N15_M07_F10_KA01_2.mat
7.555191930167463e-05,0.0009256980706379118,0.00015435176669699674,0.0059091830969579566,0.001043050473685591,0.013544686620700136,0.00015466186424885827,0.005400463093516635,7.047134016807693e-06,0.0007689288443442142,0.00010650578183021095,0.013544686620700136,KA01,N15_M07_F10,1,N15_M07_F10_KA01_20.mat
7.525729873326617e-05,0.0007609148773606551,0.00014744797597568678,0.005124601028086219,0.0010329444895214143,0.012746652142001531,0.00015274669671753506,0.005328035359947403,7.469506474794509e-06,0.0008545233677707268,0.00010542374043038444,0.012746652142001531,KA01,N15_M07_F10,1,N15_M07_F10_KA01_3.mat
7.680452580281766e-05,0.0008378528291236336,0.0001516647191917989,0.0047316514815630584,0.0010329559344759163,0.014893680139648357,0.0001568411860301491,0.00511114309244777,7.400211610736561e-06,0.0006835878174740456,0.00010637298061724981,0.014893680139648357,KA01,N15_M07_F10,1,N15_M07_F10_KA01_4.mat
7.59206113929608e-05,0.0007788010798954804,0.00014866484175115824,0.004806212191745599,0.0010281236585091193,0.013591855259306894,0.00015263671221827616,0.004317911475847457,7.188606167547997e-06,0.0005663589534051391,0.00010505062409894427,0.013591855259306894,KA01,N15_M07_F10,1,N15_M07_F10_KA01_5.mat
7.662844121946869e-05,0.0009665634726503219,0.0001510759777480752,0.0049514890731767345,0.0010302322357312957,0.013259166413100147,0.00015480413534299113,0.004998619767819376,7.462042028856227e-06,0.0007122952373684603,0.00010589076980969814,0.013259166413100147,KA01,N15_M07_F10,1,N15_M07_F10_KA01_6.mat
7.544901449327694e-05,0.0007570841268931927,0.00014889093473200625,0.00522368141374971,0.0010301026649445907,0.013490908655051464,0.0001563943879528339,0.005207191585854066,7.471214411815708e-06,0.0006907505150409575,0.00010594101091647738,0.013490908655051464,KA01,N15_M07_F10,1,N15_M07_F10_KA01_7.mat
7.63911490697399e-05,0.000817956975657797,0.00015074573434989522,0.004354422330756347,0.001029910617836564,0.018144656511624117,0.00015385610003976313,0.006294611632640739,7.50230514979597e-06,0.0006951184828111933,0.00010566686797958694,0.018144656511624117,KA01,N15_M07_F10,1,N15_M07_F10_KA01_8.mat
7.697188233018743e-05,0.000842418931814297,0.00015381074853823185,0.004719564157115879,0.001033231242432504,0.013307115782458781,0.00015306863939031602,0.005114958469509521,7.5474197320549055e-06,0.0006181677379615277,0.0001060347920948704,0.013307115782458781,KA01,N15_M07_F10,1,N15_M07_F10_KA01_9.mat
3.45316835382515e-05,0.0019065728722489344,4.892437235912625e-06,8.00045040141489e-05,4.4149896234087704e-05,0.0020596041043489206,2.1077330679652306e-05,0.0014927661743171516,1.4822455588885296e-06,2.7555923738191224e-05,8.509263847811966e-06,0.0020596041043489206,KA03,N09_M07_F10,1,N09_M07_F10_KA03_1.mat
3.413324061475491e-05,0.0018555929093254317,5.313692293286433e-06,9.91128995062667e-05,3.4704125412231474e-05,0.0010232519402236715,1.994156674836885e-05,0.0012379458476509955,1.57720007602419e-06,3.176090844642728e-05,7.786528777657023e-06,0.0018555929093254317,KA03,N09_M07_F10,1,N09_M07_F10_KA03_10.mat
3.587570951638174e-05,0.001997420918284924,5.366385346878094e-06,9.148994801361016e-05,3.5381481865400546e-05,0.001179455047358933,1.939566701623068e-05,0.0014128318676601074,1.519629220348142e-06,3.0650557317594194e-05,7.755024558692835e-06,0.001997420918284924,KA03,N09_M07_F10,1,N09_M07_F10_KA03_11.mat
3.4806709960783e-05,0.0019081316980870244,5.261482452867052e-06,0.0001113931783673106,3.464275202219749e-05,0.0011391690262320597,2.023349382604891e-05,0.0014159933041452003,1.515164944902178e-06,2.7576690794916788e-05,7.817202827055705e-06,0.0019081316980870244,KA03,N09_M07_F10,1,N09_M07_F10_KA03_12.mat
3.599012871681413e-05,0.002041836602152137,5.229607435187706e-06,9.723472425865869e-05,3.448644872983215e-05,0.0012160621919691454,1.9140750594905603e-05,0.0012620352517102578,1.534996972520157e-06,2.6170771365140173e-05,7.678616191305505e-06,0.002041836602152137,KA03,N09_M07_F10,1,N09_M07_F10_KA03_13.mat
3.352240769649693e-05,0.0018827682813859162,5.195937830128334e-06,0.00012117912808956948,3.449566413090659e-05,0.001040644611583539,1.957269719351892e-05,0.0011170687943713744,1.5167716936203258e-06,2.55469079274434e-05,7.656510387540688e-06,0.0018827682813859162,KA03,N09_M07_F10,1,N09_M07_F10_KA03_14.mat
3.428083937907639e-05,0.001867911025976784,5.352542030610227e-06,9.62210075998534e-05,3.4262719009368e-05,0.001087916876906948,1.8916074881264265e-05,0.0017963681448682556,1.5282451757334815e-06,2.2118471019049817e-05,7.570433802086018e-06,0.001867911025976784,KA03,N09_M07_F10,1,N09_M07_F10_KA03_15.mat
3.593923660537175e-05,0.0020126793411537522,5.210935050664215e-06,7.901245739198438e-05,3.201568155256073e-05,0.0010508463050243563,1.815765291089958e-05,0.0010991743836981668,1.490120731922922e-06,2.916266211118769e-05,7.339668877706909e-06,0.0020126793411537522,KA03,N09_M07_F10,1,N09_M07_F10_KA03_16.mat
3.485968782770304e-05,0.0020004563944244123,5.371824417730373e-06,0.00012696340393713584,3.2223983130983896e-05,0.0011781791939592722,1.8395851938862785e-05,0.0010652750328046148,1.5581745439546267e-06,3.074000617627837e-05,7.3977655315895605e-06,0.0020004563944244123,KA03,N09_M07_F10,1,N09_M07_F10_KA03_17.mat
3.6131200449919816e-05,0.002075307254497641,5.299838235438165e-06,9.394478930704151e-05,3.2933664679340686e-05,0.00085487406255634,1.79563500843371e-05,0.001212422590300521,1.5140617211453563e-06,2.8105383924085187e-05,7.392565105038014e-06,0.002075307254497641,KA03,N09_M07_F10,1,N09_M07_F10_KA03_18.mat
3.3876042649732174e-05,0.0018823271196059675,5.218434465574398e-06,8.959486078056642e-05,3.2056118002166455e-05,0.0009663924451423431,1.7749600757902876e-05,0.0015877942545469625,1.5109107596750463e-06,2.531712102035111e-05,7.219396443212429e-06,0.0018823271196059675,KA03,N09_M07_F10,1,N09_M07_F10_KA03_19.mat
3.4842853547355465e-05,0.001946241047010257,5.021971703736504e-06,8.639443373319407e-05,4.359401775976371e-05,0.0013304216119165142,2.1067011492913822e-05,0.001481515799242639,1.5498494552840926e-06,2.4641023126123886e-05,8.50104110904615e-06,0.001946241047010257,KA03,N09_M07_F10,1,N09_M07_F10_KA03_2.mat
3.378984867527155e-05,0.0018722152452485617,5.198378648944609e-06,7.5664715748408e-05,3.2665367142837114e-05,0.000792457393826887,1.819394070967425e-05,0.0012809622823274993,1.479062116831693e-06,3.165790189402508e-05,7.3230681777650295e-06,0.0018722152452485617,KA03,N09_M07_F10,1,N09_M07_F10_KA03_20.mat
3.463972138147325e-05,0.0019985487479257154,4.913932921897633e-06,9.373483174802781e-05,4.1799416306381875e-05,0.001547434109979369,2.0585904236873194e-05,0.001937081481912321,1.530698946833809e-06,2.944441793741257e-05,8.302664634529414e-06,0.0019985487479257154,KA03,N09_M07_F10,1,N09_M07_F10_KA03_3.mat
3.519467901894875e-05,0.002000496772365589,5.006615302664566e-06,9.171707895718494e-05,4.041121002215243e-05,0.0013533053081834162,2.1034396845081223e-05,0.0012287139547407973,1.4874043831346925e-06,3.546858325643261e-05,8.292999021810535e-06,0.002000496772365589,KA03,N09_M07_F10,1,N09_M07_F10_KA03_4.mat
3.4500142343159515e-05,0.0019175665432981535,5.0245810977319615e-06,8.506989266154595e-05,3.9044668729575114e-05,0.001247841238100648,2.0776352640939713e-05,0.0019242197115475106,1.5300207579899657e-06,2.173573077588268e-05,8.159190385070498e-06,0.0019242197115475106,KA03,N09_M07_F10,1,N09_M07_F10_KA03_5.mat
3.38863147991248e-05,0.0018606397851592467,5.00653930942538e-06,7.323915957597435e-05,3.8642149371004105e-05,0.0010874010597169091,2.070134927527025e-05,0.0015179098537114355,1.489023271016006e-06,3.3825852908610324e-05,8.078272653929888e-06,0.0018606397851592467,KA03,N09_M07_F10,1,N09_M07_F10_KA03_6.mat
3.2661219741374264e-05,0.0018474376866216978,5.037756490008784e-06,8.60101597477642e-05,3.7003688357101176e-05,0.001297336996068009,2.0196856781154363e-05,0.0011989844355813364,1.5351128176262218e-06,2.4556056424360694e-05,7.887606567877986e-06,0.0018474376866216978,KA03,N09_M07_F10,1,N09_M07_F10_KA03_7.mat
3.4126791877778626e-05,0.001891378008783679,5.145772193759926e-06,8.711710038332135e-05,3.534270188697678e-05,0.0015107391036762023,1.996327198977013e-05,0.0016856001227227811,1.4885071511333734e-06,3.087964090223243e-05,7.769001849538458e-06,0.001891378008783679,KA03,N09_M07_F10,1,N09_M07_F10_KA03_8.mat
3.453142888345401e-05,0.0019130521622417976,5.233864790505794e-06,8.148490087974477e-05,3.6068841704763675e-05,0.0012798415334166545,1.989647704577426e-05,0.0011971403660462822,1.5031210870993294e-06,3.570731396542822e-05,7.834654145988775e-06,0.0019130521622417976,KA03,N09_M07_F10,1,N09_M07_F10_KA03_9.mat
3.7332819359746976e-05,0.0019469771436303324,3.045141191511967e-05,0.0009800823544855745,0.0001445616771195752,0.004272670273677196,0.0001394543147436657,0.01505365044032758,3.5109272699355346e-06,0.00038788964196709454,3.595329083166994e-05,0.01505365044032758,KA03,N15_M01_F10,1,N15_M01_F10_KA03_1.mat
3.723361009362929e-05,0.0018545051914166364,3.523647950215295e-05,0.0015164735490353954,0.00014534156377406061,0.004982773045479822,0.00014545918090097166,0.009035451503279517,3.956940772888283e-06,0.00031730417999725264,3.740052280492781e-05,0.009035451503279517,KA03,N15_M01_F10,1,N15_M01_F10_KA03_10.mat
3.703576877608355e-05,0.001958744825808457,3.529746466475541e-05,0.0013718123097354925,0.00014750121252218783,0.006126688610692415,0.0001468600487944482,0.007893644912323475,3.905577949432664e-06,0.0004235500789024419,3.7702793931041656e-05,0.007893644912323475,KA03,N15_M01_F10,1,N15_M01_F10_KA03_11.mat
3.6231814926729314e-05,0.0018814580314056065,3.462697745555304e-05,0.0014200865833274151,0.0001465285759213574,0.005853059652105482,0.00014348851545528923,0.013059193815143127,3.7623039428158914e-06,0.0004082185306501087,3.7018251476157e-05,0.013059193815143127,KA03,N15_M01_F10,1,N15_M01_F10_KA03_12.mat
3.6970470132848125e-05,0.0018945868932838679,3.4625044635101545e-05,0.0015020453765983081,0.00015042094348477077,0.005854059867827122,0.0001443062063588193,0.006931736264466553,3.909896988257086e-06,0.0003485463176965201,3.7477325041114745e-05,0.006931736264466553,KA03,N15_M01_F10,1,N15_M01_F10_KA03_13.mat
3.6407970770997496e-05,0.0019042818262385514,3.460528771683697e-05,0.0013644165557189399,0.0001493618721639974,0.006162667791346752,0.00014518091999603773,0.010885427092597471,3.837548143609218e-06,0.0003597845771129259,3.748791898413313e-05,0.010885427092597471,KA03,N15_M01_F10,1,N15_M01_F10_KA03_14.mat
3.792417587789965e-05,0.0019337148812345003,3.3856797133370267e-05,0.001459824577973261,0.00015244793471718695,0.007025069123443467,0.00014266393847227183,0.008868935689077605,3.879526282504956e-06,0.0004949104872148683,3.7302213656136955e-05,0.008868935689077605,KA03,N15_M01_F10,1,N15_M01_F10_KA03_15.mat
3.9773714386423796e-05,0.0020514141550613063,3.419292712058037e-05,0.0013972703329021457,0.00014281668504566555,0.004165376523551354,0.00014503698165709754,0.007782744563920001,3.91709647048412e-06,0.0004098357158036044,3.717117794324259e-05,0.007782744563920001,KA03,N15_M01_F10,1,N15_M01_F10_KA03_16.mat
3.841504679256751e-05,0.002013232674294979,3.4597133859187855e-05,0.0013629467650834591,0.00014540985047949387,0.006353516791096727,0.00014432880535752556,0.007963778380222906,3.883010780779446e-06,0.0003865777287188947,3.718915593284809e-05,0.007963778380222906,KA03,N15_M01_F10,1,N15_M01_F10_KA03_17.mat
4.017069674313248e-05,0.0020383001123178307,3.4216369768991704e-05,0.0012537015908833135,0.00014711530193926283,0.0043216519392973605,0.0001419279310848744,0.008748658034084516,3.903292906259172e-06,0.0005057807087705063,3.695687731468432e-05,0.008748658034084516,KA03,N15_M01_F10,1,N15_M01_F10_KA03_18.mat
3.77679350466102e-05,0.0020056319083532758,3.3914054301484995e-05,0.0014012474707106753,0.0001449514527074123,0.00533654489049286,0.00013959825323373097,0.010995355886829034,3.881089786215561e-06,0.0004720679773277069,3.63372748582887e-05,0.010995355886829034,KA03,N15_M01_F10,1,N15_M01_F10_KA03_19.mat
3.881396854832089e-05,0.0020092019839242936,3.331588693725704e-05,0.0013367793112008615,0.0001482241739916888,0.005927003542271709,0.00014118768236595113,0.009129953266239846,3.7658674927956672e-06,0.000389767051250496,3.676715075894756e-05,0.009129953266239846,KA03,N15_M01_F10,1,N15_M01_F10_KA03_2.mat
3.873823806388557e-05,0.0019864449025668394,3.3882285169131885e-05,0.0013068083597680559,0.00014705543107278757,0.008653339403871056,0.00014476257996937243,0.01231289182468386,3.958994705130744e-06,0.0005407111211387425,3.733790675429687e-05,0.01231289182468386,KA03,N15_M01_F10,1,N15_M01_F10_KA03_20.mat
3.6713305701251584e-05,0.0019169818745374484,3.381027638407638e-05,0.0013577403818011116,0.00014724639024742432,0.0075230580747617576,0.0001430759396568536,0.008315715080417493,3.846286437985292e-06,0.0003563875870712629,3.697376870919765e-05,0.008315715080417493,KA03,N15_M01_F10,1,N15_M01_F10_KA03_3.mat
3.651918083111675e-05,0.0019939827836826765,3.472657795981957e-05,0.0013155553953368977,0.0001508921214526387,0.006236604949832656,0.00014557418496950145,0.008174922177262501,3.857751614069498e-06,0.0005643114662222934,3.7676982763836446e-05,0.008174922177262501,KA03,N15_M01_F10,1,N15_M01_F10_KA03_4.mat
3.6328497226661634e-05,0.0019176929175182113,3.5252227708816105e-05,0.001378530583032507,0.00014797086648365515,0.007058212259319545,0.00014299478313617832,0.008312423067692505,4.0644265628854535e-06,0.0005115581594890223,3.715242186471862e-05,0.008312423067692505,KA03,N15_M01_F10,1,N15_M01_F10_KA03_5.mat
3.6766105476503996e-05,0.0018818514067750723,3.5544552676405194e-05,0.0014277879713302608,0.000148227889286002,0.004520636511002109,0.0001443317251044999,0.007941664556523738,3.985222461934603e-06,0.0003717293850624643,3.739453790952491e-05,0.007941664556523738,KA03,N15_M01_F10,1,N15_M01_F10_KA03_6.mat
3.938134594689466e-05,0.0020026752288323404,3.5681964727488826e-05,0.0014923079513920843,0.0001453811783252296,0.0045424953739559805,0.00014154057410000498,0.007051994582166533,4.099300788169995e-06,0.0005682543949488827,3.6935717426518425e-05,0.007051994582166533,KA03,N15_M01_F10,1,N15_M01_F10_KA03_7.mat
3.750223345001406e-05,0.0018724587132658464,3.528833858941624e-05,0.0013772100132967452,0.00014954226814362833,0.005898098602498745,0.00014428879519840426,0.007979151367516072,3.986889963133285e-06,0.0003846888431514607,3.749077222659851e-05,0.007979151367516072,KA03,N15_M01_F10,1,N15_M01_F10_KA03_8.mat
3.9141294846739414e-05,0.002026013908298551,3.5563169489781305e-05,0.0016843604885838825,0.0001476435745510045,0.005652223837979294,0.00014874953689185166,0.008846426230401062,3.949284333179231e-06,0.0003748255586759353,3.8150430843957935e-05,0.008846426230401062,KA03,N15_M01_F10,1,N15_M01_F10_KA03_9.mat
3.708205640854945e-05,0.0020257573825457984,2.8846685504890226e-05,0.001105362571690825,0.00017739104445482616,0.008147839761991588,0.0002283727340887587,0.01374229112321629,6.762867696436709e-06,0.0015216581052079404,5.302249423519423e-05,0.01374229112321629,KA03,N15_M07_F04,1,N15_M07_F04_KA03_1.mat
3.722760019781965e-05,0.002059139838865209,2.9498261137055726e-05,0.0010043573971565993,0.00018724231166810672,0.008846358646632071,0.0002112622150738021,0.015117775892235855,6.376704917449154e-06,0.0013059827999305459,5.0864863239146295e-05,0.015117775892235855,KA03,N15_M07_F04,1,N15_M07_F04_KA03_10.mat
3.7594975013143146e-05,0.002062283101510149,2.8928544537822933e-05,0.0009730656892799518,0.00018561164916529267,0.00645248765553016,0.00021647746272425295,0.0156698936954136,6.257851305660823e-06,0.001445703976960491,5.153093515847939e-05,0.0156698936954136,KA03,N15_M07_F04,1,N15_M07_F04_KA03_11.mat
3.7675111017390486e-05,0.002010500253199084,3.013472815989581e-05,0.0014004869523231735,0.00018783883838415823,0.008035461034194533,0.00021129079338581396,0.011323825586219298,6.293244784365875e-06,0.0015358528069763036,5.094032884554088e-05,0.011323825586219298,KA03,N15_M07_F04,1,N15_M07_F04_KA03_12.mat
3.6284891836952304e-05,0.002002186297131043,3.0135784974392343e-05,0.0009413872080687247,0.00017767020150527096,0.00850173556666418,0.00021030780047961002,0.012797731712579767,6.189475507247304e-06,0.0015068844638005288,5.0045315396002656e-05,0.012797731712579767,KA03,N15_M07_F04,1,N15_M07_F04_KA03_13.mat
3.7191956843007215e-05,0.0019760595241029794,2.9226919475298594e-05,0.0012308328001316838,0.00017932364341261003,0.008375262520655027,0.00021088640076409351,0.00958649732480063,5.9936197384119705e-06,0.0023729555597296736,5.017723364401744e-05,0.00958649732480063,KA03,N15_M07_F04,1,N15_M07_F04_KA03_14.mat
3.682673297412712e-05,0.0020201827346943125,2.99273448658742e-05,0.0012379565615669834,0.0001835128200610825,0.007858317045822736,0.0002042947459503161,0.010149252947651878,6.078869140787142e-06,0.001369102076142127,4.9442778590919214e-05,0.010149252947651878,KA03,N15_M07_F04,1,N15_M07_F04_KA03_15.mat
3.5494010221944604e-05,0.001834735931015681,2.9621461621684376e-05,0.001188175818653929,0.0001793609230232161,0.008482566687498899,0.00020249250595010687,0.011426944590262283,6.246911912909766e-06,0.002300399008883618,4.8886003952864544e-05,0.011426944590262283,KA03,N15_M07_F04,1,N15_M07_F04_KA03_16.mat
3.667296092536403e-05,0.0019395766641311122,2.9237222330809102e-05,0.001193059666759203,0.00017701306771027175,0.0067349198248828615,0.00021192384926843483,0.012719842649419607,6.087777990845746e-06,0.0017895195604726083,5.016897766592133e-05,0.012719842649419607,KA03,N15_M07_F04,1,N15_M07_F04_KA03_17.mat
3.689353034965763e-05,0.002013338630351585,2.935186384619247e-05,0.0010408589596818468,0.00018003297826408562,0.009990558620916941,0.0002091736486479227,0.011368156097980264,5.901990800959503e-06,0.0013861376703971846,4.988632787704564e-05,0.011368156097980264,KA03,N15_M07_F04,1,N15_M07_F04_KA03_18.mat
3.7008070156903584e-05,0.002037096435282427,2.509892264253775e-05,0.0007736293372484299,0.00018335744577938846,0.007597142621790532,0.00016613328305207243,0.010336960949055547,2.7750473293772264e-05,0.008287385316480765,4.861679332651234e-05,0.010336960949055547,KA03,N15_M07_F04,1,N15_M07_F04_KA03_19.mat
3.823137336689947e-05,0.0020264750914270515,2.601556294142055e-05,0.0008286586185745355,0.00018723097358247414,0.007461153921514883,0.00017930737652733884,0.015121571539397444,3.5376098177806835e-05,0.01279577112313615,5.3280363755044476e-05,0.015121571539397444,KA03,N15_M07_F04,1,N15_M07_F04_KA03_2.mat
3.6876825326742574e-05,0.002048609996080883,2.9407583479961018e-05,0.0010855296317068836,0.000181807466526753,0.006976044558953461,0.00020067501398523914,0.008707549219734007,6.083928895930699e-06,0.001957325835839301,4.872212658191789e-05,0.008707549219734007,KA03,N15_M07_F04,1,N15_M07_F04_KA03_20.mat
3.7166924174697907e-05,0.0019618264157849658,3.0232133249916975e-05,0.0009302208872683835,0.00017841643768606684,0.008646044373102625,0.000233358417840168,0.012081006951848678,6.902114354531872e-06,0.0025672906912085516,5.399557612967738e-05,0.012081006951848678,KA03,N15_M07_F04,1,N15_M07_F04_KA03_3.mat
3.571736940275031e-05,0.0018976643884290971,3.057168454649727e-05,0.0014729591101216273,0.000174489885546457,0.0057171147602565215,0.00022791252867805447,0.012167550454559722,6.703742221444538e-06,0.001454655210005353,5.282565712560375e-05,0.012167550454559722,KA03,N15_M07_F04,1,N15_M07_F04_KA03_4.mat
3.6797877441673823e-05,0.001953756562770182,2.9114849285304022e-05,0.0008446156429569298,0.00018198030745641633,0.010746899707423022,0.00021801726128653896,0.013056191832520403,6.530746000156594e-06,0.0018158213881630386,5.160197954685462e-05,0.013056191832520403,KA03,N15_M07_F04,1,N15_M07_F04_KA03_5.mat
3.6787783315734554e-05,0.0019737342062872264,2.8921841991049616e-05,0.001044677761651362,0.00018193098518796014,0.008286821521776214,0.00022613628082835215,0.011482910742697723,6.8196612945345325e-06,0.001845573150897976,5.296649302262146e-05,0.011482910742697723,KA03,N15_M07_F04,1,N15_M07_F04_KA03_6.mat
3.5658004122717457e-05,0.0018875374093591875,2.978531838447014e-05,0.0010321670836729584,0.0001815450600638448,0.009529706613015757,0.00022295845671279848,0.012111266858189192,6.4927450719605915e-06,0.0014553911443313397,5.2341648599573144e-05,0.012111266858189192,KA03,N15_M07_F04,1,N15_M07_F04_KA03_7.mat
3.575827274528812e-05,0.0019197361706576955,2.92428693552359e-05,0.0009816291770323735,0.0001782626766143502,0.0068263833789307905,0.00022155185482431594,0.013043555820896963,6.310450644915276e-06,0.0015228346954503191,5.183507602462792e-05,0.013043555820896963,KA03,N15_M07_F04,1,N15_M07_F04_KA03_8.mat
3.745058315146068e-05,0.0020042298214755713,2.9025610975132467e-05,0.0010583340558597437,0.00018193760497039617,0.007825596220509731,0.00021461145831761443,0.014455800867634015,6.616186969094176e-06,0.0018933015140588047,5.110455576522081e-05,0.014455800867634015,KA03,N15_M07_F04,1,N15_M07_F04_KA03_9.mat
3.755784069401132e-05,0.002023480133481689,3.7045650180901416e-05,0.0016203944657014466,0.0001719667485682274,0.00871312233354191,0.00017134220643768674,0.013815509403235197,3.3113216096714395e-06,0.0002932749934183406,4.3109167217684296e-05,0.013815509403235197,KA03,N15_M07_F10,1,N15_M07_F10_KA03_1.mat
3.829222139926499e-05,0.001976242550613076,3.603407790186782e-05,0.0015094491216519651,0.0001572694745678132,0.005912514314631408,0.00017220074261901396,0.011597074799368633,3.4415831308938627e-06,0.00034098385442860366,4.2302790981299775e-05,0.011597074799368633,KA03,N15_M07_F10,1,N15_M07_F10_KA03_10.mat
3.642060947671606e-05,0.001853955989340681,3.764273878373808e-05,0.0015182929116504505,0.00016346276393951,0.005285579851194911,0.00017529548137293227,0.014277323634535368,3.4749516195894686e-06,0.00031409275988442673,4.323737782891811e-05,0.014277323634535368,KA03,N15_M07_F10,1,N15_M07_F10_KA03_11.mat
3.668273894835375e-05,0.0018339706945990433,3.5715938233873724e-05,0.0015339100888238223,0.00015929408013180075,0.005639579959370494,0.00016788294215799073,0.013601417861055218,3.492998052646409e-06,0.000261896240805291,4.168761896342799e-05,0.013601417861055218,KA03,N15_M07_F10,1,N15_M07_F10_KA03_12.mat
3.6462011225664466e-05,0.0019391484466027755,3.609759714737098e-05,0.0014475060756636308,0.0001626537385105298,0.004974212051995986,0.0001689962275595288,0.015459809757261361,3.4578929036083252e-06,0.00027645550220780734,4.2069325677393304e-05,0.015459809757261361,KA03,N15_M07_F10,1,N15_M07_F10_KA03_13.mat
3.646417632888342e-05,0.0020199960241009543,3.577404102887609e-05,0.0013390738806325526,0.0001648195194935501,0.005243268980677657,0.00016559760142455945,0.010472677991711803,3.5488523032143767e-06,0.0003888373557482692,4.1697012709282354e-05,0.010472677991711803,KA03,N15_M07_F10,1,N15_M07_F10_KA03_14.mat
3.5020509959645685e-05,0.0018259413038634938,3.562100271396437e-05,0.0014823829124430284,0.00016200607162166866,0.004423039652590172,0.00017042874438932202,0.009791460636915182,3.6196675978329607e-06,0.0002927336706414504,4.224298913129049e-05,0.009791460636915182,KA03,N15_M07_F10,1,N15_M07_F10_KA03_15.mat
3.657071464155362e-05,0.0019637441265110455,3.6408288843279584e-05,0.0015117700794014036,0.0001637525086861975,0.00614583129627444,0.00016794493261906705,0.010588288869214375,3.4658881602831466e-06,0.00032818436626272254,4.200571085555596e-05,0.010588288869214375,KA03,N15_M07_F10,1,N15_M07_F10_KA03_16.mat
3.706322626034359e-05,0.0019351286187337471,3.585567159315343e-05,0.0016437602411261607,0.00015379519015409944,0.007508965100441644,0.00016450181071216927,0.00814942334924727,3.4987708122418265e-06,0.0004382635775455229,4.0816242921377875e-05,0.00814942334924727,KA03,N15_M07_F10,1,N15_M07_F10_KA03_17.mat
3.711721747410129e-05,0.002026798188371434,3.685272516906673e-05,0.0016046882274226898,0.00015775945740301427,0.005742247025224597,0.00016750823209543423,0.01136443266527164,3.4998077608347265e-06,0.000322605581176547,4.161460275993511e-05,0.01136443266527164,KA03,N15_M07_F10,1,N15_M07_F10_KA03_18.mat
3.666253052533589e-05,0.0018663111449738147,3.567830414538503e-05,0.0014913532173285746,0.00016322361775288576,0.007901851516206858,0.00016466190095532494,0.008577852242171922,3.53251793943684e-06,0.0003323786876183627,4.1456196488923863e-05,0.008577852242171922,KA03,N15_M07_F10,1,N15_M07_F10_KA03_19.mat
3.733768331546907e-05,0.0018776374386083945,3.687110042186515e-05,0.001439782774766855,0.00017596095119950565,0.0074274269205277,0.00016481334177014136,0.015863035097316815,6.772737598865688e-06,0.0016326175178421843,4.2181372768116445e-05,0.015863035097316815,KA03,N15_M07_F10,1,N15_M07_F10_KA03_2.mat
3.8020838741025165e-05,0.001960342690915841,3.62460715278926e-05,0.0016531489728466593,0.00015680989615596164,0.00562483515142954,0.00016455181344807868,0.007818924436373989,3.4704721979918577e-06,0.0004563246777651943,4.105860612562422e-05,0.007818924436373989,KA03,N15_M07_F10,1,N15_M07_F10_KA03_20.mat
3.725663276841281e-05,0.001856961973270872,3.662611600819869e-05,0.001457685994095608,0.00017692150513223232,0.005684992760022397,0.0001667823327213987,0.01222531447134993,6.8451554812709725e-06,0.0019053550880538607,4.254457837048115e-05,0.01222531447134993,KA03,N15_M07_F10,1,N15_M07_F10_KA03_3.mat
3.7162109469238525e-05,0.0019977365534529445,3.6981038742847774e-05,0.001472160858928834,0.00016622438240708153,0.005583000067802289,0.00017266515393891973,0.012099417399873101,3.3261813841868176e-06,0.0003879667133320705,4.2938209509743384e-05,0.012099417399873101,KA03,N15_M07_F10,1,N15_M07_F10_KA03_4.mat
3.759723904985255e-05,0.0019277668206858836,3.712800954370863e-05,0.0017282290702177881,0.0001754830135297197,0.006750391697489913,0.00016920074363681314,0.013695044990202854,6.661902834592544e-06,0.0013850116292192828,4.283303666193891e-05,0.013695044990202854,KA03,N15_M07_F10,1,N15_M07_F10_KA03_5.mat
3.803486256125181e-05,0.0020395045379327007,3.730777078759789e-05,0.0016572671584390078,0.0001668357375787071,0.008987403111268364,0.00017626123245701909,0.014475087946502629,3.3403292993725955e-06,0.0002729249402949334,4.357483592720704e-05,0.014475087946502629,KA03,N15_M07_F10,1,N15_M07_F10_KA03_6.mat
3.725562860723448e-05,0.0018948486766239953,3.6957711181148984e-05,0.0016752192198100583,0.00016521593810471817,0.005471511323217546,0.00017021393658256392,0.014445293979966897,3.411902046690381e-06,0.00026819721799663547,4.250419710626958e-05,0.014445293979966897,KA03,N15_M07_F10,1,N15_M07_F10_KA03_7.mat
3.754215699047499e-05,0.0018772923846460574,3.7609630434556e-05,0.001589780535372741,0.00016416979895177435,0.007863384946099233,0.0001729524128679236,0.011747138240611094,3.4625088147756974e-06,0.00033760806911989637,4.29303602313495e-05,0.011747138240611094,KA03,N15_M07_F10,1,N15_M07_F10_KA03_8.mat
3.8032405041323674e-05,0.0019092573871380125,3.814755099457459e-05,0.0015070669430171206,0.0001636500866423803,0.004746498738990212,0.00017125421544217045,0.01081450895757258,7.157489743480144e-06,0.0021560099202515928,4.264487491679845e-05,0.01081450895757258,KA03,N15_M07_F10,1,N15_M07_F10_KA03_9.mat
0.0002761459515262011,0.002020213193838914,1.8166383976544728e-05,0.0003834725774934876,2.665469327541294e-05,0.0008926019085485384,3.0590831424068505e-05,0.0012568504716024356,1.917466704987474e-06,0.00013417309406335483,1.754023176438717e-05,0.002020213193838914,KA04,N09_M07_F10,1,N09_M07_F10_KA04_1.mat
0.0002687057606992497,0.002351128161180416,2.1245228493741547e-05,0.000568516105561279,2.6337346719461944e-05,0.0008325106619520918,3.340260524492488e-05,0.0011453497702888363,1.905561069019108e-06,0.00016145682868401763,1.7847639164458218e-05,0.002351128161180416,KA04,N09_M07_F10,1,N09_M07_F10_KA04_10.mat
0.0002645662087186275,0.0022723666056796714,2.0961287272723992e-05,0.0005036029307489182,2.6012590943254428e-05,0.0009513842154679674,3.3477340933424895e-05,0.001279120841198203,1.8370843105746792e-06,0.00024663114613773953,1.764640861392475e-05,0.0022723666056796714,KA04,N09_M07_F10,1,N09_M07_F10_KA04_11.mat
0.0002685830774408157,0.002391189112745851,2.1929199948663136e-05,0.0004976243117613877,2.5969130474615024e-05,0.0008598367703707935,3.4662655209510346e-05,0.001223618973718073,1.8932605864647836e-06,0.0001656447826201347,1.8065699960613827e-05,0.002391189112745851,KA04,N09_M07_F10,1,N09_M07_F10_KA04_12.mat
0.00031801173882691045,0.007397135566199348,2.6943910440833556e-05,0.001278796637141707,3.933772373237002e-05,0.003279223218906293,5.2519252846840345e-05,0.004886106591060335,2.5182927498263793e-06,0.0007994764751589092,2.3834373952645145e-05,0.007397135566199348,KA04,N09_M07_F10,1,N09_M07_F10_KA04_13.mat
0.0002858224661933699,0.0024348765051856827,1.971380628538947e-05,0.00048269216629312186,2.5088015764978262e-05,0.0007641781799108576,3.4854215509892554e-05,0.0012404883341656362,1.954508449974374e-06,0.0001922160003182502,1.844683116950127e-05,0.0024348765051856827,KA04,N09_M07_F10,1,N09_M07_F10_KA04_14.mat
0.000285224998547252,0.0022812364970428984,1.9758019565440586e-05,0.0004544905186500694,2.651778930623542e-05,0.0008416826038769715,3.442323572159258e-05,0.0011021810976466562,1.96885349552954e-06,0.00019096091584827984,1.848672444565449e-05,0.0022812364970428984,KA04,N09_M07_F10,1,N09_M07_F10_KA04_15.mat
0.0003064894138285167,0.002316140563581826,1.8205263852612416e-05,0.0003523525506465099,2.7560038270194817e-05,0.0008379223229154498,3.952686268973754e-05,0.0014805905801087745,2.1918563688637723e-06,0.00018622032396652756,2.0058863212562868e-05,0.002316140563581826,KA04,N09_M07_F10,1,N09_M07_F10_KA04_16.mat
0.0003138340462650033,0.0022279246189195654,1.7859271331392402e-05,0.00034929471206533263,2.6951199108820658e-05,0.001018470878629895,3.934922330776374e-05,0.0012362614064733758,2.3737892958856465e-06,0.0002509152824042721,2.02723629014954e-05,0.0022279246189195654,KA04,N09_M07_F10,1,N09_M07_F10_KA04_17.mat
0.0003138340462650033,0.0022279246189195654,1.7859271331392402e-05,0.00034929471206533263,2.6951199108820658e-05,0.001018470878629895,3.934922330776374e-05,0.0012362614064733758,2.3737892958856465e-06,0.0002509152824042721,2.02723629014954e-05,0.0022279246189195654,KA04,N09_M07_F10,1,N09_M07_F10_KA04_18.mat
0.0003101512954415137,0.0021293130856346234,1.8036666748873067e-05,0.000318796771961806,2.71350608976427e-05,0.000772572236473931,3.888823664754592e-05,0.0018060667693899914,2.4285398908133958e-06,0.00025022787475923385,2.0115571270973648e-05,0.0021293130856346234,KA04,N09_M07_F10,1,N09_M07_F10_KA04_19.mat
0.00026844112737199973,0.00236953898301882,2.0728939087907933e-05,0.0005100589661394281,2.584058453777708e-05,0.001073406028576556,2.9959646368007073e-05,0.0009424228300796479,1.7764805412862991e-06,0.00016105526258231799,1.717752795864713e-05,0.00236953898301882,KA04,N09_M07_F10,1,N09_M07_F10_KA04_2.mat
0.0003136482277543088,0.00243752584408625,1.764611032409339e-05,0.0003164819038490573,2.7563839927123638e-05,0.0008285371520544822,3.9297737158775285e-05,0.001676928045165628,2.443729207380131e-06,0.00031115269559867976,2.0308484016870945e-05,0.00243752584408625,KA04,N09_M07_F10,1,N09_M07_F10_KA04_20.mat
0.0002774454156336778,0.0022626522170245225,1.9307803257401413e-05,0.0004312372224725628,2.667044841821603e-05,0.001199849057033975,2.8101534435151147e-05,0.000826044169196255,1.7064350170035615e-06,0.00013403914666902848,1.7143495423349556e-05,0.0022626522170245225,KA04,N09_M07_F10,1,N09_M07_F10_KA04_3.mat
0.0002694439137482169,0.002323382657001973,2.1208502957894064e-05,0.0004732087343254728,2.6142034598275957e-05,0.000943617426050682,3.004292730621654e-05,0.0009972432084971155,1.7445762903247687e-06,0.0001537327645251833,1.7252624812903507e-05,0.002323382657001973,KA04,N09_M07_F10,1,N09_M07_F10_KA04_4.mat
0.00026499296920175046,0.0021779518893995362,2.1788810080164978e-05,0.0005051427861294328,2.5439706314860127e-05,0.0008834477587643482,2.993634759510517e-05,0.0010448263327889227,1.7617456761317745e-06,0.00016495644012645336,1.70922526323295e-05,0.0021779518893995362,KA04,N09_M07_F10,1,N09_M07_F10_KA04_5.mat
0.00026664485358761863,0.002217531624077346,2.1128834458735104e-05,0.000498840107376648,2.441432635504335e-05,0.0008490091688992246,2.93288830569791e-05,0.000938039914890239,1.656815756879085e-06,0.00019006983124629428,1.6906721816368667e-05,0.002217531624077346,KA04,N09_M07_F10,1,N09_M07_F10_KA04_6.mat
0.00027034705342605773,0.0023274807494246363,2.2521709559133173e-05,0.0005449302759324967,2.60599012883685e-05,0.0010506588959688255,2.9277416496136487e-05,0.001438616246186331,3.65296530355786e-06,0.000846672781237922,1.7481722723164414e-05,0.0023274807494246363,KA04,N09_M07_F10,1,N09_M07_F10_KA04_7.mat
0.0002568799383071564,0.002074956340516953,2.174472643870225e-05,0.00047930975150698476,2.5755369951443713e-05,0.000792615902048287,3.152206139937229e-05,0.001973484676894747,1.7957625268662346e-06,0.00016186041356413354,1.715083861391512e-05,0.002074956340516953,KA04,N09_M07_F10,1,N09_M07_F10_KA04_8.mat
0.00026376583259419027,0.0021929174429130872,2.1147547207519625e-05,0.0005236196688838794,2.5882207740528766e-05,0.0007989560260003308,3.2140320143824517e-05,0.001087073759991914,1.8590495420612602e-06,0.0001931804775870072,1.7424265509299792e-05,0.0021929174429130872,KA04,N09_M07_F10,1,N09_M07_F10_KA04_9.mat
0.0010206167701107692,0.012279241471559638,8.150241461500049e-05,0.0021504192059965377,0.00024996031893335046,0.007731905556403764,0.00029045841086958673,0.010525793256310494,9.738458165638853e-06,0.0023277508002233103,0.00010292223452642217,0.012279241471559638,KA04,N15_M01_F10,1,N15_M01_F10_KA04_1.mat
0.0010905150430663988,0.011545468769345356,7.008009519285069e-05,0.002113254893350589,0.00028942033326282145,0.014951656664334984,0.00029889986672812415,0.011643048009049457,1.2506094808201713e-05,0.0022903964651603513,0.0001091249308292954,0.014951656664334984,KA04,N15_M01_F10,1,N15_M01_F10_KA04_10.mat
0.0010967904270132943,0.012181196730365317,6.944627671169269e-05,0.0022526015589509414,0.0003043354381527065,0.013024097496805076,0.0003180096879652364,0.009561892690932109,1.4437573056705884e-05,0.0031385240808999783,0.00011387248712789872,0.013024097496805076,KA04,N15_M01_F10,1,N15_M01_F10_KA04_11.mat
0.0010997279660486343,0.011769751029669647,7.032896472621761e-05,0.0024947599071582457,0.0003294731750469468,0.012918344533311737,0.00032760226260315425,0.011334993313303269,1.513188831958281e-05,0.0031026001949801514,0.00011733618967670617,0.012918344533311737,KA04,N15_M01_F10,1,N15_M01_F10_KA04_12.mat
0.0011001816956599715,0.012609723193045985,6.975510954181865e-05,0.0024441912254609126,0.0003003802162825165,0.011618602498018025,0.00032422153521240236,0.009591886745587584,1.4886650170241218e-05,0.0033533036941887553,0.00011487177090813874,0.012609723193045985,KA04,N15_M01_F10,1,N15_M01_F10_KA04_13.mat
0.0010935278992791372,0.01219794030344891,7.047043774976524e-05,0.0024257345918187187,0.0003145948971321011,0.012638666941181239,0.0003181980947861904,0.012371864306834365,1.409772652031187e-05,0.002506215907440664,0.00011439118656970186,0.012638666941181239,KA04,N15_M01_F10,1,N15_M01_F10_KA04_14.mat
0.0010981423459414297,0.012013470782952748,7.017390084874055e-05,0.002449773684100673,0.00032034319075982954,0.015447445342627458,0.0003300898663589315,0.010067246974501471,1.4465939674378986e-05,0.003088195351491399,0.00011687533481347071,0.015447445342627458,KA04,N15_M01_F10,1,N15_M01_F10_KA04_15.mat
0.0010987229333919348,0.012263765985889019,6.94979868766063e-05,0.002450898878764242,0.0003004170446588491,0.01137075082625981,0.00033157915203549225,0.011255829092341758,1.446972235544363e-05,0.004048171410248925,0.0001158120713846021,0.012263765985889019,KA04,N15_M01_F10,1,N15_M01_F10_KA04_16.mat
0.0010993053956830502,0.012428923185147333,7.103837892067607e-05,0.0023803296572390414,0.0002952731496963765,0.011347974565100368,0.00031935084635294593,0.00942791242812357,1.3846599537536444e-05,0.003114515346446143,0.00011346896442075108,0.012428923185147333,KA04,N15_M01_F10,1,N15_M01_F10_KA04_17.mat
0.0010912833785559869,0.012615965524388342,6.951940011764702e-05,0.0020459528179387226,0.00031523120415616936,0.013515237540471839,0.00032710589349231394,0.009266766657958609,1.4558450155190611e-05,0.0026852290712320735,0.00011584963733145432,0.013515237540471839,KA04,N15_M01_F10,1,N15_M01_F10_KA04_18.mat
0.0010795509157897798,0.012212176042972213,6.989432951680472e-05,0.0021557067514276344,0.0003048278915872391,0.013996749925894263,0.0003041188940704829,0.010026139965207898,1.3660934294271156e-05,0.0028686565316234265,0.00011092845690865737,0.013996749925894263,KA04,N15_M01_F10,1,N15_M01_F10_KA04_19.mat
0.001045878047025308,0.011515262899274792,7.23690161325693e-05,0.0021115299526612515,0.000295012361804375,0.014409944743896704,0.00027671552299047083,0.008861273420744347,9.060915806423197e-06,0.001689936723866902,0.00010359491023402578,0.014409944743896704,KA04,N15_M01_F10,1,N15_M01_F10_KA04_2.mat
0.0010765258305432779,0.013134187923842962,7.069305802580795e-05,0.0023050691085644156,0.00030830242580546537,0.010424976579903057,0.0003045210778632037,0.008948369130076012,1.3245344682070672e-05,0.00316300192109549,0.00011102125194767627,0.013134187923842962,KA04,N15_M01_F10,1,N15_M01_F10_KA04_20.mat
0.0010091435571494077,0.012068100779580019,7.689626264464056e-05,0.0023124985643552124,0.00026310713660240506,0.009523960149859154,0.00028654858622802784,0.010325354261297088,9.246957905455019e-06,0.0018134456187346366,0.0001022956695555398,0.012068100779580019,KA04,N15_M01_F10,1,N15_M01_F10_KA04_3.mat
0.0010604493975525516,0.01158396487035163,7.167028722281753e-05,0.002268173457233484,0.00030146329113884163,0.011248881956690077,0.0002820241639227076,0.01004802698831819,9.754255238783351e-06,0.0019345036158582665,0.00010549036390365669,0.01158396487035163,KA04,N15_M01_F10,1,N15_M01_F10_KA04_4.mat
0.0010836010126392683,0.011403224902885912,6.815844923185124e-05,0.0020013250357613873,0.0002929258947703497,0.010731363387231985,0.00029301257697603845,0.010642914408119913,1.1328900366764268e-05,0.0024958921551406998,0.00010768947141495435,0.011403224902885912,KA04,N15_M01_F10,1,N15_M01_F10_KA04_5.mat
0.001089741228665521,0.011471753511391286,7.007431297091137e-05,0.0023195468607648166,0.00031312845511705426,0.01273144866921064,0.0002779486165346869,0.010234784483885996,9.240988736663025e-06,0.0019167231633617143,0.00010625526719381681,0.01273144866921064,KA04,N15_M01_F10,1,N15_M01_F10_KA04_6.mat
0.001086888888185444,0.01131994931797594,6.898877063220171e-05,0.002324727652624561,0.0003250722052606783,0.011683264014908953,0.00030877230516018056,0.009446638879279113,1.2174701240234212e-05,0.0024844884062160634,0.00011263083849415826,0.011683264014908953,KA04,N15_M01_F10,1,N15_M01_F10_KA04_7.mat
0.001092039002189671,0.011725513707289956,7.071896684241728e-05,0.002368082362745833,0.00031261498590888655,0.013409906032298333,0.000304594008085785,0.01157049604581155,1.2419894617917126e-05,0.002383178181344115,0.00011154627582228666,0.013409906032298333,KA04,N15_M01_F10,1,N15_M01_F10_KA04_8.mat
0.0010919813752558703,0.011953306310847801,6.843245174969462e-05,0.002119729365146314,0.000311958489703406,0.011902283383560594,0.00032586352451806713,0.013236832792232362,1.3718472859103796e-05,0.002537246547598376,0.00011511702922021458,0.013236832792232362,KA04,N15_M01_F10,1,N15_M01_F10_KA04_9.mat
0.0005520617412286895,0.007534294629201518,0.00011021648958001642,0.003638258466716216,0.00020239776994451542,0.006414770087580645,0.00017525900088372775,0.008066825063776218,7.956025868478405e-06,0.0015423414483859636,6.803711568623235e-05,0.008066825063776218,KA04,N15_M07_F04,1,N15_M07_F04_KA04_1.mat
0.0005239765415571463,0.0060170857144036,0.00011167077133726757,0.00323852675369316,0.0002125012466661783,0.005593718416378719,0.00018888069468934294,0.0080859880376589,8.348217084699743e-06,0.0016985013974761842,7.016361584229715e-05,0.0080859880376589,KA04,N15_M07_F04,1,N15_M07_F04_KA04_10.mat
0.0005190338904052415,0.005611102250157282,0.00011456274507402845,0.0029964030385362392,0.00021833535953938172,0.005456951158758721,0.00018828689260885618,0.007786640904115355,8.451464382672948e-06,0.0017809984803543726,7.053306526473879e-05,0.007786640904115355,KA04,N15_M07_F04,1,N15_M07_F04_KA04_11.mat
0.0005099158270429605,0.005574683520436011,0.00011728273197364956,0.005172365697586109,0.0002182572237167657,0.0058758229566410105,0.00019374760611245894,0.010231234333468857,8.623539795827505e-06,0.002194060433837632,7.130741415338205e-05,0.010231234333468857,KA04,N15_M07_F04,1,N15_M07_F04_KA04_12.mat
0.0005111052356172645,0.0058528031409943735,0.00011121274841035358,0.0029227175469105273,0.00021166820563846622,0.005414232371823477,0.0001910022116463392,0.007958599917044649,8.822893347365681e-06,0.0025475717804729053,7.02039926821169e-05,0.007958599917044649,KA04,N15_M07_F04,1,N15_M07_F04_KA04_13.mat
0.0005056696575012375,0.005600712816749136,0.00011399137771930066,0.0032979202796456705,0.0002125271673592555,0.007645954090210976,0.00019247330362232262,0.007683147638834988,8.736707676334412e-06,0.0025174060415253507,7.047266095379443e-05,0.007683147638834988,KA04,N15_M07_F04,1,N15_M07_F04_KA04_14.mat
0.0005032484073874152,0.005792007250644102,0.00011405387656554099,0.003993859914144028,0.00021526426763433646,0.0062521536285281044,0.00019306973707476988,0.0080021430819983,8.899425766872327e-06,0.0020718103019397903,7.072501109735124e-05,0.0080021430819983,KA04,N15_M07_F04,1,N15_M07_F04_KA04_15.mat
0.0005082807493273201,0.005808729073210347,0.0001160608928066275,0.00445627112542226,0.00021533701470219217,0.005875903302677913,0.00019172944296182262,0.009916674321635413,8.903712682905947e-06,0.0027288149138821995,7.079512410416945e-05,0.009916674321635413,KA04,N15_M07_F04,1,N15_M07_F04_KA04_16.mat
0.0005059252370513462,0.005642207250265421,0.0001191806584788187,0.0042084155766597235,0.00021739549636800773,0.007154115760895991,0.00018961889134937572,0.0106050448207257,8.622297403192754e-06,0.0016908586560479275,7.060288766456254e-05,0.0106050448207257,KA04,N15_M07_F04,1,N15_M07_F04_KA04_17.mat
0.0005074921914991143,0.005599247692546514,0.00011360487621713469,0.003281317139066894,0.00022234706162212368,0.006498910737076186,0.00019381641799403555,0.007833591934481587,8.648498955455502e-06,0.0017605441930760204,7.129737531672616e-05,0.007833591934481587,KA04,N15_M07_F04,1,N15_M07_F04_KA04_18.mat
0.0005063403008862124,0.0059796432100180825,0.0001114652452566194,0.003958194133619346,0.00021475029742692626,0.006142508541865862,0.00019378761812868155,0.009218252823091438,8.719790126762865e-06,0.0028741536620129787,7.065141167201608e-05,0.009218252823091438,KA04,N15_M07_F04,1,N15_M07_F04_KA04_19.mat
0.0005487850779251494,0.007019908425502518,0.00011476855133696859,0.004366866358204012,0.0002201961227912595,0.006594203179900879,0.00018541253648300806,0.00782622224664119,8.280283304274895e-06,0.0015715486768525194,7.109596828717712e-05,0.00782622224664119,KA04,N15_M07_F04,1,N15_M07_F04_KA04_2.mat
0.0005032484073874152,0.005792007250644102,0.00011405387656554099,0.003993859914144028,0.00021526426763433646,0.0062521536285281044,0.00019306973707476988,0.0080021430819983,8.899425766872327e-06,0.0020718103019397903,7.072501109735124e-05,0.0080021430819983,KA04,N15_M07_F04,1,N15_M07_F04_KA04_20.mat
0.0005510619119688244,0.007175460671795141,0.00011598520735113723,0.0036518157843692623,0.00021816229550806926,0.006169456812353706,0.00019208388141261543,0.009294267967395489,8.246885202443891e-06,0.0016397198054555703,7.215292145974656e-05,0.009294267967395489,KA04,N15_M07_F04,1,N15_M07_F04_KA04_3.mat
0.0005414840200677776,0.00700896850703638,0.00011454892313563375,0.003491571037895388,0.00021498341689333534,0.006473069960007811,0.00018260110089893359,0.008587019750065391,8.161045997489936e-06,0.0015950265297084711,7.004079543818608e-05,0.008587019750065391,KA04,N15_M07_F04,1,N15_M07_F04_KA04_4.mat
0.0005063403008862124,0.0059796432100180825,0.0001114652452566194,0.003958194133619346,0.00021475029742692626,0.006142508541865862,0.00019378761812868155,0.009218252823091438,8.719790126762865e-06,0.0028741536620129787,7.065141167201608e-05,0.009218252823091438,KA04,N15_M07_F04,1,N15_M07_F04_KA04_5.mat
0.0005032484073874152,0.005792007250644102,0.00011405387656554099,0.003993859914144028,0.00021526426763433646,0.0062521536285281044,0.00019306973707476988,0.0080021430819983,8.899425766872327e-06,0.0020718103019397903,7.072501109735124e-05,0.0080021430819983,KA04,N15_M07_F04,1,N15_M07_F04_KA04_6.mat
0.0005299649097225523,0.006499891863308609,0.0001139063876244529,0.004239947682382688,0.00022197692483389027,0.005940459453116535,0.00018931465165057462,0.008191045697874443,8.126522242224624e-06,0.0015310257005083298,7.111116932608357e-05,0.008191045697874443,KA04,N15_M07_F04,1,N15_M07_F04_KA04_7.mat
0.0005215449747168036,0.005962209270086445,0.00011703818983198852,0.0038295695327528064,0.00021156202135964966,0.005265530979112643,0.0001850361060718801,0.01410763759157133,8.473912145776327e-06,0.002298541683072934,6.981247976408206e-05,0.01410763759157133,KA04,N15_M07_F04,1,N15_M07_F04_KA04_8.mat
0.0005217871790505199,0.005657008480703836,0.00010986350035367893,0.0033391810742215418,0.00021255736409652774,0.0058412008921030455,0.00018804830172199777,0.007974591595993117,8.553439941306957e-06,0.0020628479611654624,6.99288900088877e-05,0.007974591595993117,KA04,N15_M07_F04,1,N15_M07_F04_KA04_9.mat
0.0007775713232385979,0.009341182134878638,8.30736220218942e-05,0.0030866516417404105,0.0002701642566758417,0.011304729941356272,0.00021190999078495197,0.0063804238092996495,6.627542657772574e-06,0.001101843822471494,8.314660554769066e-05,0.011304729941356272,KA04,N15_M07_F10,1,N15_M07_F10_KA04_1.mat
0.0008111654085173429,0.011268150080581985,8.285958259817931e-05,0.002694755961362559,0.0002878534046060985,0.010417127327356657,0.00021381646138302619,0.007279869242815161,6.26231512785825e-06,0.0011232815145544922,8.553136899197432e-05,0.011268150080581985,KA04,N15_M07_F10,1,N15_M07_F10_KA04_10.mat
0.0008132585142297353,0.0108489551823218,8.266304474091374e-05,0.002287237076163824,0.0002675707454521134,0.009677291619099901,0.00021995158048850343,0.007721688550998529,6.273360991140718e-06,0.001136314735783384,8.526450056849716e-05,0.0108489551823218,KA04,N15_M07_F10,1,N15_M07_F10_KA04_11.mat
0.0008153097756104153,0.011036968245882715,8.50614747105181e-05,0.002452462210490684,0.0002850449402006903,0.01185412488435319,0.00021443367263510908,0.007530351175679626,6.421748217144248e-06,0.0010903533068339273,8.578214827237036e-05,0.01185412488435319,KA04,N15_M07_F10,1,N15_M07_F10_KA04_12.mat
0.0008092447077678221,0.011247923727977107,8.575887385275146e-05,0.0029800979117266544,0.00028949657663076563,0.012892175794629862,0.000212471856177962,0.008125318020636093,6.223001590277017e-06,0.0011675909688449776,8.555733368599e-05,0.012892175794629862,KA04,N15_M07_F10,1,N15_M07_F10_KA04_13.mat
0.0008099126084089204,0.010940293247261692,8.38875383964618e-05,0.0028612641034275557,0.00027781548060042295,0.010597921297072634,0.00020924418161275563,0.007373746299021541,5.979532688602905e-06,0.0012359077593437511,8.411314105048848e-05,0.010940293247261692,KA04,N15_M07_F10,1,N15_M07_F10_KA04_14.mat
0.000815335450282518,0.01122445522008826,8.236059033048483e-05,0.00245069353399736,0.00028098013209780346,0.010196909487513025,0.00021854666607509383,0.00900790696241154,6.4967336494812074e-06,0.0010145139446282782,8.604275998092235e-05,0.01122445522008826,KA04,N15_M07_F10,1,N15_M07_F10_KA04_15.mat
0.0008201943942931104,0.011212841799253442,8.406857289455125e-05,0.002830143133369767,0.0002859512728294722,0.012564051828074694,0.00021908280187876857,0.008328548265572378,6.5579063066358415e-06,0.0013055602760542202,8.671394838215008e-05,0.012564051828074694,KA04,N15_M07_F10,1,N15_M07_F10_KA04_16.mat
0.00081650731786252,0.011182386976995678,8.525983782920421e-05,0.0029400930192363325,0.000285420522906901,0.011813093184227122,0.00022326945184941087,0.008024927585684998,6.699539746472454e-06,0.0011867329006431074,8.73525154301573e-05,0.011813093184227122,KA04,N15_M07_F10,1,N15_M07_F10_KA04_17.mat
0.0008270775327355244,0.011567141145460869,8.612838999038455e-05,0.0026792912112175945,0.00028653174147892527,0.012727639758809212,0.000222599307983377,0.00719395060121941,6.8266304499026015e-06,0.0010723866765388298,8.775710766479511e-05,0.012727639758809212,KA04,N15_M07_F10,1,N15_M07_F10_KA04_18.mat
0.0008268092999999173,0.010978511940363676,8.515948226890319e-05,0.002922886134578758,0.00028385243055220133,0.01143564342960946,0.0002223653298539926,0.008069640898071988,7.367476995486355e-06,0.0015957713105448396,8.765380186727054e-05,0.01143564342960946,KA04,N15_M07_F10,1,N15_M07_F10_KA04_19.mat
0.0008205677545766643,0.010594355609306074,8.342782868646241e-05,0.0026103656942953746,0.0002657388426407792,0.010013212082126884,0.00021188503125642137,0.006852532507857927,6.304275820211188e-06,0.0010121482893504683,8.413002339867296e-05,0.010594355609306074,KA04,N15_M07_F10,1,N15_M07_F10_KA04_2.mat
0.0008261289192731384,0.011044139903936281,8.473143108883416e-05,0.002373462923158237,0.00028345651699534624,0.012047505971289504,0.0002328113729750736,0.007947917122128096,7.183736329363769e-06,0.0013140739450960672,8.91553958935461e-05,0.012047505971289504,KA04,N15_M07_F10,1,N15_M07_F10_KA04_20.mat
0.0008174137552789954,0.010384469870168708,8.182053652853927e-05,0.002866013607100621,0.0002569463928232915,0.01106337726574356,0.0002070346035767931,0.006294776720672641,6.374021224010612e-06,0.0010300245205970306,8.263741400138184e-05,0.01106337726574356,KA04,N15_M07_F10,1,N15_M07_F10_KA04_3.mat
0.0008204053075595805,0.010250623549724142,8.197396543917896e-05,0.002760007833392727,0.0002672789231505175,0.010446795751596204,0.0002153590535993605,0.007947055896485063,6.481443305867908e-06,0.001313445036278088,8.472362764341539e-05,0.010446795751596204,KA04,N15_M07_F10,1,N15_M07_F10_KA04_4.mat
0.0008103219014862697,0.010626444054968816,8.339280797769684e-05,0.0028181951326274697,0.000266235583024486,0.015130683077957487,0.00021154257434977228,0.006142865987933043,6.151163825739657e-06,0.0011646577894791708,8.37263669740574e-05,0.015130683077957487,KA04,N15_M07_F10,1,N15_M07_F10_KA04_5.mat
0.0008057298713720217,0.010699283131645004,8.272505921455445e-05,0.00271784560965052,0.00026304334584812853,0.011030302140010067,0.00020102307542870147,0.00787434756224433,5.995256352137011e-06,0.001557713966516202,8.167464221258737e-05,0.011030302140010067,KA04,N15_M07_F10,1,N15_M07_F10_KA04_6.mat
0.0008156920445536681,0.01123367261479925,8.316115237064487e-05,0.0025265459161455768,0.0002874053898008051,0.01334635783379468,0.00022048369368772084,0.008722384453215761,6.692573829642753e-06,0.0012325695437496217,8.685771547297892e-05,0.01334635783379468,KA04,N15_M07_F10,1,N15_M07_F10_KA04_7.mat
0.0008138741090909063,0.011413764968946218,8.332226114323422e-05,0.002119924029518365,0.0002829408406810193,0.011075779951380996,0.00021807837035714994,0.006797687257047579,6.485985233354125e-06,0.0009921781141844614,8.607011234024004e-05,0.011413764968946218,KA04,N15_M07_F10,1,N15_M07_F10_KA04_8.mat
0.0008126138188710122,0.01061990412277867,8.229660084213211e-05,0.002802025345700733,0.0002715444432531887,0.011637856747519769,0.00022142685394407142,0.009258910762662559,6.249121105695277e-06,0.0010409263222416316,8.567728046827266e-05,0.011637856747519769,KA04,N15_M07_F10,1,N15_M07_F10_KA04_9.mat
1.3393684425637066e-05,0.00037680329490185916,1.4285447293648417e-05,0.0002603574954128486,1.2563633134389619e-05,0.00016192557208746583,1.3608136361052167e-05,0.0003821848889194001,1.0807510272943188e-05,0.00020866687500485824,1.1413032937213873e-05,0.0003821848889194001,KI05,N09_M07_F10,1,N09_M07_F10_KI05_1.mat
1.2273422703525368e-05,0.00031693455473524076,1.411448276713234e-05,0.0002253158148994552,1.2604165429254313e-05,0.0001931024159533017,1.3674701227979381e-05,0.0004429877338897964,1.0581649773241337e-05,0.0002586227186415787,1.1371900468838026e-05,0.0004429877338897964,KI05,N09_M07_F10,1,N09_M07_F10_KI05_10.mat
1.3598689669139813e-05,0.0002780407337460338,1.433772764220876e-05,0.00023642308017129425,1.203170684881329e-05,0.0002237658222529909,1.31195573831044e-05,0.00030197400464598997,1.0603363206531879e-05,0.00017855955877616486,1.1209470297248418e-05,0.00030197400464598997,KI05,N09_M07_F10,1,N09_M07_F10_KI05_11.mat
1.3363050055399627e-05,0.00037018456219007484,1.4042009868158494e-05,0.0003021224248763185,1.2182555868144367e-05,0.00017132178230372145,1.3141446883535781e-05,0.00032408124736951527,1.0138590344786813e-05,0.0001549462901960852,1.1057792062405462e-05,0.00037018456219007484,KI05,N09_M07_F10,1,N09_M07_F10_KI05_12.mat
1.2950756034928386e-05,0.00028352846828200124,1.3548302354482244e-05,0.0003455100103154174,1.1588287580130694e-05,0.0001556878770424769,1.2946556193871849e-05,0.00038181025956858815,1.0222093092170774e-05,0.00021650071607460605,1.085236325197366e-05,0.00038181025956858815,KI05,N09_M07_F10,1,N09_M07_F10_KI05_13.mat
1.240523842800762e-05,0.00032027302803354525,1.384126746457492e-05,0.000367918524007892,1.26292395810021e-05,0.00024993513930025185,1.2863896694041178e-05,0.0003206591285056877,1.0288468446981242e-05,0.00021027402342109955,1.100003945361841e-05,0.000367918524007892,KI05,N09_M07_F10,1,N09_M07_F10_KI05_14.mat
1.2848513034242979e-05,0.0003649845179401553,1.3271581146630185e-05,0.00024541920304247745,1.2425128666834501e-05,0.00018738708810956065,1.3248022586930987e-05,0.0004580254004711751,1.0407465223362657e-05,0.00018348817231789597,1.1129718919373542e-05,0.0004580254004711751,KI05,N09_M07_F10,1,N09_M07_F10_KI05_15.mat
1.2407694376772276e-05,0.0003176778612389695,1.4345832570068811e-05,0.0002529011111082777,1.2316227390811264e-05,0.00023763787376969618,1.3087783638009467e-05,0.0002878947563410347,1.078204639314479e-05,0.00021552394612983248,1.1271225713492931e-05,0.0003176778612389695,KI05,N09_M07_F10,1,N09_M07_F10_KI05_16.mat
1.2980386376956032e-05,0.00042163304038671245,1.3989320474572762e-05,0.00027892143216408464,1.2724757112886249e-05,0.00014904511745440164,1.306666258224738e-05,0.00031004632679236543,1.0020319757482706e-05,0.00023643980876966283,1.1080790584309756e-05,0.00042163304038671245,KI05,N09_M07_F10,1,N09_M07_F10_KI05_17.mat
1.2689025526479605e-05,0.0002730501456443479,1.376249211669818e-05,0.00031859364666523665,1.2143165719351208e-05,0.0001492141580569001,1.3002905215025337e-05,0.00037520641694442045,1.0386828562508943e-05,0.00021701709174092642,1.1015249784320833e-05,0.00037520641694442045,KI05,N09_M07_F10,1,N09_M07_F10_KI05_18.mat
1.2997661673677066e-05,0.0002978841093000362,1.3994112445184422e-05,0.0002955389922473654,1.1735876843835813e-05,0.00018055292334745538,1.2946264016250854e-05,0.00046623269226540664,1.0045664600174708e-05,0.000223735642234018,1.0886130794774727e-05,0.00046623269226540664,KI05,N09_M07_F10,1,N09_M07_F10_KI05_19.mat
1.3319267568487082e-05,0.00039214029983775756,1.3157609895111058e-05,0.0002696553223933318,1.2701051478306456e-05,0.0001676955254295005,1.347540214634434e-05,0.0003255998406548778,1.054510092877869e-05,0.0002043932527967021,1.114833075591741e-05,0.00039214029983775756,KI05,N09_M07_F10,1,N09_M07_F10_KI05_2.mat
1.3607518467537258e-05,0.00035655682493751707,1.3907989629691123e-05,0.0002853099468972177,1.2937716148892233e-05,0.00020222170464244779,1.3321042687346337e-05,0.0003900944026771039,1.0320593345968203e-05,0.00015594846625106666,1.1283084933136892e-05,0.0003900944026771039,KI05,N09_M07_F10,1,N09_M07_F10_KI05_20.mat
1.3899962935720656e-05,0.0006578613303095775,1.3327621133638409e-05,0.0002799392746276595,1.2598484789767927e-05,0.00021331341949433792,1.3505099258933853e-05,0.0003233682552843539,1.031856202374143e-05,0.0001815638403391134,1.1184844163317463e-05,0.0006578613303095775,KI05,N09_M07_F10,1,N09_M07_F10_KI05_3.mat
1.2734122304918587e-05,0.0002530268539670007,1.4755584945109828e-05,0.000545853062897368,1.2799217700902114e-05,0.00018800763606915545,1.323678493660151e-05,0.0003092460327605083,1.0100981302373647e-05,0.0001624989059100839,1.123748970120493e-05,0.000545853062897368,KI05,N09_M07_F10,1,N09_M07_F10_KI05_4.mat
1.4124025178939292e-05,0.0003646277863173597,1.4052885556857708e-05,0.000268465333234793,1.2873830348685006e-05,0.0001651312953369559,1.3200483396501867e-05,0.000394655824674538,1.026930097710166e-05,0.00015262809130746685,1.1202871964759454e-05,0.000394655824674538,KI05,N09_M07_F10,1,N09_M07_F10_KI05_5.mat
1.2733319802892948e-05,0.00027620571861922897,1.4083643967375358e-05,0.00029352053061959337,1.2360770771396124e-05,0.00021499116075332243,1.3833035965007212e-05,0.00046129084382344265,1.0385842757588172e-05,0.00022625377727793328,1.1299882973158732e-05,0.00046129084382344265,KI05,N09_M07_F10,1,N09_M07_F10_KI05_6.mat
1.3027706056490728e-05,0.0002649327088861273,1.3608416250988617e-05,0.00030225913908704714,1.2675990480507731e-05,0.00017231570518974634,1.35484871945401e-05,0.00033563802486145564,1.0388196309593352e-05,0.00015311176803120826,1.1188001399231447e-05,0.00033563802486145564,KI05,N09_M07_F10,1,N09_M07_F10_KI05_7.mat
1.2973595691942906e-05,0.0004702503710894806,1.3796389571806097e-05,0.00021007817895589602,1.2307401276354285e-05,0.00021771095472873027,1.4050149016939302e-05,0.00039489485922703096,1.063484358524409e-05,0.00017923162086772853,1.1484423119987368e-05,0.0004702503710894806,KI05,N09_M07_F10,1,N09_M07_F10_KI05_8.mat
1.2900642722623312e-05,0.00027684039162310833,1.4080202159101446e-05,0.00023138816540976218,1.2908858322208903e-05,0.00029130490619915086,1.369279007294286e-05,0.0002589397447943095,1.0281586909934864e-05,0.00019883446963335375,1.1330813304427979e-05,0.00029130490619915086,KI05,N09_M07_F10,1,N09_M07_F10_KI05_9.mat
1.533298118396699e-05,0.0003040739527879457,8.788238105678115e-05,0.004594103494561265,3.587736584975847e-05,0.0010360422163353121,3.334032786425419e-05,0.002110262543116323,1.0300243073299215e-05,0.0002215804076397666,2.046283218132479e-05,0.004594103494561265,KI05,N15_M01_F10,1,N15_M01_F10_KI05_1.mat
1.618044578848214e-05,0.00045964165467448736,8.648596315394586e-05,0.004557959461344594,3.7142927105870425e-05,0.0011630093063069065,3.329087712573881e-05,0.0020334991643343606,1.0146851343555864e-05,0.00017698187082063578,2.0391734436749957e-05,0.004557959461344594,KI05,N15_M01_F10,1,N15_M01_F10_KI05_10.mat
1.5451297689324663e-05,0.0003807450488199519,9.274034408437378e-05,0.004954271550947013,3.8835239787963353e-05,0.0014436062676980363,3.349860904211657e-05,0.0015072465563497556,1.0676925635849694e-05,0.0001912618168544801,2.1286614701833027e-05,0.004954271550947013,KI05,N15_M01_F10,1,N15_M01_F10_KI05_11.mat
1.4885601438227797e-05,0.00060595141863341,8.835960603595356e-05,0.004462206021705153,3.7810062316267915e-05,0.0022175665810028793,3.40579506849277e-05,0.0022243934460632812,1.0132537814797219e-05,0.00022018451883411305,2.0739798681470927e-05,0.004462206021705153,KI05,N15_M01_F10,1,N15_M01_F10_KI05_12.mat
1.5455210929001025e-05,0.0003348134216670366,8.772024372617536e-05,0.004221534281925879,3.71352190999463e-05,0.0015020614326202583,3.331526520192832e-05,0.0016389353207215704,9.915845412227377e-06,0.0001655411176081753,2.03784307293295e-05,0.004221534281925879,KI05,N15_M01_F10,1,N15_M01_F10_KI05_13.mat
1.525366420268415e-05,0.0003283612327582722,8.556836796182341e-05,0.004115301627909384,3.7018098802168456e-05,0.0015667128847335417,3.3734313450326085e-05,0.0020410776120026166,1.0584405929071045e-05,0.00017683979849352695,2.064233088209735e-05,0.004115301627909384,KI05,N15_M01_F10,1,N15_M01_F10_KI05_14.mat
1.4759270390003355e-05,0.00034633177982023314,8.579505170553959e-05,0.004189653114519699,3.77647992110865e-05,0.0021232473867430633,3.361377277825355e-05,0.001839256726158511,1.0344167080892832e-05,0.00017685517560600558,2.0518735554709476e-05,0.004189653114519699,KI05,N15_M01_F10,1,N15_M01_F10_KI05_15.mat
1.4600763495559626e-05,0.0003161612843052683,8.300418819212683e-05,0.004330633528480571,3.809824085918057e-05,0.0014260199363950313,3.34799709895384e-05,0.001941679402083501,1.0624074933412574e-05,0.00018927675106021133,2.041359515333422e-05,0.004330633528480571,KI05,N15_M01_F10,1,N15_M01_F10_KI05_16.mat
1.485324815168068e-05,0.00027921362042953506,8.260020796254847e-05,0.004025531470224259,3.750772745580219e-05,0.0011365693267080881,3.346034177861964e-05,0.0026269179793762445,1.0241639414970914e-05,0.00022015954607705458,2.0215318436699253e-05,0.004025531470224259,KI05,N15_M01_F10,1,N15_M01_F10_KI05_17.mat
1.5609911210558992e-05,0.0002967784748637361,8.69599260792895e-05,0.004087852954136238,3.791330056335508e-05,0.0014510462911491498,3.349797399203801e-05,0.0015212751071998886,1.0446854324932132e-05,0.00016281591228658709,2.0758021923642626e-05,0.004087852954136238,KI05,N15_M01_F10,1,N15_M01_F10_KI05_18.mat
1.4566382279242908e-05,0.0005127264944943781,8.636981060180706e-05,0.0042620980995216945,3.636355443627602e-05,0.0012818325372404326,3.325308657752181e-05,0.0017654068293227344,9.956009282231463e-06,0.00023922922901590247,2.0148653379874955e-05,0.0042620980995216945,KI05,N15_M01_F10,1,N15_M01_F10_KI05_19.mat
1.356185338027424e-05,0.0003944417128801267,8.336416407970286e-05,0.004224702369142778,3.594623483466816e-05,0.0015319225635126183,3.2729145204330565e-05,0.0014328170339514546,1.010187322524278e-05,0.00015531596928576154,1.9796480001832713e-05,0.004224702369142778,KI05,N15_M01_F10,1,N15_M01_F10_KI05_2.mat
1.4786524152608009e-05,0.0002968808929419458,8.776645413045386e-05,0.004178623118612476,3.7036056756277937e-05,0.0012066591214917853,3.374133307866651e-05,0.0017520662892557546,1.0510326531771456e-05,0.0001676959930321394,2.0693905478571026e-05,0.004178623118612476,KI05,N15_M01_F10,1,N15_M01_F10_KI05_20.mat
1.549858921667637e-05,0.0004599616180017054,8.595092443645066e-05,0.004663496434718044,3.498696097398903e-05,0.0007782498491717883,3.33411251268553e-05,0.001416223178005867,1.0172488157744184e-05,0.00015184422373813505,2.020699879273543e-05,0.004663496434718044,KI05,N15_M01_F10,1,N15_M01_F10_KI05_3.mat
1.4530302289771997e-05,0.0003545985222096422,8.940608528037603e-05,0.0044456096578296056,3.5083194039140654e-05,0.0013470747030013752,3.3426507036978845e-05,0.0017235498737772788,9.489697278311108e-06,0.0001372666957883331,2.0083530586486362e-05,0.0044456096578296056,KI05,N15_M01_F10,1,N15_M01_F10_KI05_4.mat
1.5872574491087832e-05,0.0004312986685714569,8.482060187648969e-05,0.004417984768120764,3.523154607296814e-05,0.0020030290183753684,3.394253765037203e-05,0.0021026383701278043,1.0306942344097012e-05,0.0001631499932312381,2.0358640177381325e-05,0.004417984768120764,KI05,N15_M01_F10,1,N15_M01_F10_KI05_5.mat
1.6038804742059853e-05,0.0003496444026381941,8.565342073073794e-05,0.004478422304154881,3.536488209209874e-05,0.0010567959682691588,3.309483539208799e-05,0.0014351201169595343,1.0061950560340824e-05,0.0001874943010130625,2.0161699373793537e-05,0.004478422304154881,KI05,N15_M01_F10,1,N15_M01_F10_KI05_6.mat
1.5174863706673318e-05,0.000369210443790539,8.552205198227043e-05,0.004527294937888305,3.641671781160717e-05,0.0010373181722529163,3.4023053845882596e-05,0.0018337755426064005,1.0246830841738622e-05,0.0001708789004932662,2.052394041386849e-05,0.004527294937888305,KI05,N15_M01_F10,1,N15_M01_F10_KI05_7.mat
1.5814415404743435e-05,0.0004047377445795431,8.580801045323389e-05,0.0041893330624585366,3.738691886525613e-05,0.001493604001786936,3.431735706101809e-05,0.002387841653227696,1.0651570435604536e-05,0.00020429952697537487,2.0860020982014435e-05,0.0041893330624585366,KI05,N15_M01_F10,1,N15_M01_F10_KI05_8.mat
1.5998949383879165e-05,0.0003832879308773578,8.487058633802019e-05,0.004266478346070703,3.747157034616576e-05,0.0011468031085714193,3.366709090553446e-05,0.0016731165689503013,1.0151153903160583e-05,0.00013692290185621868,2.0351486830837333e-05,0.004266478346070703,KI05,N15_M01_F10,1,N15_M01_F10_KI05_9.mat
1.3753544958250626e-05,0.0004654743517321138,4.993214385853122e-05,0.0017515215854531714,3.4132011379917846e-05,0.0010205283127091307,2.2733994755771808e-05,0.000618159287504228,1.113557633324013e-05,0.00019560320671310896,1.6740564720543036e-05,0.0017515215854531714,KI05,N15_M07_F04,1,N15_M07_F04_KI05_1.mat
1.3140321149210045e-05,0.00046996319302101676,5.0053251856983074e-05,0.0016394820641649898,3.174542688722815e-05,0.0008902593923839621,2.3829778767905955e-05,0.0006350300564786703,1.0881243176572416e-05,0.0001561780621272878,1.6588250899685022e-05,0.0016394820641649898,KI05,N15_M07_F04,1,N15_M07_F04_KI05_10.mat
1.3934360330705983e-05,0.0002899105367384284,5.0605650943763316e-05,0.0016552612733663839,3.382294373327332e-05,0.000842754163625388,2.3861878657239236e-05,0.0008626287540834261,1.0894360384933627e-05,0.00018544082457901213,1.6808480148433107e-05,0.0016552612733663839,KI05,N15_M07_F04,1,N15_M07_F04_KI05_11.mat
1.3344414867659518e-05,0.0002781648611563378,5.0389435511595376e-05,0.002000793105333899,3.3480099529228695e-05,0.0011283885165052536,2.346030575173797e-05,0.0008814802585080534,1.0629184898378444e-05,0.00016471202640261636,1.6374724653470106e-05,0.002000793105333899,KI05,N15_M07_F04,1,N15_M07_F04_KI05_12.mat
1.3547076102751565e-05,0.00033338756808060316,5.093448829754392e-05,0.00201295879813785,3.265880586240544e-05,0.0009994211033554849,2.4121758632789236e-05,0.0006243635883504229,1.0864271180530107e-05,0.0001694944115022785,1.6679048117216653e-05,0.00201295879813785,KI05,N15_M07_F04,1,N15_M07_F04_KI05_13.mat
1.3739128325859448e-05,0.00027728564386126454,5.7319841318069666e-05,0.0019375436958490892,3.2783011996713926e-05,0.0008863524210676115,2.406838333921042e-05,0.000772606231384693,1.08376713810525e-05,0.00018299241087235823,1.706651003068846e-05,0.0019375436958490892,KI05,N15_M07_F04,1,N15_M07_F04_KI05_14.mat
1.4673811910635867e-05,0.00034609765991953825,5.024741412001005e-05,0.0016898377774268807,3.2068831005596284e-05,0.0007830892179212691,2.4340026324762866e-05,0.0007557555917710216,1.1145730638381954e-05,0.000180681942773973,1.686124706708355e-05,0.0016898377774268807,KI05,N15_M07_F04,1,N15_M07_F04_KI05_15.mat
1.3213550301049824e-05,0.0002998556272267598,5.026373921945561e-05,0.0019716105844339625,3.128728040922131e-05,0.0007541941666377408,2.382200966997534e-05,0.000854196320525734,1.060919372798339e-05,0.0001776245339239158,1.6387763077698256e-05,0.0019716105844339625,KI05,N15_M07_F04,1,N15_M07_F04_KI05_16.mat
1.4437115776443341e-05,0.0004648049917503832,5.051493146273667e-05,0.0018924606787019743,3.175995548746267e-05,0.0009826223102111127,2.4247509894314427e-05,0.0007333559894471707,1.0728832817277189e-05,0.00020408607398086966,1.6699226766651142e-05,0.0018924606787019743,KI05,N15_M07_F04,1,N15_M07_F04_KI05_17.mat
1.3734935131754381e-05,0.00026829600699169564,5.2766970020749606e-05,0.002056881355241766,3.26930037938635e-05,0.0008201279206047102,2.4509157862747958e-05,0.0006895206644898859,1.123944482682395e-05,0.00019595447469871702,1.7170483115153226e-05,0.002056881355241766,KI05,N15_M07_F04,1,N15_M07_F04_KI05_18.mat
1.3382937747153665e-05,0.00034683951764146197,4.825104955308872e-05,0.0016991410442800236,3.181589333008116e-05,0.001159749253065899,2.370946705555737e-05,0.0007813034934828701,1.0601781127751219e-05,0.0002149600811364849,1.621469036900122e-05,0.0016991410442800236,KI05,N15_M07_F04,1,N15_M07_F04_KI05_19.mat
1.4099219649450407e-05,0.00041203016652711027,5.054274029124407e-05,0.0017666106628044112,3.492263016488632e-05,0.0009608601246782102,2.355634267688311e-05,0.0008222474122657113,1.2232328812801288e-05,0.0004966893895187393,1.7127185886503337e-05,0.0017666106628044112,KI05,N15_M07_F04,1,N15_M07_F04_KI05_2.mat
1.2628021351352857e-05,0.0002951461140084004,4.771031594030925e-05,0.001797957460027703,3.221286351018933e-05,0.0007400857418407187,2.3659992272038714e-05,0.0008342297621609892,1.027063831243593e-05,0.00015891690942275877,1.595646530253907e-05,0.001797957460027703,KI05,N15_M07_F04,1,N15_M07_F04_KI05_20.mat
1.293837338249245e-05,0.0003953386883056992,5.211525719388541e-05,0.00184137947006309,3.200925773157488e-05,0.0014501475118158646,2.3255377087891796e-05,0.0008666738875510999,1.0608456332696378e-05,0.00016299516390466264,1.6426909897213437e-05,0.00184137947006309,KI05,N15_M07_F04,1,N15_M07_F04_KI05_3.mat
1.4193163175211025e-05,0.0003496975815783289,5.490808256096285e-05,0.001963933678520985,3.3721448920950473e-05,0.0008786196530252806,2.3547721834866937e-05,0.000916478580951262,1.0972422208658037e-05,0.0002544862177844718,1.703766192573512e-05,0.001963933678520985,KI05,N15_M07_F04,1,N15_M07_F04_KI05_4.mat
1.359501031459423e-05,0.00033732410700263474,5.272939895209201e-05,0.0018403358034513398,3.2899952568311696e-05,0.000882602815969743,2.3125354009084575e-05,0.0007191742588923208,1.091265705892748e-05,0.0001665500901999658,1.668683361901538e-05,0.0018403358034513398,KI05,N15_M07_F04,1,N15_M07_F04_KI05_5.mat
1.3696662631275133e-05,0.00026165319503001865,5.33241969435051e-05,0.0016200639770759004,3.2653158209161796e-05,0.0010648910192022614,2.300548034302765e-05,0.0007397072913681398,1.0348084300391764e-05,0.00015444182289879986,1.6430559614736902e-05,0.0016200639770759004,KI05,N15_M07_F04,1,N15_M07_F04_KI05_6.mat
1.2560035175221485e-05,0.00030567704385403463,5.217607400229778e-05,0.001852758343924359,3.6409578586530645e-05,0.0008741966996981369,2.306532080688636e-05,0.0007136289687993695,1.1560064815030285e-05,0.0009102210169298555,1.6912942613926353e-05,0.001852758343924359,KI05,N15_M07_F04,1,N15_M07_F04_KI05_7.mat
1.3518964533981136e-05,0.00043549179133406857,5.152088580660235e-05,0.002062542739321654,3.4172673684441326e-05,0.0009063376107310122,2.376910996194658e-05,0.0007070399322374902,1.1007403224344075e-05,0.00024217767621261612,1.692617192395306e-05,0.002062542739321654,KI05,N15_M07_F04,1,N15_M07_F04_KI05_8.mat
1.37752816782465e-05,0.0005625591607652922,4.964666384772771e-05,0.001677945797377788,3.4869373113169715e-05,0.000985514917188418,2.2861161129532273e-05,0.0010341143520322435,1.1308155088514211e-05,0.0004933347269827917,1.6476626668929564e-05,0.001677945797377788,KI05,N15_M07_F04,1,N15_M07_F04_KI05_9.mat
1.5034023889956586e-05,0.000346492509689212,9.00778852897094e-05,0.004665959716685236,3.5737138513777136e-05,0.001350111849769257,3.385179021053139e-05,0.0016301962263793642,1.02701626012355e-05,0.00017377844195140462,2.0703826595886087e-05,0.004665959716685236,KI05,N15_M07_F10,1,N15_M07_F10_KI05_1.mat
1.7004103229007047e-05,0.0003759120075006102,9.007042791286055e-05,0.004302563729114747,3.889275851888005e-05,0.0012085604087938892,3.434509058636283e-05,0.0015467980802985595,1.0789200392655795e-05,0.00017585688294620365,2.143939102488502e-05,0.004302563729114747,KI05,N15_M07_F10,1,N15_M07_F10_KI05_10.mat
1.6440847623498864e-05,0.0004721590231110505,8.805252189698468e-05,0.00443065062859072,3.742021410730783e-05,0.0010554772704291099,3.560448605469626e-05,0.0015239344153426288,1.0924428383006618e-05,0.00015705277695074262,2.1471763903959178e-05,0.00443065062859072,KI05,N15_M07_F10,1,N15_M07_F10_KI05_11.mat
1.6104649251262507e-05,0.00034365602328835623,8.911441500300856e-05,0.004622310772544783,3.823617110962675e-05,0.0012360650130679956,3.3604971707122445e-05,0.0014815173178185739,9.982340247130979e-06,0.00016504528687609428,2.0645601541222368e-05,0.004622310772544783,KI05,N15_M07_F10,1,N15_M07_F10_KI05_12.mat
1.6054880330188506e-05,0.0004800183839015107,8.795942179028459e-05,0.0045387282623765264,3.834751334412219e-05,0.0014217830952087704,3.342653265748601e-05,0.0020167049837072986,1.0235328535495281e-05,0.00013982285039124495,2.0595855182191753e-05,0.0045387282623765264,KI05,N15_M07_F10,1,N15_M07_F10_KI05_13.mat
1.646782580696427e-05,0.0003551313535046857,8.823980388167823e-05,0.004171174620979731,3.7253971937026654e-05,0.0012282206965730541,3.4582817555725276e-05,0.0019455531599854347,1.133044275077428e-05,0.00015087373841536297,2.1437199533948712e-05,0.004171174620979731,KI05,N15_M07_F10,1,N15_M07_F10_KI05_14.mat
1.756551648508713e-05,0.0004006671493518997,8.989517737231062e-05,0.0043060396598528896,3.8512156849291835e-05,0.0010461824984891754,3.474835617915833e-05,0.0017759440357406023,1.0938341089650916e-05,0.00024256693053565712,2.1510334047421515e-05,0.0043060396598528896,KI05,N15_M07_F10,1,N15_M07_F10_KI05_15.mat
1.7802874377547217e-05,0.0005196526709825844,8.966805769745213e-05,0.004398682183593916,3.947123819069804e-05,0.0014323725093685622,3.429551218295047e-05,0.0015740197987100123,1.061736359324851e-05,0.00018545988752529657,2.1311906106626078e-05,0.004398682183593916,KI05,N15_M07_F10,1,N15_M07_F10_KI05_16.mat
1.695053320070268e-05,0.00036173577799023204,8.532193051215576e-05,0.004157914042551957,3.7905553554422566e-05,0.001262248836910475,3.4191395810585566e-05,0.00149609858497082,1.0481396118831358e-05,0.00015900455210832976,2.0872502182263736e-05,0.004157914042551957,KI05,N15_M07_F10,1,N15_M07_F10_KI05_17.mat
1.7226766298320402e-05,0.00043721651696494387,8.819150288926233e-05,0.004336245508786065,3.8966787034472715e-05,0.0011758629290371193,3.4112460029261024e-05,0.00217755518680888,1.0763530006257652e-05,0.00016613873626172712,2.1259830204746896e-05,0.004336245508786065,KI05,N15_M07_F10,1,N15_M07_F10_KI05_18.mat
1.6010905828988845e-05,0.0005599229327777893,9.484559302960049e-05,0.004301544835342738,3.962132411846308e-05,0.0012162403490340332,3.4449678060504624e-05,0.0015893788657768988,1.104683420138486e-05,0.0002115832623830798,2.182626059097563e-05,0.004301544835342738,KI05,N15_M07_F10,1,N15_M07_F10_KI05_19.mat
1.690937128417979e-05,0.00036546688561626977,8.603840420030618e-05,0.004424222527908091,3.7545059762869296e-05,0.001215858680322552,3.402331782253433e-05,0.001990380051733015,1.0693145958119439e-05,0.00017752670248554045,2.0961697614011525e-05,0.004424222527908091,KI05,N15_M07_F10,1,N15_M07_F10_KI05_2.mat
1.582373042762314e-05,0.0003564456529705258,8.755339306438023e-05,0.004476118260025095,3.867036711248136e-05,0.0011139238142437195,3.330279236595129e-05,0.001410884376580974,1.0247312190709696e-05,0.00015190671860731657,2.0612201402705974e-05,0.004476118260025095,KI05,N15_M07_F10,1,N15_M07_F10_KI05_20.mat
1.6519059789566997e-05,0.00036750816227195575,8.889273494972163e-05,0.0044842229589448545,3.8554497399215224e-05,0.0012664027857848623,3.472912562199228e-05,0.0018225117073260503,1.1034820143042116e-05,0.00021365673239418523,2.1395781463579473e-05,0.0044842229589448545,KI05,N15_M07_F10,1,N15_M07_F10_KI05_3.mat
1.4469026775186082e-05,0.0003978655171857419,8.498662172444327e-05,0.004036447365036581,3.670287898370968e-05,0.00103968767544603,3.342743886497544e-05,0.002163139047003561,9.84037234472962e-06,0.00016743702007625193,2.0027232149765807e-05,0.004036447365036581,KI05,N15_M07_F10,1,N15_M07_F10_KI05_4.mat
1.67600618180015e-05,0.0006240805373436621,9.165711601094595e-05,0.005379700206063056,3.923083458800109e-05,0.0014195647548778125,3.3910210082699527e-05,0.0018631481788071564,1.0720747420067592e-05,0.00018980578149543166,2.1305579166131605e-05,0.005379700206063056,KI05,N15_M07_F10,1,N15_M07_F10_KI05_5.mat
1.627738540683408e-05,0.00040501597218354265,8.677104613693544e-05,0.0042338550832847,3.809401040282655e-05,0.0014872409419849515,3.425698728616133e-05,0.0020116993520076973,1.097190640102737e-05,0.0001629081461398266,2.1122651037367593e-05,0.0042338550832847,KI05,N15_M07_F10,1,N15_M07_F10_KI05_6.mat
1.594870407114702e-05,0.00036695677846058824,8.66006246604896e-05,0.0044841518989592035,3.824630644825893e-05,0.0011313056295103132,3.3549509289024934e-05,0.0020288996865114937,1.007715002216416e-05,0.00020434248633386192,2.0574756714069738e-05,0.0044841518989592035,KI05,N15_M07_F10,1,N15_M07_F10_KI05_7.mat
1.6213993148503204e-05,0.0002870688426345371,9.436914350233772e-05,0.004474736481341746,3.831267400407738e-05,0.0012285008196115568,3.464086692676487e-05,0.0016993495073019621,1.0489258423842129e-05,0.00021624628205618103,2.148942719517148e-05,0.004474736481341746,KI05,N15_M07_F10,1,N15_M07_F10_KI05_8.mat
1.7344238466646652e-05,0.0003910888321657828,8.658083007023054e-05,0.00442806822119337,3.8000336123241974e-05,0.0019043334685350446,3.429188105639401e-05,0.0015781998941625844,1.0807908485715901e-05,0.0001497566882100766,2.1044524437441848e-05,0.00442806822119337,KI05,N15_M07_F10,1,N15_M07_F10_KI05_9.mat
