Bearing,Condition,RPM,Rotation_Hz,Label,File,Band_0_1000Hz_Mean,Band_0_1000Hz_Max,Band_1000_3000Hz_Mean,Band_1000_3000Hz_Max,Band_3000_5000Hz_Mean,Band_3000_5000Hz_Max,Band_5000_10000Hz_Mean,Band_5000_10000Hz_Max,Band_10000_20000Hz_Mean,Band_10000_20000Hz_Max,STFT_Mean,STFT_Max
K001,N09_M07_F10,900.0,15.0,0,N09_M07_F10_K001_1.mat,0.0004119209536761319,0.009801824222350649,0.0003854188598070832,0.004147403441965016,0.00042137060032300687,0.005208773230891841,0.00038859253520785546,0.006370978689238405,0.0003578999972414525,0.006246576473248317,0.0003647341200322099,0.009801824222350649
K001,N09_M07_F10,900.0,15.0,0,N09_M07_F10_K001_10.mat,0.0003793868626532461,0.0085461422905407,0.00039804810839551107,0.005044730152650289,0.00041520587669042103,0.0067052422980315605,0.0003916746687048513,0.005381328838030232,0.0003516990748658392,0.004667715752264006,0.0003645119146798956,0.0085461422905407
K001,N09_M07_F10,900.0,15.0,0,N09_M07_F10_K001_11.mat,0.00040645670668197376,0.007601894888996747,0.0003836578316282171,0.004214149465811573,0.00043102177751121645,0.00644081661143168,0.00038901738762126594,0.005253193972366778,0.0003509819677435763,0.0056622002419888205,0.000363564054933157,0.007601894888996747
K001,N09_M07_F10,900.0,15.0,0,N09_M07_F10_K001_12.mat,0.00037819683043695365,0.008578685215155106,0.00039244119564525444,0.005403810698993818,0.0004177144287506184,0.006279616896860611,0.0004025447870781215,0.005892099243694557,0.00034620671416172937,0.0051195291557265986,0.0003650294629804191,0.008578685215155106
K001,N09_M07_F10,900.0,15.0,0,N09_M07_F10_K001_13.mat,0.0003853942352414626,0.007249874631756937,0.0003903135500128677,0.0040197424581983835,0.00042564651995964604,0.00972466739796674,0.0003938698233250648,0.006048694999558089,0.0003519189184505979,0.004578078926231874,0.00036499130946967585,0.00972466739796674
K001,N09_M07_F10,900.0,15.0,0,N09_M07_F10_K001_14.mat,0.0003809427508277551,0.010367798606419011,0.00037761835633841426,0.0043247915396991896,0.00042451974247861455,0.006467147157654895,0.00039045405249365356,0.004880303333362811,0.00035517678179789586,0.004208133777933755,0.000363571963327021,0.010367798606419011
K001,N09_M07_F10,900.0,15.0,0,N09_M07_F10_K001_15.mat,0.0003945233399130616,0.006074355526332034,0.0003865119344010564,0.003927524857983181,0.0004334976472347926,0.008023402154502842,0.0003930993490676412,0.005809138310333816,0.0003467518685654811,0.005101163255898411,0.00036361917406239875,0.008023402154502842
K001,N09_M07_F10,900.0,15.0,0,N09_M07_F10_K001_16.mat,0.00040628688781158424,0.006834334008550104,0.00038128133955712967,0.0054979535151347125,0.0004155806460243922,0.0069462129458996505,0.0003924881458179625,0.004850496157058437,0.00034948169744095103,0.004744303330418263,0.0003636117250855325,0.0069462129458996505
K001,N09_M07_F10,900.0,15.0,0,N09_M07_F10_K001_17.mat,0.0003927098861708626,0.011264458619475243,0.00038172563717217084,0.0053075085375255,0.0004409563473753277,0.00679551202390341,0.00038609518125547096,0.005192352746639808,0.0003528237314568415,0.0055624558951566,0.0003635964083757919,0.011264458619475243
K001,N09_M07_F10,900.0,15.0,0,N09_M07_F10_K001_18.mat,0.00038850959137091013,0.008711373632853747,0.0003752392544570607,0.0041538144119807425,0.0004186406430635405,0.007727069333546311,0.0003969639858039354,0.005936407029660885,0.0003538279434620627,0.004324269430322408,0.00036507866039432567,0.008711373632853747
K001,N09_M07_F10,900.0,15.0,0,N09_M07_F10_K001_19.mat,0.0004075664971780375,0.006793592619166365,0.00037743127370116873,0.003922424776959962,0.000410431580849037,0.006373180276877122,0.0003872568224195182,0.005808217416001563,0.00036006890933150865,0.00473044647136322,0.0003635882710800884,0.006793592619166365
K001,N09_M07_F10,900.0,15.0,0,N09_M07_F10_K001_2.mat,0.0003844543568621978,0.008659784861491817,0.00038093125537716916,0.00595773710919639,0.00042850055271893367,0.009753485649287292,0.00039999581611589805,0.005927295742099389,0.00034550606431808003,0.004695679300135837,0.0003636602933375193,0.009753485649287292
K001,N09_M07_F10,900.0,15.0,0,N09_M07_F10_K001_20.mat,0.0003838358919817565,0.005960089255514838,0.00039164706221613845,0.004079503283803952,0.0004246312202663357,0.008466569601207539,0.0003877349238569227,0.007297754990856638,0.00035206895594170197,0.004575671113544937,0.00036354397933385574,0.008466569601207539
K001,N09_M07_F10,900.0,15.0,0,N09_M07_F10_K001_3.mat,0.0004027902091086792,0.00931124603909788,0.00038794146330103257,0.004743901544552588,0.0004322795254411767,0.005889164164598313,0.00038407217996486783,0.00901249407567064,0.00035404857151300146,0.005217875414300044,0.000363647279817915,0.00931124603909788
K001,N09_M07_F10,900.0,15.0,0,N09_M07_F10_K001_4.mat,0.0003971913173679128,0.011458161654756266,0.0003757447567924639,0.0039372698839725455,0.0004269493513405902,0.008120207057741231,0.0003979810590031066,0.004168073565116559,0.00034903652264286795,0.0047215810077450866,0.00036375841145100846,0.011458161654756266
K001,N09_M07_F10,900.0,15.0,0,N09_M07_F10_K001_5.mat,0.00042533561586677646,0.009568529924148125,0.0003912659329230414,0.004731246726356449,0.0004211732292178176,0.00848092519711605,0.00038276621416990847,0.005360130540461215,0.00035193278175847323,0.005146570909668196,0.00036362619356175487,0.009568529924148125
K001,N09_M07_F10,900.0,15.0,0,N09_M07_F10_K001_6.mat,0.0004035566497837953,0.009100255584046944,0.0003814382508651976,0.0036073603786742257,0.0004287412543256179,0.006430894507812921,0.00038949272603132313,0.0048697879071216855,0.00035057335214532697,0.004884245043227314,0.0003643326045177828,0.009100255584046944
K001,N09_M07_F10,900.0,15.0,0,N09_M07_F10_K001_7.mat,0.0003833047692185931,0.01390614385672222,0.0003814448599649998,0.004444414183752481,0.0004227967680446836,0.007677725708460105,0.0003905492492463849,0.005089037997932814,0.00035602521270968005,0.005899555146562533,0.00036361651509120454,0.01390614385672222
K001,N09_M07_F10,900.0,15.0,0,N09_M07_F10_K001_8.mat,0.000398451854766001,0.00884981929733114,0.00038483954915164185,0.00478887630854939,0.0004183397427618556,0.007905682219334005,0.00039759468225570357,0.006722236904320242,0.0003507483639440496,0.005294943473262709,0.0003648820140950511,0.00884981929733114
K001,N09_M07_F10,900.0,15.0,0,N09_M07_F10_K001_9.mat,0.00040953455365792856,0.00970071923289722,0.0003804419910542062,0.003938157026356599,0.0004234619191101981,0.007973928679459112,0.0003868538970054158,0.006505319361744926,0.00035507909621483233,0.004616525529978525,0.0003637117587068865,0.00970071923289722
K001,N15_M01_F10,1500.0,25.0,0,N15_M01_F10_K001_1.mat,0.0003307402915585788,0.007532650006861091,0.00038977557212761967,0.008883398265747657,0.0006660316466426388,0.025832889761918547,0.000546054670100186,0.01887305693340359,0.0002958843819477154,0.004100654387758608,0.0003635716644867817,0.025832889761918547
K001,N15_M01_F10,1500.0,25.0,0,N15_M01_F10_K001_10.mat,0.00033061272563547856,0.007677200174993049,0.00038464886811031694,0.005476274225656787,0.0006611266335027597,0.01674386775835285,0.0005476642612775147,0.015870740559154595,0.0002969553320339608,0.004716077531877394,0.0003639762154956358,0.01674386775835285
K001,N15_M01_F10,1500.0,25.0,0,N15_M01_F10_K001_11.mat,0.0003273940287557226,0.005764585046953035,0.00038310799364083464,0.007715682036967221,0.0006839147716903916,0.02384502187332024,0.0005758999856152288,0.02483184175247772,0.00028785355898901065,0.003982943574543532,0.0003634504053482742,0.02483184175247772
K001,N15_M01_F10,1500.0,25.0,0,N15_M01_F10_K001_12.mat,0.00034179805253053194,0.00858641550783497,0.00037250179665163763,0.005085407071772299,0.0006430242764146533,0.01867185854196814,0.0005575482449466494,0.022200554072571693,0.0002955700702410277,0.003805494047619132,0.00036366925390113374,0.022200554072571693
K001,N15_M01_F10,1500.0,25.0,0,N15_M01_F10_K001_13.mat,0.0003227155967578683,0.005787040879072556,0.00037634001340425277,0.005692939668979709,0.0006768688878609876,0.01674050343679383,0.0005614001591115848,0.020144955387572137,0.00029455670267646754,0.00448537089143724,0.0003637049360871743,0.020144955387572137
K001,N15_M01_F10,1500.0,25.0,0,N15_M01_F10_K001_14.mat,0.0003270081370667921,0.005198378622232841,0.0003791578342700188,0.005889447561567581,0.0006460734297717347,0.016330343468729202,0.0005605052815430294,0.024123799435079404,0.0002983770509245509,0.004517827920359362,0.0003636222918898576,0.024123799435079404
K001,N15_M01_F10,1500.0,25.0,0,N15_M01_F10_K001_15.mat,0.000327911629608375,0.007485998410035375,0.00037675996402281985,0.004578297704265224,0.0007082669978025338,0.027573542435421258,0.00057104503566021,0.018929625662320777,0.0002870222447894558,0.0038856622925810998,0.000363424405009792,0.027573542435421258
K001,N15_M01_F10,1500.0,25.0,0,N15_M01_F10_K001_16.mat,0.0003304653611517289,0.00704864465811531,0.0003768880824227439,0.00634465243696598,0.0006577954754706721,0.022540678712038006,0.0005712881612940419,0.025061115882261783,0.0002965360181001985,0.003576353668098607,0.00036457928595198764,0.025061115882261783
K001,N15_M01_F10,1500.0,25.0,0,N15_M01_F10_K001_17.mat,0.00034254392912663924,0.006869664143777321,0.0003710190638405237,0.004131344880420961,0.0006539770241715865,0.02183785365670956,0.0005637051926465976,0.0180452092429571,0.0002942150790575683,0.0038768466771126465,0.0003636180497316731,0.02183785365670956
K001,N15_M01_F10,1500.0,25.0,0,N15_M01_F10_K001_18.mat,0.00032937069443543206,0.0069438952463527995,0.0003750689745728824,0.004604748722385813,0.0006796629584817404,0.018351041362503456,0.0005683501997912674,0.020435692216239868,0.0002921228021970406,0.004523051993501951,0.0003635402236917248,0.020435692216239868
K001,N15_M01_F10,1500.0,25.0,0,N15_M01_F10_K001_19.mat,0.0003398239931165155,0.006888146389307705,0.00037023041863601885,0.005441581442377975,0.0006551696597148633,0.01940371784369089,0.0005541902173428806,0.015932330573513332,0.00029434850928628404,0.0034755279866246678,0.000363407560126439,0.01940371784369089
K001,N15_M01_F10,1500.0,25.0,0,N15_M01_F10_K001_2.mat,0.0003472222730493698,0.011402667139081737,0.0003862519439529951,0.005266007898380521,0.0006415375287278463,0.03900798404004784,0.0005438217011142415,0.016282331797034814,0.0002995867724420069,0.0048347714342885,0.00036361900505517994,0.03900798404004784
K001,N15_M01_F10,1500.0,25.0,0,N15_M01_F10_K001_20.mat,0.0003284847979263503,0.005590876579651863,0.00036807504445264354,0.005103447510311938,0.0006623851291891653,0.01944935647794357,0.0005584034694610508,0.019958166731854486,0.00029972271579927623,0.0037503353107366023,0.0003649870324327441,0.019958166731854486
K001,N15_M01_F10,1500.0,25.0,0,N15_M01_F10_K001_3.mat,0.00034844400553533,0.008039526157164415,0.00038122340065436887,0.004705397373204403,0.0006371479853822339,0.01725068118456116,0.0005535196506923216,0.02088729843312946,0.0002972360033333683,0.004898284204329052,0.0003636262501093991,0.02088729843312946
K001,N15_M01_F10,1500.0,25.0,0,N15_M01_F10_K001_4.mat,0.00033145072805941555,0.008830376367380776,0.00037603366233368346,0.0046190795037333015,0.0006780472986827881,0.02027735316467154,0.0005565689977163704,0.022274372102495495,0.00029539695381685234,0.004159535571757386,0.0003635849614999893,0.022274372102495495
K001,N15_M01_F10,1500.0,25.0,0,N15_M01_F10_K001_5.mat,0.000326358801998405,0.00871588104141372,0.0003756797432778329,0.0067392253000016465,0.0006594870532175323,0.023924466336107137,0.0005620566724516652,0.028399993270244325,0.0002978360587592687,0.004496757465652613,0.000363609181040668,0.028399993270244325
K001,N15_M01_F10,1500.0,25.0,0,N15_M01_F10_K001_6.mat,0.0003306015850292397,0.007706586196305261,0.0003799554074417802,0.005850794731352974,0.0006848162624178467,0.03561829600454948,0.0005637786188427533,0.020973119586835683,0.00029223295313821036,0.004191026363108639,0.0003644089074536745,0.03561829600454948
K001,N15_M01_F10,1500.0,25.0,0,N15_M01_F10_K001_7.mat,0.0003230477633462339,0.0063440630945415955,0.0003855309306785067,0.005313651472120492,0.0006562957388480017,0.01586850158181427,0.0005616064479750435,0.017415167260651836,0.0002960327592622125,0.004383024228332075,0.0003635669687426603,0.017415167260651836
K001,N15_M01_F10,1500.0,25.0,0,N15_M01_F10_K001_8.mat,0.0003331349797859629,0.006154441225053518,0.0003782919716509786,0.005745529229244307,0.000672266690318114,0.022589825414074484,0.0005603665612642313,0.01780458664512443,0.00029391604252604244,0.005521716376804896,0.00036356368023225677,0.022589825414074484
K001,N15_M01_F10,1500.0,25.0,0,N15_M01_F10_K001_9.mat,0.0003256799773138541,0.007599390395303088,0.00037105667719386097,0.004830990351235364,0.0006818350973220337,0.021735517723909404,0.0005667232239400337,0.0337269152421567,0.0002948041892480418,0.0042021348060775916,0.0003635224016622661,0.0337269152421567
K001,N15_M07_F04,1500.0,25.0,0,N15_M07_F04_K001_1.mat,0.0003503106570340896,0.006897027810760643,0.0004761393849814581,0.010296109294600711,0.0006349826179637752,0.017783176949681002,0.00044233961330641535,0.007790781497128289,0.00031635502659511363,0.004020908353093291,0.00036448815943468117,0.017783176949681002
K001,N15_M07_F04,1500.0,25.0,0,N15_M07_F04_K001_10.mat,0.00035324568426987397,0.00823369173163285,0.0004686196196326915,0.007751159378033142,0.0006260192938227607,0.017229998682939583,0.000443282643155494,0.009690505840552048,0.0003150293714041712,0.003994627823675741,0.00036356398312186415,0.017229998682939583
K001,N15_M07_F04,1500.0,25.0,0,N15_M07_F04_K001_11.mat,0.0003649911545998531,0.00634640668503425,0.0004727521206022803,0.00768140685009109,0.0006581095321589328,0.024396308902589182,0.00043770202193011613,0.011750819816131368,0.00031045341488722525,0.0036921870380419164,0.00036361439332879353,0.024396308902589182
K001,N15_M07_F04,1500.0,25.0,0,N15_M07_F04_K001_12.mat,0.0003628131738379642,0.006056951520536208,0.00048312004157196134,0.011250436531973752,0.0006542456210693467,0.018323450689501,0.00045238467916605636,0.00810873928218509,0.0003054953613380271,0.004084786373894413,0.00036510027542767756,0.018323450689501
K001,N15_M07_F04,1500.0,25.0,0,N15_M07_F04_K001_13.mat,0.00035171996408247646,0.009070348514966783,0.00048568628146642367,0.010275321902184295,0.0006413626357227725,0.01826786313542885,0.0004470866809000888,0.008949873901561281,0.0003083563073656634,0.005102656172184564,0.0003636746064616111,0.01826786313542885
K001,N15_M07_F04,1500.0,25.0,0,N15_M07_F04_K001_14.mat,0.0003571587683948667,0.007938386386383908,0.0004793759820357133,0.009924220191073063,0.0006507746636406386,0.019088732303417035,0.0004459845581269005,0.010648401420178229,0.0003118782232379578,0.004269030629137551,0.0003636480513465251,0.019088732303417035
K001,N15_M07_F04,1500.0,25.0,0,N15_M07_F04_K001_15.mat,0.0003546357327690698,0.007164948017191663,0.0004808410374659854,0.011271236060600829,0.0006313871646311158,0.022416168478703667,0.00044300726201468147,0.008689650114510004,0.0003113715978199131,0.0037018865516516685,0.00036394484641163587,0.022416168478703667
K001,N15_M07_F04,1500.0,25.0,0,N15_M07_F04_K001_16.mat,0.00037042980233166343,0.0064687999346633865,0.0004694494620329051,0.009255533947903287,0.0006530994154914431,0.019873235377155896,0.00044163070816668077,0.009787244666689161,0.0003145636466458448,0.003999641864205617,0.0003636689562387464,0.019873235377155896
K001,N15_M07_F04,1500.0,25.0,0,N15_M07_F04_K001_17.mat,0.0003800826771498618,0.012004048968583324,0.0004759097514541917,0.008882673738707854,0.0006750534314516533,0.018590711870292934,0.000446366590263061,0.009410504344317333,0.0003072163892547423,0.00461949827509158,0.00036383375225528084,0.018590711870292934
K001,N15_M07_F04,1500.0,25.0,0,N15_M07_F04_K001_18.mat,0.0003744431224763181,0.006968022010980322,0.0004751398635406773,0.008003659525092003,0.0006422957357109855,0.01623271734910033,0.0004417873088418548,0.01034510661526536,0.0003116004637736115,0.0042346159739730434,0.00036452923883922834,0.01623271734910033
K001,N15_M07_F04,1500.0,25.0,0,N15_M07_F04_K001_19.mat,0.00034861438595680966,0.005626881228134066,0.00047727116573560393,0.008633556147937774,0.0006607665258026015,0.02249715494484469,0.00044137003508790536,0.013122075156762619,0.00031490791829409003,0.004928198951093704,0.0003645905232601819,0.02249715494484469
K001,N15_M07_F04,1500.0,25.0,0,N15_M07_F04_K001_2.mat,0.00035274986091156607,0.009815959518555345,0.0004885015675657545,0.009924681455272241,0.000645291691736486,0.014339157280738622,0.00045246918125828285,0.00928971029139831,0.000312176146558939,0.004009483616229787,0.0003648490372271579,0.014339157280738622
K001,N15_M07_F04,1500.0,25.0,0,N15_M07_F04_K001_20.mat,0.00036058802287301155,0.006604507484694834,0.0004964972958853811,0.012458044224618398,0.0006788615584507968,0.02924585930367027,0.0004419936177514802,0.009808030189141791,0.00030680230648928285,0.00416273548578555,0.0003643878761109438,0.02924585930367027
K001,N15_M07_F04,1500.0,25.0,0,N15_M07_F04_K001_3.mat,0.00036181502952496345,0.008326225497698472,0.00047748723822790254,0.00943936703576067,0.0006325161475373801,0.020841413835120143,0.000442984276931521,0.012734168350012797,0.0003120214260379185,0.004303692340958402,0.0003635787526007107,0.020841413835120143
K001,N15_M07_F04,1500.0,25.0,0,N15_M07_F04_K001_4.mat,0.00036749311096049566,0.007198862166687302,0.00047457717465697487,0.007889380756771314,0.0006569140462967106,0.0215353536904516,0.0004363010890499261,0.008630296565284922,0.0003108523389338527,0.004138119731022003,0.00036382449819963726,0.0215353536904516
K001,N15_M07_F04,1500.0,25.0,0,N15_M07_F04_K001_5.mat,0.00036168764269101366,0.009712725684114316,0.0004799330064356859,0.01015222076035899,0.000655868736376233,0.020252517319743132,0.0004383609306004915,0.01010891761491811,0.00031115712424570325,0.004374689923272664,0.00036367700589319936,0.020252517319743132
K001,N15_M07_F04,1500.0,25.0,0,N15_M07_F04_K001_6.mat,0.0003548803712163263,0.005670292043005,0.0004626247044761427,0.00861604891873603,0.000651677980420472,0.017007003482233638,0.0004480975373471356,0.009180668075862472,0.00030876935696090205,0.00519721463640911,0.0003639720792085624,0.017007003482233638
K001,N15_M07_F04,1500.0,25.0,0,N15_M07_F04_K001_7.mat,0.0003722052303104734,0.008153722029069903,0.0004712354650564666,0.009789043210718523,0.0006461346260317204,0.01836896170668535,0.0004357756457413711,0.008511740071228052,0.00031326120325432446,0.004025391056195795,0.00036427824422028435,0.01836896170668535
K001,N15_M07_F04,1500.0,25.0,0,N15_M07_F04_K001_8.mat,0.00035367192499676783,0.006779690891038505,0.00047916376561251117,0.011438453578943228,0.0006522957405898884,0.020410719662231083,0.0004442679564239856,0.01147200611075083,0.00030772687911764096,0.0041816220250861375,0.0003634979658827994,0.020410719662231083
K001,N15_M07_F04,1500.0,25.0,0,N15_M07_F04_K001_9.mat,0.00035015039331801783,0.008575894994968776,0.00048092564293015995,0.011940088679376912,0.0006787433722254891,0.03335251162737855,0.0004474554495423126,0.010378077139899375,0.00031023984696566164,0.0038849661955015504,0.00036495146034299714,0.03335251162737855
K001,N15_M07_F10,1500.0,25.0,0,N15_M07_F10_K001_1.mat,0.0003426013779704043,0.006689123069437716,0.0003723267133498887,0.005880809570609264,0.0006637638325290106,0.01672343112969934,0.0005609695156030014,0.02211027512216338,0.0002968507377223548,0.0037663988700199517,0.00036373645002355605,0.02211027512216338
K001,N15_M07_F10,1500.0,25.0,0,N15_M07_F10_K001_10.mat,0.00033910374908516786,0.0070866314498331355,0.00038226906618695335,0.005366388677731285,0.0006597797892801285,0.02478962345119886,0.0005618677601345525,0.01922541383637162,0.0002964820137888099,0.0042076297103900515,0.0003641844583154969,0.02478962345119886
K001,N15_M07_F10,1500.0,25.0,0,N15_M07_F10_K001_11.mat,0.0003428998183715307,0.008214287334267885,0.0003721894499582333,0.004668797143517152,0.0006313068833447126,0.014983231674694534,0.0005668097339079358,0.017745193022610507,0.00029541287391811257,0.0041381143593601346,0.0003637043483491721,0.017745193022610507
K001,N15_M07_F10,1500.0,25.0,0,N15_M07_F10_K001_12.mat,0.00034021073358318966,0.009120284576034289,0.00037976948228054755,0.005334406935548595,0.0006749865261919271,0.030642465242535385,0.0005668250834865675,0.015390946026327972,0.00029459317202185976,0.004166852446665503,0.0003640705053011863,0.030642465242535385
K001,N15_M07_F10,1500.0,25.0,0,N15_M07_F10_K001_13.mat,0.0003335856821375581,0.007022717015036987,0.000372792575159157,0.005087906265125038,0.0006717066003530238,0.02044454240476007,0.0005698410047668588,0.023241091027020166,0.00029251080530177356,0.00477540021745385,0.0003636996609135854,0.023241091027020166
K001,N15_M07_F10,1500.0,25.0,0,N15_M07_F10_K001_14.mat,0.0003460997371815868,0.008826396605270263,0.00036597776677326047,0.005104448628754786,0.0006493495427612532,0.018853027516032822,0.0005753733714179555,0.025750135369002652,0.00029028139355136194,0.0036488681846649773,0.00036470135414308225,0.025750135369002652
K001,N15_M07_F10,1500.0,25.0,0,N15_M07_F10_K001_15.mat,0.0003436238051162621,0.00980712968430588,0.00037305643728442826,0.005209550976842215,0.0006516612651508713,0.015178340339215609,0.0005579398572033263,0.01606284137263738,0.0002968312436544301,0.0037671694295177186,0.00036382204463185765,0.01606284137263738
K001,N15_M07_F10,1500.0,25.0,0,N15_M07_F10_K001_16.mat,0.000338982209127603,0.007701356237086234,0.0003683451311693604,0.004317500483339283,0.0006778408028575206,0.03187805319887596,0.0005710696183569058,0.022753834175703737,0.0002911257028866719,0.00412497967402007,0.00036365460841344456,0.03187805319887596
K001,N15_M07_F10,1500.0,25.0,0,N15_M07_F10_K001_17.mat,0.0003319807839347726,0.008420757418250149,0.00038270326294275933,0.006750351856584734,0.0006914900562578616,0.01939616933509694,0.0005845355637721347,0.03248530366113507,0.0002892443878694603,0.004025889299170034,0.0003649914507645508,0.03248530366113507
K001,N15_M07_F10,1500.0,25.0,0,N15_M07_F10_K001_18.mat,0.00034162675962411896,0.007506684580403693,0.0003716002023579632,0.005414894383141787,0.0006516687542142518,0.01849032696525477,0.0005630392420833615,0.01943065447157946,0.00029373161352036996,0.004616573447765567,0.00036372960205627904,0.01943065447157946
K001,N15_M07_F10,1500.0,25.0,0,N15_M07_F10_K001_19.mat,0.0003395279257972804,0.009659175361100272,0.00038339096860353494,0.004287655750629011,0.0006665236613198547,0.019396413785149346,0.0005620542490262555,0.014207240769473627,0.0002902218572787224,0.004342910080939515,0.00036364375695253285,0.019396413785149346
K001,N15_M07_F10,1500.0,25.0,0,N15_M07_F10_K001_2.mat,0.00034803876998079235,0.009307008974731697,0.0003805440697478779,0.005186886207298485,0.0006895262910240213,0.019572218057631416,0.0005673290282450661,0.016390820380073078,0.00028752741495316014,0.004142148175869995,0.00036361641567744156,0.019572218057631416
K001,N15_M07_F10,1500.0,25.0,0,N15_M07_F10_K001_20.mat,0.00034582536387136936,0.009171588361442341,0.0003639759904781414,0.0073201923492557264,0.0006664922910217457,0.021143221455155684,0.0005731063693734416,0.01549204570396077,0.0002901701927411742,0.004118932436446897,0.0003637115675782234,0.021143221455155684
K001,N15_M07_F10,1500.0,25.0,0,N15_M07_F10_K001_3.mat,0.0003340249792702575,0.010110363700503234,0.0003672862331918309,0.005197505209077066,0.0006998927056905957,0.02992979747769404,0.0005700343480967539,0.020349692523561155,0.0002886066617486341,0.0035466974760008326,0.0003637361601522068,0.02992979747769404
K001,N15_M07_F10,1500.0,25.0,0,N15_M07_F10_K001_4.mat,0.00034739072583459224,0.00865728044676332,0.00038081550291539396,0.00906240746393941,0.0007182213792590097,0.02484635180699761,0.0005697982809999401,0.018291675307478855,0.0002858278508094624,0.003965254199951861,0.00036360219301103275,0.02484635180699761
K001,N15_M07_F10,1500.0,25.0,0,N15_M07_F10_K001_5.mat,0.0003434187516533674,0.008232076996354578,0.00037210298780390624,0.006737659000734595,0.0006648312882833832,0.018254643490761134,0.0005724661063959746,0.024238826721643632,0.00029094491464913585,0.003462105698912799,0.0003636000131019831,0.024238826721643632
K001,N15_M07_F10,1500.0,25.0,0,N15_M07_F10_K001_6.mat,0.0003514579822242523,0.008333042943056522,0.0003778144159846139,0.004070764016807006,0.0006337029914876191,0.01720885680891183,0.0005529169130409065,0.017879695108841923,0.0002957829921609408,0.0036918858482830217,0.00036353635041253647,0.017879695108841923
K001,N15_M07_F10,1500.0,25.0,0,N15_M07_F10_K001_7.mat,0.000332837301681091,0.00786602218804444,0.00038467875138381525,0.004999685102385185,0.0006493296130052083,0.015919643226847788,0.0005645734129613425,0.019004964930908395,0.00029240953099390633,0.004138982821788997,0.0003636163979113243,0.019004964930908395
K001,N15_M07_F10,1500.0,25.0,0,N15_M07_F10_K001_8.mat,0.00034165802499086544,0.006942408514028035,0.00038646667653948505,0.005380533978974241,0.0006781862205770411,0.02455398987250551,0.0005685618078246237,0.019986076870599105,0.0002888257538557749,0.004393506391891663,0.0003637552143521669,0.02455398987250551
K001,N15_M07_F10,1500.0,25.0,0,N15_M07_F10_K001_9.mat,0.0003413150782406611,0.008538845848739401,0.0003815323548382857,0.004843670764883471,0.0006449937481943431,0.01746473314821815,0.0005604454745669317,0.019621837127487295,0.0002928834068851416,0.004144869685639434,0.00036363130649766335,0.019621837127487295
K002,N09_M07_F10,900.0,15.0,0,N09_M07_F10_K002_1.mat,0.000445152164188159,0.01019160350657402,0.0004938693767303628,0.01114491280028544,0.00038425315982214823,0.00563739610237583,0.0004352028391602068,0.018271816050252195,0.00033496238035287307,0.005512542329242273,0.00036398975208030645,0.018271816050252195
K002,N09_M07_F10,900.0,15.0,0,N09_M07_F10_K002_10.mat,0.00042476377106398364,0.012280500422171475,0.0004666204551021678,0.00932038263815324,0.0003910147310482052,0.008692232344775256,0.00045888525433658675,0.013661288160714439,0.0003350712958678909,0.007134905809372378,0.00036440999353692043,0.013661288160714439
K002,N09_M07_F10,900.0,15.0,0,N09_M07_F10_K002_11.mat,0.00047409450397891767,0.011307430132864563,0.00047301497303052937,0.010915908663704978,0.00040299243461901875,0.008194085213343038,0.00045308620992293294,0.01180851791749151,0.00032723653444726255,0.004989463757038353,0.0003653937248043976,0.01180851791749151
K002,N09_M07_F10,900.0,15.0,0,N09_M07_F10_K002_12.mat,0.00042966782831287386,0.02100319938055217,0.0004851489205780418,0.014021533799714355,0.00038513346864723345,0.005794158524350606,0.0004382725093561103,0.010359818711484416,0.00034431177345536484,0.006078446781257446,0.00036392836912080897,0.02100319938055217
K002,N09_M07_F10,900.0,15.0,0,N09_M07_F10_K002_13.mat,0.0004278730993874226,0.010615967585258233,0.0004796347294065965,0.008249396031795702,0.0003965109964721622,0.006099615752648575,0.0004481001471957497,0.018122095177106848,0.000334195650057559,0.006170671071638755,0.0003639816232583155,0.018122095177106848
K002,N09_M07_F10,900.0,15.0,0,N09_M07_F10_K002_14.mat,0.00043524521892213163,0.012440459942278237,0.0004932710251861248,0.011062607029962158,0.00041195796603938554,0.0065782677237067955,0.0004477291283510604,0.014972679712994768,0.0003248137072057588,0.005541724481536175,0.0003639301283612544,0.014972679712994768
K002,N09_M07_F10,900.0,15.0,0,N09_M07_F10_K002_15.mat,0.0004353992393850081,0.009531313739640127,0.0004891030318844662,0.008434898691734116,0.00038104655180287836,0.007900743769419431,0.0004358309822387229,0.015902090268253125,0.00034428168392951,0.0056786261199247776,0.0003640036539317707,0.015902090268253125
K002,N09_M07_F10,900.0,15.0,0,N09_M07_F10_K002_16.mat,0.00044075460972615207,0.010345687348581371,0.0004991293071662617,0.009441686436132708,0.00039126815628534443,0.00643035688254463,0.00044378231646740197,0.012899475178452594,0.0003287079722631333,0.005630158224888229,0.0003640585572060808,0.012899475178452594
K002,N09_M07_F10,900.0,15.0,0,N09_M07_F10_K002_17.mat,0.0004482722283087283,0.013871343466730926,0.000492181810172068,0.011289068316331235,0.00041073030606885553,0.005645753901501508,0.0004468324578897532,0.015451594330102302,0.00032767318748073255,0.005002654497320624,0.0003655352720512524,0.015451594330102302
K002,N09_M07_F10,900.0,15.0,0,N09_M07_F10_K002_18.mat,0.0004189517910538878,0.014209571123247432,0.0004995086690320875,0.011285549840454778,0.0003855756176848329,0.005028406776229207,0.0004458117767355447,0.012746846853037739,0.00033437955902228966,0.006223195022581339,0.00036456174311657203,0.014209571123247432
K002,N09_M07_F10,900.0,15.0,0,N09_M07_F10_K002_19.mat,0.0004472504378318161,0.014507778293202392,0.0004912756685959039,0.00998392286059093,0.0004074949004792215,0.006016743307842605,0.00045242113851314155,0.014407759193641902,0.0003231337073357262,0.0060988045008711226,0.0003640718977224173,0.014507778293202392
K002,N09_M07_F10,900.0,15.0,0,N09_M07_F10_K002_2.mat,0.00044666303508080445,0.012937839255600565,0.0004568337636698022,0.013353386360779944,0.0004413423010935335,0.007918985363103228,0.0004608810333820482,0.016025524329095795,0.00032848236062493053,0.005290958906601682,0.0003641787872287445,0.016025524329095795
K002,N09_M07_F10,900.0,15.0,0,N09_M07_F10_K002_20.mat,0.00043875612863982774,0.012719105664815301,0.0004745892297392855,0.007669116568700872,0.0003849202100102906,0.006348765800206099,0.00045316450056529124,0.01667873925064842,0.00033432996368478146,0.006553694525539812,0.00036397873051847757,0.01667873925064842
K002,N09_M07_F10,900.0,15.0,0,N09_M07_F10_K002_3.mat,0.00043696703972375723,0.009879843803052634,0.00045492152192638726,0.010946493904371754,0.0003981050240707363,0.005857820227541825,0.0004605163246147436,0.013819133919844925,0.0003400430413971207,0.005822305469123607,0.00036397666886546357,0.013819133919844925
K002,N09_M07_F10,900.0,15.0,0,N09_M07_F10_K002_4.mat,0.0004348796986741503,0.010704175073016907,0.0004956443708398207,0.008257505299280208,0.0003864669252726198,0.006183390446397554,0.0004416664412509905,0.0129084540861323,0.000340454920307248,0.006108490066294167,0.0003654719817598105,0.0129084540861323
K002,N09_M07_F10,900.0,15.0,0,N09_M07_F10_K002_5.mat,0.0004351078599550356,0.010825652388942572,0.0004998914949167379,0.010797433561841447,0.0003895818355501331,0.008705839955655693,0.00043135155637656327,0.01171975988257757,0.00034086421177158017,0.005845166716352162,0.00036402466703577087,0.01171975988257757
K002,N09_M07_F10,900.0,15.0,0,N09_M07_F10_K002_6.mat,0.00044529856465565237,0.012686960295363292,0.0004539778803412161,0.008610557486137514,0.0004101818916356159,0.007576271009975171,0.0004585279516229717,0.013874320898826883,0.000332033546234433,0.006191970348799112,0.00036535184803776195,0.013874320898826883
K002,N09_M07_F10,900.0,15.0,0,N09_M07_F10_K002_7.mat,0.0004600820591901514,0.014424606609542399,0.0004786490805072374,0.010611361620393306,0.00038857200607613797,0.006414305734375866,0.00045281107405653295,0.014031069782093132,0.00033115518700376856,0.005470449233172,0.00036540334823960543,0.014424606609542399
K002,N09_M07_F10,900.0,15.0,0,N09_M07_F10_K002_8.mat,0.0004549551044798349,0.012781063465841421,0.00045973560645732133,0.008918408635480652,0.00040391709606011776,0.005618983452056843,0.0004492364330160061,0.01413668114853898,0.00033464602203868524,0.00567624408865016,0.0003640071523318626,0.01413668114853898
K002,N09_M07_F10,900.0,15.0,0,N09_M07_F10_K002_9.mat,0.00043512199300060363,0.011659165978072242,0.00047903729542367096,0.008477661135193144,0.00038467165724595276,0.005422607002693141,0.0004569098963097358,0.01835676926803047,0.00032898006345695436,0.005507602748683978,0.00036539046831552617,0.01835676926803047
K002,N15_M01_F10,1500.0,25.0,0,N15_M01_F10_K002_1.mat,0.0002662814148016227,0.0060964074227617855,0.0014347335501249956,0.08344937845388452,0.0007504356081762442,0.035652832597582174,0.0006545078361878192,0.048373883775064346,0.0001750896123844277,0.002893635428750037,0.00036387792157836286,0.08344937845388452
K002,N15_M01_F10,1500.0,25.0,0,N15_M01_F10_K002_10.mat,0.00030371904350135734,0.009754105518136248,0.0013254477710746284,0.06436493542512349,0.0007748112682814707,0.03173661820192233,0.0006236614526319928,0.05287088922542677,0.0001891665376775901,0.0044034387448653725,0.00036407570843632376,0.06436493542512349
K002,N15_M01_F10,1500.0,25.0,0,N15_M01_F10_K002_11.mat,0.00030445516080417057,0.005495915772062916,0.0013359944567445407,0.08164697113919642,0.0007786246020238969,0.038045926619354874,0.0006320554777723553,0.04003786948703683,0.00018155235441632975,0.007907688800535852,0.0003636477050178222,0.08164697113919642
K002,N15_M01_F10,1500.0,25.0,0,N15_M01_F10_K002_12.mat,0.00030152344348984087,0.006525102988292565,0.0014350508582486954,0.06702087885614287,0.0007894050971694166,0.04456766104877117,0.0005869980911461882,0.03496264912022377,0.00018751877748633499,0.004679227773134504,0.00036373027900805054,0.06702087885614287
K002,N15_M01_F10,1500.0,25.0,0,N15_M01_F10_K002_13.mat,0.0003054306791831543,0.006291240591033767,0.0014158129778600434,0.06812529730937573,0.0007895702836252533,0.03584169794508314,0.0005796857806856122,0.04354201952285331,0.00019265004229525068,0.004443642563025561,0.00036362816479724726,0.06812529730937573
K002,N15_M01_F10,1500.0,25.0,0,N15_M01_F10_K002_14.mat,0.0002883603189410228,0.006790532163948422,0.0013385707121086098,0.06709244369441397,0.000841554192342449,0.05300505809014021,0.000609370844876657,0.03795695937369427,0.00018671374457939038,0.0037431061042384746,0.00036345430096830413,0.06709244369441397
K002,N15_M01_F10,1500.0,25.0,0,N15_M01_F10_K002_15.mat,0.00029156604167121915,0.006008445297311832,0.0014851487205852123,0.059590063871845476,0.0007552600093520637,0.02673532390301921,0.0005923851794167391,0.041820093681503544,0.00018150472153769963,0.004315902824135507,0.0003636481533907983,0.059590063871845476
K002,N15_M01_F10,1500.0,25.0,0,N15_M01_F10_K002_16.mat,0.0002918119462793592,0.005437714548222926,0.0013569454259046707,0.06745003040969824,0.0008869911521404923,0.04079716441802163,0.0005903913343630483,0.039739563982453825,0.0001861633781021386,0.004908044012360651,0.00036364624892359123,0.06745003040969824
K002,N15_M01_F10,1500.0,25.0,0,N15_M01_F10_K002_17.mat,0.000296223801937772,0.007015893886553001,0.001391253438703166,0.06087119598848814,0.000753602964697755,0.02432746379531523,0.0005957045788923263,0.04369097558264665,0.00019221087829407427,0.004922028752943435,0.000363700177837447,0.06087119598848814
K002,N15_M01_F10,1500.0,25.0,0,N15_M01_F10_K002_18.mat,0.00029522863536473107,0.006579576771762324,0.0015043857447794935,0.06006799158657065,0.0007649614142677337,0.02426037749036838,0.000557901120254395,0.027052055610673458,0.00019059184304911272,0.004618464320514775,0.0003636486014919084,0.06006799158657065
K002,N15_M01_F10,1500.0,25.0,0,N15_M01_F10_K002_19.mat,0.00030721486004592065,0.008954509899699795,0.0014190758082346009,0.06935690746898408,0.0007709004984160788,0.037684321361810255,0.0006046059160274091,0.04239810726489037,0.00018580814470189799,0.0033293420631229373,0.00036372180254412155,0.06935690746898408
K002,N15_M01_F10,1500.0,25.0,0,N15_M01_F10_K002_2.mat,0.0003162855156715116,0.006215580945563967,0.0014093605118791074,0.0743919346805969,0.0008020552199146814,0.03399760752863543,0.0005716326780031021,0.030918971588650406,0.0001923954960214206,0.004631946920378362,0.0003636956002096122,0.0743919346805969
K002,N15_M01_F10,1500.0,25.0,0,N15_M01_F10_K002_20.mat,0.00030163508693643024,0.006860953544359505,0.001391888031977157,0.06388487550977802,0.0008137249889893549,0.028105593607094036,0.0006035422756981862,0.04646574824661326,0.0001839924662290042,0.0042304476440423395,0.00036506727987565765,0.06388487550977802
K002,N15_M01_F10,1500.0,25.0,0,N15_M01_F10_K002_3.mat,0.0002935961532329548,0.006766160304055863,0.0013337910515486705,0.07674799032253149,0.000761314698611625,0.04027787007153706,0.0006582337729273904,0.04968137203931147,0.00018112693791117555,0.004732162473528402,0.0003636798793011486,0.07674799032253149
K002,N15_M01_F10,1500.0,25.0,0,N15_M01_F10_K002_4.mat,0.0002968565815026493,0.0069880341271431005,0.0013318049548744593,0.07283439570613277,0.0007214162338150026,0.02977117204837337,0.0006636952800193398,0.06101294343644551,0.0001871101026396438,0.003533886370091978,0.00036364786665954733,0.07283439570613277
K002,N15_M01_F10,1500.0,25.0,0,N15_M01_F10_K002_5.mat,0.00030337579628425705,0.005914736249380796,0.0013549985013919265,0.0725523086922068,0.0007436443412213707,0.04681126572931062,0.0006301188161587992,0.05399309219477326,0.00018472204237585696,0.003299561004097578,0.00036358959118433086,0.0725523086922068
K002,N15_M01_F10,1500.0,25.0,0,N15_M01_F10_K002_6.mat,0.00030450535157179804,0.0063186398674268,0.0013527213427785123,0.07284320256299406,0.0007332111038034651,0.027466793722846765,0.0006461860215683369,0.05832289902845594,0.0001827550247729467,0.004131121668945782,0.0003636705894053697,0.07284320256299406
K002,N15_M01_F10,1500.0,25.0,0,N15_M01_F10_K002_7.mat,0.0002908006898219988,0.0065777561341045275,0.0013635718160432526,0.07146989535136605,0.0007844495318023318,0.036290702222926796,0.0005988078652781191,0.035433890968468836,0.00018995483593322758,0.0037863206596647865,0.00036363682296563317,0.07146989535136605
K002,N15_M01_F10,1500.0,25.0,0,N15_M01_F10_K002_8.mat,0.00031172640664183855,0.009334350372709382,0.0014040106903789778,0.06885091666785455,0.0007645775102081365,0.025815593694782184,0.000585042073712141,0.03550058806647114,0.0001906192339572755,0.004385449466609167,0.0003637070589290217,0.06885091666785455
K002,N15_M01_F10,1500.0,25.0,0,N15_M01_F10_K002_9.mat,0.00029175042836495464,0.006790170747382554,0.0013945582749759493,0.07367402116846322,0.0007870530289041741,0.041452243034418405,0.0006128675653832758,0.04297194913206852,0.000187068742940349,0.0031460746085175528,0.0003636124997616282,0.07367402116846322
K002,N15_M07_F04,1500.0,25.0,0,N15_M07_F04_K002_1.mat,0.00028953140313650583,0.006602064040154941,0.0014052715459308568,0.06106607852756098,0.0009154979896212473,0.03607655558108622,0.00045452209612289275,0.02058164891691811,0.00021083514480499383,0.004648231441114173,0.00036382177809653394,0.06106607852756098
K002,N15_M07_F04,1500.0,25.0,0,N15_M07_F04_K002_10.mat,0.00028965288312281717,0.010430744186627481,0.0013419767397915897,0.055954627075467625,0.001023041724580923,0.04469638385598405,0.00043829962073946885,0.013556497917102693,0.00020585523119329822,0.003197979100324779,0.0003637997285459342,0.055954627075467625
K002,N15_M07_F04,1500.0,25.0,0,N15_M07_F04_K002_11.mat,0.00029009866397716174,0.009148368860687433,0.0013696725100778042,0.05854038826477561,0.0009059828144031416,0.038975588946258875,0.00044448987638885825,0.013653757676259776,0.0002168651895138453,0.0038494446922594226,0.00036524631807067684,0.05854038826477561
K002,N15_M07_F04,1500.0,25.0,0,N15_M07_F04_K002_12.mat,0.00029441975485704387,0.010348410266323863,0.001359058791205942,0.05969251838623662,0.0009067047956150185,0.03927145383815003,0.00045373505787541505,0.023163880038669527,0.0002159224660278169,0.003593061014562897,0.00036393638722314155,0.05969251838623662
K002,N15_M07_F04,1500.0,25.0,0,N15_M07_F04_K002_13.mat,0.00030610073026189605,0.009531295261234826,0.0013583092045048452,0.06071910667301386,0.0009463666819827008,0.029442791472083594,0.00044192695724948387,0.016107858316725756,0.00020894138381111725,0.0034167044966021682,0.0003639250520730757,0.06071910667301386
K002,N15_M07_F04,1500.0,25.0,0,N15_M07_F04_K002_14.mat,0.0002844774112543703,0.009879431159374626,0.0012994559695003681,0.058216172963051774,0.0009118192723789253,0.03681033113480998,0.0004550022967813256,0.01354522484932512,0.00021786284560380996,0.0030606429031210694,0.0003639338189305648,0.058216172963051774
K002,N15_M07_F04,1500.0,25.0,0,N15_M07_F04_K002_15.mat,0.00029806543362242776,0.0114020321162984,0.0014129177911789946,0.05728852824802138,0.000887226204117943,0.042124681808544125,0.00043404996238057876,0.013552567041246957,0.00021417184878211253,0.0031881722478338133,0.00036389130033080426,0.05728852824802138
K002,N15_M07_F04,1500.0,25.0,0,N15_M07_F04_K002_16.mat,0.0003056961764620104,0.010967485413594217,0.0013873379343786723,0.06611317337996926,0.0009401571149746302,0.0339477551070791,0.00044473045317106963,0.019473165466310886,0.0002100577170781574,0.00525548955427771,0.0003653048072325809,0.06611317337996926
K002,N15_M07_F04,1500.0,25.0,0,N15_M07_F04_K002_17.mat,0.00030301042762847667,0.010588719766510142,0.0013463785662825992,0.060149101584424394,0.0009224803937335074,0.028018768374672706,0.00045160705867175677,0.013878424762552268,0.0002103628992268677,0.0033455260662618195,0.00036388093855848486,0.060149101584424394
K002,N15_M07_F04,1500.0,25.0,0,N15_M07_F04_K002_18.mat,0.0003066028188055839,0.00980021135051204,0.0013247949939128056,0.06178016998014528,0.000900034395110587,0.02536059894674032,0.0004494476165991039,0.024694795811840985,0.0002187349674924959,0.0035993982386191077,0.00036513191631959327,0.06178016998014528
K002,N15_M07_F04,1500.0,25.0,0,N15_M07_F04_K002_19.mat,0.0002849914803659571,0.011263039802087154,0.001329654834040103,0.060558946504908014,0.0009222029563969398,0.02952481388168354,0.0004657234603216278,0.020896503995135467,0.00021340261479280492,0.0038456551513207544,0.000365288064704755,0.060558946504908014
K002,N15_M07_F04,1500.0,25.0,0,N15_M07_F04_K002_2.mat,0.0003216230380160866,0.012343987086860358,0.0013061187143458496,0.06637903834925676,0.0008922434509237305,0.027533080547065224,0.00044136305229662353,0.015852437828583095,0.00022202483694547045,0.00296884514950818,0.00036399595940801873,0.06637903834925676
K002,N15_M07_F04,1500.0,25.0,0,N15_M07_F04_K002_20.mat,0.00030441576489327783,0.008940863645679229,0.001317553782520576,0.06330791668096457,0.0009498961543439374,0.04743047416664791,0.00043777280469899663,0.015801823502833094,0.00021434114872376244,0.003303983471493373,0.0003638400871145319,0.06330791668096457
K002,N15_M07_F04,1500.0,25.0,0,N15_M07_F04_K002_3.mat,0.00027305059038077134,0.009857569088897325,0.0013685703304602832,0.06397465003007427,0.0010150435437024272,0.04748039966251889,0.0004334430965947885,0.014272686948206487,0.00020705325595246727,0.0034632625728385925,0.0003637828647217644,0.06397465003007427
K002,N15_M07_F04,1500.0,25.0,0,N15_M07_F04_K002_4.mat,0.00028475501801863447,0.008591589086203819,0.0013384076249841439,0.06642458483644541,0.001024207167141178,0.05797987870311733,0.0004383830001798728,0.014941805897232326,0.00020801332407807983,0.004060116434834847,0.000363817411751575,0.06642458483644541
K002,N15_M07_F04,1500.0,25.0,0,N15_M07_F04_K002_5.mat,0.0002956957611123144,0.008334799806720057,0.001440413505696683,0.05971310565957125,0.0008804440636516398,0.03562167833134333,0.0004500118212666493,0.018331714332129434,0.00020469897217680218,0.003345410094203278,0.0003638524303855293,0.05971310565957125
K002,N15_M07_F04,1500.0,25.0,0,N15_M07_F04_K002_6.mat,0.00030032915113404896,0.010784102175119027,0.0013526998018931907,0.06226966043402859,0.0008675072351064407,0.04066859908974367,0.00045814135868272427,0.016139136301758835,0.00021626389174545893,0.00333922667930696,0.0003638981864081065,0.06226966043402859
K002,N15_M07_F04,1500.0,25.0,0,N15_M07_F04_K002_7.mat,0.00029080877808105953,0.009994944403729273,0.0014167520326995296,0.061278021162462296,0.0008959615091493259,0.03444917699060564,0.00043861484885894845,0.01398361481190358,0.00021894623859760475,0.004889001502640782,0.00036382293559426534,0.061278021162462296
K002,N15_M07_F04,1500.0,25.0,0,N15_M07_F04_K002_8.mat,0.0002886656835022905,0.01018509931554009,0.0013645251059552816,0.05567230299930158,0.000901049550664616,0.03377059110607563,0.0004469265825253247,0.015551759949779462,0.00021293906479318025,0.003208050902686624,0.0003638656028811082,0.05567230299930158
K002,N15_M07_F04,1500.0,25.0,0,N15_M07_F04_K002_9.mat,0.00031857177542559913,0.009747103590497708,0.001392186762838741,0.06279633017330703,0.0009259250289613488,0.042970013331869936,0.0004459286935343599,0.01458631924919917,0.00020441652290837338,0.004203177511455087,0.0003639299465258989,0.06279633017330703
K002,N15_M07_F10,1500.0,25.0,0,N15_M07_F10_K002_1.mat,0.0002822397269215749,0.007184060018654964,0.0015538449910832857,0.0698642854373264,0.0007988595178534787,0.031166467013830215,0.0005200713710519536,0.025151799341161903,0.0001870321585972929,0.0027972877281735673,0.00036372532776201145,0.0698642854373264
K002,N15_M07_F10,1500.0,25.0,0,N15_M07_F10_K002_10.mat,0.0003079919134226339,0.008628527289272535,0.0013465733594293173,0.062367199676660885,0.0008092877404163348,0.026362674229145164,0.0005461714603420725,0.046559822240203705,0.00020280364818963902,0.0032938647475644345,0.0003637245469335011,0.062367199676660885
K002,N15_M07_F10,1500.0,25.0,0,N15_M07_F10_K002_11.mat,0.0002933678324407675,0.00860865898119037,0.0014690315661693137,0.0734870683548968,0.0007941246490774994,0.032667374098642454,0.0005356194924507377,0.04564140653630655,0.00019417067411261216,0.004725214909103117,0.000363712681143196,0.0734870683548968
K002,N15_M07_F10,1500.0,25.0,0,N15_M07_F10_K002_12.mat,0.0002856840504005075,0.006450393743065461,0.0014627814277879557,0.06596460326450604,0.000779653805237787,0.03098126037890395,0.0005409422845294136,0.03118297817124667,0.0001918166990063334,0.00439934509846659,0.0003637129595824742,0.06596460326450604
K002,N15_M07_F10,1500.0,25.0,0,N15_M07_F10_K002_13.mat,0.0002896851479647476,0.006320484637610688,0.001491592192183705,0.07021259675518673,0.0007786904357398786,0.026238321671831173,0.0005384900757558295,0.027095687343861665,0.00019522628009419445,0.002850866229336419,0.0003636794574850361,0.07021259675518673
K002,N15_M07_F10,1500.0,25.0,0,N15_M07_F10_K002_14.mat,0.00028772945298777063,0.006956729894914706,0.0015596409662107101,0.0910199386552475,0.000782800485571606,0.026023639896678934,0.0005275128312196571,0.03038713979795981,0.00018971531631785689,0.002742092386380236,0.00036364784801104635,0.0910199386552475
K002,N15_M07_F10,1500.0,25.0,0,N15_M07_F10_K002_15.mat,0.00028546763691106043,0.006191781994722263,0.0016442887209976449,0.07159826887177884,0.0007966953706717751,0.036510617816102105,0.0005259329757518068,0.02814434662176247,0.00018168792810902733,0.003128336530695073,0.0003636049173864317,0.07159826887177884
K002,N15_M07_F10,1500.0,25.0,0,N15_M07_F10_K002_16.mat,0.0002861422904011937,0.006647150756428874,0.0015251542262021216,0.06787553901630426,0.0007852388171597624,0.031165356256799306,0.0005369675114167968,0.029270349131882294,0.00019020534178202012,0.0035615870903812803,0.0003636473106180702,0.06787553901630426
K002,N15_M07_F10,1500.0,25.0,0,N15_M07_F10_K002_17.mat,0.0003030968564273096,0.0062596880185925635,0.0014079421131218952,0.06438242139435973,0.0008046123594419476,0.025829937671713182,0.0005590990989428878,0.046775391932394335,0.00019333669950812084,0.004238204246043399,0.0003651341212549715,0.06438242139435973
K002,N15_M07_F10,1500.0,25.0,0,N15_M07_F10_K002_18.mat,0.0002821568257066142,0.008181087301580217,0.0015366168623687805,0.0697746340838751,0.0008086683401676113,0.03245531465472837,0.00053468562925449,0.03207069300307732,0.0001918462102500791,0.003592478313174213,0.0003649164026435656,0.0697746340838751
K002,N15_M07_F10,1500.0,25.0,0,N15_M07_F10_K002_19.mat,0.000290307987225145,0.008796288729575356,0.0014913384099203761,0.06786077965700472,0.0007794663218666957,0.028457453437025527,0.000537932309182927,0.050577522069182215,0.0001923325183902412,0.004192287983775605,0.0003636965825845774,0.06786077965700472
K002,N15_M07_F10,1500.0,25.0,0,N15_M07_F10_K002_2.mat,0.000289473307519735,0.007587609419327773,0.0014548094768025994,0.07068647280783319,0.0008337223270079775,0.047567686169425236,0.0005338606977734436,0.041326902314108405,0.0001913706764603018,0.0039351599389980865,0.0003637942133163796,0.07068647280783319
K002,N15_M07_F10,1500.0,25.0,0,N15_M07_F10_K002_20.mat,0.0003003202446938343,0.00762103912635745,0.0013354267448578722,0.061634165849219665,0.000780844120200687,0.034609031397893446,0.0005464487385741003,0.02667625831467414,0.0002081272312066969,0.003961119693711053,0.00036359760599080973,0.061634165849219665
K002,N15_M07_F10,1500.0,25.0,0,N15_M07_F10_K002_3.mat,0.00031071657045473857,0.007700649571531187,0.0014748507170021725,0.06869893197966441,0.0008115126028632178,0.03619244302480178,0.000537963354860955,0.02796113343454046,0.00019011383176810502,0.004607201938858554,0.00036389024432174005,0.06869893197966441
K002,N15_M07_F10,1500.0,25.0,0,N15_M07_F10_K002_4.mat,0.00030210622913523743,0.007209643802964124,0.0015013887973948043,0.0828378062918789,0.0007866799080778705,0.03337909266103906,0.0005374984243437305,0.029609711372339757,0.00018922376454138035,0.002768443520288188,0.00036374861601773585,0.0828378062918789
K002,N15_M07_F10,1500.0,25.0,0,N15_M07_F10_K002_5.mat,0.0002820303363123915,0.008883593557854728,0.0015734297264308654,0.06787206404924982,0.0007919073735294068,0.043468786583533016,0.0005252341039984604,0.033617568279228065,0.00019162612854193805,0.0034642873790851577,0.0003636637192213903,0.06787206404924982
K002,N15_M07_F10,1500.0,25.0,0,N15_M07_F10_K002_6.mat,0.00030358313343760006,0.006743437459759471,0.001461300613107509,0.06972440423863825,0.0007786800491940308,0.032352925148165096,0.0005338574180549543,0.029832684206573278,0.00019443110720785412,0.0035658877104990266,0.0003650391856625786,0.06972440423863825
K002,N15_M07_F10,1500.0,25.0,0,N15_M07_F10_K002_7.mat,0.00030378420198102655,0.00829240995140554,0.0013701797651853873,0.07675586033095187,0.0008209928033136119,0.03730617433405773,0.0005562681695374513,0.0292993975605113,0.00019277860882108662,0.003847131469211346,0.0003636540168641354,0.07675586033095187
K002,N15_M07_F10,1500.0,25.0,0,N15_M07_F10_K002_8.mat,0.0002890558146874248,0.006138656858325943,0.0013651203201536742,0.06007043318018608,0.0007909480193185308,0.03046311068763272,0.0005436570835001633,0.026279210793736043,0.00020220425758306075,0.0033049811341102934,0.0003636197794660942,0.06007043318018608
K002,N15_M07_F10,1500.0,25.0,0,N15_M07_F10_K002_9.mat,0.00029084820016004096,0.007331178735907717,0.0014407572821709001,0.07224219006366309,0.000787919938052499,0.028339126779682297,0.0005366171797639237,0.028951998663850197,0.0001962641647154958,0.003123431380737116,0.0003637697813833674,0.07224219006366309
K003,N09_M07_F10,900.0,15.0,0,N09_M07_F10_K003_1.mat,0.00039524923821968803,0.00656771801103594,0.0003852760247151428,0.0043570690056311335,0.000377726605290607,0.005860335516503592,0.000391581513016035,0.006461770927448288,0.0003561235714667285,0.004538431356334318,0.00036477820847729463,0.00656771801103594
K003,N09_M07_F10,900.0,15.0,0,N09_M07_F10_K003_10.mat,0.00038229085577938277,0.008211555514564617,0.0004024061312315195,0.0047325211291878826,0.0003948970575833455,0.004591465868190699,0.00038440552697731936,0.005535473337992773,0.0003513249180317091,0.0040085375312277705,0.00036437755652571997,0.008211555514564617
K003,N09_M07_F10,900.0,15.0,0,N09_M07_F10_K003_11.mat,0.0003734554269013669,0.007216252628356765,0.0003877375904371545,0.004535386279425522,0.00038171473501728636,0.0044346772791446325,0.00038557502007752534,0.007907395582856486,0.00035885276888697216,0.0058563746581502115,0.0003635206336030041,0.007907395582856486
K003,N09_M07_F10,900.0,15.0,0,N09_M07_F10_K003_12.mat,0.00037954663438989644,0.00779279415435392,0.00038802282960093105,0.005705634077188849,0.0003850798339397142,0.00439251229659961,0.00038941716874038243,0.005133377487526875,0.0003550083300741049,0.003978820751568139,0.00036365878514732985,0.00779279415435392
K003,N09_M07_F10,900.0,15.0,0,N09_M07_F10_K003_13.mat,0.0003993140799965537,0.007426979433844292,0.0003885096099480699,0.005174719922879597,0.00038928512289840994,0.005110811928126933,0.0003799887474756934,0.005227319321178901,0.00035267214741706776,0.004634300935693183,0.0003635609285986023,0.007426979433844292
K003,N09_M07_F10,900.0,15.0,0,N09_M07_F10_K003_14.mat,0.0003940874697490522,0.009727004098419348,0.0003832668500604099,0.004401617713063319,0.000380606581434797,0.004968986632603882,0.00037954956891125076,0.005682438372827388,0.0003611759110599922,0.004297540864364297,0.00036359264424855016,0.009727004098419348
K003,N09_M07_F10,900.0,15.0,0,N09_M07_F10_K003_15.mat,0.000404043964804892,0.00961288202026364,0.0003885826887425905,0.004703028857808207,0.0003749851351941184,0.004610547187654936,0.00038441826450330384,0.0053565666139078205,0.00035802205779979793,0.005679087724919469,0.00036421205209801643,0.00961288202026364
K003,N09_M07_F10,900.0,15.0,0,N09_M07_F10_K003_16.mat,0.00040388385216242196,0.008524678343906807,0.00039922374240602775,0.004959625628929681,0.0003808463876752395,0.005198354337654999,0.00037189155304546723,0.005011894436245202,0.0003658186828869223,0.005207529595289167,0.0003647826182687408,0.008524678343906807
K003,N09_M07_F10,900.0,15.0,0,N09_M07_F10_K003_17.mat,0.0003929724929530363,0.0067689285163225026,0.000400978100615097,0.003941978918051172,0.00038099046951220336,0.004690286378594643,0.0003792019619402856,0.006245701176346344,0.00035820805591089077,0.004696094879591321,0.0003637604655194824,0.0067689285163225026
K003,N09_M07_F10,900.0,15.0,0,N09_M07_F10_K003_18.mat,0.0003879439498034214,0.009115719572808902,0.0003905327104869021,0.00645750098290956,0.0003791186338488486,0.004235736420225988,0.0003877728829113422,0.005431015083131651,0.0003555792003837452,0.005790235517158407,0.0003636329457976566,0.009115719572808902
K003,N09_M07_F10,900.0,15.0,0,N09_M07_F10_K003_19.mat,0.00041751512409322813,0.008273780714829133,0.00039436475585960567,0.004076703847325734,0.000394494639033717,0.005052493453751984,0.0003710552191287779,0.004735846345029958,0.0003602833814006749,0.005031552083623411,0.0003646761183898994,0.008273780714829133
K003,N09_M07_F10,900.0,15.0,0,N09_M07_F10_K003_2.mat,0.00037322533647687607,0.009249861625128046,0.00040050518713481145,0.00491651675563686,0.0003801214424117768,0.005403055415139871,0.0003749467708443925,0.006287821244161508,0.0003640699840965228,0.004165779159818915,0.0003635944370440107,0.009249861625128046
K003,N09_M07_F10,900.0,15.0,0,N09_M07_F10_K003_20.mat,0.0004033058200351392,0.008763286842318372,0.00038746685141701474,0.00443230870534593,0.00039035284357925496,0.005090336816053962,0.00037692397923682556,0.005951463276156799,0.00035789405656714917,0.0041845235389130426,0.0003635457443714213,0.008763286842318372
K003,N09_M07_F10,900.0,15.0,0,N09_M07_F10_K003_3.mat,0.00039092227933692055,0.008736113616235589,0.00039424972527041013,0.007880398765156145,0.00038099290100266606,0.004295826522378492,0.00038379751986981875,0.007036569502653341,0.00035745228435711085,0.006504728942924982,0.000363699067659769,0.008736113616235589
K003,N09_M07_F10,900.0,15.0,0,N09_M07_F10_K003_4.mat,0.0003789334884669325,0.0065034284272141325,0.0004109619097733671,0.004947005234576024,0.0003816415385500982,0.004227009143735189,0.00037752586354687537,0.004873858144291051,0.00036146731283989724,0.004939632433905061,0.0003634816559739625,0.0065034284272141325
K003,N09_M07_F10,900.0,15.0,0,N09_M07_F10_K003_5.mat,0.0003922518726058757,0.008611203168798954,0.0003963775870810081,0.004719891423344575,0.00038769875105273846,0.004190506603856438,0.0003787568862391685,0.005789970040918839,0.00035547913005354743,0.004757643018555528,0.0003636990062544613,0.008611203168798954
K003,N09_M07_F10,900.0,15.0,0,N09_M07_F10_K003_6.mat,0.00039511022976649793,0.0065441846767891635,0.0003992987267603846,0.0051768623466552375,0.0003807433506843609,0.005791725563286908,0.0003803538893532192,0.004845386294331356,0.00035604548889532915,0.004920251702676634,0.0003636108086589844,0.0065441846767891635
K003,N09_M07_F10,900.0,15.0,0,N09_M07_F10_K003_7.mat,0.0003699422930830609,0.006337873674148747,0.0003938272240407172,0.006170013080955086,0.0003958957539286925,0.004162176764435076,0.000379264185644235,0.005064734810811668,0.0003557776537796577,0.005597594959873453,0.00036360798042002436,0.006337873674148747
K003,N09_M07_F10,900.0,15.0,0,N09_M07_F10_K003_8.mat,0.0004018955666607423,0.009444318985251542,0.00039239020990343735,0.0043940861402925165,0.00036938948307955273,0.004872798445595009,0.0003784350266131604,0.004884968717909491,0.0003667605320064209,0.004319161558442585,0.0003651379679282046,0.009444318985251542
K003,N09_M07_F10,900.0,15.0,0,N09_M07_F10_K003_9.mat,0.0003995712489572513,0.0076604265504110255,0.0003899602701033755,0.005182414040866482,0.00039087963472317507,0.006186575648623117,0.00037701347075925427,0.005585159369709291,0.0003556524120297693,0.005074561700916876,0.00036379930155371276,0.0076604265504110255
K003,N15_M01_F10,1500.0,25.0,0,N15_M01_F10_K003_1.mat,0.000350569323152585,0.009676848923193768,0.0005908931175901338,0.011864227440515598,0.0005266174574647137,0.013374654846306467,0.00045613147677708003,0.009955675439764767,0.0003077622366581166,0.00479017177921921,0.000364281349222957,0.013374654846306467
K003,N15_M01_F10,1500.0,25.0,0,N15_M01_F10_K003_10.mat,0.0003639633606542387,0.009567723101217371,0.000546609497500783,0.012272180401246597,0.0005116178502269896,0.010566306798353537,0.000473458630054664,0.012451695393574321,0.0003091075363029265,0.004330916739887393,0.00036350041082717106,0.012451695393574321
K003,N15_M01_F10,1500.0,25.0,0,N15_M01_F10_K003_11.mat,0.0003601455800130178,0.00688454343688294,0.000560083306015452,0.010649745862325515,0.0004970729084461207,0.013635515595235207,0.00047388114519885885,0.012656931812784562,0.0003080555672482286,0.00401899469725347,0.0003635086723477312,0.013635515595235207
K003,N15_M01_F10,1500.0,25.0,0,N15_M01_F10_K003_12.mat,0.000367068029563491,0.005747168042377048,0.0005549802281293111,0.012394847962030235,0.0005451957412564569,0.014034292466976253,0.0004689641895170822,0.012870439351600304,0.00030479098582407584,0.004107405577481659,0.0003635992180533475,0.014034292466976253
K003,N15_M01_F10,1500.0,25.0,0,N15_M01_F10_K003_13.mat,0.00034869774127949365,0.00847730325914146,0.0005443265261616205,0.01229023190014026,0.0005261585944771422,0.012598896066318878,0.00045845950516067163,0.015361064404280284,0.00031636484354086885,0.0036933650390208483,0.00036359288899658873,0.015361064404280284
K003,N15_M01_F10,1500.0,25.0,0,N15_M01_F10_K003_14.mat,0.000355438220605227,0.006645594076674203,0.0005417206987599509,0.010309791041764329,0.0005190731237086905,0.01124698768280991,0.00047234580456991784,0.012443828032408377,0.0003110903316425118,0.004401130081298785,0.00036363880312158763,0.012443828032408377
K003,N15_M01_F10,1500.0,25.0,0,N15_M01_F10_K003_15.mat,0.0003485088909652316,0.007799732535281722,0.0005501256117371025,0.010041106735104976,0.0005073743042924403,0.010000801870395253,0.00046174389701338867,0.009500101840051487,0.0003155228721338972,0.004370108274139486,0.0003635384335906541,0.010041106735104976
K003,N15_M01_F10,1500.0,25.0,0,N15_M01_F10_K003_16.mat,0.00033889383770845756,0.007787571742254759,0.0005538853436263692,0.013239424142573354,0.0005323812897205317,0.009911260769559397,0.0004817278797785233,0.015423611341460293,0.00030754703598330317,0.003891876585676638,0.0003636184469664269,0.015423611341460293
K003,N15_M01_F10,1500.0,25.0,0,N15_M01_F10_K003_17.mat,0.0003562846262942212,0.009881540215378922,0.0005638258171564625,0.01409516435170894,0.0005197721921260049,0.010821143705075281,0.0004828624334798278,0.014840136408382462,0.0003059225032382433,0.003713659619199996,0.00036362677480961217,0.014840136408382462
K003,N15_M01_F10,1500.0,25.0,0,N15_M01_F10_K003_18.mat,0.00035054514855389435,0.008043325801504776,0.0005516239902312398,0.011787360969223164,0.0005250029764400991,0.011028875148479842,0.0004742554675068816,0.013062741837300999,0.00030829111006252944,0.0042447183853795145,0.00036350883830195825,0.013062741837300999
K003,N15_M01_F10,1500.0,25.0,0,N15_M01_F10_K003_19.mat,0.0003696478000982165,0.007218247099749654,0.000569541012524134,0.011157471851925605,0.0005330461632153389,0.013829133215977557,0.0004833268411689662,0.011824295016574761,0.000302759281265195,0.003508610608133046,0.00036364505532243463,0.013829133215977557
K003,N15_M01_F10,1500.0,25.0,0,N15_M01_F10_K003_2.mat,0.00035658314914597324,0.006403186011879088,0.0005924318970719211,0.013799246739879246,0.0005265869654267318,0.012809077180104884,0.0004650564799802113,0.01241893384571158,0.00031101250841152284,0.005168484823274523,0.0003647721251173179,0.013799246739879246
K003,N15_M01_F10,1500.0,25.0,0,N15_M01_F10_K003_20.mat,0.00034125253735223357,0.009097534389452903,0.0005613756754967999,0.011485777687311996,0.0005385660023680072,0.011806679756046152,0.0004860816306294106,0.01792069932386793,0.0003071887536815646,0.0042040841741675565,0.0003647271952697741,0.01792069932386793
K003,N15_M01_F10,1500.0,25.0,0,N15_M01_F10_K003_3.mat,0.0003508492498620445,0.00743967963048082,0.000574878780644374,0.012306958117126959,0.0004895160502651925,0.015661629855536065,0.000471737454797175,0.012008913631243739,0.00030783520076581826,0.005001346352923697,0.0003635974303842778,0.015661629855536065
K003,N15_M01_F10,1500.0,25.0,0,N15_M01_F10_K003_4.mat,0.0003634159020837857,0.007469828003549209,0.0005652203774383353,0.013218124584534086,0.0005031222814097006,0.009796943315555546,0.00046650620369195083,0.011671561171926364,0.00031064179467731463,0.004322314853154804,0.0003635630764474799,0.013218124584534086
K003,N15_M01_F10,1500.0,25.0,0,N15_M01_F10_K003_5.mat,0.0003540140924020934,0.007499971845919914,0.0005466450025637818,0.012942462338228461,0.0005193298103808419,0.013570993019750639,0.00047478992420245684,0.01077688223380161,0.0003096882022571802,0.004224572938781693,0.0003640616223687624,0.013570993019750639
K003,N15_M01_F10,1500.0,25.0,0,N15_M01_F10_K003_6.mat,0.00035827060120493777,0.005877346404969848,0.0005662831374182502,0.012177745395787058,0.0005103756946019472,0.010266820947566573,0.00047275417383774474,0.010684106697636713,0.0003096862543339259,0.00474430183946933,0.00036366984473890996,0.012177745395787058
K003,N15_M01_F10,1500.0,25.0,0,N15_M01_F10_K003_7.mat,0.0003634913645137483,0.007871047762354465,0.0005451303733624125,0.011532302085805822,0.0005286256282281102,0.011042414584535191,0.0004714382564520324,0.012881035528632161,0.000309302494253131,0.005038659942862717,0.00036357842421656724,0.012881035528632161
K003,N15_M01_F10,1500.0,25.0,0,N15_M01_F10_K003_8.mat,0.00034698934466557795,0.005575997924595568,0.0005517185458248227,0.013108231046282419,0.0005114601208814951,0.013742203805949251,0.0004816752794407215,0.00969616678979081,0.0003054036371853202,0.00452637717751276,0.0003635381148523269,0.013742203805949251
K003,N15_M01_F10,1500.0,25.0,0,N15_M01_F10_K003_9.mat,0.00034315373519185153,0.007588489256151209,0.0005720387191376111,0.010258646259438632,0.0005220812194630728,0.01199055046582063,0.0004772603853330755,0.010681433741110528,0.0003076975312572009,0.004663554437592476,0.0003636331363804742,0.01199055046582063
K003,N15_M07_F04,1500.0,25.0,0,N15_M07_F04_K003_1.mat,0.0004082158307379655,0.008736996354575432,0.0005660872800846709,0.009436605081625285,0.0004627964711752428,0.0072910007457337314,0.0004170380517393813,0.008391630953447018,0.0003271606234728331,0.0039359258944329,0.00036361117122147587,0.009436605081625285
K003,N15_M07_F04,1500.0,25.0,0,N15_M07_F04_K003_10.mat,0.00040901848252885957,0.007487832000446708,0.0005591787015481089,0.010425566819704224,0.00047650383194338514,0.010320328761189332,0.00044967334280260454,0.012755665255892588,0.0003124733835192076,0.0044340854781640075,0.0003638780111836846,0.012755665255892588
K003,N15_M07_F04,1500.0,25.0,0,N15_M07_F04_K003_11.mat,0.00039778307990839855,0.011761336666761183,0.0005647355042668135,0.0097122905585916,0.0004705169130343921,0.009698814292069646,0.00045879999969981324,0.013485616483935925,0.00031065113424274794,0.0036997469791943904,0.00036373699373333913,0.013485616483935925
K003,N15_M07_F04,1500.0,25.0,0,N15_M07_F04_K003_12.mat,0.00038865391691450513,0.006319527346614453,0.0005399500880310492,0.009239263346962028,0.00048588207843771046,0.010997740190279591,0.0004433343433508066,0.010910840101234024,0.00031934980008948053,0.004099713623168139,0.00036350932581463263,0.010997740190279591
K003,N15_M07_F04,1500.0,25.0,0,N15_M07_F04_K003_13.mat,0.0003962386330276695,0.009630220967164147,0.0005600010956367552,0.012815490889337268,0.00047597792269921173,0.011993550133761353,0.00045661856942829596,0.013388519875766246,0.00031881562973617604,0.0049620929618625405,0.00036360868391021185,0.013388519875766246
K003,N15_M07_F04,1500.0,25.0,0,N15_M07_F04_K003_14.mat,0.00039091250764711227,0.007339187124971118,0.000562366646608764,0.009561866073897323,0.0004782618203133455,0.01605284476984658,0.00044520323113517277,0.010536973653899552,0.00032027759066599826,0.005040756769471277,0.0003635435218017855,0.01605284476984658
K003,N15_M07_F04,1500.0,25.0,0,N15_M07_F04_K003_15.mat,0.0003893779162128264,0.008002588781990578,0.0005450931994473207,0.011294524720083769,0.0004614024056308915,0.01028210382445371,0.00045248297904176274,0.010780944188225797,0.0003232616375656278,0.004818526570229234,0.00036499407277656526,0.011294524720083769
K003,N15_M07_F04,1500.0,25.0,0,N15_M07_F04_K003_16.mat,0.00040593926111194545,0.007451300793081338,0.0005624788024056588,0.013718089554413873,0.00048615673386287917,0.010476328890091108,0.000444511176579315,0.01441781423175871,0.00031977422593548375,0.004311426544800096,0.000364651394202357,0.01441781423175871
K003,N15_M07_F04,1500.0,25.0,0,N15_M07_F04_K003_17.mat,0.0003912443764526697,0.009745465968414215,0.0005724856615858332,0.011419787401271277,0.0004840538718709429,0.01331148773943942,0.00045140939970965123,0.010065442291884491,0.00031437260813167207,0.0046104468600782185,0.00036360509329341545,0.01331148773943942
K003,N15_M07_F04,1500.0,25.0,0,N15_M07_F04_K003_18.mat,0.00037647786825785494,0.006955076007240995,0.0005298100641338478,0.011848091394890908,0.00047338557155700766,0.01008171641928303,0.0004528575754738196,0.011974398264753756,0.0003201923442007968,0.004067366428631949,0.00036491259777669333,0.011974398264753756
K003,N15_M07_F04,1500.0,25.0,0,N15_M07_F04_K003_19.mat,0.00039990653680721343,0.008140949346857511,0.000531846488519565,0.009821000286197562,0.0004792112824037792,0.014170544562183229,0.0004496308033194085,0.014722259070880123,0.00031692117774924464,0.004566950440383379,0.000363523906459279,0.014722259070880123
K003,N15_M07_F04,1500.0,25.0,0,N15_M07_F04_K003_2.mat,0.0004005714558046327,0.007849082526282417,0.0005600794023893156,0.008625156339580668,0.0004710356896966364,0.008810027435336132,0.0004295710765912343,0.011090829061711455,0.0003257012339935825,0.004750097656317666,0.0003650238555926309,0.011090829061711455
K003,N15_M07_F04,1500.0,25.0,0,N15_M07_F04_K003_20.mat,0.0003981778226519009,0.006993979650651187,0.0005394934855464633,0.0126996745243997,0.00045790141911609034,0.008990427343013077,0.0004511690517207666,0.014640530723082718,0.00032116361801855985,0.004293577132244957,0.00036358085754078053,0.014640530723082718
K003,N15_M07_F04,1500.0,25.0,0,N15_M07_F04_K003_3.mat,0.0003944671597104511,0.007497327877150725,0.0005606345573228557,0.009566627737965183,0.00047750885086256863,0.01060121361900277,0.0004313718148546453,0.011985508592164887,0.00032050692162262834,0.004871618553842612,0.0003636135253312608,0.011985508592164887
K003,N15_M07_F04,1500.0,25.0,0,N15_M07_F04_K003_4.mat,0.0004034712706888712,0.008417055757974133,0.0005440154822115153,0.008886432291412128,0.00048033962500964797,0.013691049620542595,0.00044271572191539096,0.016015882623518413,0.0003177451443193827,0.004567722310459925,0.0003641258811949571,0.016015882623518413
K003,N15_M07_F04,1500.0,25.0,0,N15_M07_F04_K003_5.mat,0.00041091777343976125,0.00823021994744354,0.0005478958150782077,0.010274772729710599,0.0004592421671350567,0.008284287875282145,0.00043950005788135325,0.012539137620410389,0.0003216499730109649,0.004711914667336782,0.00036358624053398466,0.012539137620410389
K003,N15_M07_F04,1500.0,25.0,0,N15_M07_F04_K003_6.mat,0.00041902402317452403,0.008850555516062421,0.0005345649391794968,0.010574346472241829,0.0004555504059587332,0.009470588092741995,0.00043339151869995835,0.011314421332668951,0.00032642582296654667,0.00475664039782759,0.0003646494078000811,0.011314421332668951
K003,N15_M07_F04,1500.0,25.0,0,N15_M07_F04_K003_7.mat,0.00040067655735153286,0.008450178533286447,0.0005584610174468906,0.011326913705826924,0.00047044421171947104,0.011671764315759293,0.000435799295128605,0.012070952292725574,0.00032130120141589776,0.0039064981190052445,0.0003636696035727956,0.012070952292725574
K003,N15_M07_F04,1500.0,25.0,0,N15_M07_F04_K003_8.mat,0.00040712592998063654,0.008693036078804013,0.0005564153785449122,0.01025127672836201,0.00047797530700570786,0.010326768406380528,0.0004451724159056472,0.010752634686902416,0.0003186723884074845,0.003830758736383717,0.00036368233003685694,0.010752634686902416
K003,N15_M07_F04,1500.0,25.0,0,N15_M07_F04_K003_9.mat,0.0003997482805471991,0.01038674602029461,0.0005525023483027127,0.011041839257374871,0.00048143201876261777,0.009169456141416961,0.0004485804058698449,0.012377501059424633,0.00031581590322061185,0.00439556233677384,0.0003635467581872101,0.012377501059424633
K003,N15_M07_F10,1500.0,25.0,0,N15_M07_F10_K003_1.mat,0.0003560438109516059,0.006874826960784321,0.0005490679743353095,0.013028607574992088,0.0004979802161626749,0.011257626136841739,0.0004718908593744688,0.01072525914745164,0.0003157831341512648,0.0038759891796230897,0.0003650163172074202,0.013028607574992088
K003,N15_M07_F10,1500.0,25.0,0,N15_M07_F10_K003_10.mat,0.0003598776874863387,0.006324433076827454,0.0005494648628304337,0.01206536497055579,0.0004907785847233956,0.010330325323577305,0.0004892331478173281,0.012242555808519491,0.00030584265194237006,0.004374903214991825,0.0003635872256721236,0.012242555808519491
K003,N15_M07_F10,1500.0,25.0,0,N15_M07_F10_K003_11.mat,0.00036738665738355583,0.010800972951749218,0.0005411926154644599,0.014882925245739434,0.0004932238912207302,0.01213225409628944,0.000465451935625021,0.011858014111668366,0.0003171380215188674,0.0044006037723130585,0.0003648683850891058,0.014882925245739434
K003,N15_M07_F10,1500.0,25.0,0,N15_M07_F10_K003_12.mat,0.00036280337035935503,0.006835503038075085,0.0005433212804954841,0.01149944822701513,0.0004950012654499315,0.011372689506609801,0.000468197482378535,0.012261024726041403,0.00031132878784827234,0.004964909002350681,0.00036379785660738427,0.012261024726041403
K003,N15_M07_F10,1500.0,25.0,0,N15_M07_F10_K003_13.mat,0.0003607714159904287,0.008606699772157923,0.0005345969476824944,0.010953074032193455,0.0005094117909192608,0.011326564404959986,0.00047583182530229663,0.015207156869410349,0.000309651404692889,0.004153453854982394,0.0003636937945455789,0.015207156869410349
K003,N15_M07_F10,1500.0,25.0,0,N15_M07_F10_K003_14.mat,0.00035320650643798346,0.011770479590129333,0.0005573791377564615,0.010229847048672185,0.000502696270074108,0.010582812896561433,0.0004713821862839406,0.014622411986512505,0.0003105752819245408,0.004109124362289659,0.0003640253751230191,0.014622411986512505
K003,N15_M07_F10,1500.0,25.0,0,N15_M07_F10_K003_15.mat,0.00037332844766365417,0.006955572483101528,0.000560308499597458,0.010314847444976677,0.0005135056157055845,0.009024857967042688,0.0004756696243231602,0.016491209517422268,0.00030645555658213527,0.0038435932517340426,0.0003645421653190581,0.016491209517422268
K003,N15_M07_F10,1500.0,25.0,0,N15_M07_F10_K003_16.mat,0.00035777017620922715,0.008614110647420705,0.0005363996385444525,0.011213037126285519,0.0005204910381305285,0.011079812305080426,0.0004650623026250876,0.011412129564775737,0.00030881265878919615,0.0045570326701819324,0.00036369126061308734,0.011412129564775737
K003,N15_M07_F10,1500.0,25.0,0,N15_M07_F10_K003_17.mat,0.0003640196323149632,0.0066987650017954125,0.0005377709297623055,0.012482674377257343,0.000512192558636709,0.011665669164294885,0.0004734190377760025,0.013627210806629745,0.00031049017984259916,0.00390609675960412,0.0003641721141063749,0.013627210806629745
K003,N15_M07_F10,1500.0,25.0,0,N15_M07_F10_K003_18.mat,0.0003570300508581024,0.005042094787124709,0.0005436521300658728,0.012029442798930565,0.0005093578727015563,0.025365955049601468,0.0004743714621837876,0.013581238275683858,0.0003075541447671398,0.003844121429449953,0.00036356647437058075,0.025365955049601468
K003,N15_M07_F10,1500.0,25.0,0,N15_M07_F10_K003_19.mat,0.0003722199569249552,0.008242559751034972,0.0005428104233870409,0.00893851402941918,0.000500681938055858,0.013393123083199525,0.00047152019163712366,0.011226586790218075,0.0003113973753907837,0.004928074764615845,0.0003635737225091474,0.013393123083199525
K003,N15_M07_F10,1500.0,25.0,0,N15_M07_F10_K003_2.mat,0.00036983392669854984,0.006002962024393786,0.0005502078625159108,0.012706618972670707,0.0004962647286843617,0.012831738876654779,0.0004718136033036243,0.011132940746842472,0.00031148279850563864,0.004975382600717187,0.0003635858351396675,0.012831738876654779
K003,N15_M07_F10,1500.0,25.0,0,N15_M07_F10_K003_20.mat,0.0003519024127226008,0.006117806402359993,0.0005360258334783447,0.010231207202620704,0.0004969886863685036,0.01269562505916871,0.0004684174938110358,0.0133249396508628,0.0003162455722614049,0.004593723042422515,0.0003648800023085802,0.0133249396508628
K003,N15_M07_F10,1500.0,25.0,0,N15_M07_F10_K003_3.mat,0.00035563471099668906,0.006609947293104884,0.0005558324837652858,0.012887982185460877,0.0005009437721498694,0.011521887386269367,0.00046841943501202074,0.01006071290860239,0.00031155780663028016,0.004776025785263098,0.00036365625059550335,0.012887982185460877
K003,N15_M07_F10,1500.0,25.0,0,N15_M07_F10_K003_4.mat,0.00034739864583868154,0.007251606911337201,0.0005393332170237794,0.013275622160434436,0.000499533262318086,0.011226317571441423,0.0004745716918549178,0.011392124376469581,0.0003132925603826457,0.004385978152369718,0.0003637501763264135,0.013275622160434436
K003,N15_M07_F10,1500.0,25.0,0,N15_M07_F10_K003_5.mat,0.00035996060874160377,0.008102230425255942,0.0005588506886084007,0.011983681009528622,0.00050558770690522,0.010835527605733886,0.0004701916435022596,0.01413141649134521,0.0003131292393090459,0.004031253013973785,0.0003638033435590336,0.01413141649134521
K003,N15_M07_F10,1500.0,25.0,0,N15_M07_F10_K003_6.mat,0.0003738813100490997,0.008351838774800254,0.0005564948659144065,0.010987540181553715,0.0004986398356401101,0.014051903837012793,0.00047033301995547805,0.013069224901589602,0.0003096062979261895,0.0036281616834797402,0.00036492003571076916,0.014051903837012793
K003,N15_M07_F10,1500.0,25.0,0,N15_M07_F10_K003_7.mat,0.000352590304729774,0.006486125304397108,0.0005397954238493896,0.009878353956041658,0.0004932327371350449,0.011310451320661935,0.000472280628046904,0.012471937789357096,0.00031246928322500243,0.003927597044273674,0.00036356898148148694,0.012471937789357096
K003,N15_M07_F10,1500.0,25.0,0,N15_M07_F10_K003_8.mat,0.0003849848571058856,0.009565912564191146,0.0005557286928703157,0.011892013754444977,0.0004820698622761271,0.011307836773692117,0.00047768951874987883,0.01529628375637145,0.0003121969352697721,0.005601108730234526,0.000364994022967995,0.01529628375637145
K003,N15_M07_F10,1500.0,25.0,0,N15_M07_F10_K003_9.mat,0.00036509762687531803,0.008319863329810181,0.0005536449283586888,0.011889573835436495,0.0005073401305401994,0.00988359878026898,0.0004715857695720992,0.010365705680579368,0.00030634998547049094,0.0038060834345911084,0.00036351738645700756,0.011889573835436495
K004,N09_M07_F10,900.0,15.0,0,N09_M07_F10_K004_1.mat,0.0008291505010870465,0.035576132054988115,0.0004121030181513052,0.007210220349565653,0.0004346038578833455,0.00844943877936217,0.0007642743606795941,0.0772896162027902,0.0002513935616063859,0.0036264789454128446,0.00036914404589669743,0.0772896162027902
K004,N09_M07_F10,900.0,15.0,0,N09_M07_F10_K004_10.mat,0.0008448454330697888,0.04241988058024087,0.0004798403117997598,0.011027424690823177,0.00044926580107785863,0.008551497822701348,0.000682238445222976,0.05080667137559974,0.0002610597680192066,0.004000979187842059,0.0003692538835972612,0.05080667137559974
K004,N09_M07_F10,900.0,15.0,0,N09_M07_F10_K004_11.mat,0.0008219800476906225,0.042397664918928185,0.0004755319395619987,0.0061959858132115235,0.00046215464538172223,0.010895366107701556,0.0006868530786820705,0.04734560632936208,0.0002606697123835559,0.00395825348200209,0.00036911043274693813,0.04734560632936208
K004,N09_M07_F10,900.0,15.0,0,N09_M07_F10_K004_12.mat,0.0008283567217422283,0.03836113722222878,0.0004775074734779941,0.007514625090625123,0.00044684109968738987,0.008419397487945724,0.0006926784450026382,0.039250437512930655,0.00026646367864191094,0.003739078235247276,0.00037040362099502054,0.039250437512930655
K004,N09_M07_F10,900.0,15.0,0,N09_M07_F10_K004_13.mat,0.0008522044204747587,0.0437382129198673,0.0004633230687514264,0.006665701784106335,0.00045550717783135935,0.012858351250854664,0.0006855552235557866,0.04519080745687524,0.00026255825295932,0.003987806353501796,0.0003692649167035558,0.04519080745687524
K004,N09_M07_F10,900.0,15.0,0,N09_M07_F10_K004_14.mat,0.0007908302543627362,0.03787646186426981,0.00046172016930300065,0.007342991678453312,0.00046426267690457174,0.01000371786057246,0.0006879921268733245,0.04313901858948623,0.0002624950935812029,0.004387183222492845,0.00036986643348950975,0.04313901858948623
K004,N09_M07_F10,900.0,15.0,0,N09_M07_F10_K004_15.mat,0.0008304853961281175,0.04145694049303454,0.00047743142736346775,0.008603845278136995,0.00045597798931120196,0.013286858492516363,0.0006933929206943397,0.0555590896938713,0.0002602120537594328,0.0030874795253933805,0.00036925645151784095,0.0555590896938713
K004,N09_M07_F10,900.0,15.0,0,N09_M07_F10_K004_16.mat,0.0008395363054856162,0.045751817160216764,0.0004952582257593077,0.014466663047209368,0.0004630360288954765,0.00933576392987221,0.0006692187280881794,0.04476248108365942,0.0002624020235589302,0.0032892834818600667,0.0003692180252183008,0.045751817160216764
K004,N09_M07_F10,900.0,15.0,0,N09_M07_F10_K004_17.mat,0.000815368624507847,0.04783753152898763,0.0004785599237055145,0.007425432063071736,0.0004489530645557302,0.010327985759251234,0.0006870997681634685,0.05412173574823284,0.00026160493883708026,0.005675148063340616,0.00036888664803315385,0.05412173574823284
K004,N09_M07_F10,900.0,15.0,0,N09_M07_F10_K004_18.mat,0.0008347520070260528,0.0384210370974824,0.00047812785240580123,0.007352986185573867,0.0004511455990157396,0.010949541442205543,0.0006884735547956256,0.047278668009773116,0.00026212672705187905,0.0034376964333019976,0.0003690450913742066,0.047278668009773116
K004,N09_M07_F10,900.0,15.0,0,N09_M07_F10_K004_19.mat,0.0008811343509355788,0.043132603981659585,0.00048359354328313695,0.008578836846550676,0.00045328196650421394,0.010390464205650995,0.0006822941809982521,0.03963519923908584,0.0002653582357229936,0.0038511899880294327,0.0003710353977518045,0.043132603981659585
K004,N09_M07_F10,900.0,15.0,0,N09_M07_F10_K004_2.mat,0.0008247195113481909,0.046770356160366906,0.00042547340195245455,0.006824973676921853,0.0004367037391921202,0.006917078100975619,0.0007524557505087048,0.05097323080945832,0.00025389348989608544,0.0041812241516712145,0.00037032791213441086,0.05097323080945832
K004,N09_M07_F10,900.0,15.0,0,N09_M07_F10_K004_20.mat,0.0008346386354660295,0.043936798892480824,0.00047766522634346367,0.00703517102608434,0.0004573367199025936,0.013062525489828138,0.0006792847065056371,0.04685489602066397,0.00026570759091912213,0.004435433114405494,0.00037042062305536153,0.04685489602066397
K004,N09_M07_F10,900.0,15.0,0,N09_M07_F10_K004_3.mat,0.0008141007469509309,0.039762370274990105,0.00043008661545892703,0.007556319956446913,0.0004265013251133452,0.009101891190937976,0.0007430301638321121,0.05862298381999691,0.00025406985302890364,0.004396890990977623,0.0003691854271813065,0.05862298381999691
K004,N09_M07_F10,900.0,15.0,0,N09_M07_F10_K004_4.mat,0.0008245126899030918,0.03822594463269076,0.00045825975177815175,0.0068222671897442255,0.00042900511913355474,0.008115606238376538,0.0007256283499453632,0.05330955049764374,0.00025713605969930793,0.0035021669332235502,0.0003692795641522669,0.05330955049764374
K004,N09_M07_F10,900.0,15.0,0,N09_M07_F10_K004_5.mat,0.0008512356000480648,0.045253649480539504,0.000460894189485233,0.00858275630629891,0.00042871703369851556,0.008871909838737238,0.0007220665812648476,0.055680164782522676,0.0002588045972185824,0.0037065090749526966,0.0003692763127978274,0.055680164782522676
K004,N09_M07_F10,900.0,15.0,0,N09_M07_F10_K004_6.mat,0.0008863417527880756,0.045380571111517054,0.00047828748399218117,0.00835937211115057,0.0004525081055463266,0.008469052778391767,0.0006925031049255056,0.04569622052923074,0.0002587217768107281,0.00542355328379781,0.00036964243853619786,0.04569622052923074
K004,N09_M07_F10,900.0,15.0,0,N09_M07_F10_K004_7.mat,0.0008830758556397739,0.03968297896409081,0.0004697189130522377,0.007756893997302922,0.000447202295436419,0.010235293152812177,0.0007138463233658378,0.045456247640953455,0.0002563882103737958,0.003280640892069154,0.00037000629898717094,0.045456247640953455
K004,N09_M07_F10,900.0,15.0,0,N09_M07_F10_K004_8.mat,0.0008276723635717689,0.040071019025964175,0.0004894362090059492,0.013331340309400303,0.0004377712987414462,0.010722004032519643,0.0006881344764404123,0.05285027227883407,0.00026555990940431933,0.0034088060642395003,0.0003697649697737193,0.05285027227883407
K004,N09_M07_F10,900.0,15.0,0,N09_M07_F10_K004_9.mat,0.0008490261169520714,0.048377760680143454,0.0004841192014755719,0.010034628367513735,0.00045270212847601566,0.010052711769394483,0.0006892152596140854,0.044591325072573476,0.0002612620920893284,0.004180696444388515,0.000369325451100182,0.048377760680143454
K004,N15_M01_F10,1500.0,25.0,0,N15_M01_F10_K004_1.mat,0.0005733855384083501,0.029220997540359603,0.0006954974936069428,0.021064053562649464,0.000816064105878802,0.03884886779988123,0.0011314399145289842,0.0746265783719527,0.0001231248710716719,0.005643736009356507,0.000368010290657568,0.0746265783719527
K004,N15_M01_F10,1500.0,25.0,0,N15_M01_F10_K004_10.mat,0.0004558823333287918,0.024935885829780104,0.0005439254631467734,0.011225171662183453,0.0007081192099499097,0.022668889279137378,0.0012818547399364383,0.1529086121860787,0.00011642797958012413,0.004567241540534974,0.0003667938855059631,0.1529086121860787
K004,N15_M01_F10,1500.0,25.0,0,N15_M01_F10_K004_11.mat,0.00044607650262381155,0.021091571600127,0.0005448122942608939,0.01275013654217441,0.0007113595840322179,0.020143843129343118,0.001278443102818864,0.12033368819707423,0.00011613162190708075,0.0030193073551551116,0.0003666804135263781,0.12033368819707423
K004,N15_M01_F10,1500.0,25.0,0,N15_M01_F10_K004_12.mat,0.00046528926570005443,0.023771670943573422,0.0005521880536391402,0.011884709920197405,0.0006951991702068596,0.02888693516289499,0.0012947291118222495,0.1085539808115373,0.00011282660133429774,0.0027943421279157826,0.00036687008911218046,0.1085539808115373
K004,N15_M01_F10,1500.0,25.0,0,N15_M01_F10_K004_13.mat,0.00047383261010371385,0.025130815270736385,0.0005469184534786515,0.012864048518196895,0.0007318934754036283,0.026266342490747087,0.0012809918689445042,0.12646626111710754,0.00011242983114548008,0.003022418390917166,0.0003670471388964456,0.12646626111710754
K004,N15_M01_F10,1500.0,25.0,0,N15_M01_F10_K004_14.mat,0.0004687342577207233,0.02309373678038851,0.0005578019922061637,0.011983691071764746,0.0007369831038269567,0.022574579050610485,0.0012948596049266823,0.14582589787873268,0.0001078435499641341,0.0035816008407356732,0.000367717814948473,0.14582589787873268
K004,N15_M01_F10,1500.0,25.0,0,N15_M01_F10_K004_15.mat,0.0004428576572997037,0.021925040317520527,0.0005591619038778694,0.015993395719985357,0.0007330531724317122,0.02538034658544459,0.0012828611696390204,0.11892649218670043,0.00011206706159783811,0.003177775155804543,0.00036702177013678375,0.11892649218670043
K004,N15_M01_F10,1500.0,25.0,0,N15_M01_F10_K004_16.mat,0.000429614307630543,0.02215326515939648,0.0005539340411047587,0.01316594295632152,0.0007202920338883407,0.020868174975950272,0.0012801233754828761,0.1284575489711048,0.00011554482605226698,0.0025337324792191977,0.00036647128169545277,0.1284575489711048
K004,N15_M01_F10,1500.0,25.0,0,N15_M01_F10_K004_17.mat,0.00045267203564270135,0.0222349465850672,0.0005480075161707875,0.011655541649938064,0.0007103549943462806,0.02575100592099781,0.001307136015250863,0.11275102901973338,0.0001108140766954701,0.002681252880659544,0.0003680874042185299,0.11275102901973338
K004,N15_M01_F10,1500.0,25.0,0,N15_M01_F10_K004_18.mat,0.000440219403911687,0.02224767478384954,0.0005612028146110879,0.014952242732902302,0.0007345346128260021,0.024115179351536762,0.001282624776643664,0.09656320136386089,0.00011278882121546345,0.0039603498733293005,0.0003665542485049772,0.09656320136386089
K004,N15_M01_F10,1500.0,25.0,0,N15_M01_F10_K004_19.mat,0.00043568221944616074,0.021605218423327466,0.0005470928525999365,0.01245708200482949,0.0007363311807601589,0.02906628563372279,0.0012895688541289193,0.14022447831078771,0.00011042267692870186,0.0035112558628957852,0.0003664846471722699,0.14022447831078771
K004,N15_M01_F10,1500.0,25.0,0,N15_M01_F10_K004_2.mat,0.0005432101646692142,0.028264902448049547,0.0006576541567167116,0.01898130256879147,0.0007744376452238239,0.03930840583607141,0.0011931677760954708,0.10441118042026842,0.00011689603743937807,0.00351620091540844,0.00036772458175862396,0.10441118042026842
K004,N15_M01_F10,1500.0,25.0,0,N15_M01_F10_K004_20.mat,0.0004361329202342688,0.02079112040920098,0.0005530036151504304,0.012829763847697143,0.0007437402560878169,0.03147004640441893,0.0012791305759969544,0.15263598468940492,0.00011468169379338717,0.0027761120037534783,0.00036750196846849534,0.15263598468940492
K004,N15_M01_F10,1500.0,25.0,0,N15_M01_F10_K004_3.mat,0.0005083099213445065,0.02750511555074307,0.0006285368706883654,0.015719101298180417,0.0007159731422404532,0.02551484119154734,0.00125132520702132,0.10012358967306127,0.00011235088514382538,0.004053514794968415,0.0003673663898739212,0.10012358967306127
K004,N15_M01_F10,1500.0,25.0,0,N15_M01_F10_K004_4.mat,0.0005100559043151411,0.030624413876152296,0.0005912511404423657,0.014796183177837813,0.0007211791185381786,0.03431143302710218,0.0012656900495129706,0.10961516331593502,0.0001127462128000823,0.0032618372986962644,0.0003674299526428376,0.10961516331593502
K004,N15_M01_F10,1500.0,25.0,0,N15_M01_F10_K004_5.mat,0.0005075641185024318,0.026047898365953268,0.000561501315583732,0.012611944514624872,0.0007211090273808604,0.027770444086796298,0.0012702156038139224,0.09814753726923386,0.00011367704157912105,0.003929249660298594,0.0003674287735447016,0.09814753726923386
K004,N15_M01_F10,1500.0,25.0,0,N15_M01_F10_K004_6.mat,0.0004916310088173611,0.025420724274382182,0.0005416198686375155,0.013176330857885726,0.0007321216497931763,0.037380727876115065,0.0012884780695116712,0.10245889364483712,0.00011123859102168486,0.0029378962151090605,0.00036717558364387387,0.10245889364483712
K004,N15_M01_F10,1500.0,25.0,0,N15_M01_F10_K004_7.mat,0.0004903713586285961,0.02888100646112465,0.0005483570609024032,0.011140750977568371,0.0007202634899528209,0.030680571263372116,0.0012891200277590702,0.11140269915511014,0.00011171316902684468,0.0031767279328163826,0.0003672342460879914,0.11140269915511014
K004,N15_M01_F10,1500.0,25.0,0,N15_M01_F10_K004_8.mat,0.0004733769585600846,0.023154187858906435,0.0005462318717990315,0.010708106810934708,0.0007253378672085484,0.02278085811278951,0.0012834869717933167,0.08514454698868268,0.00011427403024402912,0.003967070742785841,0.0003669859240941914,0.08514454698868268
K004,N15_M01_F10,1500.0,25.0,0,N15_M01_F10_K004_9.mat,0.0004873415467399315,0.022959977159743402,0.0005342995668443434,0.012706098336502485,0.0007112695775019493,0.02722330826253139,0.001310347559493324,0.10243636546759441,0.00010997253472726831,0.002565272409354287,0.000367202574522056,0.10243636546759441
K004,N15_M07_F04,1500.0,25.0,0,N15_M07_F04_K004_1.mat,0.0005153822583857813,0.022521658042329803,0.0008042134230080814,0.015925205081011855,0.0007954587434625207,0.029392780314947627,0.0010015984245247596,0.053935926360757315,0.00014850071893807447,0.004915546723458915,0.00036642610554078883,0.053935926360757315
K004,N15_M07_F04,1500.0,25.0,0,N15_M07_F04_K004_10.mat,0.0004900000700881552,0.021036053527787892,0.0007184530945372132,0.01690816836199528,0.0007702108353829105,0.02229399499726618,0.0010745771903090087,0.035363022051747336,0.0001439043849776583,0.007176222110204144,0.0003674704887275886,0.035363022051747336
K004,N15_M07_F04,1500.0,25.0,0,N15_M07_F04_K004_11.mat,0.0004948993882086272,0.018827057463178868,0.000732943437675606,0.019720989741513113,0.0007658691514894812,0.02014846970036002,0.0010606982849102632,0.03939280017051962,0.00014744817069032692,0.006317432354021376,0.00036613150253775756,0.03939280017051962
K004,N15_M07_F04,1500.0,25.0,0,N15_M07_F04_K004_12.mat,0.0004829139256447915,0.019529700755839804,0.0006935155867091607,0.014494906359467551,0.0007847220394398819,0.02107305676624182,0.001069145361771601,0.035758491117519775,0.00014661796159131228,0.006599171424652426,0.000366439213851214,0.035758491117519775
K004,N15_M07_F04,1500.0,25.0,0,N15_M07_F04_K004_13.mat,0.0004925136958267653,0.01892502071108021,0.0007026482227286906,0.01880662640075625,0.0007834167493867557,0.02346011552273817,0.001081050046659204,0.04400570427194094,0.00014327611588519257,0.006442000518570368,0.000367460123959163,0.04400570427194094
K004,N15_M07_F04,1500.0,25.0,0,N15_M07_F04_K004_14.mat,0.0004940425261045045,0.019798995983146172,0.0007080884706353938,0.021317112585535848,0.0007844004079435532,0.02285328326244969,0.001050798737396482,0.054309708393075425,0.00014745519617004045,0.007927551205706122,0.0003661307943261011,0.054309708393075425
K004,N15_M07_F04,1500.0,25.0,0,N15_M07_F04_K004_15.mat,0.0004642513525971435,0.019019339339368203,0.0007368487508216355,0.021462576702058735,0.0007597019955672556,0.021099477937375807,0.001088393339199998,0.04445210560714658,0.00014129869293283846,0.005658895433871532,0.000367055852519091,0.04445210560714658
K004,N15_M07_F04,1500.0,25.0,0,N15_M07_F04_K004_16.mat,0.0004642729953961783,0.017026337475767355,0.0006964317145955735,0.015203972944508225,0.0007585182418514333,0.018925362681261652,0.0010763533235190904,0.04009334732222106,0.00014664091956824972,0.006010147035011737,0.00036572161932451583,0.04009334732222106
K004,N15_M07_F04,1500.0,25.0,0,N15_M07_F04_K004_17.mat,0.00048032304635754687,0.01881712893955157,0.0007077066985680398,0.016953027505654347,0.0007659981564050784,0.023747826029516465,0.0010762395887131974,0.04495422011944264,0.00014360314944850472,0.006475642589052991,0.0003658732425987833,0.04495422011944264
K004,N15_M07_F04,1500.0,25.0,0,N15_M07_F04_K004_18.mat,0.0004522282839069517,0.01909457685315041,0.0007004369663747948,0.01614722887861203,0.0007754525350220804,0.019198478017793782,0.001069120443798822,0.034991080696747986,0.00014577399918492013,0.005918270953086196,0.0003656082745086665,0.034991080696747986
K004,N15_M07_F04,1500.0,25.0,0,N15_M07_F04_K004_19.mat,0.0004637042028769896,0.018117643227042218,0.0007153032028645027,0.02025858811065205,0.0007995737503437333,0.027285278391729794,0.0010640207256842789,0.04093291048726968,0.00014231332507526922,0.007283603093666929,0.000365759518889298,0.04093291048726968
K004,N15_M07_F04,1500.0,25.0,0,N15_M07_F04_K004_2.mat,0.0005307570743344101,0.02259790354838501,0.0007938357540201207,0.018433758464618276,0.0008236189989487893,0.018991420911575272,0.0010024417629366335,0.03159754382616907,0.00014672056975635094,0.00854122307810672,0.0003665402672890669,0.03159754382616907
K004,N15_M07_F04,1500.0,25.0,0,N15_M07_F04_K004_20.mat,0.0004839946040712726,0.02230395526300957,0.0007167315074084327,0.020281338295505276,0.0007801189113188485,0.018508052799341285,0.0010570448372823,0.04999770025036644,0.00014641845457371612,0.007533773788223126,0.00036596823312272944,0.04999770025036644
K004,N15_M07_F04,1500.0,25.0,0,N15_M07_F04_K004_3.mat,0.0005139929616363062,0.019520131566774193,0.0007575265727696025,0.01598223820588914,0.0007570591145388243,0.02567271336298495,0.00102450056568697,0.039381841039879614,0.0001503829000481674,0.00899141883331342,0.0003662622456902096,0.039381841039879614
K004,N15_M07_F04,1500.0,25.0,0,N15_M07_F04_K004_4.mat,0.0004916670514918841,0.024375237535717797,0.0007450045430882119,0.017410989636512848,0.0007783156859703668,0.018828385378140355,0.0010491447248702295,0.04634280314038922,0.00014464840749212982,0.006447648388010883,0.0003662401444318094,0.04634280314038922
K004,N15_M07_F04,1500.0,25.0,0,N15_M07_F04_K004_5.mat,0.00048414723631033923,0.020216118883129724,0.0007161161063203345,0.014391141566914442,0.0007671874046023291,0.018030938457466464,0.0010617984879438772,0.041200988755022656,0.0001490680669871086,0.007574670318969039,0.0003675043341482707,0.041200988755022656
K004,N15_M07_F04,1500.0,25.0,0,N15_M07_F04_K004_6.mat,0.0004966178169259496,0.020109943063843245,0.0006988847571109574,0.02376057460865763,0.0007573937206678831,0.022255232811405082,0.0010649166210214681,0.05333804418681533,0.00014751682990390007,0.00819746692699718,0.0003662179357192515,0.05333804418681533
K004,N15_M07_F04,1500.0,25.0,0,N15_M07_F04_K004_7.mat,0.0004742614686221229,0.02208022467834517,0.0006992810342746264,0.017702466321837553,0.0007612487181375975,0.018023572635019126,0.0010722254610985808,0.04606027190741458,0.00014594212625000828,0.008616070102654439,0.00036602516640744313,0.04606027190741458
K004,N15_M07_F04,1500.0,25.0,0,N15_M07_F04_K004_8.mat,0.0004974828952371246,0.021997410791239586,0.00071762484058643,0.02026076793630995,0.0007556331465441126,0.020335650905301515,0.001079963322046366,0.035376128852995285,0.00014462115284449536,0.007805179840670375,0.0003671068187257268,0.035376128852995285
K004,N15_M07_F04,1500.0,25.0,0,N15_M07_F04_K004_9.mat,0.00047884964247230376,0.019012810229283687,0.0007077901302033139,0.01598921984303557,0.0007614237988058601,0.021613996008955964,0.0010808187903995653,0.03895151929511683,0.0001426174957042079,0.00658021956135232,0.00036601954481433637,0.03895151929511683
K004,N15_M07_F10,1500.0,25.0,0,N15_M07_F10_K004_1.mat,0.00041922171705588017,0.0202632749385389,0.0005481440264359533,0.012614561039121546,0.0007484409351069896,0.027498407407824835,0.0012825073977441562,0.15725775895280092,0.00011195339276240366,0.00425916350646324,0.00036630271041645975,0.15725775895280092
K004,N15_M07_F10,1500.0,25.0,0,N15_M07_F10_K004_10.mat,0.00041476623670394687,0.02060684548455097,0.0005341557826415027,0.013053880247937246,0.000735830576650773,0.026309433295329712,0.0013051788853818424,0.155706275621436,0.00010921544847429658,0.0035997401831820972,0.00036627148261832404,0.155706275621436
K004,N15_M07_F10,1500.0,25.0,0,N15_M07_F10_K004_11.mat,0.00040484346805191477,0.020003643987262062,0.000541530004403476,0.010467659799730833,0.0007552519487099364,0.022397812701636127,0.0012677455737421205,0.09770757388628665,0.00011615086948140746,0.003571974231077428,0.0003660176467287706,0.09770757388628665
K004,N15_M07_F10,1500.0,25.0,0,N15_M07_F10_K004_12.mat,0.0004036840032108234,0.01907821424995325,0.0005315081978432949,0.011651104503014039,0.0007668383241111651,0.027301754729842222,0.0012774596553262584,0.09019135673762396,0.00011248914523554871,0.0028673116276202383,0.00036600853669748146,0.09019135673762396
K004,N15_M07_F10,1500.0,25.0,0,N15_M07_F10_K004_13.mat,0.0003971569783166725,0.01852048771851397,0.0005507596498031374,0.01358220873690634,0.0007390070087309271,0.03276006812413576,0.0013185326073111492,0.1339257263033991,0.00010608274955827339,0.003967375423579005,0.00036745720357679666,0.1339257263033991
K004,N15_M07_F10,1500.0,25.0,0,N15_M07_F10_K004_14.mat,0.00039269202544168846,0.01853892055288036,0.0005511087434826726,0.012768395018123546,0.0007419609285267121,0.02152777534682215,0.0012749721399217704,0.10773059731516603,0.00011485181666553716,0.0052308234260812474,0.0003660139648027552,0.10773059731516603
K004,N15_M07_F10,1500.0,25.0,0,N15_M07_F10_K004_15.mat,0.00042144859311651233,0.021466542379489462,0.0005406981313837346,0.009194329515551356,0.0007542028854678044,0.023051365461984368,0.0012793465386864212,0.13200840594950808,0.00011271519639524621,0.003231483034727887,0.0003662646930562219,0.13200840594950808
K004,N15_M07_F10,1500.0,25.0,0,N15_M07_F10_K004_16.mat,0.00040209191352039527,0.019371365608670196,0.0005334104779893937,0.009138232731091298,0.0007694089885730188,0.03365483421436939,0.001256299447828517,0.08048671481020686,0.00011727879093265533,0.002567835911969633,0.00036590140302766546,0.08048671481020686
K004,N15_M07_F10,1500.0,25.0,0,N15_M07_F10_K004_17.mat,0.0003852415236918275,0.016904619796945086,0.0005439937264163333,0.01159767978769074,0.0007645997146175668,0.026652999180837602,0.0012660730296446673,0.10167634505215681,0.00011705142725445671,0.0033401352732448522,0.00036724376167046743,0.10167634505215681
K004,N15_M07_F10,1500.0,25.0,0,N15_M07_F10_K004_18.mat,0.00038786751836800175,0.019485460928372896,0.0005521940576422969,0.010743659425072286,0.0007350494894167696,0.022769754586667235,0.0012693970902834665,0.106213382008173,0.00011741286068590282,0.0033435770323484906,0.0003658368774100188,0.106213382008173
K004,N15_M07_F10,1500.0,25.0,0,N15_M07_F10_K004_19.mat,0.0003882839907606678,0.019193363079629645,0.0005591513648700645,0.010453389169162384,0.0007530117541926564,0.022950791118010624,0.0012760900861527634,0.11088820634728276,0.00011321031155728179,0.0044776170693481675,0.00036600963605360636,0.11088820634728276
K004,N15_M07_F10,1500.0,25.0,0,N15_M07_F10_K004_2.mat,0.00041956862189985946,0.01893458091212644,0.0005104475044929576,0.01211703036343338,0.0007144315716595079,0.03969776571077977,0.001323728632141696,0.1332466930799045,0.0001085460158394971,0.004128040568419622,0.0003663204915158375,0.1332466930799045
K004,N15_M07_F10,1500.0,25.0,0,N15_M07_F10_K004_20.mat,0.0003907956999563168,0.01720933116073587,0.0005548371990675245,0.012109071973843661,0.0007465127740680285,0.02570605902669583,0.0012761520260551522,0.10806547961010393,0.00011414033784902335,0.0032702177088254486,0.00036596184045829886,0.10806547961010393
K004,N15_M07_F10,1500.0,25.0,0,N15_M07_F10_K004_3.mat,0.0004338755535767333,0.021884623088285683,0.0005354512019548521,0.010918922075247651,0.000759055578683987,0.031339324941255194,0.0012878300498727231,0.09930591733043048,0.00011155951633217403,0.0032356664227037053,0.00036649451085390484,0.09930591733043048
K004,N15_M07_F10,1500.0,25.0,0,N15_M07_F10_K004_4.mat,0.0004264726478531189,0.02109247357509568,0.0005405556483378385,0.012757303705902329,0.0007496255147168221,0.02687518917000603,0.001276146017630184,0.13031040396948,0.00011385008924597,0.0031024930041997417,0.0003663801519674721,0.13031040396948
K004,N15_M07_F10,1500.0,25.0,0,N15_M07_F10_K004_5.mat,0.0004277665227187762,0.01976900158043422,0.0005431029570427718,0.011138552722080116,0.0007330441997714213,0.026160618634142478,0.0012800968942989618,0.09752934445782119,0.00011565783460133598,0.003738889660060358,0.00036774504191315095,0.09752934445782119
K004,N15_M07_F10,1500.0,25.0,0,N15_M07_F10_K004_6.mat,0.0004325999387993251,0.022158260647659127,0.0005408757104190073,0.014868215192560144,0.0007425313066348378,0.03176011394442792,0.0012774708321238665,0.11019220832189645,0.00011438173780475776,0.003203481415398596,0.00036648405713723704,0.11019220832189645
K004,N15_M07_F10,1500.0,25.0,0,N15_M07_F10_K004_7.mat,0.00042660416503578546,0.020938717154151867,0.0005388403411698469,0.010202561575338963,0.0007874521756052276,0.02344436817320852,0.0012745957424348088,0.11743917241454016,0.00011156913914030848,0.0034562989734019944,0.0003664893820670705,0.11743917241454016
K004,N15_M07_F10,1500.0,25.0,0,N15_M07_F10_K004_8.mat,0.0004066026001952539,0.019843645672538664,0.000538693033733511,0.014509697432886602,0.0007504036766891458,0.028181587885059867,0.0013000591775225697,0.14197482242923704,0.00010950563684698246,0.0037420172407400904,0.0003661819560650719,0.14197482242923704
K004,N15_M07_F10,1500.0,25.0,0,N15_M07_F10_K004_9.mat,0.00042777238671486525,0.022921680536443903,0.0005387102284644209,0.0112840919021611,0.0007283362158982991,0.02596518411650909,0.001303217141013608,0.12472614239105684,0.00011114586304666324,0.003463252455349285,0.00036775103763096815,0.12472614239105684
K005,N09_M07_F10,900.0,15.0,0,N09_M07_F10_K005_1.mat,0.0008783535182692903,0.04746587649701651,0.0005290325033979665,0.0097917150823857,0.0007137863182186026,0.037829126681732356,0.0006719953186625044,0.02593183677756737,0.00023398933454739831,0.004860704527935458,0.0003701916849884252,0.04746587649701651
K005,N09_M07_F10,900.0,15.0,0,N09_M07_F10_K005_10.mat,0.0008791668242261248,0.04455961046886335,0.0005180536639804679,0.011188855926075684,0.000687576480899898,0.032434122031933396,0.0007174099118405772,0.0306954274517988,0.00023042461580003498,0.003435582604248369,0.00037063095582848536,0.04455961046886335
K005,N09_M07_F10,900.0,15.0,0,N09_M07_F10_K005_11.mat,0.000890770401303674,0.04844013586570983,0.0005194222129704568,0.01351737818900246,0.0006744238596905278,0.048862924279707516,0.0007291699320185001,0.03557742282052998,0.00022745374553097522,0.002984432256677071,0.00037066503020223807,0.048862924279707516
K005,N09_M07_F10,900.0,15.0,0,N09_M07_F10_K005_12.mat,0.0008795427201112987,0.041544939934714815,0.0005358952640522543,0.015359159997451403,0.0006914149721229278,0.04305480065726317,0.0007083179014431815,0.03290536441886209,0.00023089933228772442,0.002914810391054841,0.0003716770592246577,0.04305480065726317
K005,N09_M07_F10,900.0,15.0,0,N09_M07_F10_K005_13.mat,0.0008979906944089077,0.04567214283719771,0.0005333536510818153,0.012113269965920716,0.0006856833962601241,0.034068006243220185,0.000702469336113635,0.027230408059932824,0.00023298221115144722,0.0030486008561917016,0.0003721053075237554,0.04567214283719771
K005,N09_M07_F10,900.0,15.0,0,N09_M07_F10_K005_14.mat,0.0008677879047018907,0.0471635190285712,0.0005313120697907044,0.01294913127318568,0.000681324935321481,0.03269257011135557,0.0006973969343533206,0.04163516677089361,0.0002356272659192151,0.004715536824859641,0.00037034029913352197,0.0471635190285712
K005,N09_M07_F10,900.0,15.0,0,N09_M07_F10_K005_15.mat,0.0008960191573725055,0.045562170282767996,0.0005285273834590995,0.013746292261813342,0.00068805493756189,0.03495169440741716,0.0006991137943788387,0.02606205083419829,0.00023285319981125366,0.004021652939902692,0.00037084038985714683,0.045562170282767996
K005,N09_M07_F10,900.0,15.0,0,N09_M07_F10_K005_16.mat,0.0008560097751235344,0.044695403187956236,0.0005247364642582152,0.01603408052652359,0.0006825823994050625,0.041099919126954765,0.0007114754132222578,0.03151559121074507,0.00023503038030162743,0.0030572782814253722,0.0003714278846216522,0.044695403187956236
K005,N09_M07_F10,900.0,15.0,0,N09_M07_F10_K005_17.mat,0.000861484537555809,0.048269537360368396,0.0005094897121886874,0.0152145658993495,0.0006638958229082648,0.043646427533865016,0.0007133534151373509,0.03031097138925093,0.00023466464084352887,0.003249775511187986,0.000370408172086844,0.048269537360368396
K005,N09_M07_F10,900.0,15.0,0,N09_M07_F10_K005_18.mat,0.0008601942018560024,0.045145014525006966,0.0005370791144623284,0.018949467976631895,0.0006488987175927046,0.030481069290960554,0.0007123177637403881,0.034526910916942447,0.00023438249307989513,0.0038153329568688457,0.0003703231636199001,0.045145014525006966
K005,N09_M07_F10,900.0,15.0,0,N09_M07_F10_K005_19.mat,0.0008482230255199632,0.04446850800979676,0.0005234786997436774,0.01129946122239699,0.0006860989863730122,0.04162249900507327,0.000689385142770071,0.026183200237367223,0.00023703678644088763,0.00369019883503353,0.0003700947676275475,0.04446850800979676
K005,N09_M07_F10,900.0,15.0,0,N09_M07_F10_K005_2.mat,0.0009170191787051119,0.047704919703438896,0.0005359714927601376,0.010460757052960753,0.0007206157192585767,0.03213509838320169,0.0006844883813980857,0.032597439516906655,0.00023050691781053347,0.0031904012477938764,0.00037104821462351624,0.047704919703438896
K005,N09_M07_F10,900.0,15.0,0,N09_M07_F10_K005_20.mat,0.0008496540094590925,0.04412735709492227,0.0005233968960489373,0.012289623845812584,0.0006654784705457325,0.035485213034383255,0.0007000815835588415,0.028961388351969566,0.00023516295162732373,0.003732087554196974,0.00037016054432299046,0.04412735709492227
K005,N09_M07_F10,900.0,15.0,0,N09_M07_F10_K005_3.mat,0.0009015314239520004,0.05223584943100169,0.0005301556916897245,0.011390635941164297,0.0007511200362138401,0.03701421093272816,0.000671049255840315,0.02950872200960347,0.00023177154204116637,0.002878626290043752,0.00037093854049241376,0.05223584943100169
K005,N09_M07_F10,900.0,15.0,0,N09_M07_F10_K005_4.mat,0.000893209237279762,0.047775708507075625,0.0005353702133799015,0.014016192255478245,0.0006945862851690713,0.028637453614946767,0.0006971961051422355,0.026727768570775058,0.00023464348809178892,0.003487937538375415,0.0003706427877322112,0.047775708507075625
K005,N09_M07_F10,900.0,15.0,0,N09_M07_F10_K005_5.mat,0.0008255223464024817,0.04138405959553315,0.0005542159704380261,0.015808587229800632,0.0007206301371981376,0.039520311319925644,0.0006916301024726642,0.028379356878037842,0.00022921733720216082,0.0034306235525804396,0.0003698669967478302,0.04138405959553315
K005,N09_M07_F10,900.0,15.0,0,N09_M07_F10_K005_6.mat,0.0008426564884619967,0.04701497290665307,0.0005504438924027054,0.017176486999499304,0.0006931716209527146,0.030411372911318315,0.0006952758572479056,0.029519170213981445,0.00023313084622711064,0.00436677088932651,0.0003701427362059287,0.04701497290665307
K005,N09_M07_F10,900.0,15.0,0,N09_M07_F10_K005_7.mat,0.0009212896379844826,0.04835562782271152,0.0005263447770011061,0.011538002038097793,0.0007238279180996549,0.028333599934888935,0.0007080159671152804,0.022260270272508022,0.00022413521395476624,0.0031436019992629838,0.00037145757691329123,0.04835562782271152
K005,N09_M07_F10,900.0,15.0,0,N09_M07_F10_K005_8.mat,0.0007200489596694535,0.035781449318132014,0.0004804024227178403,0.010991957248529229,0.0006046616930964438,0.02574905447784502,0.0006149009429911424,0.020047418163660524,0.0002671213431475747,0.0044648289561426925,0.0003684904292178395,0.035781449318132014
K005,N09_M07_F10,900.0,15.0,0,N09_M07_F10_K005_9.mat,0.0008361008800200511,0.04403246417972798,0.0005451529829772128,0.011142345960372998,0.0007086546266241122,0.04329218026845584,0.0007074243842145247,0.02761780588121402,0.00023047532058270028,0.003391274694315145,0.0003701009421165448,0.04403246417972798
K005,N15_M01_F10,1500.0,25.0,0,N15_M01_F10_K005_1.mat,0.0003267468739803647,0.016499316970745727,0.00101698727943718,0.04517249421356693,0.0012123226245124943,0.07197034745276608,0.0010410400601676437,0.06271467414554217,8.257129235222719e-05,0.0020958631913920523,0.0003657784196572171,0.07197034745276608
K005,N15_M01_F10,1500.0,25.0,0,N15_M01_F10_K005_10.mat,0.0003229369512011143,0.015675084686608894,0.000962945154479181,0.04067894030306118,0.0012771808987526309,0.06761436074305058,0.0010404284060555034,0.09013008137813892,7.940122630530394e-05,0.0015728645539593428,0.00036564849865925705,0.09013008137813892
K005,N15_M01_F10,1500.0,25.0,0,N15_M01_F10_K005_11.mat,0.000313128597531511,0.01595499503239937,0.0009571834279274898,0.04047121768755808,0.0012492155846784139,0.08586910072110734,0.001063654293845235,0.06964930043151943,7.790210768756693e-05,0.0020246779021028463,0.0003654845865318297,0.08586910072110734
K005,N15_M01_F10,1500.0,25.0,0,N15_M01_F10_K005_12.mat,0.0003237547021707719,0.01656374824097403,0.0009274282648945765,0.03836890395547349,0.0012741743700280157,0.06376669096761875,0.001058786605058753,0.06883064119645688,7.890773052028202e-05,0.001430678872292112,0.0003655978475491743,0.06883064119645688
K005,N15_M01_F10,1500.0,25.0,0,N15_M01_F10_K005_13.mat,0.00031611488643066963,0.01538197766332202,0.0009420183328780146,0.038995632405300185,0.0012859158601541511,0.07068512234525924,0.0010571190243673174,0.060463566617333306,7.59561238927628e-05,0.0016079118283805465,0.0003655985704853178,0.07068512234525924
K005,N15_M01_F10,1500.0,25.0,0,N15_M01_F10_K005_14.mat,0.0003111972157232169,0.01417317133755226,0.0009626264263358376,0.03835251815606766,0.0012239119250786567,0.060029822706281204,0.0010656673965183138,0.06065745260854868,7.855463812487104e-05,0.0018371574731808758,0.0003654791038802653,0.06065745260854868
K005,N15_M01_F10,1500.0,25.0,0,N15_M01_F10_K005_15.mat,0.0003075762806337307,0.014922155560227567,0.000940573650083677,0.03869004640952817,0.0012360717327223039,0.06362337384379355,0.0010730586924506023,0.05940916746675201,7.889658367256942e-05,0.0013042270463561611,0.0003654366089193638,0.06362337384379355
K005,N15_M01_F10,1500.0,25.0,0,N15_M01_F10_K005_16.mat,0.00030001976066762964,0.013639054986138552,0.0009252777146098283,0.04120854675943555,0.0012477390486564405,0.05530221195528027,0.0010869702973471077,0.06687007599228723,7.77841850791888e-05,0.0023719918335075203,0.0003667399232184479,0.06687007599228723
K005,N15_M01_F10,1500.0,25.0,0,N15_M01_F10_K005_17.mat,0.00031571786035206674,0.015418877808542234,0.0009340783201744015,0.03489462289735055,0.0012110400345932382,0.06009779732225454,0.00108118035146344,0.0688889136667593,7.842139348851766e-05,0.0014868496743944575,0.0003654870808946209,0.0688889136667593
K005,N15_M01_F10,1500.0,25.0,0,N15_M01_F10_K005_18.mat,0.00030063195940648117,0.014595251452635788,0.0008904205102904072,0.03774049568226599,0.001287119989857493,0.05942460588444532,0.0010758531683344242,0.06141227560131131,7.992512945173544e-05,0.0012422831716385801,0.00036664383543111816,0.06141227560131131
K005,N15_M01_F10,1500.0,25.0,0,N15_M01_F10_K005_19.mat,0.0003158359264185862,0.014672928129547711,0.0008580937751661613,0.03431979104661635,0.001157177014406041,0.048634496684119996,0.0009921842548146994,0.08703141376700702,0.00011148696609936996,0.0017153729152697716,0.0003655880285561204,0.08703141376700702
K005,N15_M01_F10,1500.0,25.0,0,N15_M01_F10_K005_2.mat,0.0003095503319252182,0.016662758982551065,0.0010454440533658566,0.042311892091139745,0.001238277518048303,0.08150343114897268,0.0010278971089986984,0.08084896123946793,7.94891739714125e-05,0.001900690980494352,0.0003655372361619419,0.08150343114897268
K005,N15_M01_F10,1500.0,25.0,0,N15_M01_F10_K005_20.mat,0.00030613104808208883,0.014947748581653753,0.0009322524237052748,0.03857676763827173,0.0012110669349928444,0.060413267428696536,0.001086701420651049,0.06539073365603792,7.861912074155083e-05,0.0016226172777413805,0.00036546447504181813,0.06539073365603792
K005,N15_M01_F10,1500.0,25.0,0,N15_M01_F10_K005_3.mat,0.00029626361772729505,0.01504544647008064,0.0010348183234528507,0.04490892346815424,0.0012935016736681758,0.07681793944617335,0.001007744133792689,0.06608094493317822,8.341082629133242e-05,0.0020774050753907445,0.00036670058974151525,0.07681793944617335
K005,N15_M01_F10,1500.0,25.0,0,N15_M01_F10_K005_4.mat,0.0003000447673939139,0.014501958743405515,0.0010566642163249208,0.044309291866489756,0.001257642019596679,0.09504657517205498,0.0010300100734172218,0.07237634763359037,7.754077586623112e-05,0.0017878282519409247,0.00036641688946014946,0.09504657517205498
K005,N15_M01_F10,1500.0,25.0,0,N15_M01_F10_K005_5.mat,0.0002987221395032814,0.014550894032489709,0.0010374394476437812,0.048070736928839446,0.0012654787042861724,0.09099861201203675,0.001030315272308857,0.06788017466158085,7.939401466329837e-05,0.0016523601735697418,0.00036672310794412977,0.09099861201203675
K005,N15_M01_F10,1500.0,25.0,0,N15_M01_F10_K005_6.mat,0.0003173431956528484,0.01956275701235426,0.001015028909543165,0.0391912194196342,0.0012615750350481228,0.07324904906471663,0.001050761180715374,0.0578793608497032,7.574356579243143e-05,0.002091808315680174,0.0003665539376160476,0.07324904906471663
K005,N15_M01_F10,1500.0,25.0,0,N15_M01_F10_K005_7.mat,0.00031972241798639526,0.015960513994028078,0.0009902975970035432,0.04041871936489709,0.0012376520656686041,0.05618473876428143,0.001058237978886789,0.0767072239806246,7.839886561594754e-05,0.0017331062984525063,0.0003666042759286732,0.0767072239806246
K005,N15_M01_F10,1500.0,25.0,0,N15_M01_F10_K005_8.mat,0.00031980570592134156,0.015352125829652433,0.000962394112127159,0.04133628139788036,0.0012445864250638745,0.06290582309282479,0.001055542737568468,0.07693359737924195,7.856078007349206e-05,0.001794844934620989,0.0003655878526507832,0.07693359737924195
K005,N15_M01_F10,1500.0,25.0,0,N15_M01_F10_K005_9.mat,0.00031592197579824796,0.015012721469650792,0.0009568572593751497,0.039287043732164136,0.0012874193379135252,0.09862272781202934,0.001052153131022606,0.08416009703265154,7.800152415207739e-05,0.003795983440824363,0.000365778408330021,0.09862272781202934
K005,N15_M07_F04,1500.0,25.0,0,N15_M07_F04_K005_1.mat,0.0003823913594532862,0.016641977435569475,0.0008553480465119455,0.037002466074495984,0.0008309356387516489,0.03849978014699797,0.0011322332982353685,0.054477030421003096,0.00012175326420056987,0.00430148116337699,0.00036725617363303335,0.054477030421003096
K005,N15_M07_F04,1500.0,25.0,0,N15_M07_F04_K005_10.mat,0.0003622380290325002,0.019386928938549375,0.000837017321346935,0.02781912549407185,0.0009211813982839426,0.03394165745195138,0.0010990251698721285,0.053807189026464544,0.00012256359479854908,0.005726643495234475,0.00036562672927287806,0.053807189026464544
K005,N15_M07_F04,1500.0,25.0,0,N15_M07_F04_K005_11.mat,0.0003553151692909243,0.018274484587511734,0.0007656169368722669,0.025983987418578897,0.0008625845353750782,0.029952218971304522,0.0009928485819418126,0.03515763651532961,0.00015629142549816375,0.004869833174726716,0.0003653273256142446,0.03515763651532961
K005,N15_M07_F04,1500.0,25.0,0,N15_M07_F04_K005_12.mat,0.0003597898794933051,0.017892685445795455,0.0007682870809346399,0.030972197178307428,0.0008805420495125865,0.04077154988457759,0.0009857655140347236,0.03636013672603733,0.00015680462413711485,0.004967443800197105,0.00036535065578184985,0.04077154988457759
K005,N15_M07_F04,1500.0,25.0,0,N15_M07_F04_K005_13.mat,0.00036621215008608346,0.01728571244105276,0.0007369122347442745,0.024041289190022647,0.0008567414994488131,0.033602187840725384,0.001000836619065939,0.04510136497548755,0.00015929783876121443,0.004459575668848978,0.00036618295330130286,0.04510136497548755
K005,N15_M07_F04,1500.0,25.0,0,N15_M07_F04_K005_14.mat,0.0003533179820975568,0.016137703533093562,0.0007778189334696182,0.03269347309853993,0.0008685370340592144,0.0387393298164452,0.0009900595271387384,0.05410796730950508,0.00015708040720821876,0.003925260373100786,0.0003652811300001119,0.05410796730950508
K005,N15_M07_F04,1500.0,25.0,0,N15_M07_F04_K005_15.mat,0.00037333047460974723,0.01812694201085434,0.0007743759026705565,0.03557687129623918,0.0008404986764202796,0.03369092567938436,0.0009644913057799805,0.05114293661018862,0.000164328472941305,0.005331784471912372,0.00036540078971607475,0.05114293661018862
K005,N15_M07_F04,1500.0,25.0,0,N15_M07_F04_K005_16.mat,0.00036149203718384095,0.014671468589004977,0.0007886273360912824,0.025391055351393924,0.0008685033395955986,0.024944608603763508,0.0009822983420573318,0.04865142729462572,0.0001565265203311139,0.004514847970144015,0.0003653144774301659,0.04865142729462572
K005,N15_M07_F04,1500.0,25.0,0,N15_M07_F04_K005_17.mat,0.0003710239602183846,0.020415659615631764,0.0007594747179832253,0.03522785923646452,0.0008813853712653173,0.031927493619733606,0.001003618798252863,0.04767335634941781,0.00015493341432136766,0.004494214951689346,0.0003668339431379005,0.04767335634941781
K005,N15_M07_F04,1500.0,25.0,0,N15_M07_F04_K005_18.mat,0.00036214159900777504,0.01789884222310668,0.0007111004700326297,0.02097042545703159,0.0008127489788875305,0.023835008477262082,0.0009031456617407311,0.03978255504350539,0.0001853534938779531,0.005487765721829515,0.00036510512960311997,0.03978255504350539
K005,N15_M07_F04,1500.0,25.0,0,N15_M07_F04_K005_19.mat,0.0003539615932310141,0.014821797453370852,0.0007176698176390401,0.023723308035569653,0.0008065273538497224,0.028694464151976757,0.0008976858214668579,0.04096975428995778,0.00018359741499320055,0.006043861460838893,0.00036496581529439626,0.04096975428995778
K005,N15_M07_F04,1500.0,25.0,0,N15_M07_F04_K005_2.mat,0.0003923654061119148,0.018966375319029526,0.000857521202200835,0.033396351409752105,0.0008293493359154953,0.03102749791613029,0.0011124844822757124,0.05261819537162737,0.00012365907685716907,0.003899940786610454,0.0003660166185826294,0.05261819537162737
K005,N15_M07_F04,1500.0,25.0,0,N15_M07_F04_K005_20.mat,0.0003739675041927101,0.016660566456713204,0.000737690810084842,0.03213575453804628,0.0008365495727497857,0.04638601011726276,0.0009199110963889141,0.03565294291326906,0.00017871041027503666,0.006360865912130289,0.00036653769866953716,0.04638601011726276
K005,N15_M07_F04,1500.0,25.0,0,N15_M07_F04_K005_3.mat,0.0003911979404828382,0.01965123954576998,0.0008521311719246184,0.03621951232539964,0.0008554715976241039,0.03250750889204545,0.001113532512438587,0.055986976181132624,0.00012119886968887441,0.006175530550321306,0.0003659937853283289,0.055986976181132624
K005,N15_M07_F04,1500.0,25.0,0,N15_M07_F04_K005_4.mat,0.00038664486301061914,0.02134903755994865,0.0008460017586932819,0.03674795593387097,0.0008683568730614107,0.0318507585155752,0.0011047323565937662,0.0746508656571203,0.00012378007827541364,0.0046007037284380116,0.00036604277279290835,0.0746508656571203
K005,N15_M07_F04,1500.0,25.0,0,N15_M07_F04_K005_5.mat,0.00039075484657325127,0.017896900073536788,0.0008274300497431281,0.03050797072457264,0.0008924637032363034,0.03952696850481306,0.0010988300790256138,0.05408919661932219,0.00012560228052527342,0.005229093570789003,0.0003670746705350264,0.05408919661932219
K005,N15_M07_F04,1500.0,25.0,0,N15_M07_F04_K005_6.mat,0.00039117117904865643,0.01875654971610816,0.0008450357192320004,0.02901530561693032,0.0009012337559201919,0.030024440400663543,0.001083208883004818,0.057846594690659295,0.00012756114848741772,0.007229515819800316,0.00036593326417669683,0.057846594690659295
K005,N15_M07_F04,1500.0,25.0,0,N15_M07_F04_K005_7.mat,0.0003713620627815994,0.015661525214952652,0.0008610956435297,0.02618870789455526,0.0009112883192840314,0.03804835655588234,0.001077132530047089,0.046427859346690435,0.00012676848244910264,0.006622076441649578,0.00036590367110137195,0.046427859346690435
K005,N15_M07_F04,1500.0,25.0,0,N15_M07_F04_K005_8.mat,0.00035350483249754826,0.017231798572163514,0.0008343715112601372,0.03742184735074343,0.0009159013813596,0.03613374755817147,0.001103013002982764,0.06727166030664403,0.00012390084519290324,0.005917895515790163,0.00036554813358256194,0.06727166030664403
K005,N15_M07_F04,1500.0,25.0,0,N15_M07_F04_K005_9.mat,0.00036495125045365274,0.01616570653036138,0.000817337759605611,0.029694346150901267,0.0009381076671799595,0.03727696179273679,0.0011019903019144678,0.06002074499832157,0.00012118619246786006,0.003923317722124745,0.00036568101507054233,0.06002074499832157
K005,N15_M07_F10,1500.0,25.0,0,N15_M07_F10_K005_1.mat,0.00044224848409431104,0.026021487844123118,0.001124452126611035,0.042092022297664254,0.0013000843637495795,0.06450468769339622,0.0009141214306679904,0.04138966745507377,8.876320945543832e-05,0.0013702209506278387,0.00036719911516917494,0.06450468769339622
K005,N15_M07_F10,1500.0,25.0,0,N15_M07_F10_K005_10.mat,0.0003778169534589224,0.021318028215430742,0.001144945401657618,0.04250649822874126,0.0013224916093050121,0.06515662150724925,0.0009323732193913346,0.039092322016398444,8.435788423487173e-05,0.0013614195684318385,0.00036764827032940213,0.06515662150724925
K005,N15_M07_F10,1500.0,25.0,0,N15_M07_F10_K005_11.mat,0.0003563694346466188,0.01953334267620765,0.0011211641479892019,0.04283899495427803,0.0013303998015792773,0.07188702084019433,0.0009431991522004324,0.03945462861773889,8.094210160113371e-05,0.001232533281062089,0.0003661974093866997,0.07188702084019433
K005,N15_M07_F10,1500.0,25.0,0,N15_M07_F10_K005_12.mat,0.00035720464936811155,0.018939335860063987,0.0011303375113745626,0.03929215766592814,0.001303257162828774,0.06467705628319333,0.0009575215408331252,0.04801810269274054,8.075152231438594e-05,0.0010995180047495795,0.0003661807428750926,0.06467705628319333
K005,N15_M07_F10,1500.0,25.0,0,N15_M07_F10_K005_13.mat,0.00036024929367517563,0.018383614893117513,0.001068352276917237,0.043759764422547476,0.0013227807067231704,0.07050483246350317,0.0009808962920336262,0.05905237585542616,8.097474849912287e-05,0.0013757639711132906,0.000367598778137251,0.07050483246350317
K005,N15_M07_F10,1500.0,25.0,0,N15_M07_F10_K005_14.mat,0.00034559926797923075,0.017345127093942495,0.0010825052693306445,0.045294017225355115,0.0013471400023240515,0.06466247632374723,0.0009530793328832954,0.043454112565242294,8.276246229912297e-05,0.0013865600514410012,0.00036601788479381244,0.06466247632374723
K005,N15_M07_F10,1500.0,25.0,0,N15_M07_F10_K005_15.mat,0.00035515781196438103,0.01755386529351129,0.0010812054906562112,0.03827368534826387,0.001274349898528007,0.1048263456130344,0.0009789450047518573,0.055280450487103984,8.578564248508489e-05,0.0013578870864186397,0.00036745367308963373,0.1048263456130344
K005,N15_M07_F10,1500.0,25.0,0,N15_M07_F10_K005_16.mat,0.000340278009826739,0.020222525813445923,0.0010614814207676353,0.04128284467664453,0.001317614573117287,0.059126634529514534,0.0009661565434156368,0.043460764288014375,8.333670416287566e-05,0.0016071065553479097,0.0003659043319087389,0.059126634529514534
K005,N15_M07_F10,1500.0,25.0,0,N15_M07_F10_K005_17.mat,0.0003598743463029523,0.019106684065250932,0.00108976285010034,0.04068791416984162,0.00131711839457316,0.07400441127953925,0.0009613457960218445,0.05725095015585308,8.43773305890584e-05,0.001217962853416848,0.00036760195771668586,0.07400441127953925
K005,N15_M07_F10,1500.0,25.0,0,N15_M07_F10_K005_18.mat,0.0003458610419945696,0.018058844125366975,0.0011035670518418444,0.0444252093359894,0.0012749442186523777,0.0513342581597277,0.0009668386098715315,0.0569958766060168,8.358372744765942e-05,0.0013326862610566514,0.00036609833976214667,0.0569958766060168
K005,N15_M07_F10,1500.0,25.0,0,N15_M07_F10_K005_19.mat,0.0003867617028389148,0.019596287735616478,0.0010236580100310903,0.039471364949037135,0.001337047125412867,0.12919211323351046,0.0009723183332108049,0.06747082616785557,8.387556965103845e-05,0.0015465020643100561,0.0003675324031689854,0.12919211323351046
K005,N15_M07_F10,1500.0,25.0,0,N15_M07_F10_K005_2.mat,0.0004072470566238367,0.02168504082003762,0.0011534187659368038,0.04076986143776603,0.0013704547603190984,0.07906416014361645,0.0009050580586877352,0.04612891356719462,8.299849139570297e-05,0.0016834814134012966,0.00036682097603148964,0.07906416014361645
K005,N15_M07_F10,1500.0,25.0,0,N15_M07_F10_K005_20.mat,0.00031395683496545013,0.01746109638565153,0.0010372562359711051,0.041748131719606445,0.0013345387449726841,0.08505511218282912,0.0009724391101654435,0.05256179575967582,8.372523314058866e-05,0.001174589576334147,0.00036567104322081265,0.08505511218282912
K005,N15_M07_F10,1500.0,25.0,0,N15_M07_F10_K005_3.mat,0.0003953593029535524,0.020168918176953946,0.001145988630556327,0.0400717212250453,0.0012975039208299227,0.05228005736417081,0.000930234078333689,0.04814649084978101,8.589078734980422e-05,0.0015064531250766873,0.00036691329246320146,0.05228005736417081
K005,N15_M07_F10,1500.0,25.0,0,N15_M07_F10_K005_4.mat,0.000391579603966476,0.023235652783061177,0.0011329115314902278,0.043172413069604544,0.0013183292709880521,0.05646394416132934,0.0009288017767618696,0.04517530386105612,8.559980669893826e-05,0.0012165361978529606,0.0003675292221550178,0.05646394416132934
K005,N15_M07_F10,1500.0,25.0,0,N15_M07_F10_K005_5.mat,0.00037953403298675856,0.01986605534320296,0.001135900127740283,0.04577814689768736,0.0013035813641175955,0.04758803115519863,0.0009344918563784057,0.05495583118298747,8.504688035595342e-05,0.0014223122106832493,0.00036644379078823355,0.05495583118298747
K005,N15_M07_F10,1500.0,25.0,0,N15_M07_F10_K005_6.mat,0.0003747418071433768,0.02031220523707401,0.0011427540713377154,0.04480078888389419,0.0012978942113353949,0.08061596207108132,0.0009396197493209233,0.03726532979975854,8.332622615389458e-05,0.001377331082110001,0.0003663899442863277,0.08061596207108132
K005,N15_M07_F10,1500.0,25.0,0,N15_M07_F10_K005_7.mat,0.00038851567641728273,0.021982175195385437,0.0011109279916819655,0.04359784908798172,0.0013464533429063473,0.07042794656316918,0.0009445917643029069,0.05525218945172659,8.163468354952213e-05,0.0016049547251724046,0.0003673728439860867,0.07042794656316918
K005,N15_M07_F10,1500.0,25.0,0,N15_M07_F10_K005_8.mat,0.0003842919165342392,0.020521611860213073,0.0011374024737221997,0.0417816596225003,0.0013243938419589152,0.055403364796610365,0.000934727994159168,0.046316877715436196,8.293904930107371e-05,0.0012234726186106336,0.00036780989040906384,0.055403364796610365
K005,N15_M07_F10,1500.0,25.0,0,N15_M07_F10_K005_9.mat,0.00034246846299154047,0.017380943165928153,0.0010827092196448985,0.041203633052047405,0.001333463025375726,0.05681370156517047,0.0009587739615853293,0.05077697299232899,8.184033072656085e-05,0.0013114552536902526,0.00036600053534423005,0.05681370156517047
K006,N09_M07_F10,900.0,15.0,0,N09_M07_F10_K006_1.mat,0.0003942528909764624,0.011094442321179274,0.00036829452557791856,0.0037462831655523956,0.0003795723209952012,0.005578594441137803,0.0004146163176551076,0.007802597912094569,0.00034898013103629107,0.004254090996602823,0.0003637945137083753,0.011094442321179274
K006,N09_M07_F10,900.0,15.0,0,N09_M07_F10_K006_10.mat,0.000374038391557933,0.009120597038595912,0.00038165564761821736,0.004616969267677151,0.0003717653867876984,0.00688676310235542,0.0003994206549253476,0.006551905161649871,0.0003558095437422257,0.004914160344947405,0.00036392505307430127,0.009120597038595912
K006,N09_M07_F10,900.0,15.0,0,N09_M07_F10_K006_11.mat,0.00038640327862568416,0.00873254837148735,0.000376132903740384,0.0049105479031970895,0.0003830757592383026,0.007224076246558211,0.00039509431171177414,0.006142685772506182,0.00035166796086773044,0.006958100551253445,0.0003639775930282721,0.00873254837148735
K006,N09_M07_F10,900.0,15.0,0,N09_M07_F10_K006_12.mat,0.0004022075380458924,0.007981148700277963,0.00036937882104229146,0.0035730393791439186,0.00037455323408054343,0.005370723455129752,0.0003985617012542655,0.005971954446559191,0.00035851878513464116,0.005472687003979177,0.0003637766355609852,0.007981148700277963
K006,N09_M07_F10,900.0,15.0,0,N09_M07_F10_K006_13.mat,0.0003798582791818584,0.009113956707829812,0.0003725138972312158,0.004287345215893358,0.00037285476707880005,0.004423199347939365,0.00040439129356042953,0.007810025601152065,0.000355408943047464,0.005140767010722994,0.0003637166321816447,0.009113956707829812
K006,N09_M07_F10,900.0,15.0,0,N09_M07_F10_K006_14.mat,0.00040537348622915183,0.009142231886231564,0.00039589053321356486,0.003908749409795867,0.0003765784834471629,0.0053696490279714565,0.00040190925889962883,0.006148056566065472,0.00034963589456702294,0.005037849219319732,0.0003636999323758635,0.009142231886231564
K006,N09_M07_F10,900.0,15.0,0,N09_M07_F10_K006_15.mat,0.0004028208920276124,0.009430046950095708,0.0003818716793043829,0.005561220570627356,0.00037154985062493983,0.005434347764538353,0.0004011225627545478,0.006428213616059691,0.00035687015333391844,0.005703242566946237,0.0003638677271104968,0.009430046950095708
K006,N09_M07_F10,900.0,15.0,0,N09_M07_F10_K006_16.mat,0.0003837363299508761,0.009031611178316277,0.0003846116906657861,0.004973200778562034,0.00037748376869782595,0.004276475319912349,0.00040905895590714387,0.005880157332742039,0.000347291140246844,0.004382749033742015,0.0003637321463495511,0.009031611178316277
K006,N09_M07_F10,900.0,15.0,0,N09_M07_F10_K006_17.mat,0.0003959268025870343,0.00717534034716187,0.0003855028102567086,0.00409238841006362,0.00038283404846052783,0.005729939823234621,0.00039615362279520977,0.006571057017288206,0.00035607824339150835,0.0044631438635451435,0.00036367203584306294,0.00717534034716187
K006,N09_M07_F10,900.0,15.0,0,N09_M07_F10_K006_18.mat,0.0004049805284101768,0.0085115282521631,0.00037363624686397983,0.00443335669529849,0.0003815381969172645,0.0037923954642130188,0.0003955761367150565,0.006383925192016002,0.00035528137977863355,0.004599980783643064,0.00036477585224948893,0.0085115282521631
K006,N09_M07_F10,900.0,15.0,0,N09_M07_F10_K006_19.mat,0.00039458036764168614,0.00843942973858185,0.00039242708629478863,0.0038168363720089645,0.00037712997289273244,0.005333154876283118,0.00038601810688497414,0.005723115728390128,0.00036037307191504877,0.006325306812104023,0.0003638184678140719,0.00843942973858185
K006,N09_M07_F10,900.0,15.0,0,N09_M07_F10_K006_2.mat,0.0004003425332315127,0.008165879650799948,0.0003858047442423359,0.004273852886744455,0.0003890891113807193,0.005647759069159777,0.00040381302965889523,0.006508287880298349,0.00034960097525531497,0.004118991527508811,0.0003636633841414711,0.008165879650799948
K006,N09_M07_F10,900.0,15.0,0,N09_M07_F10_K006_20.mat,0.00040851074205528354,0.007401776545846319,0.00037738676185987554,0.003983274986378936,0.00037753406548309926,0.0063437712345034685,0.00039953433501591947,0.0065809666668713435,0.00035405416450214646,0.004572206545657161,0.0003643728016937998,0.007401776545846319
K006,N09_M07_F10,900.0,15.0,0,N09_M07_F10_K006_3.mat,0.00040129770676377484,0.007928666176847858,0.00037648707957111435,0.0035759156528941747,0.00038280581707359125,0.00512801434878788,0.0004108693582039891,0.008532612877231956,0.0003509027517179922,0.004247983662092977,0.00036366286247251723,0.008532612877231956
K006,N09_M07_F10,900.0,15.0,0,N09_M07_F10_K006_4.mat,0.0003994686384278426,0.010423412389317955,0.0003749676303674782,0.004111322968259351,0.0003913142966376044,0.004860869927877157,0.00041201333406096067,0.007396667139564769,0.0003461193548012879,0.004761417947235477,0.00036383486981986566,0.010423412389317955
K006,N09_M07_F10,900.0,15.0,0,N09_M07_F10_K006_5.mat,0.0004149391401716711,0.010885904954616275,0.0003838394887814895,0.00497396566778084,0.00037414421320397273,0.004025592025044633,0.00040381440789492954,0.007157085948388373,0.0003542442127879644,0.003979688685698908,0.00036365534899112306,0.010885904954616275
K006,N09_M07_F10,900.0,15.0,0,N09_M07_F10_K006_6.mat,0.00039291033943840523,0.009873037233245636,0.0003819164876666757,0.0037398781624507745,0.0003638809883115049,0.005220967565954404,0.00040666034097059387,0.0065766199244175405,0.0003564084065879157,0.005586743704206857,0.00036364788873045293,0.009873037233245636
K006,N09_M07_F10,900.0,15.0,0,N09_M07_F10_K006_7.mat,0.0004085254852909129,0.008619913628179928,0.00038183300155792636,0.004105900621301542,0.0003830961232159786,0.004509362429822424,0.00040475815058991474,0.00565298644983244,0.00035333481423448844,0.004698166242437488,0.000363629006202028,0.008619913628179928
K006,N09_M07_F10,900.0,15.0,0,N09_M07_F10_K006_8.mat,0.00038122284939800643,0.007019289933198901,0.00037863165580955254,0.004054313351089108,0.0003757639273749112,0.0043994946845493385,0.00039525337081579493,0.005699709099681726,0.0003586112503800925,0.005133935827266331,0.0003643124391009921,0.007019289933198901
K006,N09_M07_F10,900.0,15.0,0,N09_M07_F10_K006_9.mat,0.0003977465612828438,0.011166569769521087,0.0003680422958114039,0.00391341053580122,0.00038158552388429737,0.005554066843400122,0.0004064690911507948,0.006128533914845094,0.0003485438810789722,0.005023936282218931,0.0003637041581295143,0.011166569769521087
K006,N15_M01_F10,1500.0,25.0,0,N15_M01_F10_K006_1.mat,0.00034578428936264525,0.006177610181956366,0.0003804041773232734,0.00444633380494682,0.0005134053700341257,0.013828545131523708,0.0005665708738085026,0.030345701547132533,0.0003065971757883479,0.0035854646681063103,0.00036430507826148837,0.030345701547132533
K006,N15_M01_F10,1500.0,25.0,0,N15_M01_F10_K006_10.mat,0.00035281471083105874,0.007876460040149438,0.00038454052871371447,0.006184173121031959,0.0005619806509265678,0.015989572583923892,0.000554464873568019,0.03433300773158929,0.0003064944786272397,0.004295695004788237,0.00036367128739039255,0.03433300773158929
K006,N15_M01_F10,1500.0,25.0,0,N15_M01_F10_K006_11.mat,0.000347623649462886,0.005315646743251583,0.00037973130548260537,0.005088866171751722,0.0004904319146202964,0.00972360601249292,0.0005100255183623825,0.02921834800345623,0.00031992656113325824,0.005385306962140299,0.00036348032444993747,0.02921834800345623
K006,N15_M01_F10,1500.0,25.0,0,N15_M01_F10_K006_12.mat,0.00036623438414712573,0.00627467650205737,0.00037846803511134295,0.005025038028005428,0.0005147058572666884,0.01146288348826694,0.0005262410917675874,0.03332980594654902,0.00031553451468009067,0.004045998625923244,0.0003638533653194095,0.03332980594654902
K006,N15_M01_F10,1500.0,25.0,0,N15_M01_F10_K006_13.mat,0.0003560210673116117,0.006883978436324304,0.0003861042763762699,0.0044110863315740155,0.0005164398385734622,0.012315667694746546,0.0005216182894823526,0.028808790091902903,0.00031774320459785726,0.004281782658800983,0.000364932350936543,0.028808790091902903
K006,N15_M01_F10,1500.0,25.0,0,N15_M01_F10_K006_14.mat,0.0003547996613078305,0.0064101840605438635,0.0003817224145876969,0.004206196436693288,0.0005090531909028883,0.011405408351584259,0.0005304829433781105,0.03783851148560357,0.00031509982828206875,0.004094005355623989,0.0003635926109331306,0.03783851148560357
K006,N15_M01_F10,1500.0,25.0,0,N15_M01_F10_K006_15.mat,0.00034575147972349757,0.006925316425620893,0.0003835966697667335,0.004865514704522938,0.0005275696298462817,0.014093652613261167,0.0005371921015051809,0.03562117022624904,0.00031349860991628544,0.0032435300407247618,0.00036407178952355465,0.03562117022624904
K006,N15_M01_F10,1500.0,25.0,0,N15_M01_F10_K006_16.mat,0.00034376068158045725,0.007874500956811078,0.00036709675242855487,0.0047795097147367875,0.0005419718469517722,0.014199727370492653,0.0005567011439528498,0.02809440466964954,0.0003074323845763092,0.004158598448510582,0.0003637660362545426,0.02809440466964954
K006,N15_M01_F10,1500.0,25.0,0,N15_M01_F10_K006_17.mat,0.00035714643642901914,0.006680715576619643,0.00037740854756559836,0.005304557922839827,0.0005423098691677874,0.017258185027730313,0.0005653647259702868,0.031587574040213395,0.00031062658097183546,0.0038578729587515972,0.0003640390756234644,0.031587574040213395
K006,N15_M01_F10,1500.0,25.0,0,N15_M01_F10_K006_18.mat,0.0003326547766376626,0.0075038743489930105,0.0003835027758057443,0.005477119024067844,0.0005577496166909564,0.012714126981019019,0.0005530700423796641,0.04402196159447539,0.00030836184497900733,0.004423718466141937,0.00036359175094508283,0.04402196159447539
K006,N15_M01_F10,1500.0,25.0,0,N15_M01_F10_K006_19.mat,0.00036953821968022983,0.008966238625831933,0.00038698714512787807,0.005466319633032934,0.0005311817943614546,0.012730227606524933,0.0005635762183173205,0.03949783877826336,0.00030369203764907927,0.0043887721818799295,0.00036441136343883527,0.03949783877826336
K006,N15_M01_F10,1500.0,25.0,0,N15_M01_F10_K006_2.mat,0.000361869769068143,0.005950890028580311,0.0003756824909211137,0.006458108648186767,0.0005046922422074693,0.012409395675117051,0.0005722400726001609,0.03306389968154669,0.0003073111188803803,0.005671698811818248,0.00036355869469956067,0.03306389968154669
K006,N15_M01_F10,1500.0,25.0,0,N15_M01_F10_K006_20.mat,0.00035199609347996686,0.009512473228456825,0.0003867911189061597,0.0051204686990282315,0.0005558552348831351,0.014089471644053452,0.0005635393246133215,0.04132985287530837,0.000306851082153528,0.004864185231429179,0.0003640179131892075,0.04132985287530837
K006,N15_M01_F10,1500.0,25.0,0,N15_M01_F10_K006_3.mat,0.0003474755797250324,0.00843687631717338,0.00037131113265729843,0.004296707652183372,0.0005198248642881272,0.018427532391253876,0.0005803689380547811,0.03718887767528782,0.0003081002414356827,0.004226674226675872,0.0003648872168251399,0.03718887767528782
K006,N15_M01_F10,1500.0,25.0,0,N15_M01_F10_K006_4.mat,0.0003537505927851072,0.007343962937685346,0.0003839310051462609,0.005605063585101945,0.0005004513886938596,0.012971479116586537,0.0005586092310529733,0.04034244444432268,0.00031201536926084636,0.003605228625631637,0.00036375019523662453,0.04034244444432268
K006,N15_M01_F10,1500.0,25.0,0,N15_M01_F10_K006_5.mat,0.0003660466131314627,0.010869063523329142,0.00036892102676656404,0.006444754593290211,0.0005147175378532986,0.010958740083009023,0.0005527512168674859,0.03096268610798888,0.00031325287780456924,0.006551089888079878,0.0003636553788337259,0.03096268610798888
K006,N15_M01_F10,1500.0,25.0,0,N15_M01_F10_K006_6.mat,0.00034817705633265075,0.006202917973733986,0.0003716528730944012,0.005088836518953811,0.0005154961794187888,0.010144652156641874,0.000546289225220094,0.03339347990196758,0.00031263642612817895,0.004682561592223271,0.0003636202293291151,0.03339347990196758
K006,N15_M01_F10,1500.0,25.0,0,N15_M01_F10_K006_7.mat,0.00035188594100971516,0.0065085992662602165,0.00037363865842748287,0.004594367466464698,0.000528193564085832,0.014590248243401728,0.0005618397004241132,0.03419370572565148,0.00030876140067286333,0.004603169911244159,0.0003636423930832327,0.03419370572565148
K006,N15_M01_F10,1500.0,25.0,0,N15_M01_F10_K006_8.mat,0.00033764025853769185,0.0057879571637351876,0.00038132680335696957,0.004126299827497646,0.0005409026301684488,0.013141796969922414,0.0005637996712014832,0.04542273721296184,0.0003091534284142736,0.004034708338300735,0.0003636725303406319,0.04542273721296184
K006,N15_M01_F10,1500.0,25.0,0,N15_M01_F10_K006_9.mat,0.00035341287704726375,0.008565313949019505,0.00038210874516910327,0.004288182669789488,0.0005260639884724797,0.017092375234316178,0.0005765748202502623,0.035856134730969116,0.00030376895382198244,0.0040467481232616615,0.00036386759115851475,0.035856134730969116
K006,N15_M07_F04,1500.0,25.0,0,N15_M07_F04_K006_1.mat,0.0003489462828555539,0.00656687339685009,0.00047440260825492393,0.00649768452464258,0.00046059058036045406,0.008447057906374402,0.00047542670647631585,0.011614925134239248,0.0003284744854710789,0.007372200852117736,0.0003639937058886624,0.011614925134239248
K006,N15_M07_F04,1500.0,25.0,0,N15_M07_F04_K006_10.mat,0.00034814297020497025,0.007879794533949368,0.0005031825717214541,0.006375058592683003,0.000521826843142492,0.012696863104207225,0.0004867103740927326,0.012244961451714805,0.0003223166866946984,0.007327825434825618,0.00036356676390928924,0.012696863104207225
K006,N15_M07_F04,1500.0,25.0,0,N15_M07_F04_K006_11.mat,0.00035112565906219,0.007886936981908852,0.0004931243233985552,0.007765960966766889,0.0005243081907457665,0.013469051938684556,0.0005075995477821411,0.011764611686552644,0.00031661255677755106,0.010331988164000609,0.00036498162383525077,0.013469051938684556
K006,N15_M07_F04,1500.0,25.0,0,N15_M07_F04_K006_12.mat,0.0003442077892240142,0.006957332536577691,0.0004914398381157792,0.006855364737404155,0.0005291250599469341,0.015433306891338691,0.0005001481221991921,0.012900481208681005,0.0003169798229224833,0.006368950953476837,0.0003635853686557781,0.015433306891338691
K006,N15_M07_F04,1500.0,25.0,0,N15_M07_F04_K006_13.mat,0.00034994918798422753,0.010084542019007473,0.0004922437117832355,0.009415253297094053,0.0005301939207669636,0.013452112035927702,0.0004893348625200297,0.012081939435638392,0.0003210056676900526,0.006397560632471449,0.0003635287407798569,0.013452112035927702
K006,N15_M07_F04,1500.0,25.0,0,N15_M07_F04_K006_14.mat,0.00035403626659507117,0.008440177824782428,0.0005000000762128215,0.009535830674022888,0.0005273216423052296,0.014229899288917398,0.0004960110759784038,0.012076957960882958,0.0003164357886340059,0.00823147977224455,0.0003635521844858429,0.014229899288917398
K006,N15_M07_F04,1500.0,25.0,0,N15_M07_F04_K006_15.mat,0.000347082443393368,0.007297683706240727,0.0004858926540209156,0.00723165166484666,0.0005302004844449247,0.013235197937059582,0.0004944367951858976,0.011918395452208777,0.00032034268914934706,0.006893018537307728,0.00036369459138852324,0.013235197937059582
K006,N15_M07_F04,1500.0,25.0,0,N15_M07_F04_K006_16.mat,0.0003618750215092796,0.00808815869711296,0.0004960026388678683,0.006437869457395681,0.0005086074211312269,0.011153049652422229,0.0004960829458650829,0.012210024532552904,0.00032244561181787054,0.006959038191670844,0.0003636005554822307,0.012210024532552904
K006,N15_M07_F04,1500.0,25.0,0,N15_M07_F04_K006_17.mat,0.00034883965419844464,0.008005275966633373,0.0004980387844903863,0.008395280503848543,0.0005124624763488134,0.010072396181476867,0.0004994746986163264,0.012226760726235544,0.0003195785335410144,0.006968688128243468,0.0003636065972850162,0.012226760726235544
K006,N15_M07_F04,1500.0,25.0,0,N15_M07_F04_K006_18.mat,0.0003524080650588099,0.005124059251800628,0.000483207472885204,0.007501100535225006,0.0005460102204544134,0.012960072579752374,0.0004936636615346232,0.011164676261107157,0.00031662622259788574,0.0068376645859710514,0.0003645298613280491,0.012960072579752374
K006,N15_M07_F04,1500.0,25.0,0,N15_M07_F04_K006_19.mat,0.0003591124477590118,0.0073063610650159145,0.0005021638654711545,0.007877814531066674,0.0005181049438588227,0.013439247541380662,0.000498084951442736,0.00961133376489317,0.0003174664810531026,0.006131282419051753,0.0003636482480093246,0.013439247541380662
K006,N15_M07_F04,1500.0,25.0,0,N15_M07_F04_K006_2.mat,0.00035481441207145043,0.009886082367906194,0.0005101420703464943,0.0076479020315843756,0.0005208756765003176,0.012058117534931405,0.0005003902570292612,0.01161037050226371,0.00031596749847713994,0.006997363051372538,0.0003644253028420981,0.012058117534931405
K006,N15_M07_F04,1500.0,25.0,0,N15_M07_F04_K006_20.mat,0.00034965316755435484,0.006972072116728556,0.0004968930084138301,0.007339144123265847,0.0005348466952907724,0.011723661216453997,0.0004929703899279467,0.014376827968379514,0.00031623601611370945,0.006264330500926885,0.0003649806708513754,0.014376827968379514
K006,N15_M07_F04,1500.0,25.0,0,N15_M07_F04_K006_3.mat,0.00035958594749633887,0.009224404765366824,0.0004893413952207928,0.008576002278019012,0.0005135727985362954,0.01293779521221416,0.000491782390428798,0.0134300555236004,0.0003203581570168989,0.005905611472133258,0.00036358673820321134,0.0134300555236004
K006,N15_M07_F04,1500.0,25.0,0,N15_M07_F04_K006_4.mat,0.0003570003716609836,0.007247789431799783,0.00047826586301310213,0.006860193302138626,0.0004909710684529123,0.009497392678782487,0.0004956315653692529,0.009694246164833357,0.00032210894407358253,0.013167722723479361,0.00036354123782442166,0.013167722723479361
K006,N15_M07_F04,1500.0,25.0,0,N15_M07_F04_K006_5.mat,0.00036433020905181666,0.005973700499358346,0.0004950703655272443,0.00685445948541294,0.0005149799709928277,0.015039582476877214,0.0005121164644457753,0.011109482496717416,0.0003158076612942205,0.00982900320524221,0.0003641173254867066,0.015039582476877214
K006,N15_M07_F04,1500.0,25.0,0,N15_M07_F04_K006_6.mat,0.00037169275065223017,0.009092337451202689,0.0004897409825099383,0.00761210089590222,0.0005036925591279006,0.014182445726498608,0.0005113274597175253,0.010577041842734286,0.0003111318463772715,0.008500266341808758,0.0003635899188526078,0.014182445726498608
K006,N15_M07_F04,1500.0,25.0,0,N15_M07_F04_K006_7.mat,0.000367821623851453,0.005552078962598198,0.00048723410832172417,0.008673576806632402,0.0005031249635514942,0.011560720375688052,0.0004983961709039359,0.010151550347714314,0.0003187129106969103,0.006836321017709582,0.00036359808065907444,0.011560720375688052
K006,N15_M07_F04,1500.0,25.0,0,N15_M07_F04_K006_8.mat,0.0003386448885851001,0.009182760193022502,0.0005058415449141727,0.007198909226650119,0.0005317653670495581,0.013088212613923258,0.0005117743422923719,0.016569784320544723,0.0003160314600800597,0.006813493087835897,0.0003645580938143114,0.016569784320544723
K006,N15_M07_F04,1500.0,25.0,0,N15_M07_F04_K006_9.mat,0.00036227400964555843,0.012146609666106747,0.0004918971670704325,0.007375612946691826,0.0005036032452530961,0.010678269528107588,0.0004892564631269351,0.011339697821691818,0.00032712945091579093,0.006778981522303109,0.00036367966492973047,0.012146609666106747
K006,N15_M07_F10,1500.0,25.0,0,N15_M07_F10_K006_1.mat,0.00034454361535945734,0.006675767640456235,0.0003710538284169887,0.0048713670680263,0.0005382535724131132,0.010375659327392657,0.0005764259684024117,0.04692622592899102,0.00030348095286574775,0.005603577471415386,0.000363595508634816,0.04692622592899102
K006,N15_M07_F10,1500.0,25.0,0,N15_M07_F10_K006_10.mat,0.00035797971310883047,0.007295253306779294,0.00037849925244564297,0.006264772099710763,0.0005341346812601399,0.012816948544910885,0.0005863557972031668,0.04459556067006741,0.00029762951845897057,0.003750352831811077,0.0003640406341998789,0.04459556067006741
K006,N15_M07_F10,1500.0,25.0,0,N15_M07_F10_K006_11.mat,0.00034277346525852137,0.009865130596069761,0.000377386348987296,0.004129278311741169,0.0005451193675225595,0.01697136404513414,0.0005955336198651931,0.0521338153945618,0.00029817210662439316,0.004000090317226488,0.00036367420685417835,0.0521338153945618
K006,N15_M07_F10,1500.0,25.0,0,N15_M07_F10_K006_12.mat,0.00035173213660892046,0.007962753815844378,0.0003805364959258487,0.005280642514488594,0.0005531055500117134,0.014333885283938478,0.0005951973788169384,0.04372176696050939,0.00029431616140396434,0.005139800582839685,0.00036460149730428536,0.04372176696050939
K006,N15_M07_F10,1500.0,25.0,0,N15_M07_F10_K006_13.mat,0.0003461710730693883,0.008917816010204496,0.0003699108831545689,0.00424715489287163,0.0005471222434384446,0.015208640895835597,0.0005924821619057869,0.04366869504267453,0.00029952823375387956,0.0038367155741443047,0.0003637771995997592,0.04366869504267453
K006,N15_M07_F10,1500.0,25.0,0,N15_M07_F10_K006_14.mat,0.00034319233525810375,0.00779736684842709,0.00038439800913282626,0.005444440635444672,0.0005488539041065262,0.012584997715533498,0.0005911054599253194,0.03391290436987771,0.0003007765759624391,0.004681436967926024,0.00036488368922918223,0.03391290436987771
K006,N15_M07_F10,1500.0,25.0,0,N15_M07_F10_K006_15.mat,0.00036018983071936257,0.006281431741650365,0.00038411124823127605,0.0045157477097430825,0.0005437837704916024,0.014187051262828964,0.0005872110236915973,0.032596694464062714,0.00029709402300107253,0.004174299419189301,0.00036361226393043087,0.032596694464062714
K006,N15_M07_F10,1500.0,25.0,0,N15_M07_F10_K006_16.mat,0.00036735757101464894,0.009812577361233562,0.00037537761883769824,0.004500046520474473,0.0005383822181394068,0.01156524732377152,0.0005986285809891273,0.033432461530243034,0.0002960621533729969,0.003934093114350058,0.0003638315006718584,0.033432461530243034
K006,N15_M07_F10,1500.0,25.0,0,N15_M07_F10_K006_17.mat,0.0003604785329089185,0.009335043731957374,0.00038540668664668236,0.00702100108138908,0.0005334996520866372,0.015000699330135259,0.0005932275274301899,0.05213151313472471,0.0003011835246795864,0.004808928954775987,0.0003640585299911525,0.05213151313472471
K006,N15_M07_F10,1500.0,25.0,0,N15_M07_F10_K006_18.mat,0.0003663077736171391,0.006868817148353338,0.00037774473755061434,0.004708956453982143,0.0005516711958284927,0.017587051347711123,0.0005727109637466599,0.03449324925607583,0.0003026880931345279,0.00423513446603881,0.0003636153939816358,0.03449324925607583
K006,N15_M07_F10,1500.0,25.0,0,N15_M07_F10_K006_19.mat,0.0003550714222582914,0.007561845586499202,0.00037949045470301294,0.004357795524276012,0.0005282479718307613,0.016702452672164112,0.000581174754285377,0.04797352236224061,0.0003058021454218779,0.0050706445619175325,0.0003643092425039944,0.04797352236224061
K006,N15_M07_F10,1500.0,25.0,0,N15_M07_F10_K006_2.mat,0.0003494634815306452,0.005594018119950571,0.0003690145932862276,0.00537950654096401,0.0005398514327891768,0.0134313957358476,0.0005708395853692354,0.060732277950536366,0.00030584014676581666,0.004264671262379631,0.0003635786092251936,0.060732277950536366
K006,N15_M07_F10,1500.0,25.0,0,N15_M07_F10_K006_20.mat,0.00033657698596248483,0.009529246396198553,0.0003770753297213809,0.004162564832293219,0.0005490797945748556,0.011445308922575085,0.0005920225302459139,0.04144943483094376,0.00029950842735328387,0.0037905277587376653,0.0003637341004767206,0.04144943483094376
K006,N15_M07_F10,1500.0,25.0,0,N15_M07_F10_K006_3.mat,0.0003546537967233422,0.006202938860496777,0.00037182095797009884,0.004775795710429924,0.0005276918948025905,0.012682885769506692,0.0005815898708724087,0.04244715382936476,0.0003013518404716567,0.004795046826449148,0.00036419654906625,0.04244715382936476
K006,N15_M07_F10,1500.0,25.0,0,N15_M07_F10_K006_4.mat,0.0003560830806424448,0.0109863744556548,0.0003751641761326221,0.0057622006571684155,0.0005299597308106297,0.014495763859163392,0.0005926255386378594,0.04595088300993643,0.0003023086827168675,0.004781826971294593,0.0003637144863765801,0.04595088300993643
K006,N15_M07_F10,1500.0,25.0,0,N15_M07_F10_K006_5.mat,0.0003549376960404322,0.005787351887001129,0.0003650594963058854,0.005210787579209376,0.0005574360431830815,0.013388794373592798,0.0005846767958563946,0.0661358069255777,0.000302220045954745,0.004720330552550216,0.0003635926980098646,0.0661358069255777
K006,N15_M07_F10,1500.0,25.0,0,N15_M07_F10_K006_6.mat,0.00034091683966702284,0.008435647721208991,0.0003730360878789794,0.0056115896374189875,0.0005444254932070529,0.015861277454277012,0.0006015128583876997,0.05452658581024597,0.00029919858713834644,0.005176454160590361,0.0003636451909514964,0.05452658581024597
K006,N15_M07_F10,1500.0,25.0,0,N15_M07_F10_K006_7.mat,0.00033896374838402165,0.0080249663088733,0.00037912009418774705,0.0037623222562755457,0.0005580975291099878,0.017620161003504865,0.0005919731919445503,0.045508356629492236,0.0003016900679453623,0.004167538655575169,0.0003648859997346902,0.045508356629492236
K006,N15_M07_F10,1500.0,25.0,0,N15_M07_F10_K006_8.mat,0.0003568686930253189,0.007842598185916323,0.000369269198126628,0.0046394047540406535,0.0005461510461482416,0.022812429294103053,0.0006137040885542472,0.05702218223015386,0.0002919318040721922,0.004208261037673238,0.00036405101343559156,0.05702218223015386
K006,N15_M07_F10,1500.0,25.0,0,N15_M07_F10_K006_9.mat,0.00034733747192572357,0.007970141927873967,0.00038918168433523616,0.0046432873575185185,0.0005496730199481033,0.01462608909598758,0.0005829146037138631,0.04668931664412498,0.0002977638168402547,0.004006815650639425,0.00036378631636701565,0.04668931664412498
KA01,N09_M07_F10,900.0,15.0,1,N09_M07_F10_KA01_1.mat,0.001021598644695859,0.009279834505718797,0.0005105345996866705,0.009787176001351585,0.0006821450712627175,0.009417975549936244,0.0013202449947480306,0.034559987335477056,8.013465719340739e-05,0.0028108544215404026,0.0003640270684398252,0.034559987335477056
KA01,N09_M07_F10,900.0,15.0,1,N09_M07_F10_KA01_10.mat,0.0010384714449353765,0.008549729697834947,0.0005225726054415362,0.009730467629716794,0.0006725437325346114,0.009215502787607775,0.001326540925063587,0.04337843376429607,7.971622562169702e-05,0.0024644275694059997,0.00036555453879665814,0.04337843376429607
KA01,N09_M07_F10,900.0,15.0,1,N09_M07_F10_KA01_11.mat,0.00105783327858271,0.008939702234269507,0.0005103929350542443,0.010188124618497585,0.000660454793592208,0.009829563152232561,0.001325369555308095,0.03484138150620606,8.061346498905024e-05,0.0026316262430980345,0.0003646262667189344,0.03484138150620606
KA01,N09_M07_F10,900.0,15.0,1,N09_M07_F10_KA01_12.mat,0.0010344999335364282,0.010682291801705218,0.0005060230599495945,0.010684563808839451,0.0006821758208077769,0.013214001469468996,0.0013201150083314733,0.03653688053818842,8.090273245155479e-05,0.003245074394535629,0.00036428962646260413,0.03653688053818842
KA01,N09_M07_F10,900.0,15.0,1,N09_M07_F10_KA01_13.mat,0.0010742657419182797,0.010862209565531186,0.0005187874671042359,0.009927609875411749,0.0006054589063541826,0.008112060661968094,0.0013366934388806047,0.04186792531666278,8.204632073623047e-05,0.0026670300333959105,0.0003656187893562061,0.04186792531666278
KA01,N09_M07_F10,900.0,15.0,1,N09_M07_F10_KA01_14.mat,0.0010679892081057625,0.009302619263465981,0.0005130689502503744,0.010909599403184124,0.00059668380721638,0.008548424114595691,0.001336252100134157,0.03426663847396794,8.211392530562736e-05,0.0031196662511272545,0.00036396850914677123,0.03426663847396794
KA01,N09_M07_F10,900.0,15.0,1,N09_M07_F10_KA01_15.mat,0.0010558283604332791,0.008825497854744256,0.0005083984731102687,0.009988493106580388,0.0006553618662018045,0.009466152985486389,0.0013228820669176408,0.03305564662560642,8.169374404857039e-05,0.0030874364653602844,0.000364244994612715,0.03305564662560642
KA01,N09_M07_F10,900.0,15.0,1,N09_M07_F10_KA01_16.mat,0.001057597867927824,0.009092468098992942,0.0005175718764777624,0.00974788197431917,0.0006638592865170173,0.00858122641088243,0.0013134214266927796,0.040345628761363175,8.152679804756322e-05,0.0030673984139789182,0.00036414459465438883,0.040345628761363175
KA01,N09_M07_F10,900.0,15.0,1,N09_M07_F10_KA01_17.mat,0.001054682446642263,0.009990638722476734,0.0005048195640752726,0.009550838670556823,0.0006589223200925734,0.009092160020090428,0.0013239055842806308,0.04959992677183379,8.122241677574911e-05,0.002716527188046019,0.00036425658356863214,0.04959992677183379
KA01,N09_M07_F10,900.0,15.0,1,N09_M07_F10_KA01_18.mat,0.0010687618748501603,0.0082293945847248,0.0005210436168305534,0.009927848061789483,0.0006018671288293704,0.007960889512244222,0.001333747151467352,0.03533393651982001,8.147987882424054e-05,0.002288142323884581,0.0003641737659645032,0.03533393651982001
KA01,N09_M07_F10,900.0,15.0,1,N09_M07_F10_KA01_19.mat,0.0010499689840714416,0.008653019699866909,0.0005097263290823041,0.009191188851500475,0.0006716988190611535,0.01003686373892754,0.0013160722527627694,0.03742438435254208,8.024755941060419e-05,0.0027500855371078094,0.0003640804520338924,0.03742438435254208
KA01,N09_M07_F10,900.0,15.0,1,N09_M07_F10_KA01_2.mat,0.0010197769766485726,0.008841400658884575,0.0005041842659187832,0.008175987657493555,0.0007151862705588833,0.012331356910831173,0.00130974422031646,0.03523151519584978,8.050245684462284e-05,0.0028810105223556026,0.0003642377205371973,0.03523151519584978
KA01,N09_M07_F10,900.0,15.0,1,N09_M07_F10_KA01_20.mat,0.0010407210367675607,0.007725643915193428,0.0005181585882582914,0.009939106358472926,0.0006620545838511817,0.009514350013003077,0.0013194924721973073,0.03892759040886944,7.939950967729546e-05,0.002296075189456027,0.000364107980861726,0.03892759040886944
KA01,N09_M07_F10,900.0,15.0,1,N09_M07_F10_KA01_3.mat,0.001055953195841464,0.008318401702269954,0.0005345843410213023,0.010116831741543068,0.0007055015677532188,0.011161046216606872,0.001288212025021305,0.03808352732476315,8.254153133970748e-05,0.0025836826579201393,0.00036418695807992086,0.03808352732476315
KA01,N09_M07_F10,900.0,15.0,1,N09_M07_F10_KA01_4.mat,0.0011049161761975904,0.009262104088431151,0.0005401264389082108,0.010399259838948474,0.0006491197279536216,0.011024095384764081,0.0012936505782265998,0.033800568843873315,8.384256388726006e-05,0.002443407699200267,0.000364348859616963,0.033800568843873315
KA01,N09_M07_F10,900.0,15.0,1,N09_M07_F10_KA01_5.mat,0.001062282944807193,0.009674998845193497,0.0005355100941435946,0.009647988434603318,0.000703264326769754,0.010285907197715233,0.001282809120518499,0.04116978783042809,8.297150581766668e-05,0.0028630618930037925,0.00036421048244648745,0.04116978783042809
KA01,N09_M07_F10,900.0,15.0,1,N09_M07_F10_KA01_6.mat,0.0011023208582185292,0.010040085505322467,0.0005430775085307151,0.009023252322580383,0.0006428582328154414,0.008422648310079339,0.0012858988321196093,0.03504972085762844,8.608839931934425e-05,0.0032419348756277887,0.00036440652533706677,0.03504972085762844
KA01,N09_M07_F10,900.0,15.0,1,N09_M07_F10_KA01_7.mat,0.0010385428785392103,0.00838926967573353,0.0005203168357957002,0.010180224969850984,0.0007072975754893243,0.015082682753886401,0.0013029773828632251,0.043180347713968975,8.062006772371053e-05,0.0029263712730070008,0.0003641770919780283,0.043180347713968975
KA01,N09_M07_F10,900.0,15.0,1,N09_M07_F10_KA01_8.mat,0.001026068861602006,0.008328893314637173,0.0005169123860294428,0.00908604275606505,0.0006797507447475979,0.009882369566026943,0.0013170616708977126,0.0383788289935978,7.925626503323614e-05,0.0028582740070986668,0.0003641677438706927,0.0383788289935978
KA01,N09_M07_F10,900.0,15.0,1,N09_M07_F10_KA01_9.mat,0.0010702796570406688,0.00910690740035353,0.0005195360746346091,0.010442801355337244,0.0006024821700529635,0.008178779690433161,0.001332734155406922,0.036262525972264814,8.189468783547842e-05,0.0022334207040148875,0.0003642676088805686,0.036262525972264814
KA01,N15_M01_F10,1500.0,25.0,1,N15_M01_F10_KA01_1.mat,0.0002654086424646145,0.002649108634851068,0.0005562957670547793,0.020332658287954115,0.003580879101039306,0.04648020030220896,0.0005054405735864514,0.021530989952212413,3.993575391471145e-05,0.006409268905828103,0.0003633358856376575,0.04648020030220896
KA01,N15_M01_F10,1500.0,25.0,1,N15_M01_F10_KA01_10.mat,0.00026033571944924805,0.0032352659533942695,0.0005675112373007836,0.022122995026412254,0.003580906275625019,0.045610588953841784,0.0005041045199143595,0.021421280244458787,3.899620341497771e-05,0.005594874804172377,0.00036333176947651413,0.045610588953841784
KA01,N15_M01_F10,1500.0,25.0,1,N15_M01_F10_KA01_11.mat,0.00025906747894625226,0.0028012337454858716,0.0005410683144255624,0.01998819036426189,0.003575702327953753,0.04788577404379811,0.0005162041340720408,0.01958305639968276,3.94281626586668e-05,0.004809119997174874,0.0003633424266457701,0.04788577404379811
KA01,N15_M01_F10,1500.0,25.0,1,N15_M01_F10_KA01_12.mat,0.00026108506801365345,0.002738167577251224,0.0005524032512112278,0.019688807589780404,0.0035652377170399766,0.05145099496214622,0.0005176648005223093,0.01767542852754522,3.825326618782426e-05,0.006736040259614563,0.0003633468057177888,0.05145099496214622
KA01,N15_M01_F10,1500.0,25.0,1,N15_M01_F10_KA01_13.mat,0.00026127407323665007,0.002822155894439296,0.0005695339610695016,0.019628234287557614,0.0035343061063992883,0.04696682020279757,0.0005244210748045143,0.016738191451257625,3.826362218632612e-05,0.005522079738790665,0.0003634426434305519,0.04696682020279757
KA01,N15_M01_F10,1500.0,25.0,1,N15_M01_F10_KA01_14.mat,0.0002536524344041613,0.00271955138445617,0.0005644019189659732,0.022943497904893865,0.003557940164158779,0.043266192099899604,0.0005264335165922422,0.019155293175705593,3.807471749153823e-05,0.006575303064562105,0.0003647053123606881,0.043266192099899604
KA01,N15_M01_F10,1500.0,25.0,1,N15_M01_F10_KA01_15.mat,0.00025434682735445016,0.0029697794861436857,0.0005630138770980213,0.02258275532051801,0.00355449726543586,0.04698988208438874,0.000524012635836592,0.016331465740195793,3.618030228341143e-05,0.0047100724295062405,0.00036332987019844885,0.04698988208438874
KA01,N15_M01_F10,1500.0,25.0,1,N15_M01_F10_KA01_16.mat,0.0002538812683952018,0.0028843811931405267,0.0005631876036359167,0.01822932182085762,0.003532176669726123,0.04622333737938844,0.0005341275159771499,0.0203754256182455,3.630614973679965e-05,0.00540124589110424,0.0003634445963702269,0.04622333737938844
KA01,N15_M01_F10,1500.0,25.0,1,N15_M01_F10_KA01_17.mat,0.000253214154618944,0.0028374543270454377,0.0005526358760336601,0.01898630087960144,0.0035722315750466795,0.04326441044519254,0.0005196986311416147,0.015550851322984552,3.6493095055517085e-05,0.005048671794698887,0.0003633147784361162,0.04326441044519254
KA01,N15_M01_F10,1500.0,25.0,1,N15_M01_F10_KA01_18.mat,0.0002560338971987612,0.0029036464970010507,0.000550062502342597,0.0211241806094734,0.0035612362421070494,0.046840326807312864,0.0005346031618889023,0.016413557826921606,3.611292003409202e-05,0.004628708352553627,0.00036451806077128664,0.046840326807312864
KA01,N15_M01_F10,1500.0,25.0,1,N15_M01_F10_KA01_19.mat,0.00025319559262493014,0.0029990502194317216,0.0005526977688039062,0.021631068435472273,0.003572083516686341,0.04591039189193024,0.0005199215014171766,0.025641589635024838,3.64606318019654e-05,0.004764790044969934,0.00036333016680042306,0.04591039189193024
KA01,N15_M01_F10,1500.0,25.0,1,N15_M01_F10_KA01_2.mat,0.0002626063525899401,0.0032766678067207965,0.0006100765475897748,0.02397120869241469,0.0035205499599919605,0.044174415088353326,0.0005089332418615156,0.018637016380947394,3.939724022251494e-05,0.0056437606444586595,0.000363333957555334,0.044174415088353326
KA01,N15_M01_F10,1500.0,25.0,1,N15_M01_F10_KA01_20.mat,0.00025467084004853103,0.0029109885053104196,0.0005489549728869772,0.018309604589043148,0.0035900229600917505,0.04594746231991427,0.0005240352885363366,0.02014169639482654,3.6481754738184797e-05,0.005278534634931646,0.00036471818572756016,0.04594746231991427
KA01,N15_M01_F10,1500.0,25.0,1,N15_M01_F10_KA01_3.mat,0.0002608035358666571,0.003523536515641409,0.00055236989358194,0.017997180524859182,0.00356936059498371,0.052507822751872726,0.0005145892017797387,0.020024639501108787,3.864075547360992e-05,0.0063954162977970415,0.0003633267157889312,0.052507822751872726
KA01,N15_M01_F10,1500.0,25.0,1,N15_M01_F10_KA01_4.mat,0.0002594626766580021,0.0027063081066128454,0.0005803976283285102,0.022928972186431897,0.0035561432898970073,0.04724319162268931,0.0005073624753264718,0.01717463101414094,3.9424042570542734e-05,0.005828713285178319,0.0003633293961769794,0.04724319162268931
KA01,N15_M01_F10,1500.0,25.0,1,N15_M01_F10_KA01_5.mat,0.0002656446115906659,0.002996268976640218,0.0005749175514077992,0.023685081136297335,0.003556738981724833,0.04676771530313527,0.000509186614115391,0.026711360748969692,3.974336033257218e-05,0.005778326504359552,0.0003634749635669981,0.04676771530313527
KA01,N15_M01_F10,1500.0,25.0,1,N15_M01_F10_KA01_6.mat,0.0002657557728124302,0.0026077643968986353,0.0005536424335647557,0.021620532234068377,0.0035890008811189106,0.049877888343507544,0.0005067948157375399,0.021461879423223803,3.8774833179284834e-05,0.005150312946197163,0.0003633527737599964,0.049877888343507544
KA01,N15_M01_F10,1500.0,25.0,1,N15_M01_F10_KA01_7.mat,0.0002623824913318965,0.0028490284641418534,0.000560210943231204,0.021637445139649648,0.0035850991161760024,0.048877812258516035,0.0005040366417656171,0.018050305839956246,3.953664805172842e-05,0.0056827851464018656,0.00036326287550289516,0.048877812258516035
KA01,N15_M01_F10,1500.0,25.0,1,N15_M01_F10_KA01_8.mat,0.00026086064281149025,0.002638556399937641,0.0005580350152514815,0.020486199299606836,0.003592637188253628,0.046724151470794874,0.0005112393507446264,0.01885257150811917,3.993649009198477e-05,0.006359271285285984,0.0003647451489019306,0.046724151470794874
KA01,N15_M01_F10,1500.0,25.0,1,N15_M01_F10_KA01_9.mat,0.00026445926574161197,0.0028304133493986462,0.0005816163341269742,0.02113555995768514,0.0035780259085122857,0.05303672343337358,0.0005054697321005736,0.018548218969438462,4.046185932955641e-05,0.005803180316174811,0.0003647482822542585,0.05303672343337358
KA01,N15_M07_F04,1500.0,25.0,1,N15_M07_F04_KA01_1.mat,0.00042496366845550817,0.005534096358819364,0.00034174341394953864,0.006711464873074614,0.0020207940750412196,0.03179200280040679,0.0009767771781062089,0.03676352951348411,0.00014308917195746929,0.017563877583139546,0.00036337107730664007,0.03676352951348411
KA01,N15_M07_F04,1500.0,25.0,1,N15_M07_F04_KA01_10.mat,0.0004361866735119456,0.004880734988171792,0.0003345300600879596,0.006721108513083341,0.001981324063057524,0.03209010473416998,0.0009632762742081736,0.030146128291313006,0.00015806790013009773,0.02653760377093946,0.00036330419055209895,0.03209010473416998
KA01,N15_M07_F04,1500.0,25.0,1,N15_M07_F04_KA01_11.mat,0.00044162039579340385,0.0047519081194508025,0.0003317006904201942,0.006501064675015498,0.0019883809035192612,0.03216219266473895,0.0009685975879780034,0.03420787963092503,0.00015826411184526206,0.02171678715264163,0.00036458774306068604,0.03420787963092503
KA01,N15_M07_F04,1500.0,25.0,1,N15_M07_F04_KA01_12.mat,0.00043907346436843043,0.004628444600279711,0.0003307279910979505,0.00553774432969035,0.001980165620047904,0.0345409813097192,0.0009611356753200113,0.03344842980603758,0.00015968174164105603,0.023726012253998636,0.00036326475056741396,0.0345409813097192
KA01,N15_M07_F04,1500.0,25.0,1,N15_M07_F04_KA01_13.mat,0.0004426902632000996,0.0046386988812916145,0.0003291057392955635,0.0061744753756862334,0.0019836422394031066,0.03048392906020189,0.0009704525175726975,0.034513341828067194,0.0001588153453053698,0.022914641414989213,0.0003647552935534014,0.034513341828067194
KA01,N15_M07_F04,1500.0,25.0,1,N15_M07_F04_KA01_14.mat,0.0004396818305177438,0.004871468905476574,0.00032981074647742863,0.005178386921316217,0.001967889395720424,0.03685605266668966,0.0009646289941468811,0.04022785302043335,0.0001607754452315549,0.024057023105958225,0.0003633243530379868,0.04022785302043335
KA01,N15_M07_F04,1500.0,25.0,1,N15_M07_F04_KA01_15.mat,0.00044717776843291847,0.005164047104109895,0.0003293623293537704,0.005712411800991093,0.001990352061445483,0.031132646421711114,0.0009634048628450613,0.036178000610416615,0.00015934723052400885,0.024683373819718704,0.00036458181607688386,0.036178000610416615
KA01,N15_M07_F04,1500.0,25.0,1,N15_M07_F04_KA01_16.mat,0.0004413912535511531,0.0045118792278296006,0.00032605266687779335,0.0069083473371651,0.001957585649858309,0.03443196942435546,0.0009812874517651335,0.032231114576569915,0.00015746843792090645,0.026058223864093462,0.0003642014272684123,0.03443196942435546
KA01,N15_M07_F04,1500.0,25.0,1,N15_M07_F04_KA01_17.mat,0.0004419551399298015,0.004627061411167849,0.000328747718528057,0.005171027941643854,0.0019637982458333716,0.03306836043951253,0.0009756904284695818,0.03485034088593486,0.00015600290495993005,0.02456946991345267,0.00036339021205065416,0.03485034088593486
KA01,N15_M07_F04,1500.0,25.0,1,N15_M07_F04_KA01_18.mat,0.0004427602703182034,0.004788491156635855,0.00032810658408136166,0.006195535256542362,0.001974068011815829,0.03427505350851772,0.0009642588214939708,0.02789557631481677,0.00015965470886854748,0.02170378901614171,0.0003633180416210484,0.03427505350851772
KA01,N15_M07_F04,1500.0,25.0,1,N15_M07_F04_KA01_19.mat,0.00044240718123251215,0.004711694753624826,0.00033186779284737056,0.006059487465355292,0.001981667605471426,0.03158687617504524,0.0009696935852748514,0.03234668862225692,0.00015660587907913358,0.024631816902419414,0.00036390973269500806,0.03234668862225692
KA01,N15_M07_F04,1500.0,25.0,1,N15_M07_F04_KA01_2.mat,0.0004291416294051618,0.004660824421983384,0.0003578900551050745,0.0065656760843869205,0.0020012572850360674,0.030060868346504673,0.0009784798758374204,0.03408405491956936,0.00014692569274654517,0.021270951924843327,0.0003647466270346655,0.03408405491956936
KA01,N15_M07_F04,1500.0,25.0,1,N15_M07_F04_KA01_20.mat,0.00044103318607420695,0.004680673047765978,0.00032248782630438775,0.006365347806050655,0.0020009942047313767,0.03844534530763834,0.0009695640135678375,0.030456247703185193,0.0001537171948995414,0.01927782938134885,0.0003634343170796199,0.03844534530763834
KA01,N15_M07_F04,1500.0,25.0,1,N15_M07_F04_KA01_3.mat,0.00042573227859221593,0.004697507762579973,0.0003590432323271359,0.006215262593342473,0.0019905214949114776,0.034348927716014714,0.0009637286324950424,0.034179983355515774,0.0001523735578225599,0.02606763987590228,0.0003632877964133307,0.034348927716014714
KA01,N15_M07_F04,1500.0,25.0,1,N15_M07_F04_KA01_4.mat,0.00043216402192897607,0.005223065516932644,0.00034552556790315295,0.0058621740542689664,0.0019838394254950127,0.030636954260607165,0.0009634497447342314,0.033910191007876504,0.00015571604838400546,0.022733084778326758,0.0003633358622580692,0.033910191007876504
KA01,N15_M07_F04,1500.0,25.0,1,N15_M07_F04_KA01_5.mat,0.00044059464158777774,0.005218140522914131,0.0003495638483990002,0.006302487747083456,0.002010263315239134,0.03300013518047593,0.0009596846005154475,0.03191806103087219,0.00015482085463167338,0.020156303308027774,0.0003647145567867352,0.03300013518047593
KA01,N15_M07_F04,1500.0,25.0,1,N15_M07_F04_KA01_6.mat,0.0004388050463697497,0.004925947435257864,0.0003455129715542748,0.0067292419953347195,0.0019410703014425884,0.029834961422714235,0.000967176405580074,0.03245846433507867,0.00016173308282648206,0.029165590290055318,0.0003634405081046041,0.03245846433507867
KA01,N15_M07_F04,1500.0,25.0,1,N15_M07_F04_KA01_7.mat,0.0004368802143645816,0.00494673942045572,0.0003275281109687207,0.005054651613029217,0.0019986908587416845,0.03560817381269119,0.0009660465924512915,0.03301680214928447,0.0001584013243950356,0.017538568361409837,0.00036455551296260286,0.03560817381269119
KA01,N15_M07_F04,1500.0,25.0,1,N15_M07_F04_KA01_8.mat,0.00043473347155598363,0.004776776966700126,0.0003378086794161475,0.006017223888464909,0.001990633052814659,0.032415042939699365,0.0009581282702102185,0.033594013058965984,0.00015728934580910617,0.03466627869363797,0.0003632264916903007,0.03466627869363797
KA01,N15_M07_F04,1500.0,25.0,1,N15_M07_F04_KA01_9.mat,0.00043871467065655366,0.00457207396774468,0.00034086691590986753,0.0055395684366978705,0.0019733581389142327,0.038218142877302234,0.000955244695336436,0.03208116582486606,0.0001624023779868846,0.023801153082317082,0.00036338857161824387,0.038218142877302234
KA01,N15_M07_F10,1500.0,25.0,1,N15_M07_F10_KA01_1.mat,0.0002575354580539999,0.00282906604444638,0.0004983083275124159,0.015712162212082798,0.0035989782779551104,0.043007059188146846,0.0005249751466170735,0.01872773565808834,4.0306632831242626e-05,0.004553106339332788,0.0003647736789091769,0.043007059188146846
KA01,N15_M07_F10,1500.0,25.0,1,N15_M07_F10_KA01_10.mat,0.0002614499053387159,0.002889427874433211,0.0005104090501298529,0.016628811535567646,0.0036175124013489695,0.04665727060671972,0.0005139439317342606,0.02436695001408988,4.033053264989229e-05,0.0068957482943827805,0.00036478771929622533,0.04665727060671972
KA01,N15_M07_F10,1500.0,25.0,1,N15_M07_F10_KA01_11.mat,0.00025770590310736585,0.0031361003099414832,0.000503348167136946,0.01616554814789563,0.003663170913041255,0.0470810683616351,0.0005025502560632202,0.017470516150955698,3.878449177859583e-05,0.005372738108663391,0.0003646100211725647,0.0470810683616351
KA01,N15_M07_F10,1500.0,25.0,1,N15_M07_F10_KA01_12.mat,0.00025498316833107084,0.0028811460879219,0.0005279849502598938,0.017919208864363677,0.0035869764785380937,0.04598140447208352,0.0005114460903791638,0.017104884027827574,3.945992258311313e-05,0.0056906551539278065,0.00036324871638620344,0.04598140447208352
KA01,N15_M07_F10,1500.0,25.0,1,N15_M07_F10_KA01_13.mat,0.0002584967796744995,0.003043531638741274,0.000513170175870524,0.017813215318949013,0.00360462309998898,0.048240653621800134,0.0005126565087778714,0.017133554649477897,3.8962954509918754e-05,0.005192314659178299,0.00036334896559642497,0.048240653621800134
KA01,N15_M07_F10,1500.0,25.0,1,N15_M07_F10_KA01_14.mat,0.00025772025877724867,0.0028605450642290938,0.000501357950928193,0.018898743010290556,0.0036300717199111406,0.04797057299719114,0.0005083989077322468,0.016545246778147383,3.866063808760658e-05,0.005931481030990344,0.0003633522324173976,0.04797057299719114
KA01,N15_M07_F10,1500.0,25.0,1,N15_M07_F10_KA01_15.mat,0.00025309287907233745,0.00317824403464903,0.0005033637736343354,0.018658229227076842,0.0036239850053809653,0.04548265612042454,0.0005139689552913853,0.017668876055012328,3.905664838780476e-05,0.00590572464628461,0.00036413137487015533,0.04548265612042454
KA01,N15_M07_F10,1500.0,25.0,1,N15_M07_F10_KA01_16.mat,0.0002605924434700429,0.0031235560391447022,0.0004991840711199593,0.01876959555185754,0.0036279748849980054,0.04836823305465826,0.0005137774103275146,0.018785706982956604,3.925442979106658e-05,0.00470726173098909,0.00036411549255172535,0.04836823305465826
KA01,N15_M07_F10,1500.0,25.0,1,N15_M07_F10_KA01_17.mat,0.0002550301095627306,0.0029285842152099646,0.0005112797958313961,0.01857627899018285,0.003623716772158719,0.0455197870327211,0.0005093120366480736,0.017110683689758252,3.865636891677875e-05,0.0059014703289094455,0.00036333307639879205,0.0455197870327211
KA01,N15_M07_F10,1500.0,25.0,1,N15_M07_F10_KA01_18.mat,0.0002605981247605574,0.0029038221306032183,0.0005174711846749948,0.01907395537390523,0.0036140018749869604,0.04792653568864775,0.0005195581561008047,0.018483347601905918,3.81687113293899e-05,0.005356180307168919,0.00036474662366077764,0.04792653568864775
KA01,N15_M07_F10,1500.0,25.0,1,N15_M07_F10_KA01_19.mat,0.0002560527831385731,0.0031434005218098663,0.0005091741861029667,0.017357844473622715,0.0036347429046986466,0.047997801932503185,0.0005079983748264437,0.015576847401551299,3.852120144086845e-05,0.0052924413183844275,0.00036344653999072733,0.047997801932503185
KA01,N15_M07_F10,1500.0,25.0,1,N15_M07_F10_KA01_2.mat,0.0002602572125117577,0.0030697344044420794,0.0005178301172898325,0.01660278293253781,0.0036050189015442735,0.05017662845140622,0.0005102976800512412,0.018628276299128135,3.897157522730351e-05,0.005764226768748226,0.0003634888861819203,0.05017662845140622
KA01,N15_M07_F10,1500.0,25.0,1,N15_M07_F10_KA01_20.mat,0.00025316882987820144,0.0031587280911509782,0.0005202301791835117,0.020163704814954362,0.0036221033734138413,0.04621807419903046,0.000511067027182199,0.018427816822562667,3.7923505802832895e-05,0.005423015911201878,0.0003634260625662221,0.04621807419903046
KA01,N15_M07_F10,1500.0,25.0,1,N15_M07_F10_KA01_3.mat,0.0002546334552937627,0.0026225755173360467,0.0005014402139280398,0.01766249233947359,0.0036233788753735176,0.04393271682578462,0.0005094230501177164,0.018363650792276292,3.974507627317605e-05,0.005100523635242523,0.00036335433676593895,0.04393271682578462
KA01,N15_M07_F10,1500.0,25.0,1,N15_M07_F10_KA01_4.mat,0.0002580533239402532,0.0028717818772915306,0.0005140586767829461,0.016217968719667977,0.0036031910497965644,0.05104882292509105,0.0005204294888992459,0.017518694924606372,3.9466249087332525e-05,0.005358236683130883,0.00036459863516797236,0.05104882292509105
KA01,N15_M07_F10,1500.0,25.0,1,N15_M07_F10_KA01_5.mat,0.00025782958118607995,0.0026939565944882862,0.0005081203286705654,0.016625204256522995,0.0036195773418192623,0.047015687384581124,0.0005106551386876169,0.014936119626769166,3.893186163839184e-05,0.005878037542400629,0.0003633813933391584,0.047015687384581124
KA01,N15_M07_F10,1500.0,25.0,1,N15_M07_F10_KA01_6.mat,0.00025870212383957036,0.0033290901625740994,0.0005141774830930973,0.017054186331298786,0.00361133314485607,0.04566793771830612,0.0005157777308110768,0.01721651641755775,3.995648808870129e-05,0.0056425637532045965,0.00036471471357618466,0.04566793771830612
KA01,N15_M07_F10,1500.0,25.0,1,N15_M07_F10_KA01_7.mat,0.00025419902543518416,0.002596646735003993,0.0005039251372188873,0.0179161797294263,0.003595994746482877,0.04627111131642918,0.0005188715775182002,0.017859622926496486,3.991414667039063e-05,0.005741715701162176,0.0003633564227903864,0.04627111131642918
KA01,N15_M07_F10,1500.0,25.0,1,N15_M07_F10_KA01_8.mat,0.0002575222067719436,0.002812425057159162,0.0005116546907896131,0.01497204234076491,0.003604566068392065,0.062387739386658266,0.000512664738039451,0.021643098607341284,3.946649909677027e-05,0.005447116206604672,0.0003633200230101695,0.062387739386658266
KA01,N15_M07_F10,1500.0,25.0,1,N15_M07_F10_KA01_9.mat,0.00025985643668909454,0.002896622428891858,0.0005236746966765861,0.01622802488858305,0.003614508862794316,0.04575596367037483,0.0005093843592354247,0.01758757177230404,3.9936615377723644e-05,0.00522804564472368,0.0003645962186099034,0.04575596367037483
KA03,N09_M07_F10,900.0,15.0,1,N09_M07_F10_KA03_1.mat,0.0015674735317791559,0.08531728917348783,0.00021424738709594423,0.003580124055843271,0.002005524152113689,0.09216528857161677,0.0009513541784095819,0.06679984028745206,6.945352593672993e-05,0.0032911065207435054,0.0003807813144330157,0.09216528857161677
KA03,N09_M07_F10,900.0,15.0,1,N09_M07_F10_KA03_10.mat,0.0017003585766554555,0.09112544922825645,0.0002544500224381892,0.0048672892887410895,0.0017314879879177878,0.05025040366233371,0.0009882896848993584,0.0607937069173546,8.04884663100929e-05,0.00224733519001517,0.00038238502056503736,0.09112544922825645
KA03,N09_M07_F10,900.0,15.0,1,N09_M07_F10_KA03_11.mat,0.0018000795983290502,0.09878701577802584,0.00025894193850816604,0.004524844440755993,0.0017776359105366644,0.05833264451488975,0.000968978933351728,0.06987482844731466,7.764443394960031e-05,0.0018837019070410952,0.00038354246039256035,0.09878701577802584
KA03,N09_M07_F10,900.0,15.0,1,N09_M07_F10_KA03_12.mat,0.0017354235165343086,0.09377790544311902,0.00025200490474775264,0.005474579641652036,0.0017291995155281174,0.05598611738006353,0.0010047062095514068,0.0695910488344931,7.713441429225473e-05,0.002623392048596636,0.0003841877938929764,0.09377790544311902
KA03,N09_M07_F10,900.0,15.0,1,N09_M07_F10_KA03_13.mat,0.001825288142036217,0.1020863107671132,0.00025369614646990037,0.004861473375274706,0.0017514906102291225,0.06079982242979166,0.0009672646436839001,0.06309835114589923,7.917540310563705e-05,0.0024604808787868733,0.0003839100533023915,0.1020863107671132
KA03,N09_M07_F10,900.0,15.0,1,N09_M07_F10_KA03_14.mat,0.001697167303192054,0.09397388464988234,0.00025271751853567903,0.00604836692738418,0.0017474011916850914,0.05194129179746267,0.0009870302150839748,0.05575582245891979,7.851674477946311e-05,0.00211633806259541,0.0003821564401168571,0.09397388464988234
KA03,N09_M07_F10,900.0,15.0,1,N09_M07_F10_KA03_15.mat,0.0017590670738112408,0.09448859902039188,0.0002625295736416079,0.004867356141701808,0.001762840790161231,0.055032461460964285,0.0009666091404006165,0.09086959013195071,7.964098220398669e-05,0.001673078744871503,0.00038295168987594855,0.09448859902039188
KA03,N09_M07_F10,900.0,15.0,1,N09_M07_F10_KA03_16.mat,0.0019114659569335884,0.10552405586736922,0.00026626171898906485,0.004142594797674211,0.0017052814055554422,0.055095494812324224,0.000961589338952683,0.057629318640920024,8.077050487062217e-05,0.0025104114682807364,0.00038481620636854775,0.10552405586736922
KA03,N09_M07_F10,900.0,15.0,1,N09_M07_F10_KA03_17.mat,0.0018349368415943677,0.10381186292493588,0.00027077494626636864,0.0065886502313876,0.0016998620093951536,0.06114053639219822,0.0009643244088655508,0.05528147776232263,8.347428938907539e-05,0.0017057814769237852,0.0003839003056785745,0.10381186292493588
KA03,N09_M07_F10,900.0,15.0,1,N09_M07_F10_KA03_18.mat,0.0019077100843677092,0.10801346459175382,0.0002693628207184219,0.00488954209137201,0.0017407325637147635,0.044493608879466746,0.0009434623190098812,0.063102928129728,8.178591885333132e-05,0.0029374339762531553,0.0003847606504939175,0.10801346459175382
KA03,N09_M07_F10,900.0,15.0,1,N09_M07_F10_KA03_19.mat,0.0018339967447553159,0.10045625437772274,0.0002723692477630262,0.0047815090330278545,0.0017362746443306417,0.05157454529914585,0.0009563863131198129,0.08473758990820135,8.355244105737976e-05,0.004012601192599069,0.00038528559568582843,0.10045625437772274
KA03,N09_M07_F10,900.0,15.0,1,N09_M07_F10_KA03_2.mat,0.001589826341252739,0.08753753859621115,0.00022123955106660337,0.0038858270351634547,0.00199012850190821,0.059839367472636386,0.0009566308034530342,0.06663524369518432,7.225109542416565e-05,0.00229280892151036,0.000382357681405526,0.08753753859621115
KA03,N09_M07_F10,900.0,15.0,1,N09_M07_F10_KA03_20.mat,0.0017940154131449383,0.09800048081148909,0.0002666405265409956,0.003960644238223887,0.001735227825114175,0.0414809172261301,0.0009615489924203585,0.06705154222414791,8.033017528897138e-05,0.0023322262488757535,0.0003833235544137493,0.09800048081148909
KA03,N09_M07_F10,900.0,15.0,1,N09_M07_F10_KA03_3.mat,0.0016132363765917748,0.09175088577003472,0.00021951879941351705,0.004303249470053149,0.0019475299820299547,0.07104077416611991,0.0009546545866116003,0.08892900008501214,7.289839265950218e-05,0.002392146777708576,0.0003811650004836058,0.09175088577003472
KA03,N09_M07_F10,900.0,15.0,1,N09_M07_F10_KA03_4.mat,0.0016464957876902672,0.09225211618762906,0.0002253502175709291,0.004229496763617829,0.0018912769462505173,0.06240713819310091,0.0009793829997613557,0.05666165728429092,7.14670999821735e-05,0.0025200097981938527,0.000382428364730272,0.09225211618762906
KA03,N09_M07_F10,900.0,15.0,1,N09_M07_F10_KA03_5.mat,0.0016361830423661477,0.08966178924855257,0.00023031976825279904,0.003977707482368478,0.0018523140457314797,0.05834669910009844,0.0009814566099562217,0.08997287882794362,7.39677151043464e-05,0.0021825709752945066,0.0003815083295554033,0.08997287882794362
KA03,N09_M07_F10,900.0,15.0,1,N09_M07_F10_KA03_6.mat,0.0016228834313256853,0.08784149900705751,0.0002307925759762336,0.003457648070564103,0.0018521563070598025,0.05133661005707289,0.0009874258494489859,0.07166109097048257,7.269075752676434e-05,0.002058835403199687,0.00038137826836170166,0.08784149900705751
KA03,N09_M07_F10,900.0,15.0,1,N09_M07_F10_KA03_7.mat,0.0016006717645625152,0.08924904611491782,0.00023660544872987599,0.004155119693220564,0.001816086811372865,0.06267388081727075,0.000985524700903192,0.05792250421065466,7.677291640376528e-05,0.0020298088272803372,0.0003810474190337453,0.08924904611491782
KA03,N09_M07_F10,900.0,15.0,1,N09_M07_F10_KA03_8.mat,0.0017043023061346192,0.09310157100568656,0.00024584782970778354,0.0042882696475694095,0.0017671679423194935,0.07436492508572033,0.0009928882208502003,0.08297231900977317,7.586504757374948e-05,0.002282505546846401,0.00038242290751982664,0.09310157100568656
KA03,N09_M07_F10,900.0,15.0,1,N09_M07_F10_KA03_9.mat,0.0017104369980588566,0.09340422638779848,0.00024829258506291625,0.003978477053150533,0.00178900451135872,0.06248789797120385,0.000981685960784729,0.05845003705342029,7.586252957155193e-05,0.0020005924375052636,0.0003825247549259171,0.09340422638779848
KA03,N15_M01_F10,1500.0,25.0,1,N15_M01_F10_KA03_1.mat,0.0003845441215953842,0.019888005094750173,0.00031178567381016193,0.01001135679638196,0.0014974480760521374,0.043644522715164294,0.0014243049965469432,0.15377020610195055,4.6485241501453546e-05,0.008977781632619357,0.0003672560993191862,0.15377020610195055
KA03,N15_M01_F10,1500.0,25.0,1,N15_M01_F10_KA03_10.mat,0.00037007652669838526,0.01826465727060113,0.0003482890785192217,0.014935450038781247,0.0014517526860219653,0.04907435274600545,0.0014280160406774348,0.08898838663615385,5.1824064853602696e-05,0.007559402738344628,0.00036835040092364984,0.08898838663615385
KA03,N15_M01_F10,1500.0,25.0,1,N15_M01_F10_KA03_11.mat,0.0003635521996271312,0.019060660197162533,0.0003452027379313928,0.013349185634407823,0.0014565507844142406,0.05961916437687812,0.001426532077057344,0.07681351925397335,4.9592803387501804e-05,0.008628493335207536,0.0003668880877868374,0.07681351925397335
KA03,N15_M01_F10,1500.0,25.0,1,N15_M01_F10_KA03_12.mat,0.00036237396324468,0.01864639907141633,0.0003442337046495575,0.014073926022630811,0.0014731073034825125,0.0580073986452031,0.0014175561368745338,0.12942459271664464,5.0006623466522315e-05,0.010758813580821137,0.00036687349833405017,0.12942459271664464
KA03,N15_M01_F10,1500.0,25.0,1,N15_M01_F10_KA03_13.mat,0.0003664743324009668,0.018619706278677886,0.00034190794060090675,0.014761869106478719,0.0014983618412791671,0.05753279285480904,0.0014150424907138255,0.06812402941409396,5.060323801282613e-05,0.006772391534496503,0.0003683213405781447,0.06812402941409396
KA03,N15_M01_F10,1500.0,25.0,1,N15_M01_F10_KA03_14.mat,0.0003592787211377206,0.018634028154463307,0.0003401616312601045,0.013351267739556538,0.0014821147152971283,0.060303744723221454,0.0014180821074346382,0.1065175081345386,4.928998197638393e-05,0.007323680763489348,0.0003668316990570639,0.1065175081345386
KA03,N15_M01_F10,1500.0,25.0,1,N15_M01_F10_KA03_15.mat,0.00037650421113559035,0.019028809190488993,0.00033454260022064295,0.014365470119413424,0.0015215953617491733,0.06913051205080444,0.001399627003821812,0.0872751648073549,5.063556613385405e-05,0.0078649331560623,0.0003670741291458281,0.0872751648073549
KA03,N15_M01_F10,1500.0,25.0,1,N15_M01_F10_KA03_16.mat,0.0003967225580952214,0.02026994689808587,0.0003394214088580136,0.013806376143168828,0.0014307720662851636,0.041157930364576385,0.0014310614140280369,0.07690100930755764,5.0276107707551887e-05,0.008721643619499763,0.00036728702548428666,0.07690100930755764
KA03,N15_M01_F10,1500.0,25.0,1,N15_M01_F10_KA03_17.mat,0.0003836099583048834,0.01992474532257829,0.00034405563074362444,0.013488936241326334,0.0014587283241851406,0.06288006626440182,0.001425303968974209,0.07881665048326511,5.0579818865657605e-05,0.008343161169203767,0.00036805704088979066,0.07881665048326511
KA03,N15_M01_F10,1500.0,25.0,1,N15_M01_F10_KA03_18.mat,0.00040320484907108855,0.02026363888472484,0.00034176387507910496,0.01246359952263163,0.0014823875238411072,0.04296344476172871,0.001406197177496257,0.08697426157085558,5.171562011642741e-05,0.009690291003753891,0.0003674045895823756,0.08697426157085558
KA03,N15_M01_F10,1500.0,25.0,1,N15_M01_F10_KA03_19.mat,0.000385096277454418,0.02026444515509607,0.0003437610821513477,0.014157883308830931,0.0014852800301110812,0.05391922655433365,0.0014066168412304322,0.11109455598577496,5.1645181423871746e-05,0.010419320763196814,0.00036714349746062164,0.11109455598577496
KA03,N15_M01_F10,1500.0,25.0,1,N15_M01_F10_KA03_2.mat,0.0003912397416265429,0.02007163323907458,0.000333899522920215,0.01335422932621265,0.0015015932815812907,0.0592098963961884,0.0014083743994724354,0.09120689453627483,4.9127942255718694e-05,0.007564663286257802,0.00036729844544448,0.09120689453627483
KA03,N15_M01_F10,1500.0,25.0,1,N15_M01_F10_KA03_20.mat,0.00038432346204898685,0.019532151883397447,0.0003347019659032724,0.012849477643452695,0.0014659092481666591,0.08508584321497954,0.0014194488249677586,0.12106918894795556,5.146123389089393e-05,0.007725967559401895,0.0003671330953054305,0.12106918894795556
KA03,N15_M01_F10,1500.0,25.0,1,N15_M01_F10_KA03_3.mat,0.0003675827023617155,0.019026885586714892,0.0003370423426642855,0.013476168577350662,0.001481009650439726,0.07466964980315326,0.0014179709065342573,0.08253711811698843,4.9916868458541946e-05,0.005842580617562034,0.00036698086522560903,0.08253711811698843
KA03,N15_M01_F10,1500.0,25.0,1,N15_M01_F10_KA03_4.mat,0.000359986263506926,0.01949085628161435,0.00034135252517077336,0.012859339283590523,0.0014955469882971082,0.0609617955366146,0.0014206104863115716,0.07990853009078044,4.9320464424803325e-05,0.008464797769200299,0.0003682863574270775,0.07990853009078044
KA03,N15_M01_F10,1500.0,25.0,1,N15_M01_F10_KA03_5.mat,0.00036332016196314085,0.01900971449681968,0.0003509107221643813,0.013665103817818876,0.0014874105701188597,0.06996667645895026,0.0014144236798475356,0.08239942268656364,5.2352825959296044e-05,0.0072856927420532425,0.00036828468523923355,0.08239942268656364
KA03,N15_M01_F10,1500.0,25.0,1,N15_M01_F10_KA03_6.mat,0.0003653401743881366,0.01853567035687152,0.0003515710352967437,0.01406328208529339,0.0014808118953093781,0.04452690997254078,0.0014155543317275645,0.0782230072866581,5.277274938566178e-05,0.008726049002481804,0.0003683249513447559,0.0782230072866581
KA03,N15_M01_F10,1500.0,25.0,1,N15_M01_F10_KA03_7.mat,0.0003951528485935148,0.019914116377349012,0.0003564881783356264,0.0148391480490785,0.0014659854618022498,0.045169471424116786,0.0014031537042152639,0.07012332243385229,5.331275674128401e-05,0.00781075456088131,0.0003672798088891447,0.07012332243385229
KA03,N15_M01_F10,1500.0,25.0,1,N15_M01_F10_KA03_8.mat,0.0003704393174649424,0.018324959617784308,0.000346609701841912,0.013478170546603623,0.0014835078503164653,0.057722190586508466,0.0014080637210202903,0.07808857175755571,5.165483297736815e-05,0.007450881620897582,0.00036690629396773607,0.07808857175755571
KA03,N15_M01_F10,1500.0,25.0,1,N15_M01_F10_KA03_9.mat,0.0003800332514630708,0.019494707699682444,0.00034359342600669444,0.016207250725841716,0.0014398540920031735,0.05438681892718098,0.001427567208345541,0.08512206793945613,5.0603731051633945e-05,0.008563852312041823,0.00036709101298544193,0.08512206793945613
KA03,N15_M07_F04,1500.0,25.0,1,N15_M07_F04_KA03_1.mat,0.00025882667078212893,0.013979182024463119,0.0001778138563206624,0.007627796263181271,0.0012572789565162296,0.05622595090627229,0.001492506678431302,0.09483168650886611,0.00010075873029577563,0.04412148918359212,0.0003658933220193111,0.09483168650886611
KA03,N15_M07_F04,1500.0,25.0,1,N15_M07_F04_KA03_10.mat,0.00027158636092771706,0.014851829242012508,0.0001945344124294141,0.007244065837093633,0.0013827999808910918,0.06380557820967923,0.0014462871987391552,0.10903903748190151,9.675682140076105e-05,0.031513071943023975,0.00036686982058607557,0.10903903748190151
KA03,N15_M07_F04,1500.0,25.0,1,N15_M07_F04_KA03_11.mat,0.00027101266267192027,0.0147060758745213,0.0001844988935839766,0.006376539420577118,0.0013592749413336683,0.04601248634203175,0.0014549833017087164,0.11174151864100956,0.00010104312861282707,0.05372443190442834,0.0003674654763794108,0.11174151864100956
KA03,N15_M07_F04,1500.0,25.0,1,N15_M07_F04_KA03_12.mat,0.00027499029320125366,0.014502184301069903,0.00019850897269580074,0.008505137049378365,0.0013881359104941145,0.05796156288790862,0.001446291585644794,0.08168126583581277,9.62533586547224e-05,0.03260489655102107,0.00036744389168798046,0.08168126583581277
KA03,N15_M07_F04,1500.0,25.0,1,N15_M07_F04_KA03_13.mat,0.0002692620252216493,0.014699197846190124,0.0002006344701640655,0.006911263372995239,0.0013385900662913942,0.06241611647700182,0.001467437883772026,0.09395548790600847,9.583785666475088e-05,0.03779850506447051,0.000367411360938248,0.09395548790600847
KA03,N15_M07_F04,1500.0,25.0,1,N15_M07_F04_KA03_14.mat,0.0002745220014315883,0.01442161374296831,0.00019016551474965412,0.008982824155427725,0.0013437990696539808,0.061124070199087485,0.0014691157608069567,0.06996386489371198,9.108802869845638e-05,0.04037474714258528,0.0003662018646089035,0.06996386489371198
KA03,N15_M07_F04,1500.0,25.0,1,N15_M07_F04_KA03_15.mat,0.000275624921704354,0.014956246008132768,0.00020033760615683802,0.00916510301974223,0.0013929569659892416,0.058178362248508385,0.0014372266475807377,0.07513910562492618,9.481471917799521e-05,0.042429478512566315,0.0003660452825537702,0.07513910562492618
KA03,N15_M07_F04,1500.0,25.0,1,N15_M07_F04_KA03_16.mat,0.0002686531008331239,0.01373780779171201,0.00020209603754706384,0.007521911712874394,0.0013759235378588877,0.06351424679884528,0.0014495217496871989,0.08556063342623062,9.227342980053359e-05,0.03268001619867624,0.0003660398832640439,0.08556063342623062
KA03,N15_M07_F04,1500.0,25.0,1,N15_M07_F04_KA03_17.mat,0.00027117132521861897,0.01418218415151018,0.0001908117469467329,0.008723652027076877,0.0013301743162457086,0.04924573231289851,0.001469866566663468,0.0930074867203638,9.661124657967465e-05,0.027697074616369156,0.0003668355539170382,0.0930074867203638
KA03,N15_M07_F04,1500.0,25.0,1,N15_M07_F04_KA03_18.mat,0.00027382160206919197,0.01477632497338474,0.00019597355694402237,0.006051262951019758,0.001351269536048028,0.07332285718003632,0.00146484863462417,0.08343334117747885,9.117508216800734e-05,0.04299225687648381,0.0003661264833086346,0.08343334117747885
KA03,N15_M07_F04,1500.0,25.0,1,N15_M07_F04_KA03_19.mat,0.0002798363163087566,0.015403493346134244,0.00020462753904646461,0.00853997747440446,0.0013545158799075146,0.057445751608788787,0.0014548236583424691,0.0781628726260823,9.656234736245401e-05,0.03535431232150747,0.00036761561188019653,0.0781628726260823
KA03,N15_M07_F04,1500.0,25.0,1,N15_M07_F04_KA03_2.mat,0.0002633263964256829,0.013957761290728336,0.0001941095673380575,0.00651237798785509,0.0012581715234628655,0.05139022227830585,0.0014816429658633663,0.10415291398373382,0.00010623796060347313,0.04458573546718222,0.00036697939289862485,0.10415291398373382
KA03,N15_M07_F04,1500.0,25.0,1,N15_M07_F04_KA03_20.mat,0.00028019316671841737,0.015395637130619817,0.0001992151177682462,0.008157931639631967,0.001402070547104393,0.05242610884558128,0.0014303139623767817,0.06543864783462842,9.663321852492944e-05,0.03538728664872528,0.0003661547012473517,0.06543864783462842
KA03,N15_M07_F04,1500.0,25.0,1,N15_M07_F04_KA03_3.mat,0.00025490383348560617,0.013305780919657876,0.00018503098208219693,0.006240808651143754,0.001241682604987246,0.058640444090520376,0.001493947832586474,0.08193754070022763,0.00010363248899243286,0.05496628259469788,0.0003662165525101913,0.08193754070022763
KA03,N15_M07_F04,1500.0,25.0,1,N15_M07_F04_KA03_4.mat,0.00025003606673282427,0.013140524467387612,0.00019043806011034703,0.010199619776833849,0.0012420838518932534,0.03958860526028182,0.0015030289706748803,0.08425514829240795,9.622094147141307e-05,0.03273094907700417,0.0003657953662393663,0.08425514829240795
KA03,N15_M07_F04,1500.0,25.0,1,N15_M07_F04_KA03_5.mat,0.0002647945044175686,0.013908522414280993,0.00018829876127232618,0.0060127017998918625,0.0013272758560283983,0.0765056907871819,0.0014762222043021229,0.092945221635129,9.670113337685536e-05,0.03233159070222921,0.0003673473465553343,0.092945221635129
KA03,N15_M07_F04,1500.0,25.0,1,N15_M07_F04_KA03_6.mat,0.00025695881706847657,0.013635983998408452,0.00018139632550666186,0.007217389857253208,0.001288153417208122,0.05725135902729709,0.001475047728144647,0.07933225590548056,0.0001029647693020414,0.037320718593692896,0.0003659308578670772,0.07933225590548056
KA03,N15_M07_F04,1500.0,25.0,1,N15_M07_F04_KA03_7.mat,0.0002529071255210336,0.013243641390145056,0.00018917358706113397,0.005598124277480862,0.001306638654123077,0.06686384932573165,0.0014880379523002833,0.08497700456419603,9.592495267427477e-05,0.031182040094305353,0.0003672478332798034,0.08497700456419603
KA03,N15_M07_F04,1500.0,25.0,1,N15_M07_F04_KA03_8.mat,0.00025513587450727815,0.013550982244555854,0.00018483343581735936,0.0062226962037057534,0.0012929645545291131,0.04818589209095888,0.0014921499586511909,0.0920715023431021,9.256859469101065e-05,0.02749347450257464,0.0003658920457878805,0.0920715023431021
KA03,N15_M07_F04,1500.0,25.0,1,N15_M07_F04_KA03_9.mat,0.0002712094040252767,0.014354840476666773,0.0001872412805808201,0.005482891727232341,0.001337055048586618,0.056049053944082744,0.0014578996288370325,0.10353638749101737,9.91183193853648e-05,0.04072704684252833,0.0003660247631185181,0.10353638749101737
KA03,N15_M07_F10,1500.0,25.0,1,N15_M07_F10_KA03_1.mat,0.0003220975266071871,0.017202475153094705,0.0003151293629310054,0.0137756704764275,0.0014825225134177356,0.074074001502909,0.0014620993054780913,0.11745158912312612,3.620698847793759e-05,0.00431974192777267,0.00036648957687408356,0.11745158912312612
KA03,N15_M07_F10,1500.0,25.0,1,N15_M07_F10_KA03_10.mat,0.00033495895092075403,0.017126020836779644,0.0003132823171037713,0.013080811918279343,0.0013819501992114352,0.051237558526772406,0.0014953473474783702,0.10049968036467258,3.912717090829962e-05,0.005440175445044903,0.00036659390800735677,0.10049968036467258
KA03,N15_M07_F10,1500.0,25.0,1,N15_M07_F10_KA03_11.mat,0.00031252288990370707,0.015768355842183796,0.000321293307394479,0.012913458054677834,0.0014085906854534023,0.044955168518082275,0.0014941105192623615,0.12143218115087892,3.8996537747233756e-05,0.0065233715956323655,0.0003677446299746252,0.12143218115087892
KA03,N15_M07_F10,1500.0,25.0,1,N15_M07_F10_KA03_12.mat,0.0003255011539519689,0.016125955178670208,0.0003147171468837627,0.013487546673089509,0.001419673695205342,0.04958836797074238,0.0014808650134775492,0.1195961611816778,3.9292931368580494e-05,0.004395681626155976,0.0003665558434981945,0.1195961611816778
KA03,N15_M07_F10,1500.0,25.0,1,N15_M07_F10_KA03_13.mat,0.00032053728267682,0.016893749052276235,0.00031532312920165594,0.012610589166985927,0.0014365109002113354,0.04333504754958142,0.0014767885566562154,0.13468496797790805,3.871210053057725e-05,0.006329631656236908,0.00036650553083621053,0.13468496797790805
KA03,N15_M07_F10,1500.0,25.0,1,N15_M07_F10_KA03_14.mat,0.0003233692628227628,0.01775725271165008,0.0003156189384945213,0.01177144559407995,0.0014690412654043796,0.04609219583315173,0.0014594786877430604,0.09206255232573093,3.995569527147996e-05,0.0058305870654652365,0.00036654745017587596,0.09206255232573093
KA03,N15_M07_F10,1500.0,25.0,1,N15_M07_F10_KA03_15.mat,0.00030639381692197225,0.0158338823345238,0.0003100338413656023,0.012854672031717373,0.0014235125276196939,0.0383549510993928,0.001481001116077733,0.08490789669963396,4.076393105834041e-05,0.005249762805798546,0.0003663154549098396,0.08490789669963396
KA03,N15_M07_F10,1500.0,25.0,1,N15_M07_F10_KA03_16.mat,0.0003230292629862003,0.017201229482637578,0.0003201074204418464,0.013242205901320876,0.0014542252319544482,0.0538338233895148,0.0014735001676394455,0.09274710702325765,3.989923228311221e-05,0.004547056374473501,0.00036794502005283244,0.09274710702325765
KA03,N15_M07_F10,1500.0,25.0,1,N15_M07_F10_KA03_17.mat,0.00033596036535495365,0.017387380320126048,0.0003229769022194138,0.014769397853391493,0.0014007557751229355,0.06746902027492371,0.001480801617086046,0.07322362027584363,4.0980682089576177e-05,0.005261442117098524,0.00036673920898189937,0.07322362027584363
KA03,N15_M07_F10,1500.0,25.0,1,N15_M07_F10_KA03_18.mat,0.00032970712150021537,0.017857769412006057,0.0003257282557415217,0.014138631319036666,0.0014097081347222925,0.05059394855964134,0.0014791352256697317,0.10013005695340534,3.997107893153388e-05,0.010408467041566673,0.00036665909044268516,0.10013005695340534
KA03,N15_M07_F10,1500.0,25.0,1,N15_M07_F10_KA03_19.mat,0.00032706850643916347,0.016504166655127012,0.00031617368841374647,0.013188337918217814,0.0014638546923035648,0.06987767000093431,0.0014595563957158296,0.07585568104714216,4.020764900665938e-05,0.004890000428832406,0.0003666055242629388,0.07585568104714216
KA03,N15_M07_F10,1500.0,25.0,1,N15_M07_F10_KA03_2.mat,0.00032470289719915856,0.016328659468627604,0.00032046433275727704,0.012520906408527882,0.0015064901241966266,0.06459176964606138,0.0014521241286437542,0.13795107240455726,3.6778162993574976e-05,0.00527129108565892,0.00036682548914251055,0.13795107240455726
KA03,N15_M07_F10,1500.0,25.0,1,N15_M07_F10_KA03_20.mat,0.0003426771891047433,0.017512606240748237,0.0003254606545967798,0.01476830921089388,0.0014199331749516597,0.050249134313391265,0.0014734082751182217,0.06984990201708584,4.003260673212585e-05,0.007289900551800053,0.0003667946452444519,0.06984990201708584
KA03,N15_M07_F10,1500.0,25.0,1,N15_M07_F10_KA03_3.mat,0.0003220580889298955,0.01605216520893288,0.0003162202703107181,0.012600697664667301,0.0015055436461534819,0.04914287115676732,0.0014619398278030988,0.10567947564354427,3.635119852858663e-05,0.006291708803468289,0.0003677687591762751,0.10567947564354427
KA03,N15_M07_F10,1500.0,25.0,1,N15_M07_F10_KA03_4.mat,0.00032055208884569967,0.01708052325091136,0.0003172258475295626,0.012586883759299382,0.001440313787831151,0.047734303255908696,0.0014807162891580243,0.103449266052528,3.709926980184378e-05,0.006274711424121347,0.0003671190200810179,0.103449266052528
KA03,N15_M07_F10,1500.0,25.0,1,N15_M07_F10_KA03_5.mat,0.00032245800384344197,0.016533763025783313,0.00031765747699702825,0.014822399470016961,0.0014823124598561898,0.057895682952881056,0.0014662175198246873,0.11745747777466822,3.68185054699971e-05,0.00536350736023129,0.0003673635577933735,0.11745747777466822
KA03,N15_M07_F10,1500.0,25.0,1,N15_M07_F10_KA03_6.mat,0.00032302727671598317,0.0171709444763648,0.0003153094768965706,0.013952821300855608,0.0014235157944866219,0.07566651455785565,0.0014878100162828225,0.12186829045834448,3.711076869189934e-05,0.0067956095464604,0.00036686414487275236,0.12186829045834448
KA03,N15_M07_F10,1500.0,25.0,1,N15_M07_F10_KA03_7.mat,0.0003242093819365318,0.016338718740975932,0.00031935111691881155,0.014444919005732838,0.0014445709529651962,0.04717922106444606,0.0014707898313531833,0.12455749020016653,3.862584224131138e-05,0.00832764260320313,0.0003665010986880763,0.12455749020016653
KA03,N15_M07_F10,1500.0,25.0,1,N15_M07_F10_KA03_8.mat,0.0003234841420949497,0.016026524676089768,0.0003224073032193049,0.01357202382969351,0.001420579045635462,0.0671300506553817,0.0014787719257239413,0.10028581718350014,3.921679722534611e-05,0.005304816479692761,0.0003664983053403613,0.10028581718350014
KA03,N15_M07_F10,1500.0,25.0,1,N15_M07_F10_KA03_9.mat,0.0003279633722900957,0.016464025626967454,0.0003283164070470733,0.012995832274130042,0.0013893935090813047,0.04093029960420662,0.0014978845248341595,0.09325633820772722,3.813539601506406e-05,0.005796152829851291,0.00036773790596219847,0.09325633820772722
KA04,N09_M07_F10,900.0,15.0,1,N09_M07_F10_KA04_1.mat,0.005928017325969538,0.042852422271943226,0.0003937468348141486,0.008134155776517365,0.0005779307173571596,0.018933721461931202,0.0006278794559507093,0.02666010067949943,5.581262964021604e-05,0.010526440733289745,0.0003720604442182475,0.042852422271943226
KA04,N09_M07_F10,900.0,15.0,1,N09_M07_F10_KA04_10.mat,0.0056816218059779185,0.04921133123631048,0.0004573246899124268,0.011899578613318517,0.0005643670954074012,0.017425233817332818,0.0006752759324717279,0.02397325158949125,5.704271409255614e-05,0.007933308750978441,0.0003735679310086335,0.04921133123631048
KA04,N09_M07_F10,900.0,15.0,1,N09_M07_F10_KA04_11.mat,0.005648780571186194,0.048069701063918675,0.000456296534331787,0.010653229226088337,0.0005656047235004009,0.0201256059300331,0.0006827306834666818,0.02705855485965254,5.686654455255068e-05,0.009669201953040595,0.00037329257735215047,0.048069701063918675
KA04,N09_M07_F10,900.0,15.0,1,N09_M07_F10_KA04_12.mat,0.005605703516966251,0.04945373750905944,0.00046790437882455863,0.01029169209611973,0.0005512840083789939,0.01778284357180164,0.0006948397499952136,0.025306459959526368,5.548721354570869e-05,0.008402118443960037,0.0003736284926221052,0.04945373750905944
KA04,N09_M07_F10,900.0,15.0,1,N09_M07_F10_KA04_13.mat,0.004973400812071136,0.115002562355405,0.0004304612615800555,0.019881329561509353,0.0006349879993443185,0.05098177116460863,0.0007921768200707924,0.075963833957728,5.740142165861105e-05,0.022275086317076632,0.00037055074253552556,0.115002562355405
KA04,N09_M07_F10,900.0,15.0,1,N09_M07_F10_KA04_14.mat,0.005848977337504582,0.049303800664490936,0.00040916363773719057,0.009774030961546665,0.000521677799923728,0.015473839668761846,0.0006799107293849667,0.02511864130442413,5.783436057602969e-05,0.007652870422908299,0.00037352978064209913,0.049303800664490936
KA04,N09_M07_F10,900.0,15.0,1,N09_M07_F10_KA04_15.mat,0.0058062534729253,0.04596433214414282,0.00040856692495410454,0.009157469285922391,0.000548650948071073,0.016958951347086307,0.0006650120916050714,0.02220770100815818,5.9150355941609196e-05,0.01256388455974549,0.00037248656322077443,0.04596433214414282
KA04,N09_M07_F10,900.0,15.0,1,N09_M07_F10_KA04_16.mat,0.005750016222461666,0.042952405789656735,0.00034384206358633804,0.006534314011143043,0.0005233211445682636,0.015539117184847271,0.0007060528230422929,0.027457283208592562,5.983037969008743e-05,0.012851222064111491,0.00037198797254896384,0.042952405789656735
KA04,N09_M07_F10,900.0,15.0,1,N09_M07_F10_KA04_17.mat,0.005826194148011681,0.04087678330454685,0.0003343839839016762,0.006408674751950469,0.000506168847254793,0.018686365352852497,0.000695498182829873,0.022682270841233948,6.228533774640264e-05,0.009768998515004877,0.00037194659925138143,0.04087678330454685
KA04,N09_M07_F10,900.0,15.0,1,N09_M07_F10_KA04_18.mat,0.005826194148011681,0.04087678330454685,0.0003343839839016762,0.006408674751950469,0.000506168847254793,0.018686365352852497,0.000695498182829873,0.022682270841233948,6.228533774640264e-05,0.009768998515004877,0.00037194659925138143,0.04087678330454685
KA04,N09_M07_F10,900.0,15.0,1,N09_M07_F10_KA04_19.mat,0.005785940387839865,0.0392583219724994,0.0003403251131141947,0.0059030925862184015,0.0005100321096053854,0.014243978403705702,0.0006885859895871729,0.033298602828720235,6.461924717570267e-05,0.011745204119282667,0.0003708724559785806,0.0392583219724994
KA04,N09_M07_F10,900.0,15.0,1,N09_M07_F10_KA04_2.mat,0.0058915860076750575,0.0514889961432763,0.0004648796936156864,0.011083347574614653,0.0005745642934970809,0.02332462105988862,0.0006286907138062471,0.02047841618604048,5.4602287533499374e-05,0.011016519699362135,0.0003732598100947885,0.0514889961432763
KA04,N09_M07_F10,900.0,15.0,1,N09_M07_F10_KA04_20.mat,0.005803889962987982,0.04456155221755872,0.0003280988429703596,0.005785753992515678,0.0005147425761056928,0.015146875941864589,0.0006922538971521231,0.03065670742775218,6.338752723742068e-05,0.010528316891347686,0.0003712689131780256,0.04456155221755872
KA04,N09_M07_F10,900.0,15.0,1,N09_M07_F10_KA04_3.mat,0.0061168639354219415,0.049300954429150876,0.00042980404165286426,0.009396232657103482,0.0005952076897910676,0.026143524505273342,0.0005942889219797726,0.017998685629011538,5.064066418227178e-05,0.00805698826605799,0.0003735398132614354,0.049300954429150876
KA04,N09_M07_F10,900.0,15.0,1,N09_M07_F10_KA04_4.mat,0.00591579705422183,0.05051914162510032,0.00047667290677953734,0.010289350742796187,0.0005812928991002038,0.020517817950866518,0.0006311499263469154,0.02168384563468507,5.390982249922604e-05,0.009192045682783468,0.0003751374289125771,0.05051914162510032
KA04,N09_M07_F10,900.0,15.0,1,N09_M07_F10_KA04_5.mat,0.005834298614680365,0.04751194807628468,0.000491004173111685,0.011019673089430963,0.000569058895412952,0.019272383493325995,0.000632206017885546,0.022792851721756106,5.373295133962977e-05,0.010515896208917366,0.00037286692306039517,0.04751194807628468
KA04,N09_M07_F10,900.0,15.0,1,N09_M07_F10_KA04_6.mat,0.005949519178556861,0.04901745534655837,0.00048277293035360944,0.011026617353689816,0.0005535070505934057,0.018766933726436386,0.0006258405215128817,0.020734914957775567,5.2651427400668284e-05,0.009968538592437421,0.0003737148425269221,0.04901745534655837
KA04,N09_M07_F10,900.0,15.0,1,N09_M07_F10_KA04_7.mat,0.005797557643335912,0.049912524059503555,0.0004822761634716558,0.011685959385467017,0.0005473697322253823,0.02253124432343388,0.0006667023951418478,0.030850939591194646,5.2745992462425146e-05,0.013724349266042057,0.0003748932859003081,0.049912524059503555
KA04,N09_M07_F10,900.0,15.0,1,N09_M07_F10_KA04_8.mat,0.005625816567698169,0.04504764905048497,0.0004882473879299394,0.010405894837759552,0.0005734230938361239,0.017207823745539228,0.0006647301174387227,0.04284468226888843,5.389258381123957e-05,0.0074551719951201105,0.0003723475736403534,0.04504764905048497
KA04,N09_M07_F10,900.0,15.0,1,N09_M07_F10_KA04_9.mat,0.0057009969425438145,0.046933040195576765,0.0004658644355139402,0.0112065609429765,0.0005675844530947468,0.01709933741644188,0.0006647207084399769,0.02326566220636302,5.653340673677799e-05,0.009105433455282934,0.0003729158870842089,0.046933040195576765
KA04,N15_M01_F10,1500.0,25.0,1,N15_M01_F10_KA04_1.mat,0.0036673096964324084,0.0435568776854979,0.0002786294120235803,0.00762795866056373,0.0009160267098756546,0.027426585377942302,0.000988275119556294,0.03733705298245287,6.315487256624163e-05,0.018311252883832656,0.00036508535081492276,0.0435568776854979
KA04,N15_M01_F10,1500.0,25.0,1,N15_M01_F10_KA04_10.mat,0.0037056207825438797,0.03870762441215101,0.00022908862252536257,0.007084950670529854,0.000992931316966874,0.05012729427142427,0.0009455277860627124,0.039034770986824355,7.805695119293003e-05,0.020221909708602204,0.0003658549445612358,0.05012729427142427
KA04,N15_M01_F10,1500.0,25.0,1,N15_M01_F10_KA04_11.mat,0.003557949844347191,0.03898979482909549,0.0002197815874597639,0.007210167815142403,0.0009928524535780991,0.041687766848778,0.0009535083409049442,0.030605879081479197,8.646772895083913e-05,0.022248961102193647,0.0003644851165343946,0.041687766848778
KA04,N15_M01_F10,1500.0,25.0,1,N15_M01_F10_KA04_12.mat,0.00346073929610666,0.03654766342606415,0.00021839598937723923,0.0077467777513572245,0.001039785120402811,0.04011429866572675,0.0009546367610642138,0.03519764517592545,8.642861876113599e-05,0.015403502781144988,0.0003643546543330275,0.04011429866572675
KA04,N15_M01_F10,1500.0,25.0,1,N15_M01_F10_KA04_13.mat,0.0035382056085637653,0.04001688294742239,0.00021994519820471006,0.00775662658672205,0.0009706076313692579,0.03687156720713917,0.0009693623984981844,0.030439796597183773,8.517646900019556e-05,0.01923700364589402,0.00036454489444535606,0.04001688294742239
KA04,N15_M01_F10,1500.0,25.0,1,N15_M01_F10_KA04_14.mat,0.003530363762807728,0.03885824671704188,0.00022188732159180788,0.007727517178642293,0.0010211936284736567,0.04026224312936511,0.0009516074838487981,0.039412305981593024,8.404738408182412e-05,0.01892719519491698,0.00036440914116654834,0.04026224312936511
KA04,N15_M01_F10,1500.0,25.0,1,N15_M01_F10_KA04_15.mat,0.0034710413072931144,0.03746284488601528,0.00021560317928627734,0.0076393819231271734,0.0010182676556008954,0.04817136189961361,0.0009693421988285066,0.031393734470985014,8.32899140078076e-05,0.018313650330358082,0.00036446440984659237,0.04817136189961361
KA04,N15_M01_F10,1500.0,25.0,1,N15_M01_F10_KA04_16.mat,0.0035129382217387486,0.038685069326788814,0.00021647586122607414,0.007731164566173067,0.000965336101124877,0.03586812440139811,0.0009918731568185207,0.03550561297963011,8.104011169789968e-05,0.01965776343891775,0.00036531992012464766,0.038685069326788814
KA04,N15_M01_F10,1500.0,25.0,1,N15_M01_F10_KA04_17.mat,0.0035915908027644504,0.04006506245672924,0.00022525115984901552,0.007673074727732871,0.0009710063599651159,0.036580587307148256,0.0009757648807306584,0.030391200801750475,7.97019501123521e-05,0.018682062854353355,0.00036577111940400896,0.04006506245672924
KA04,N15_M01_F10,1500.0,25.0,1,N15_M01_F10_KA04_18.mat,0.0034901463726784996,0.03980910939120096,0.000216975494252791,0.006455911708153411,0.001012369020824473,0.042646721620840364,0.0009766999699472312,0.029240863640303368,8.204377355209075e-05,0.01632617856334279,0.0003655582980583977,0.042646721620840364
KA04,N15_M01_F10,1500.0,25.0,1,N15_M01_F10_KA04_19.mat,0.003596770613433787,0.040140101581761484,0.00022635143193487674,0.007085574894950047,0.001021781839343552,0.04600580288581963,0.0009467774835287564,0.03295483747206568,7.927057708130462e-05,0.019013337198326898,0.0003646098379972143,0.04600580288581963
KA04,N15_M01_F10,1500.0,25.0,1,N15_M01_F10_KA04_2.mat,0.0037305068738367783,0.04053035995478721,0.00024951874792085834,0.007431968317637369,0.001062305262562138,0.05071879404815923,0.0009394386600075503,0.03118909264530776,5.6626369856140556e-05,0.011505930731599188,0.0003646238073759794,0.05071879404815923
KA04,N15_M01_F10,1500.0,25.0,1,N15_M01_F10_KA04_20.mat,0.0035825963861509484,0.04313039967802855,0.00023082183259511073,0.007569447956305104,0.0010299309869918837,0.034233818575800205,0.0009483047069006998,0.02938489530411608,7.744662225236128e-05,0.01839305865807953,0.000364574574158928,0.04313039967802855
KA04,N15_M01_F10,1500.0,25.0,1,N15_M01_F10_KA04_3.mat,0.0036419042671359757,0.04299564677005955,0.000267866047121792,0.008238858230080732,0.0009628320615062973,0.033931505373931595,0.0009826058007942017,0.036786673620230435,5.9633448130477445e-05,0.013656371155956271,0.0003644540723225372,0.04299564677005955
KA04,N15_M01_F10,1500.0,25.0,1,N15_M01_F10_KA04_4.mat,0.003714549127647743,0.04004957091590701,0.0002456551311982698,0.007841820546050485,0.0010636905419990359,0.038891079236797695,0.0009300092236787789,0.034739329231182454,6.370950269009794e-05,0.01715042821495651,0.00036471483273551166,0.04004957091590701
KA04,N15_M01_F10,1500.0,25.0,1,N15_M01_F10_KA04_5.mat,0.003716687829978831,0.03859664437190981,0.00022631055267384695,0.006773911006379693,0.0010124070322659134,0.0363225859184714,0.0009397493452865561,0.036023211502819626,7.225793945265836e-05,0.014292171138291341,0.0003644979614275633,0.03859664437190981
KA04,N15_M01_F10,1500.0,25.0,1,N15_M01_F10_KA04_6.mat,0.003802861624955619,0.03950768926413569,0.00023778782986582533,0.007988311160774215,0.0011010710815392952,0.04384596630375696,0.0009174611287814347,0.035247678977171945,5.91398642722463e-05,0.012390105262994047,0.0003659336015895539,0.04384596630375696
KA04,N15_M01_F10,1500.0,25.0,1,N15_M01_F10_KA04_7.mat,0.0035631402887772003,0.03662721448684583,0.00022277074225462323,0.007521968161197241,0.001070033488983402,0.0378027679241441,0.0009417431053130368,0.030565867274836896,7.596749817698821e-05,0.01573060399305225,0.00036443218635332723,0.0378027679241441
KA04,N15_M01_F10,1500.0,25.0,1,N15_M01_F10_KA04_8.mat,0.003615807878548704,0.03831560410899851,0.0002294213302301203,0.007738211610469569,0.001041051048914218,0.04381971344700831,0.0009368780205169931,0.03780905100647504,7.761095140881143e-05,0.015955842862200618,0.0003645011255739432,0.04381971344700831
KA04,N15_M01_F10,1500.0,25.0,1,N15_M01_F10_KA04_9.mat,0.003502821443235235,0.03784332832269417,0.00021707733590674123,0.006710914305583338,0.0010040931997959649,0.03768179331814381,0.0009639007961329986,0.04190688302318969,8.541288899031923e-05,0.01938654237621718,0.0003644524300661694,0.04190688302318969
KA04,N15_M07_F04,1500.0,25.0,1,N15_M07_F04_KA04_1.mat,0.0030123617313808355,0.04054410230370809,0.0005656925672177898,0.01957846497137947,0.0011216571693382427,0.03451963421733074,0.0008940918619634198,0.04340979437998449,7.827987052477777e-05,0.02046946369976511,0.00036612634819726587,0.04340979437998449
KA04,N15_M07_F04,1500.0,25.0,1,N15_M07_F04_KA04_10.mat,0.002767694029741364,0.03133802033498315,0.0005449130982028506,0.016866805972147028,0.001149414081391303,0.02913305041691948,0.0009311741490598152,0.04211322051570633,8.073999381735485e-05,0.030547373908508077,0.0003654242143798003,0.04211322051570633
KA04,N15_M07_F04,1500.0,25.0,1,N15_M07_F04_KA04_11.mat,0.0027316460495159533,0.029122299355662157,0.0005585663228350159,0.015551694192709117,0.001176101753940649,0.02832223654632998,0.0009187304378169602,0.04041360810673782,8.40342397737791e-05,0.020874577579381343,0.0003660751398808679,0.04041360810673782
KA04,N15_M07_F04,1500.0,25.0,1,N15_M07_F04_KA04_12.mat,0.002648006078667673,0.028553849401372365,0.0005697945389222918,0.0264931543891745,0.0011580946687674819,0.030096302901860796,0.0009369772790923801,0.05240497030496378,8.24279398406918e-05,0.023338483487342236,0.00036524067374818617,0.05240497030496378
KA04,N15_M07_F04,1500.0,25.0,1,N15_M07_F04_KA04_13.mat,0.0026965159249973357,0.03045576724130661,0.0005407384563960938,0.01520871335947009,0.001145676935225682,0.028173611333626378,0.0009407885204786258,0.041413534814193895,8.352096513363667e-05,0.02332587073858382,0.000365314945510654,0.041413534814193895
KA04,N15_M07_F04,1500.0,25.0,1,N15_M07_F04_KA04_14.mat,0.002657411090987451,0.0290326409576691,0.0005600487933106805,0.01709556238977876,0.0011397494430329905,0.03963464065075266,0.0009443769170279586,0.039827442349121014,8.290552030634992e-05,0.020330123499105065,0.000365311975412201,0.039827442349121014
KA04,N15_M07_F04,1500.0,25.0,1,N15_M07_F04_KA04_15.mat,0.002637032754533308,0.029933826008912017,0.00055988617751101,0.02064077315522366,0.0011492409642469067,0.03231192068631061,0.0009417341243322544,0.04135608750978661,8.499620926466758e-05,0.01903431279233499,0.00036551580221710764,0.04135608750978661
KA04,N15_M07_F04,1500.0,25.0,1,N15_M07_F04_KA04_16.mat,0.0026591919239846796,0.029972191621546487,0.000558818405971848,0.022993706610403654,0.0011569934419412477,0.030318800811311778,0.0009378892718214202,0.05116858770145002,8.281510016107117e-05,0.018295125799545297,0.00036529247599227676,0.05116858770145002
KA04,N15_M07_F04,1500.0,25.0,1,N15_M07_F04_KA04_17.mat,0.0026550454149475195,0.029204060337979187,0.0005786177301575408,0.021782755750824372,0.001170781967943432,0.037029697612803225,0.0009226380349535489,0.05489170374180738,8.499882633559282e-05,0.01963184878479084,0.00036544049162576497,0.05489170374180738
KA04,N15_M07_F04,1500.0,25.0,1,N15_M07_F04_KA04_18.mat,0.0026366375088198012,0.028692749783998273,0.0005500418433084149,0.01681476098271559,0.0011784762363049952,0.033302977451004724,0.0009351875133776407,0.040142409414255426,8.435010687521865e-05,0.02874833026999664,0.00036535582323707767,0.040142409414255426
KA04,N15_M07_F04,1500.0,25.0,1,N15_M07_F04_KA04_19.mat,0.0026652464491882725,0.031041396838658388,0.0005464021963637582,0.020547693323956062,0.001152383029056459,0.03188685989048009,0.0009508036125173039,0.047853598281794335,8.418337302442763e-05,0.021684741666092917,0.000366764107806332,0.047853598281794335
KA04,N15_M07_F04,1500.0,25.0,1,N15_M07_F04_KA04_2.mat,0.0028611934239486927,0.03608638623729537,0.0005596551912960269,0.02244821677107857,0.0011686290891550215,0.03389801525225311,0.0009080461317017905,0.04023130526107834,7.591387483726501e-05,0.02359763807411956,0.0003654743646234843,0.04023130526107834
KA04,N15_M07_F04,1500.0,25.0,1,N15_M07_F04_KA04_20.mat,0.002637032754533308,0.029933826008912017,0.00055988617751101,0.02064077315522366,0.0011492409642469067,0.03231192068631061,0.0009417341243322544,0.04135608750978661,8.499620926466758e-05,0.01903431279233499,0.00036551580221710764,0.04135608750978661
KA04,N15_M07_F04,1500.0,25.0,1,N15_M07_F04_KA04_3.mat,0.0028403524150660674,0.03646256026823719,0.0005570098131782712,0.015794442038886015,0.0011449321970373118,0.03135048760380914,0.0009220535101673279,0.04722941444615581,8.026387561201784e-05,0.019000632892313567,0.000366649664403666,0.04722941444615581
KA04,N15_M07_F04,1500.0,25.0,1,N15_M07_F04_KA04_4.mat,0.002864483209930129,0.03655348405875199,0.0005710619118330767,0.018209396453355585,0.0011542346001035967,0.03375864213925248,0.0009055337791034344,0.04478340703501388,7.6642104610566e-05,0.025950111785911507,0.0003652798692049757,0.04478340703501388
KA04,N15_M07_F04,1500.0,25.0,1,N15_M07_F04_KA04_5.mat,0.0026652464491882725,0.031041396838658388,0.0005464021963637582,0.020547693323956062,0.001152383029056459,0.03188685989048009,0.0009508036125173039,0.047853598281794335,8.418337302442763e-05,0.021684741666092917,0.000366764107806332,0.047853598281794335
KA04,N15_M07_F04,1500.0,25.0,1,N15_M07_F04_KA04_6.mat,0.002637032754533308,0.029933826008912017,0.00055988617751101,0.02064077315522366,0.0011492409642469067,0.03231192068631061,0.0009417341243322544,0.04135608750978661,8.499620926466758e-05,0.01903431279233499,0.00036551580221710764,0.04135608750978661
KA04,N15_M07_F04,1500.0,25.0,1,N15_M07_F04_KA04_7.mat,0.002762104316330281,0.03339911855917632,0.0005523484223236173,0.02178659557830258,0.0011787148101812489,0.030524524675649794,0.0009159627611107608,0.04208896273047899,8.131216838869979e-05,0.024831197805871615,0.00036539844433574427,0.04208896273047899
KA04,N15_M07_F04,1500.0,25.0,1,N15_M07_F04_KA04_8.mat,0.0027678732661283708,0.03119880562077275,0.0005798546123340965,0.02003921533969505,0.0011462650283065783,0.027553255859653975,0.0009124596079684661,0.07382187089541038,8.310054786638214e-05,0.022061864648274736,0.00036531189822395284,0.07382187089541038
KA04,N15_M07_F04,1500.0,25.0,1,N15_M07_F04_KA04_9.mat,0.0027641335642891642,0.029547289064575304,0.0005361695804456037,0.017440975875416636,0.0011536532040271274,0.030509349920887892,0.0009275422872200751,0.04165232628914584,8.300860307859133e-05,0.022634689515588294,0.000365247662983956,0.04165232628914584
KA04,N15_M07_F10,1500.0,25.0,1,N15_M07_F10_KA04_1.mat,0.003438919179835907,0.04100585044758607,0.0003690891306094632,0.013549759953015597,0.0012144488961289852,0.04962541770754438,0.0009021065698008856,0.028008736018480192,5.023757944477026e-05,0.011753689764254583,0.00036499633805259603,0.04962541770754438
KA04,N15_M07_F10,1500.0,25.0,1,N15_M07_F10_KA04_10.mat,0.0034961987479070005,0.048073302221447116,0.0003529480172456891,0.011496635811309474,0.0012568784285697983,0.04444258433780529,0.0008962534805008407,0.031058101972351024,4.1713567252289884e-05,0.010179808375422561,0.0003649024304398442,0.048073302221447116
KA04,N15_M07_F10,1500.0,25.0,1,N15_M07_F10_KA04_11.mat,0.0035180818057757453,0.04644914531118697,0.00035334396319817784,0.009792667176373313,0.0011729432556200898,0.04143273864443272,0.0009242220296551626,0.03305994241155126,4.282883762335565e-05,0.011867005566702999,0.0003650548011522271,0.04644914531118697
KA04,N15_M07_F10,1500.0,25.0,1,N15_M07_F10_KA04_12.mat,0.003518097367596955,0.04712849775778477,0.00036274163801651975,0.010472156593481089,0.0012451684306632707,0.050617804236335294,0.000897873896606063,0.0321550384663597,4.3425022776953756e-05,0.008258754950259978,0.00036629477338765635,0.050617804236335294
KA04,N15_M07_F10,1500.0,25.0,1,N15_M07_F10_KA04_13.mat,0.0034889960682175885,0.047975850579775825,0.0003642773162118146,0.012711033216777782,0.0012639916472874917,0.05498909083397582,0.000886603064896311,0.03465697782974783,4.334722059221677e-05,0.01257261054379505,0.0003649283153221816,0.05498909083397582
KA04,N15_M07_F10,1500.0,25.0,1,N15_M07_F10_KA04_14.mat,0.0035521940259732386,0.047491030786731364,0.000362064804437482,0.012420542900790945,0.001236076716098548,0.046004818629574444,0.0008913224711902043,0.03200890548231223,4.146446727961587e-05,0.014568344264742749,0.00036512913145150474,0.047491030786731364
KA04,N15_M07_F10,1500.0,25.0,1,N15_M07_F10_KA04_15.mat,0.003496696010216477,0.04761762339887827,0.00034618154800934806,0.01039660272857632,0.0012214918010645774,0.043258455425066594,0.0009072104730832984,0.03821433761707978,4.4711751982069684e-05,0.009884749453317087,0.0003650200976916026,0.04761762339887827
KA04,N15_M07_F10,1500.0,25.0,1,N15_M07_F10_KA04_16.mat,0.003489867107008237,0.04721770421617527,0.0003522123993942817,0.011917840611092054,0.0012336970825045442,0.05290770115156942,0.0009034283037478351,0.035071834205323345,4.426565814729917e-05,0.011796964198029454,0.00036515574190992893,0.05290770115156942
KA04,N15_M07_F10,1500.0,25.0,1,N15_M07_F10_KA04_17.mat,0.003448827835187732,0.0467200742353246,0.00035464754910079894,0.012283724789712595,0.0012203361787091111,0.04935516823476778,0.0009109405620619345,0.03352819154869177,4.6123701235541244e-05,0.012595784440575986,0.00036495928945536656,0.04935516823476778
KA04,N15_M07_F10,1500.0,25.0,1,N15_M07_F10_KA04_18.mat,0.0034762199450527552,0.04809972706376598,0.00035648698527115117,0.011141316109424768,0.0012199359400570057,0.05292543687900746,0.000905377948799667,0.029914657051163866,4.566225990052185e-05,0.010946556512456606,0.0003649210183830594,0.05292543687900746
KA04,N15_M07_F10,1500.0,25.0,1,N15_M07_F10_KA04_19.mat,0.0034800338487115637,0.04570651173300917,0.0003517163866321412,0.012168764777054876,0.0012106836255407216,0.04760967364513697,0.0008999242221946765,0.033596095572190995,5.0795989136429384e-05,0.012372754240713855,0.0003649264622794178,0.04760967364513697
KA04,N15_M07_F10,1500.0,25.0,1,N15_M07_F10_KA04_2.mat,0.0036041095784224487,0.046137032994381315,0.00036599770071348925,0.011367801177007612,0.0011859928722149802,0.04360622894393149,0.000900912701052628,0.02984188279770417,4.53307485958927e-05,0.00827252986832878,0.0003663752481513015,0.046137032994381315
KA04,N15_M07_F10,1500.0,25.0,1,N15_M07_F10_KA04_20.mat,0.0034191575966986674,0.045206293679269614,0.0003440380623050573,0.009715148746251161,0.0011880590606537162,0.04931330984378029,0.0009304067466136371,0.032532716778910065,4.808308072953488e-05,0.014262047188346014,0.00036493425879354435,0.04931330984378029
KA04,N15_M07_F10,1500.0,25.0,1,N15_M07_F10_KA04_3.mat,0.003645088341711175,0.045908722294936685,0.00036495095743182,0.012670364922514294,0.0011636803420513697,0.048910105271352214,0.0008928361256296608,0.027828590191989997,4.631287734261953e-05,0.010953409798769308,0.00036533189830512906,0.048910105271352214
KA04,N15_M07_F10,1500.0,25.0,1,N15_M07_F10_KA04_4.mat,0.0035660520254468505,0.04417465913190382,0.0003575572930310526,0.01189414523419789,0.0011784047735767555,0.04502005552235916,0.0009011021295045709,0.03424752490680057,4.8430614651553784e-05,0.014448389921290248,0.00036511314198704893,0.04502005552235916
KA04,N15_M07_F10,1500.0,25.0,1,N15_M07_F10_KA04_5.mat,0.00356728120117465,0.046338348378819866,0.00036234987233468234,0.01228920108925087,0.0011913315346827823,0.06597981978252332,0.0009042269933224515,0.026786972454830298,4.300589548283732e-05,0.008887676868262466,0.0003651025254795995,0.06597981978252332
KA04,N15_M07_F10,1500.0,25.0,1,N15_M07_F10_KA04_6.mat,0.0036362187493517257,0.04782686653242505,0.000370243082656445,0.012149041915157501,0.001204656866817628,0.049306554632831186,0.0008824103391011616,0.03519912177812265,4.1838315036399e-05,0.009026491535343227,0.00036509382583133895,0.049306554632831186
KA04,N15_M07_F10,1500.0,25.0,1,N15_M07_F10_KA04_7.mat,0.003465491246905308,0.04723281164342356,0.000349378307463692,0.010623050133092882,0.0012361361561987808,0.05611575370808687,0.0009084696628561715,0.03667391387368007,4.4576843222870165e-05,0.008528862276248298,0.0003651997218886909,0.05611575370808687
KA04,N15_M07_F10,1500.0,25.0,1,N15_M07_F10_KA04_8.mat,0.0034858581550497787,0.048385192872523776,0.00035270261641856516,0.008986774593871283,0.0012272402835607709,0.04695240795821987,0.0009073755471610941,0.028816732245162985,4.323894331087209e-05,0.011741593967940722,0.00036486812173483854,0.048385192872523776
KA04,N15_M07_F10,1500.0,25.0,1,N15_M07_F10_KA04_9.mat,0.0034988330233670087,0.045249076179241225,0.0003493992768506118,0.011938813840308298,0.0011849353115292254,0.0495863484682604,0.0009229555979987622,0.03945018275051014,4.409289712475993e-05,0.00897050489608048,0.0003650520518752787,0.0495863484682604
KI05,N09_M07_F10,900.0,15.0,1,N09_M07_F10_KI05_1.mat,0.0004272124753949125,0.012015996192945941,0.00045676781789618005,0.008302620269020086,0.0004018470689801162,0.005163694383963261,0.0004355833652064238,0.012187611500194238,0.00034431346186117074,0.006654242172445321,0.0003639537185025075,0.012187611500194238
KI05,N09_M07_F10,900.0,15.0,1,N09_M07_F10_KI05_10.mat,0.00039356782184699464,0.01013864842161781,0.0004517261605464072,0.007207790368595883,0.00040445270899747024,0.006177292679086458,0.0004384996631853431,0.014171054629085036,0.0003392485906033423,0.008273268972959966,0.00036378393903906966,0.014171054629085036
KI05,N09_M07_F10,900.0,15.0,1,N09_M07_F10_KI05_11.mat,0.0004413650202860594,0.009023187237025177,0.00046716417130237073,0.007672579807994534,0.0003913167884383891,0.0072618169439873795,0.0004274071348919413,0.00979988776437311,0.0003453496245755983,0.005794749244438433,0.000363778170044437,0.00979988776437311
KI05,N09_M07_F10,900.0,15.0,1,N09_M07_F10_KI05_12.mat,0.000440873013498216,0.012184995147210586,0.00046298127909493526,0.009944661817342902,0.0004041875558379961,0.005639227831738808,0.0004333607629355952,0.010667458424351808,0.0003335025945156907,0.005100212129181551,0.00036397828645834033,0.012184995147210586
KI05,N09_M07_F10,900.0,15.0,1,N09_M07_F10_KI05_13.mat,0.000436897635849968,0.009540311348286444,0.00045777286954525726,0.011625898070595948,0.00039091589187318124,0.005238665553194668,0.0004363792958320961,0.012847347479165392,0.00034386393080055303,0.007284927157382826,0.00036516588586636684,0.012847347479165392
KI05,N09_M07_F10,900.0,15.0,1,N09_M07_F10_KI05_14.mat,0.0004118754941410833,0.010594919334767286,0.00045709069928047706,0.012171075121636447,0.0004210703806152427,0.008268078820338998,0.00042719544458525365,0.010607691885058463,0.00034042831928894743,0.006956053496050796,0.0003638911818641744,0.012171075121636447
KI05,N09_M07_F10,900.0,15.0,1,N09_M07_F10_KI05_15.mat,0.0004219088416562656,0.011974176044586041,0.00043667133424492077,0.00805155451123676,0.0004109341788235765,0.006147674411422954,0.00043468093572854235,0.015026601153074491,0.0003417169900492445,0.006019761303393361,0.000365136621190026,0.015026601153074491
KI05,N09_M07_F10,900.0,15.0,1,N09_M07_F10_KI05_16.mat,0.00040139774509666433,0.010255331157854817,0.00046273331881581723,0.008164197009164043,0.0004009827982494295,0.007671466565696527,0.0004229287824736511,0.009293867861526185,0.00034847710997889186,0.006957580963901176,0.0003638596400642696,0.010255331157854817
KI05,N09_M07_F10,900.0,15.0,1,N09_M07_F10_KI05_17.mat,0.000428065963293567,0.013902962415263164,0.00046304189115206726,0.009197178154330547,0.00042094798936021964,0.004914625913202824,0.0004315710666381568,0.010223492979656202,0.000331432381945006,0.007796385624289957,0.00036537889650147887,0.013902962415263164
KI05,N09_M07_F10,900.0,15.0,1,N09_M07_F10_KI05_18.mat,0.000420075321370012,0.00902328477507403,0.0004553101942734614,0.010528326929128128,0.000403847068217776,0.004930969135515594,0.00043097798390418195,0.012399166979146968,0.0003442421988768412,0.007171602180309188,0.0003640127546460333,0.012399166979146968
KI05,N09_M07_F10,900.0,15.0,1,N09_M07_F10_KI05_19.mat,0.00043583338966589357,0.009957440599838661,0.0004700942304134422,0.009879049833018275,0.00039257669153032725,0.006035384074645876,0.00043335212885516376,0.015584867382971474,0.00033669572126110035,0.007478862745807162,0.00036389319660506855,0.015584867382971474
KI05,N09_M07_F10,900.0,15.0,1,N09_M07_F10_KI05_2.mat,0.0004358571069192379,0.012801071707461292,0.00042894587974068684,0.008802658435472703,0.0004181293573167396,0.0054742714455300635,0.0004404724982594172,0.010628917532540059,0.0003448562672439602,0.006672236152862546,0.0003639273532560651,0.012801071707461292
KI05,N09_M07_F10,900.0,15.0,1,N09_M07_F10_KI05_20.mat,0.00044184151276419146,0.011545760648938218,0.0004512598012233321,0.00923869668800705,0.0004200980879724103,0.0065481943873354,0.0004328086875485501,0.012631749804788145,0.00033441174486518934,0.005049808442789901,0.00036536055099343123,0.012631749804788145
KI05,N09_M07_F10,900.0,15.0,1,N09_M07_F10_KI05_3.mat,0.0004532011925022826,0.021400939630160206,0.0004342991912109506,0.009106726965693736,0.00041206071883880354,0.006939315935705035,0.00043974720374710186,0.010519518614043,0.0003366214074931047,0.005906467833105348,0.0003638550613687317,0.021400939630160206
KI05,N09_M07_F10,900.0,15.0,1,N09_M07_F10_KI05_4.mat,0.00041311009369349844,0.008189924248421134,0.0004784629413501701,0.017668066317107718,0.0004161412379971887,0.006085394784744572,0.0004295470166933636,0.010009615749179074,0.00032734340827930437,0.005259733142903748,0.0003637328921905021,0.017668066317107718
KI05,N09_M07_F10,900.0,15.0,1,N09_M07_F10_KI05_5.mat,0.0004599175951152553,0.01183971415677465,0.0004567195177035514,0.008717253390383957,0.0004205752616587742,0.005361926349260264,0.000429794255885182,0.012814745145028023,0.0003338403680551216,0.004955938744069532,0.0003637649317330193,0.012814745145028023
KI05,N09_M07_F10,900.0,15.0,1,N09_M07_F10_KI05_6.mat,0.0004104486806092339,0.008892092346154871,0.0004540993921208596,0.009449520729727927,0.00040038711430372386,0.006921367394499987,0.0004452723127668583,0.014850672905033016,0.00033576447689974865,0.00728395303065849,0.0003637853821433345,0.014850672905033016
KI05,N09_M07_F10,900.0,15.0,1,N09_M07_F10_KI05_7.mat,0.00042471149003590636,0.008622926226002706,0.0004439732454221619,0.009837812282374528,0.00041410872362252876,0.005608464200890594,0.00044249452290123927,0.01092421520615472,0.0003382272038989144,0.004983421962568705,0.0003641426952813656,0.01092421520615472
KI05,N09_M07_F10,900.0,15.0,1,N09_M07_F10_KI05_8.mat,0.0004120834348820332,0.014893566178898594,0.0004382218141802896,0.006653505139769005,0.00039123721588119737,0.006895247109771127,0.0004448881294604366,0.012506939029050763,0.0003382385585187272,0.005676546305663281,0.00036372967737958106,0.014893566178898594
KI05,N09_M07_F10,900.0,15.0,1,N09_M07_F10_KI05_9.mat,0.00041599824784720174,0.008893398605830776,0.0004530965524471996,0.007433262088656683,0.00041601489825061623,0.00935806596528071,0.0004412647985019146,0.008318346726235685,0.0003299909240145446,0.006387486250329251,0.00036399832644983584,0.00935806596528071
KI05,N15_M01_F10,1500.0,25.0,1,N15_M01_F10_KI05_1.mat,0.00027166194780463987,0.005403267424581471,0.001576132263302657,0.08163530460180486,0.0006507104038174759,0.01841003843535296,0.0005910069439177673,0.03749848598339691,0.000186745742965727,0.003937391504757974,0.00036361600040479613,0.08163530460180486
KI05,N15_M01_F10,1500.0,25.0,1,N15_M01_F10_KI05_10.mat,0.0002880099690373515,0.008201272794527571,0.0015566037855548553,0.08132654764581286,0.0006767606065942214,0.020751288501804785,0.0005918818459471141,0.036283224561012836,0.0001853356944882888,0.004241258178118798,0.0003638446932921788,0.08132654764581286
KI05,N15_M01_F10,1500.0,25.0,1,N15_M01_F10_KI05_11.mat,0.0002641917294174028,0.006527693524017804,0.0016040928468246114,0.08493863917488653,0.0006809574951889266,0.024749945702748088,0.0005728671365912042,0.025841028308775372,0.00018599169859658636,0.004335038753847374,0.000364948926763657,0.08493863917488653
KI05,N15_M01_F10,1500.0,25.0,1,N15_M01_F10_KI05_12.mat,0.00026077347809672687,0.010627905525259938,0.0015621834367837806,0.07826354155566217,0.0006779623825915572,0.03889435257371774,0.0005965339479882913,0.03901409035246458,0.00018114780573212446,0.003861861186118436,0.00036375955930046966,0.07826354155566217
KI05,N15_M01_F10,1500.0,25.0,1,N15_M01_F10_KI05_13.mat,0.00027491437990030264,0.005973482248076339,0.0015782418774217416,0.07531735127932793,0.0006782428334558462,0.026798618940074,0.0005927431267939071,0.02924061704375657,0.00018100423017577304,0.005212386330815401,0.0003635762079047139,0.07531735127932793
KI05,N15_M01_F10,1500.0,25.0,1,N15_M01_F10_KI05_14.mat,0.0002684935953716268,0.005783474020728334,0.0015189272057700286,0.07248340448884906,0.0006669820371265035,0.027594741287462525,0.0005930470397280251,0.03594979603453196,0.00018960916673795304,0.003433163635656399,0.00036357636795624637,0.07248340448884906
KI05,N15_M01_F10,1500.0,25.0,1,N15_M01_F10_KI05_15.mat,0.0002616233618455371,0.006135799163669112,0.0015317855655648603,0.07422613682601421,0.0006846553452892556,0.03761658703859902,0.0005940954770589713,0.03258525650748518,0.00018737809672145832,0.004610476948995441,0.00036352090045413393,0.07422613682601421
KI05,N15_M01_F10,1500.0,25.0,1,N15_M01_F10_KI05_16.mat,0.0002599583374661311,0.005632953735598853,0.0014899522831097118,0.0771576392263466,0.0006942099448562313,0.02540698284866179,0.0005953983276994907,0.03459433771385193,0.00019303383879651118,0.0033722888755638365,0.00036370309327611925,0.0771576392263466
KI05,N15_M01_F10,1500.0,25.0,1,N15_M01_F10_KI05_17.mat,0.0002667646973333918,0.005021333481579663,0.0014968327073403452,0.07239451972827722,0.0006898125782688987,0.02043988257290649,0.0006011041976924513,0.04724207645355339,0.000187967203194273,0.00395931437121667,0.0003635490817060985,0.07239451972827722
KI05,N15_M01_F10,1500.0,25.0,1,N15_M01_F10_KI05_18.mat,0.0002740966738908203,0.0052180947633262064,0.0015419323225440036,0.07187449865769331,0.0006825200012584257,0.025512958972734753,0.0005866876398104067,0.026747754108861856,0.00018752920838388307,0.003997869616005978,0.0003649770272136595,0.07187449865769331
KI05,N15_M01_F10,1500.0,25.0,1,N15_M01_F10_KI05_19.mat,0.00026190786269760104,0.009257270871391677,0.0015732345908639398,0.0769521314216943,0.0006711212996630078,0.02314347149292488,0.0005982531584497071,0.03187439969015388,0.00018407857983278268,0.004437575698384253,0.0003637837015136519,0.0769521314216943
KI05,N15_M01_F10,1500.0,25.0,1,N15_M01_F10_KI05_2.mat,0.00024827020591607833,0.00724389226482626,0.001542853576703707,0.07758633991716563,0.0006760374514348502,0.028133642172663276,0.0006001953180904437,0.026313576607721857,0.00018907254144361258,0.003086021261588321,0.000363560860003782,0.07758633991716563
KI05,N15_M01_F10,1500.0,25.0,1,N15_M01_F10_KI05_20.mat,0.00025896727709161547,0.005214768363360034,0.0015546350967079786,0.07339829594761513,0.0006652473467424863,0.021195192960247675,0.0005909960858831652,0.030775371783549436,0.00018799793357453706,0.0037232126238932487,0.0003634923168501697,0.07339829594761513
KI05,N15_M01_F10,1500.0,25.0,1,N15_M01_F10_KI05_3.mat,0.0002795665901873252,0.008310619790784256,0.0015663626270231983,0.08426039097130905,0.0006464793991829051,0.014061474578685266,0.0006020239447211532,0.025588422839358076,0.00018669625680155797,0.0041767821187596805,0.0003651015160978889,0.08426039097130905
KI05,N15_M01_F10,1500.0,25.0,1,N15_M01_F10_KI05_4.mat,0.0002620886933543427,0.006420741907059807,0.001633438326853808,0.0804969858717595,0.0006500247057245014,0.02439158218597306,0.0006049679922141171,0.031208446201382658,0.0001751742726895029,0.0035213939703013833,0.0003636539872609317,0.0804969858717595
KI05,N15_M01_F10,1500.0,25.0,1,N15_M01_F10_KI05_5.mat,0.00028359174415603934,0.007705902624187689,0.0015290511881420206,0.07893500003383982,0.0006433324127284834,0.035787605420037526,0.0006052515218594759,0.03756730014435721,0.00018777190318970577,0.0030308891361464723,0.00036374259926977667,0.07893500003383982
KI05,N15_M01_F10,1500.0,25.0,1,N15_M01_F10_KI05_6.mat,0.00028903239189739723,0.006305313758027811,0.0015591686309687357,0.08076164684914587,0.0006516640414168927,0.019057734394939123,0.0005946012294602631,0.025880244470125446,0.00018543011107377774,0.005425269459477767,0.00036358608771537733,0.08076164684914587
KI05,N15_M01_F10,1500.0,25.0,1,N15_M01_F10_KI05_7.mat,0.00026796109831506187,0.006541254224002509,0.001527810843685128,0.08020950553762725,0.0006605356789426288,0.018378033422406195,0.0006013935998946173,0.0324887668149272,0.00018513802001603587,0.00464232849678474,0.0003636200280443779,0.08020950553762725
KI05,N15_M01_F10,1500.0,25.0,1,N15_M01_F10_KI05_8.mat,0.00027590458191318777,0.00705715995101097,0.0015090414686348612,0.07304679117718946,0.0006660407356544141,0.026043042649828617,0.0005972188395978136,0.041635307579282424,0.00018947277664533267,0.003562243598700859,0.0003637231926675154,0.07304679117718946
KI05,N15_M01_F10,1500.0,25.0,1,N15_M01_F10_KI05_9.mat,0.00028686875256956045,0.0068764726917951765,0.0015347947397935451,0.07654381855889462,0.0006879801749192363,0.02057450710985338,0.0006019501006283768,0.030016964975237197,0.00018619832573428584,0.00368084495994359,0.00036512092386874895,0.07654381855889462
KI05,N15_M07_F04,1500.0,25.0,1,N15_M07_F04_KI05_1.mat,0.0002984359405288781,0.010114719017857751,0.0010746600312889999,0.038060418634553284,0.0007728172313574488,0.022175995507400095,0.0004900649340608734,0.013432549995757463,0.0002457958316751598,0.00425044144222511,0.0003637710815181594,0.038060418634553284
KI05,N15_M07_F04,1500.0,25.0,1,N15_M07_F04_KI05_10.mat,0.0002878765363416533,0.010307410831486336,0.001092460686461139,0.03595774187670497,0.0007211897859323105,0.019525506337855988,0.0005161177735786528,0.013927719829273766,0.0002447807144360109,0.006359208619415051,0.00036381980448239073,0.03595774187670497
KI05,N15_M07_F04,1500.0,25.0,1,N15_M07_F04_KI05_11.mat,0.00030110604510488525,0.006272755164300048,0.0010879485396469663,0.03581466481897124,0.0007590485933611649,0.01823455812123919,0.0005112909325329765,0.01866458195319977,0.00024092993671567684,0.00404882836431598,0.0003636828169175782,0.03581466481897124
KI05,N15_M07_F04,1500.0,25.0,1,N15_M07_F04_KI05_12.mat,0.000296538158539691,0.006184516386934667,0.001114278233844381,0.04448418716643307,0.0007715425229330345,0.02508777435850702,0.0005158498925861466,0.01959819468512424,0.00024183948976859353,0.0056338824411107215,0.0003640637876759422,0.04448418716643307
KI05,N15_M07_F04,1500.0,25.0,1,N15_M07_F04_KI05_13.mat,0.000294956671175905,0.0072689687774210214,0.0011053707770274505,0.04388926299243819,0.0007383657782430353,0.02179073694202745,0.0005182711651563803,0.013613223359248083,0.00024309887860595022,0.006084419025990498,0.0003636592710974713,0.04388926299243819
KI05,N15_M07_F04,1500.0,25.0,1,N15_M07_F04_KI05_14.mat,0.00029279577435142726,0.0059081812306892535,0.0012185520340427713,0.041283634947878435,0.0007236377902814616,0.01888569009561763,0.0005065523184391715,0.01646207705316499,0.00023644529749627588,0.004188984562830236,0.0003636395769812487,0.041283634947878435
KI05,N15_M07_F04,1500.0,25.0,1,N15_M07_F04_KI05_15.mat,0.0003169714191274088,0.007468127161832491,0.0010782867151194237,0.03646347510013864,0.0007181656879344558,0.01689757122268784,0.0005174945523548527,0.016307763721731323,0.000246566945678999,0.006237123522489533,0.0003638335411840976,0.03646347510013864
KI05,N15_M07_F04,1500.0,25.0,1,N15_M07_F04_KI05_16.mat,0.0002927151786288472,0.006653564760210171,0.0011109196565634576,0.043748516000090866,0.0007192017080394875,0.016734986019462373,0.0005224917187021119,0.01895395657275165,0.00024134641427849872,0.007941897132372025,0.0003636318048151531,0.043748516000090866
KI05,N15_M07_F04,1500.0,25.0,1,N15_M07_F04_KI05_17.mat,0.00031600320613882544,0.010161279989902685,0.0010977264999394586,0.041371807892500286,0.0007202735561299032,0.02148148276286644,0.000523404660760899,0.016032176231546843,0.00024031343150162005,0.0047946442587291395,0.000365068193764035,0.041371807892500286
KI05,N15_M07_F04,1500.0,25.0,1,N15_M07_F04_KI05_18.mat,0.0002903701627044736,0.0056805600516319455,0.0011133256082365495,0.04354980228197956,0.0007151063468404309,0.01736435049948132,0.000512450609930939,0.01459903777694759,0.0002439385340295465,0.005526206078189199,0.00036354607563794,0.04354980228197956
KI05,N15_M07_F04,1500.0,25.0,1,N15_M07_F04_KI05_19.mat,0.0003002470636236886,0.007782861922812168,0.001076289633346845,0.03812766268659304,0.0007400685870119973,0.026024048133485907,0.0005253175695059035,0.017531961902547185,0.00024391116266985057,0.006062391711959833,0.00036384751403541616,0.03812766268659304
KI05,N15_M07_F04,1500.0,25.0,1,N15_M07_F04_KI05_2.mat,0.0003001290694452603,0.008770856369201798,0.0010721161154032515,0.037605713470832434,0.0007282313004337341,0.0204537600134465,0.0005186764211447398,0.017503121224634655,0.00024849952660127355,0.006891866439820589,0.00036458516784172626,0.037605713470832434
KI05,N15_M07_F04,1500.0,25.0,1,N15_M07_F04_KI05_20.mat,0.00028763554474142125,0.00672832685747497,0.0010800780882417862,0.04098731066659943,0.0007624106183592688,0.016871436001761046,0.0005328320508694201,0.019017599242024875,0.0002400929484427973,0.006656838475639303,0.00036375310041312446,0.04098731066659943
KI05,N15_M07_F04,1500.0,25.0,1,N15_M07_F04_KI05_3.mat,0.0002868517700481919,0.008752848589443595,0.0011484202520694444,0.040768374494907125,0.000734425091255479,0.032106449428667375,0.0005119101711064876,0.019188269548497616,0.00023872529276388002,0.0036808326379232444,0.00036369386395990845,0.040768374494907125
KI05,N15_M07_F04,1500.0,25.0,1,N15_M07_F04_KI05_4.mat,0.0003022403145269236,0.007464767942015248,0.0011678141518201095,0.04192282113447718,0.0007453493534454371,0.01875532507123899,0.0004989893111230474,0.019563475102547204,0.00023896992701796492,0.005568206781845558,0.0003636919419805415,0.04192282113447718
KI05,N15_M07_F04,1500.0,25.0,1,N15_M07_F04_KI05_5.mat,0.00029684149833072965,0.007350975608429259,0.0011457057460293753,0.040104645122159,0.0007415605133751339,0.01923370324693065,0.0004991810219157557,0.015672263931277065,0.00024239286407896324,0.006685156523660053,0.0003636399070474416,0.040104645122159
KI05,N15_M07_F04,1500.0,25.0,1,N15_M07_F04_KI05_6.mat,0.0003050990784207552,0.005813669829657213,0.001180863109413362,0.03599618596119217,0.0007509971417455748,0.02366080333740561,0.0005061481682289015,0.0164355492089865,0.0002350325577426739,0.003925880956303198,0.000365070446419052,0.03599618596119217
KI05,N15_M07_F04,1500.0,25.0,1,N15_M07_F04_KI05_7.mat,0.0002710251048042399,0.006596012804982379,0.0011211562040861905,0.03997950780660728,0.0007689006859851684,0.018863741132080884,0.0005127058302079135,0.01964108723159573,0.00023905733752150354,0.004395812082889372,0.00036495375853170354,0.03997950780660728
KI05,N15_M07_F04,1500.0,25.0,1,N15_M07_F04_KI05_8.mat,0.0002906065663673735,0.009383623175919748,0.0011040914235448352,0.04444199462574258,0.0007625940701201926,0.019529026214731165,0.0005065097951271224,0.0152347218167311,0.00024255651199802655,0.0052182477383502296,0.00036471139595687464,0.04444199462574258
KI05,N15_M07_F04,1500.0,25.0,1,N15_M07_F04_KI05_9.mat,0.00030440618954650323,0.012431432948007769,0.001091854335115683,0.03707924806009195,0.0007547216650213327,0.02177790971463834,0.0005208364958911744,0.022851860078810172,0.00023899451705299463,0.00451706559643149,0.00036410051409617314,0.03707924806009195
KI05,N15_M07_F10,1500.0,25.0,1,N15_M07_F10_KI05_1.mat,0.0002635156458181775,0.00608733662775793,0.0015961394654920083,0.08197368396938079,0.0006421703162459651,0.023719373680089393,0.0005919730570189776,0.02864002228554043,0.0001849987360761646,0.00375562380494333,0.00036373416003979543,0.08197368396938079
KI05,N15_M07_F10,1500.0,25.0,1,N15_M07_F10_KI05_10.mat,0.0002886555606244765,0.006377320856845406,0.001540272067895438,0.07299269206649504,0.000675199126007465,0.02050314261841282,0.0005813506906320048,0.02624132100595489,0.00018665910636977124,0.0033514245043504173,0.00036371776589456646,0.07299269206649504
KI05,N15_M07_F10,1500.0,25.0,1,N15_M07_F10_KI05_11.mat,0.00027843970445650497,0.007997967495839562,0.0015038974548241767,0.07505140848394887,0.000648068877812001,0.017878876582443342,0.0006008827226162838,0.025814137447575446,0.00018882813120552273,0.0045943727016859205,0.00036371320122334337,0.07505140848394887
KI05,N15_M07_F10,1500.0,25.0,1,N15_M07_F10_KI05_12.mat,0.0002837861860567185,0.006051574960686091,0.001582069161468842,0.08139610027486849,0.000689230367371615,0.021766358148729268,0.0005881102311287826,0.026088624952779842,0.00018083628290958018,0.006106958727847602,0.0003635565707234225,0.08139610027486849
KI05,N15_M07_F10,1500.0,25.0,1,N15_M07_F10_KI05_13.mat,0.0002829246120513787,0.008475647155501049,0.0015650466834671191,0.08013997083598524,0.0006946256476924656,0.025104313190467714,0.0005880186038169133,0.035608802562342355,0.00018504736006905593,0.003844595781303056,0.0003636594081485672,0.08013997083598524
KI05,N15_M07_F10,1500.0,25.0,1,N15_M07_F10_KI05_14.mat,0.00027930589734633643,0.006025099884962522,0.0015088711330107367,0.07076745964839731,0.000646900444551054,0.020837789467477295,0.0005840362063762051,0.03300793355679322,0.00019672108465142247,0.0032112030842840907,0.0003636999864170225,0.07076745964839731
KI05,N15_M07_F10,1500.0,25.0,1,N15_M07_F10_KI05_15.mat,0.0002965143629058163,0.006772635454932637,0.0015320667533089782,0.07278669318869496,0.000666938436270787,0.017684036969486585,0.0005846150160391278,0.03001948515591707,0.0001891364192594901,0.004100204862308568,0.00036359769263005304,0.07278669318869496
KI05,N15_M07_F10,1500.0,25.0,1,N15_M07_F10_KI05_16.mat,0.0003040885312887033,0.008865256438286272,0.001541151692875801,0.07504136459906306,0.0006900601583576992,0.024436225039877617,0.0005829012280522954,0.026852722854515367,0.0001851567373909738,0.004583754751249876,0.00036358037468886865,0.07504136459906306
KI05,N15_M07_F10,1500.0,25.0,1,N15_M07_F10_KI05_17.mat,0.00029465251269933796,0.006301312750520041,0.0014982755067016558,0.07242943155212712,0.0006759881780968801,0.021987940298700135,0.0005938281465531155,0.02606152242360219,0.0001863092907204402,0.0037520560156566285,0.0003635918041259036,0.07242943155212712
KI05,N15_M07_F10,1500.0,25.0,1,N15_M07_F10_KI05_18.mat,0.0002945676146026447,0.007478754471450418,0.0015199738435101584,0.0741731252818631,0.0006828384178370341,0.020113581708657742,0.0005808623915868905,0.03724790797755414,0.00018873132053862993,0.00327575213879377,0.00036365746497810374,0.0741731252818631
KI05,N15_M07_F10,1500.0,25.0,1,N15_M07_F10_KI05_19.mat,0.00026664994998882555,0.009329232988799046,0.0015949722832172115,0.07167078115838427,0.0006738855915108027,0.020264555927770458,0.0005710829565487012,0.02648165466762613,0.00018831830556229927,0.004199797610286219,0.00036366124408814644,0.07167078115838427
KI05,N15_M07_F10,1500.0,25.0,1,N15_M07_F10_KI05_2.mat,0.0002926995624248851,0.006340385127256514,0.0015069068030812566,0.07675462762739807,0.0006647973085318011,0.021093599986667717,0.0005883007053305806,0.03453055960546444,0.0001893537062621377,0.003924778029619986,0.00036365876369295435,0.07675462762739807
KI05,N15_M07_F10,1500.0,25.0,1,N15_M07_F10_KI05_20.mat,0.0002792369811123575,0.006287746332232286,0.0015588875413585336,0.07895929137460407,0.0006961818253973035,0.01964975675541849,0.0005853096336601759,0.024888178576789717,0.0001845113415193312,0.003742042463613421,0.0003636018357609613,0.07895929137460407
KI05,N15_M07_F10,1500.0,25.0,1,N15_M07_F10_KI05_3.mat,0.00028067121913786776,0.006246600563341439,0.0015232965463710748,0.07621912255860411,0.0006705487676061977,0.021525269823114757,0.0005874972775545319,0.030977550504728,0.00019162692422307098,0.0036352798457447433,0.0003636678426875981,0.07621912255860411
KI05,N15_M07_F10,1500.0,25.0,1,N15_M07_F10_KI05_4.mat,0.00026255803750712596,0.007230077831042866,0.001558725355848052,0.07335098758130892,0.0006802192371905544,0.018893375999563044,0.000605681387901951,0.039308919706912755,0.00018300170233879586,0.004514711636308183,0.00036393816736717146,0.07335098758130892
KI05,N15_M07_F10,1500.0,25.0,1,N15_M07_F10_KI05_5.mat,0.00028588320294907585,0.010650544929629363,0.0015781102291488002,0.09180984716570216,0.0006848176662685999,0.024226261351936347,0.0005761308233121658,0.031796446454499014,0.0001872680299398246,0.003388506378407048,0.00036360055246476,0.09180984716570216
KI05,N15_M07_F10,1500.0,25.0,1,N15_M07_F10_KI05_6.mat,0.00027985696843925743,0.006975542978963857,0.0015061547426884476,0.07291919363311743,0.0006715598393772264,0.02561457775346537,0.0005882599076490674,0.03464726394623318,0.0001926688681055633,0.004189385666593674,0.0003637929619082816,0.07291919363311743
KI05,N15_M07_F10,1500.0,25.0,1,N15_M07_F10_KI05_7.mat,0.00028271428578804535,0.0065112023170751,0.0015487970047281692,0.0795658288616563,0.0006949807975643784,0.0200736442779154,0.0005931782840489368,0.03600036057474114,0.00018300848876958757,0.003625809219482314,0.0003650740671746321,0.0795658288616563
KI05,N15_M07_F10,1500.0,25.0,1,N15_M07_F10_KI05_8.mat,0.000274617881219335,0.004875130082372945,0.0016171705543419062,0.07599195451055285,0.0006652137403253196,0.020862944396695643,0.0005859719673349676,0.028859105110408536,0.00018232305727141626,0.0038269933150953876,0.00036494295936364223,0.07599195451055285
KI05,N15_M07_F10,1500.0,25.0,1,N15_M07_F10_KI05_9.mat,0.00029986531926788645,0.00677174494178336,0.001512350954589918,0.07667247467201227,0.0006716371610698698,0.032973737607404935,0.0005927383827402017,0.02732669989893298,0.0001908917899337392,0.0030911194248974773,0.0003643881905865157,0.07667247467201227
