Bearing,Condition,RPM,Rotation_Hz,Label,File,Order_0_20_Mean,Order_0_20_Max,Order_20_50_Mean,Order_20_50_Max,Order_50_100_Mean,Order_50_100_Max,Order_100_200_Mean,Order_100_200_Max,Order_200_400_Mean,Order_200_400_Max,Relative_STFT_Mean,Relative_STFT_Max
K001,N09_M07_F10,900.0,15.0,0,N09_M07_F10_K001_1.mat,6.088821671183359e-05,0.0013246625453694808,5.183649069192e-05,0.0005058704621321239,5.6819704107872273e-05,0.0005173220570332329,5.034833892851747e-05,0.0005604987271226528,5.815812116292112e-05,0.0008610026721084525,4.929180700091121e-05,0.0013246625453694808
K001,N09_M07_F10,900.0,15.0,0,N09_M07_F10_K001_10.mat,5.8740805740848584e-05,0.001126741238101196,4.458542916098829e-05,0.0004024413380961102,5.4638971239927e-05,0.0005214435322619991,5.0757524879323634e-05,0.0006651077532812755,5.483765166588739e-05,0.0008840331405451697,4.805801168366435e-05,0.001126741238101196
K001,N09_M07_F10,900.0,15.0,0,N09_M07_F10_K001_11.mat,5.789469934531737e-05,0.0010026881272476684,5.190817238093464e-05,0.0004713566111289372,5.505132199748044e-05,0.0005558453119277502,4.848659058379165e-05,0.0005088805830498346,5.647777899542466e-05,0.000849542178675718,4.795401234804572e-05,0.0010026881272476684
K001,N09_M07_F10,900.0,15.0,0,N09_M07_F10_K001_12.mat,5.8644972604021216e-05,0.0011244253153384685,4.532789531776158e-05,0.0005038415165105079,5.1074433154335987e-05,0.0005347071196510072,5.0655847599480256e-05,0.0007082882046436824,5.6117298934174545e-05,0.000823081863055585,4.784513695577632e-05,0.0011244253153384685
K001,N09_M07_F10,900.0,15.0,0,N09_M07_F10_K001_13.mat,5.313506479977969e-05,0.0009465479081347543,4.781898059549301e-05,0.00039175101750893345,5.536689764504236e-05,0.0005530565065976565,4.87904988637778e-05,0.0005075788797695903,5.545887160696459e-05,0.0012696583114046149,4.765348064814226e-05,0.0012696583114046149
K001,N09_M07_F10,900.0,15.0,0,N09_M07_F10_K001_14.mat,5.7620774561276114e-05,0.0013825147865998211,4.718033724657299e-05,0.00046856864448822477,5.37454130430637e-05,0.0005766979548478215,4.836611173699371e-05,0.00048258291698645265,5.614137357615814e-05,0.0008623746382418445,4.848122869415429e-05,0.0013825147865998211
K001,N09_M07_F10,900.0,15.0,0,N09_M07_F10_K001_15.mat,6.1031549877651895e-05,0.0008063932835726132,4.7989312544435324e-05,0.0005660188193860563,5.6756333951269216e-05,0.0004989228611606697,4.824086629022161e-05,0.0005213935293732426,5.725482279941868e-05,0.0010651364709796647,4.8271797472348254e-05,0.0010651364709796647
K001,N09_M07_F10,900.0,15.0,0,N09_M07_F10_K001_16.mat,5.980433369745475e-05,0.0009066668265692439,5.1411743615912214e-05,0.0005582634628803327,5.5139089906048184e-05,0.0007293778823154021,4.835192786749862e-05,0.0005213229165641159,5.5462986923361054e-05,0.0009215090805415769,4.823801243460272e-05,0.0009215090805415769
K001,N09_M07_F10,900.0,15.0,0,N09_M07_F10_K001_17.mat,6.273035576225256e-05,0.0015016733882665875,4.721849026766086e-05,0.00041896670205108995,5.171516479129119e-05,0.0007075479255629814,5.0054005467990656e-05,0.0005452053216825312,5.821721765349369e-05,0.0009059147812304494,4.8471308650665794e-05,0.0015016733882665875
K001,N09_M07_F10,900.0,15.0,0,N09_M07_F10_K001_18.mat,5.9193386545228376e-05,0.0011446224352435145,4.693552084819883e-05,0.0005141769490745207,5.325519965640398e-05,0.0005457863900889144,4.712173750152206e-05,0.0005223251051145716,5.673090052926091e-05,0.0010152907326237443,4.7969154226151694e-05,0.0011446224352435145
K001,N09_M07_F10,900.0,15.0,0,N09_M07_F10_K001_19.mat,6.055588314504449e-05,0.0009052432570292726,5.089850367930878e-05,0.00047917429703575473,5.4325407757700224e-05,0.0005209001570143937,4.863819942911289e-05,0.000522661392814464,5.615514184722085e-05,0.0008492234955623389,4.8447978732432324e-05,0.0009052432570292726
K001,N09_M07_F10,900.0,15.0,0,N09_M07_F10_K001_2.mat,6.230895109956166e-05,0.0011564897131247204,4.505177376346792e-05,0.0004501816949305061,5.601317073648446e-05,0.0005016197237199103,4.7930527303671474e-05,0.0007956388975580258,5.797431750975584e-05,0.0013025503521073812,4.856580100354916e-05,0.0013025503521073812
K001,N09_M07_F10,900.0,15.0,0,N09_M07_F10_K001_20.mat,5.7370459024728385e-05,0.0007871016072337299,4.812746943604338e-05,0.0004884278643164018,5.371699683848672e-05,0.0005387475679875537,4.990786601139128e-05,0.0004946315174742544,5.5228550190659024e-05,0.0011181125407980228,4.801036329599501e-05,0.0011181125407980228
K001,N09_M07_F10,900.0,15.0,0,N09_M07_F10_K001_3.mat,6.056572658193092e-05,0.001218864113790057,5.015144605355904e-05,0.000489149518781007,5.3212238848025476e-05,0.0005537087232140172,4.900924862345329e-05,0.0006209879244656477,5.596464085030079e-05,0.0011797567756726055,4.7602288414061814e-05,0.001218864113790057
K001,N09_M07_F10,900.0,15.0,0,N09_M07_F10_K001_4.mat,5.873986750300313e-05,0.0015082871447713146,4.872447208177422e-05,0.000680385708100163,5.45060618078206e-05,0.0004771035350103703,4.710206082642952e-05,0.0005182797843514416,5.6836710000741254e-05,0.0010688978116300564,4.788308564020353e-05,0.0015082871447713146
K001,N09_M07_F10,900.0,15.0,0,N09_M07_F10_K001_5.mat,6.61133808397454e-05,0.0012706370235226446,5.279186041199973e-05,0.0004597050684222769,5.4164689748089616e-05,0.0005751025505291843,5.067757759422777e-05,0.0006282780432924264,5.608714811276875e-05,0.0011262103619476454,4.8287135842689216e-05,0.0012706370235226446
K001,N09_M07_F10,900.0,15.0,0,N09_M07_F10_K001_6.mat,6.305011398513817e-05,0.0012069845437915987,4.8474241147775045e-05,0.0005023385100428967,5.421419229610537e-05,0.00041948243851859366,4.875667019400499e-05,0.00047845120180786525,5.735746917614679e-05,0.0008529420082762848,4.832213978947874e-05,0.0012069845437915987
K001,N09_M07_F10,900.0,15.0,0,N09_M07_F10_K001_7.mat,5.85171848943005e-05,0.001854875425969334,4.62052156577017e-05,0.0009042100014369808,5.5213294757256175e-05,0.0005928196009770869,4.864942911967345e-05,0.0004115228772185981,5.697463526295625e-05,0.0010240958881689867,4.850110463895767e-05,0.001854875425969334
K001,N09_M07_F10,900.0,15.0,0,N09_M07_F10_K001_8.mat,6.489460977482816e-05,0.0011754669611856328,4.7044003622417605e-05,0.0004265360709882144,5.2902583186293246e-05,0.0005195980250287267,4.974492098875079e-05,0.0006360769291189961,5.6905766456021987e-05,0.001050063051260528,4.846502938528354e-05,0.0011754669611856328
K001,N09_M07_F10,900.0,15.0,0,N09_M07_F10_K001_9.mat,6.207519539484606e-05,0.0013048971182539023,5.1351541332816873e-05,0.0007172212415138249,5.4450898741100464e-05,0.0005439887909788743,4.9824310030018425e-05,0.0005297431697123036,5.6551066947568685e-05,0.001072617019952728,4.8924869838741686e-05,0.0013048971182539023
K001,N15_M01_F10,1500.0,25.0,0,N15_M01_F10_K001_1.mat,5.533580553125794e-05,0.0011827393984577923,5.3427763111154164e-05,0.0005416088447853048,5.8509830918736545e-05,0.0007739593509954634,9.704417199947459e-05,0.004056152412445604,8.573879995102659e-05,0.0029633539304416883,5.7086222160822645e-05,0.004056152412445604
K001,N15_M01_F10,1500.0,25.0,0,N15_M01_F10_K001_10.mat,5.8462429130890155e-05,0.0012708978932654187,5.5747227377098195e-05,0.0006734392803115306,6.115846163139484e-05,0.0007325744267804707,0.00010139189766921182,0.0027718107870262315,9.066135309868818e-05,0.0026272716982021216,6.02532948116782e-05,0.0027718107870262315
K001,N15_M01_F10,1500.0,25.0,0,N15_M01_F10_K001_11.mat,5.245962644625993e-05,0.0009311676930368844,5.8263679544870245e-05,0.0008602538590838173,5.7303237646974273e-05,0.0012463332198327838,0.0001024183221838031,0.003851745412261682,9.302655033405329e-05,0.004011148870244094,5.8709043708247027e-05,0.004011148870244094
K001,N15_M01_F10,1500.0,25.0,0,N15_M01_F10_K001_12.mat,6.001866407409879e-05,0.0014235856384933216,5.607324220459599e-05,0.0005305780123091139,5.9704276907051647e-05,0.0006915349587856405,9.868493275074263e-05,0.003095702699231123,9.24387683718487e-05,0.003680743136116459,6.02945811954743e-05,0.003680743136116459
K001,N15_M01_F10,1500.0,25.0,0,N15_M01_F10_K001_13.mat,5.402551899821906e-05,0.0009148364331052618,5.270867459570539e-05,0.0008999605721616238,5.607393763625775e-05,0.0007923656698365452,9.894781587777799e-05,0.00264639956283793,8.87481754213351e-05,0.003184587687720748,5.749579679590787e-05,0.003184587687720748
K001,N15_M01_F10,1500.0,25.0,0,N15_M01_F10_K001_14.mat,5.724665253942133e-05,0.00085106960520346,5.4920771835610754e-05,0.0006072564821379597,5.824280875557146e-05,0.0009642102230977692,9.864719648732941e-05,0.0026735757394290346,9.17649604507614e-05,0.003949506943071003,5.953161608473868e-05,0.003949506943071003
K001,N15_M01_F10,1500.0,25.0,0,N15_M01_F10_K001_15.mat,5.5325623543332144e-05,0.0012150792036906926,5.6258980769002446e-05,0.0007431198918370097,5.860548232049798e-05,0.0006673998330169581,0.00010493593281825279,0.00447556039291289,9.268836422291629e-05,0.0030725353140740167,5.898871632795004e-05,0.00447556039291289
K001,N15_M01_F10,1500.0,25.0,0,N15_M01_F10_K001_16.mat,5.8496244172756e-05,0.0011517311692730047,5.495820760705283e-05,0.0005981068310458296,5.8068603580718636e-05,0.0008464634729934842,9.96296725104347e-05,0.0036830913613063497,9.334707790120633e-05,0.004094924584562801,5.957135700105976e-05,0.004094924584562801
K001,N15_M01_F10,1500.0,25.0,0,N15_M01_F10_K001_17.mat,6.0661660564110715e-05,0.001103550034246208,5.430428673426176e-05,0.0006545949960744243,5.7299775755280124e-05,0.0006636635632909674,9.66622950715373e-05,0.003508055655465344,9.055419182514297e-05,0.0028988012894463865,5.8411983880959635e-05,0.003508055655465344
K001,N15_M01_F10,1500.0,25.0,0,N15_M01_F10_K001_18.mat,5.560105882820362e-05,0.0010956040273696582,5.242530374584838e-05,0.0004987752964603941,5.7939339443740276e-05,0.0005883643651686022,9.810172529279251e-05,0.0028954173572457234,8.967398639469991e-05,0.0032243324387646773,5.7359179402471615e-05,0.0032243324387646773
K001,N15_M01_F10,1500.0,25.0,0,N15_M01_F10_K001_19.mat,5.994476182796586e-05,0.0011518753993908749,5.5478982886980755e-05,0.0006071372143184734,5.937596063047133e-05,0.0006408442373836283,0.00010158893254256071,0.0032448011377289635,9.267487098288934e-05,0.0026642958214535867,6.077109933553213e-05,0.0032448011377289635
K001,N15_M01_F10,1500.0,25.0,0,N15_M01_F10_K001_2.mat,5.989226666826145e-05,0.0018751818744898409,5.7994964395373585e-05,0.0007683620247282009,6.144519926621713e-05,0.0008660011242561548,9.795783982740036e-05,0.0064149083490809755,8.94321113161758e-05,0.002677648403467128,5.979756833929763e-05,0.0064149083490809755
K001,N15_M01_F10,1500.0,25.0,0,N15_M01_F10_K001_20.mat,5.8429875146663077e-05,0.0009266976421463198,5.54646703603924e-05,0.0006437161546321157,5.895365361536828e-05,0.0008459054152324127,0.00010061704188364272,0.0032237650988346236,9.255635876478296e-05,0.0033081012947569575,6.049724359868943e-05,0.0033081012947569575
K001,N15_M01_F10,1500.0,25.0,0,N15_M01_F10_K001_3.mat,6.167739602398243e-05,0.0013280995123063168,5.6881398583056595e-05,0.0007314872095960248,5.910908272462581e-05,0.0005848895250844094,9.865511714654195e-05,0.0028497477115303183,9.143936642103281e-05,0.0034505032162517302,6.006969017716341e-05,0.0034505032162517302
K001,N15_M01_F10,1500.0,25.0,0,N15_M01_F10_K001_4.mat,5.49002500791316e-05,0.0013859597704466175,5.286416054850466e-05,0.0007053546882202621,5.6260793196574645e-05,0.0006501198899701195,9.819274577101615e-05,0.0031826045196881145,8.735553369640668e-05,0.0034960439240229253,5.7065985504289e-05,0.0034960439240229253
K001,N15_M01_F10,1500.0,25.0,0,N15_M01_F10_K001_5.mat,5.5543546764064823e-05,0.0013865363997199148,5.333049666748926e-05,0.0010720868194467712,5.694349271481339e-05,0.0007399267748263295,9.692827045646349e-05,0.0038059426535617053,8.94128810795796e-05,0.004517916689533813,5.7843534393105954e-05,0.004517916689533813
K001,N15_M01_F10,1500.0,25.0,0,N15_M01_F10_K001_6.mat,5.407750381966629e-05,0.0012044118794047438,5.239756270707505e-05,0.0005168050418008517,5.803400325132687e-05,0.0006034290451339213,9.824020345211279e-05,0.005566550186981738,8.810926765656009e-05,0.0032777514888072817,5.6951081311272295e-05,0.005566550186981738
K001,N15_M01_F10,1500.0,25.0,0,N15_M01_F10_K001_7.mat,5.608934627175282e-05,0.0010100075975901055,5.1805062069942186e-05,0.0006043983612059828,5.916281966764447e-05,0.0008459607475223788,9.692289858939889e-05,0.0025263473772498962,8.941064596258911e-05,0.0027725845384001142,5.788173843649714e-05,0.0027725845384001142
K001,N15_M01_F10,1500.0,25.0,0,N15_M01_F10_K001_8.mat,5.717544875713998e-05,0.000969834536871165,5.205326436803584e-05,0.0004963250366001654,5.692089920027501e-05,0.0005324321807837664,9.792707108355161e-05,0.0035597696147092375,8.830417328700016e-05,0.0028056979361284966,5.7291409658097935e-05,0.0035597696147092375
K001,N15_M01_F10,1500.0,25.0,0,N15_M01_F10_K001_9.mat,5.1885116980225733e-05,0.0011809498369499685,5.378778216395518e-05,0.00058805357930797,5.467617584669995e-05,0.0007507388054605574,9.728891164549304e-05,0.0033777125238807024,8.806912977143486e-05,0.0052411829086538,5.6491599804643567e-05,0.0052411829086538
K001,N15_M07_F04,1500.0,25.0,0,N15_M07_F04_K001_1.mat,6.038131925257787e-05,0.0011049853991615928,5.6962656063591767e-05,0.0007010230165560016,6.34700663827577e-05,0.000985927942275786,0.00010396137511218024,0.002849075198659722,7.086803585332634e-05,0.001248175306608723,5.839531250174669e-05,0.002849075198659722
K001,N15_M07_F04,1500.0,25.0,0,N15_M07_F04_K001_10.mat,6.075896562345607e-05,0.0013347120032283796,5.7493672313043426e-05,0.0005859519048402496,6.253038522034141e-05,0.0006973837072078916,0.00010419591341855053,0.0027930467653260074,7.185776246265992e-05,0.0015708669797593392,5.893507165807385e-05,0.0027930467653260074
K001,N15_M07_F04,1500.0,25.0,0,N15_M07_F04_K001_11.mat,6.0719355309414526e-05,0.0010212573364475675,6.0613528208997135e-05,0.0007832768523483569,6.344227690128278e-05,0.0006899086586248849,0.00010702622431442045,0.003925829321301342,7.04345660873217e-05,0.0018909300241972832,5.8512459924864996e-05,0.003925829321301342
K001,N15_M07_F04,1500.0,25.0,0,N15_M07_F04_K001_12.mat,5.87629651648254e-05,0.0009186809930758765,5.4950844093935564e-05,0.0007280466521138328,5.907747931512443e-05,0.0007683385784332203,0.0001022419971271343,0.0027791878173258687,6.861491377295893e-05,0.0012298834869478525,5.537615456636207e-05,0.0027791878173258687
K001,N15_M07_F04,1500.0,25.0,0,N15_M07_F04_K001_13.mat,5.881883034378551e-05,0.001398071647414486,5.420432070367427e-05,0.000913815014648618,6.306093646891256e-05,0.0007916825606397437,0.00010110510899009774,0.00281574423147564,6.891236995708213e-05,0.0013795021138450173,5.6055525908362667e-05,0.00281574423147564
K001,N15_M07_F04,1500.0,25.0,0,N15_M07_F04_K001_14.mat,5.696499528414702e-05,0.0012048627064087842,5.4157491574427e-05,0.0007543164285206284,5.974660859729558e-05,0.0007300766334847039,0.00010139431069496541,0.002897226280703185,6.769009916712767e-05,0.001616180055942998,5.5193329475266194e-05,0.002897226280703185
K001,N15_M07_F04,1500.0,25.0,0,N15_M07_F04_K001_15.mat,6.171325068678676e-05,0.001173538036548406,5.997659632882492e-05,0.0005953866044815938,6.485960841898141e-05,0.0006953255029892247,0.00010620510025884259,0.003671516706097058,7.255961539343682e-05,0.0014232671205996715,5.961007943742594e-05,0.003671516706097058
K001,N15_M07_F04,1500.0,25.0,0,N15_M07_F04_K001_16.mat,6.073926268616977e-05,0.0009871872198735456,5.6109428782752334e-05,0.0005953726927086256,5.947200053102217e-05,0.0007665297630173334,0.0001009429403749454,0.0030328042573615336,6.739614695295679e-05,0.0014936066890796236,5.549860089811602e-05,0.0030328042573615336
K001,N15_M07_F04,1500.0,25.0,0,N15_M07_F04_K001_17.mat,6.024712511156423e-05,0.001798963848369654,5.6414345925901794e-05,0.0006125443411053559,5.743874026699349e-05,0.0005625516224662975,0.00010308056408348223,0.0027860614912220342,6.689387565019603e-05,0.0014102872418014114,5.452524967508324e-05,0.0027860614912220342
K001,N15_M07_F04,1500.0,25.0,0,N15_M07_F04_K001_18.mat,6.430549231545141e-05,0.0011138143285838273,6.170374048263947e-05,0.0007225457232088498,6.02492900773253e-05,0.0007463944125685815,0.00010533909864325362,0.0025947439814036307,7.061818030986924e-05,0.0016536296757749189,5.826874380808197e-05,0.0025947439814036307
K001,N15_M07_F04,1500.0,25.0,0,N15_M07_F04_K001_19.mat,5.546763956010635e-05,0.0008887613062074204,5.949924302832848e-05,0.0009239888817575349,6.223433601875948e-05,0.0007354377288018846,0.00010576657552651908,0.003553407296880393,6.971403749277706e-05,0.0020726210814909374,5.758677614580098e-05,0.003553407296880393
K001,N15_M07_F04,1500.0,25.0,0,N15_M07_F04_K001_2.mat,5.744190540724004e-05,0.0014829425483345532,5.4485672937859595e-05,0.0008299140777981122,5.972584507360597e-05,0.0007396429220534498,0.00010064954435271383,0.002166283020897994,6.835661856893625e-05,0.0014034396359087075,5.51194368721967e-05,0.002166283020897994
K001,N15_M07_F04,1500.0,25.0,0,N15_M07_F04_K001_20.mat,6.21066491760458e-05,0.0009992522276200278,5.1400856376231155e-05,0.0004742748970803524,6.117429692822704e-05,0.0007450174167933293,0.00010565788582861017,0.004424855316702658,6.687298154412023e-05,0.0014839404812207985,5.5131347457079226e-05,0.004424855316702658
K001,N15_M07_F04,1500.0,25.0,0,N15_M07_F04_K001_3.mat,6.175691329781972e-05,0.0013239996427201024,5.6085076904480474e-05,0.0006934492366087963,6.153405744738078e-05,0.0007084717041460532,0.00010427603019129706,0.003314109674198517,7.044140523819344e-05,0.002024931266924613,5.781468910216565e-05,0.003314109674198517
K001,N15_M07_F04,1500.0,25.0,0,N15_M07_F04_K001_4.mat,6.242054098039372e-05,0.0011412672707218669,5.81607006126357e-05,0.000679160169774045,6.116539134141248e-05,0.00064312098926672,0.00010629332790180638,0.003414094305634086,6.916872994418261e-05,0.0013681988595588646,5.7678697336849396e-05,0.003414094305634086
K001,N15_M07_F04,1500.0,25.0,0,N15_M07_F04_K001_5.mat,5.9640946513407316e-05,0.0015088689398590832,5.582071207299438e-05,0.0010985304937565369,6.182823132986137e-05,0.0007943618235980937,0.0001040438673068313,0.0031462223202389458,6.80992353889504e-05,0.00157041723413351,5.649711071637621e-05,0.0031462223202389458
K001,N15_M07_F04,1500.0,25.0,0,N15_M07_F04_K001_6.mat,5.806697298622376e-05,0.0008989176756422312,5.7623251865562864e-05,0.0008351593451171995,6.038038748553171e-05,0.00070148304543106,0.00010473457806831136,0.002696139091944706,7.103739872269924e-05,0.001455421474768271,5.7700896701510956e-05,0.002696139091944706
K001,N15_M07_F04,1500.0,25.0,0,N15_M07_F04_K001_7.mat,6.630766670221316e-05,0.0013395566126610632,5.8817040654030994e-05,0.0005334343508372139,6.35451941618023e-05,0.0008145847618383524,0.00010863643155887111,0.0030177953128867016,7.159259854681194e-05,0.0013983745897904142,5.9846451614871485e-05,0.0030177953128867016
K001,N15_M07_F04,1500.0,25.0,0,N15_M07_F04_K001_8.mat,6.068099973859588e-05,0.0010647986217314316,5.662129967689132e-05,0.0006883003336590621,6.229845759614161e-05,0.0008195557032338867,0.00010410986001811006,0.003205648533861287,6.97754389222954e-05,0.0018017600642189328,5.708993806573026e-05,0.003205648533861287
K001,N15_M07_F04,1500.0,25.0,0,N15_M07_F04_K001_9.mat,5.628272933002964e-05,0.001299889605003603,5.6188941987230235e-05,0.0005682797969624318,5.889679740785981e-05,0.0007549654963273341,0.00010428924692174117,0.0050554004206705,6.782297216832748e-05,0.0015730550108175418,5.531744615682223e-05,0.0050554004206705
K001,N15_M07_F10,1500.0,25.0,0,N15_M07_F10_K001_1.mat,6.041217193236599e-05,0.00110605902035493,5.74439429684426e-05,0.0009724028703075937,5.9257916024986534e-05,0.0006990156047114207,0.00010077094527199332,0.002765250640521291,9.27573594379975e-05,0.003655975377868731,6.014450285996197e-05,0.003655975377868731
K001,N15_M07_F10,1500.0,25.0,0,N15_M07_F10_K001_10.mat,5.944190545137139e-05,0.001189137955368164,5.9142537637396846e-05,0.0008933002026830816,6.096573274745111e-05,0.0006575504009024031,0.00010253143711062402,0.00415970300611575,9.428150514154705e-05,0.0032260276920465596,6.111021367540562e-05,0.00415970300611575
K001,N15_M07_F10,1500.0,25.0,0,N15_M07_F10_K001_11.mat,6.267042157746313e-05,0.0013677782764560812,5.7299751708178656e-05,0.0006117271625770395,5.956847858222249e-05,0.0006520198316456918,9.700596871459385e-05,0.0024948894483227133,9.43806820208127e-05,0.0029547894467475324,6.056117670114964e-05,0.0029547894467475324
K001,N15_M07_F10,1500.0,25.0,0,N15_M07_F10_K001_12.mat,5.8182222317667354e-05,0.0014281941557157955,5.426112445265211e-05,0.000560106619924762,5.627513208661013e-05,0.0008353433213673955,9.739372881255807e-05,0.004798467570969456,8.876217236421353e-05,0.002410150580553137,5.701174821956521e-05,0.004798467570969456
K001,N15_M07_F10,1500.0,25.0,0,N15_M07_F10_K001_13.mat,5.912840712833228e-05,0.0011507756394814686,5.471195193266084e-05,0.000508640910359081,5.867036593082357e-05,0.0008337283950548304,0.00010121598307605844,0.0033501394559068472,9.337684335838083e-05,0.003808395145582453,5.9597547355369293e-05,0.003808395145582453
K001,N15_M07_F10,1500.0,25.0,0,N15_M07_F10_K001_14.mat,6.0866331672754036e-05,0.0014251771970292659,5.406406626581368e-05,0.0008242031391117028,5.596692137358909e-05,0.0006880474452230365,9.713159475847226e-05,0.0030441533631937402,9.290416524372939e-05,0.004157812909336818,5.8887457350382745e-05,0.004157812909336818
K001,N15_M07_F10,1500.0,25.0,0,N15_M07_F10_K001_15.mat,6.300458198019736e-05,0.0016287944645224548,5.3686175841930623e-05,0.0006007747059358459,5.948900900967811e-05,0.0007039510112274363,0.00010052700928853867,0.00252085957063614,9.266415151045767e-05,0.0026677598802555044,6.0424543311170985e-05,0.0026677598802555044
K001,N15_M07_F10,1500.0,25.0,0,N15_M07_F10_K001_16.mat,5.855617666136698e-05,0.0012413328184083965,5.4925829272356486e-05,0.0005573892223533332,5.646348559672178e-05,0.0006760794602789656,0.00010033709684043606,0.0051382214254907755,9.204709365977711e-05,0.003667546369418432,5.8615182325321684e-05,0.0051382214254907755
K001,N15_M07_F10,1500.0,25.0,0,N15_M07_F10_K001_17.mat,5.5541767062182065e-05,0.0013417344948776953,5.537155455083954e-05,0.0008060926889474008,5.809561144894765e-05,0.0006264835139735633,0.0001013176566272769,0.0030905188420445534,9.313788421170688e-05,0.00517609644047661,5.815648112186289e-05,0.00517609644047661
K001,N15_M07_F10,1500.0,25.0,0,N15_M07_F10_K001_18.mat,5.930468231517717e-05,0.0012126301002000498,5.518163140822357e-05,0.00046664442955557844,5.8395039143223506e-05,0.0006615035837722359,9.670073778960112e-05,0.0029869280906169053,9.095337964864772e-05,0.003138828630196265,5.875689314809472e-05,0.003138828630196265
K001,N15_M07_F10,1500.0,25.0,0,N15_M07_F10_K001_19.mat,6.064305948744002e-05,0.0015849795446516112,5.3964928693524806e-05,0.0006542905283638593,6.129617068470551e-05,0.0007035638556292574,0.00010114402390747086,0.0031827685014260195,9.222779941223287e-05,0.0023312741682113007,5.967050962043752e-05,0.0031827685014260195
K001,N15_M07_F10,1500.0,25.0,0,N15_M07_F10_K001_2.mat,5.8542111706790624e-05,0.0014601373066858065,5.432325678763226e-05,0.0007145565187630398,5.819323511097363e-05,0.0008137486573154291,9.904196922479472e-05,0.003070602578994622,8.900585371255722e-05,0.0025714865419285437,5.7046242815008344e-05,0.003070602578994622
K001,N15_M07_F10,1500.0,25.0,0,N15_M07_F10_K001_20.mat,6.107193644838564e-05,0.0015057768328573234,5.643265575489185e-05,0.0006157007175871786,5.702909710045099e-05,0.001201817571524248,0.00010039661003584381,0.0034712605695420224,9.40916948904353e-05,0.0025434594963573377,5.971358839041726e-05,0.0034712605695420224
K001,N15_M07_F10,1500.0,25.0,0,N15_M07_F10_K001_3.mat,5.8264816771007995e-05,0.0016329447157982428,5.413552709288453e-05,0.0008394592833563243,5.650853674534771e-05,0.0007007101803469901,0.00010332145713865479,0.004834020425366044,9.206736811077913e-05,0.0032867188420545347,5.874774224350858e-05,0.004834020425366044
K001,N15_M07_F10,1500.0,25.0,0,N15_M07_F10_K001_4.mat,5.856586490327254e-05,0.001381166667117041,5.663432952289495e-05,0.0007034972366940557,5.775119065797652e-05,0.001006607488571141,0.00010486042998461983,0.003963941462485296,9.090457419476751e-05,0.002918220378301708,5.800842795444495e-05,0.003963941462485296
K001,N15_M07_F10,1500.0,25.0,0,N15_M07_F10_K001_5.mat,5.857850816322545e-05,0.0012874672426377554,5.345127821691232e-05,0.0005436609832971023,5.6164985342734705e-05,0.00105374564151314,9.538843927962658e-05,0.002854960604813709,8.953164065782888e-05,0.0037908653451502183,5.6865734674100044e-05,0.0037908653451502183
K001,N15_M07_F10,1500.0,25.0,0,N15_M07_F10_K001_6.mat,6.102898729067251e-05,0.0013816149776764196,5.88323416317324e-05,0.0006749309435508375,6.0371467440116774e-05,0.0006252892974003226,9.743472489249885e-05,0.0028532211436270963,9.167338914345321e-05,0.0029644458485897276,6.02741723632057e-05,0.0029644458485897276
K001,N15_M07_F10,1500.0,25.0,0,N15_M07_F10_K001_7.mat,5.769898751475467e-05,0.001319523526499654,5.7396673281071626e-05,0.0006896330247260065,6.175810083896496e-05,0.0007678921886175472,0.00010145924853252299,0.0026705167197766154,9.470706832876365e-05,0.003188078770582386,6.099657237101366e-05,0.003188078770582386
K001,N15_M07_F10,1500.0,25.0,0,N15_M07_F10_K001_8.mat,5.631246089266611e-05,0.0010616803339663196,5.3777180395204766e-05,0.0008228278558041991,5.568655260673443e-05,0.000773160019077601,9.591171553968654e-05,0.003754963153691191,8.694833915233117e-05,0.003056406825351577,5.562792173278889e-05,0.003754963153691191
K001,N15_M07_F10,1500.0,25.0,0,N15_M07_F10_K001_9.mat,6.0779540178786916e-05,0.0014245445439343412,5.76769014010719e-05,0.0008080746371299912,6.202125412926767e-05,0.0007381789650310431,9.931230934013154e-05,0.0029136596160986264,9.349970208033218e-05,0.0032735315190233726,6.066498949052193e-05,0.0032735315190233726
K002,N09_M07_F10,900.0,15.0,0,N09_M07_F10_K002_1.mat,1.6313581434257123e-05,0.00032550966682227115,1.3923638033029788e-05,0.0001589357362925634,2.156768150341286e-05,0.0003559574163225746,1.2266508012292095e-05,0.00016586687414147486,1.484612936585883e-05,0.0005835836088912732,1.1625470206916466e-05,0.0005835836088912732
K002,N09_M07_F10,900.0,15.0,0,N09_M07_F10_K002_10.mat,1.5703211997737967e-05,0.00038088443050660336,1.2168001939479496e-05,0.00014754622113349292,1.9569128495298215e-05,0.00028907524214790196,1.147429003517096e-05,0.00021581362413791784,1.5114972383985251e-05,0.0004237100917879571,1.1302315710900182e-05,0.0004237100917879571
K002,N09_M07_F10,900.0,15.0,0,N09_M07_F10_K002_11.mat,1.8405742380707026e-05,0.0003519618807062122,1.3949262540998378e-05,0.0001997335246555328,1.998674836999375e-05,0.0003397751476463497,1.1572660553593996e-05,0.00014363294182252251,1.5216027971030956e-05,0.00036755904089238176,1.1373465152494726e-05,0.00036755904089238176
K002,N09_M07_F10,900.0,15.0,0,N09_M07_F10_K002_12.mat,1.6465629114753404e-05,0.0006409750403756406,1.2168545559057351e-05,0.0001572149790400016,1.965889138533433e-05,0.0004279087690669742,1.167379740030369e-05,0.00015885971035692697,1.4282201825250456e-05,0.00031616065231598384,1.1106355601568303e-05,0.0006409750403756406
K002,N09_M07_F10,900.0,15.0,0,N09_M07_F10_K002_13.mat,1.5364045179238084e-05,0.0003228289909686317,1.2629355833749832e-05,0.00014100823155627811,1.886641506807598e-05,0.00025086212591147994,1.180416603302158e-05,0.0001783153865108449,1.4758507391284864e-05,0.0005510885044889296,1.1068592591670799e-05,0.0005510885044889296
K002,N09_M07_F10,900.0,15.0,0,N09_M07_F10_K002_14.mat,1.610448449760902e-05,0.0003827630221231079,1.262166815342233e-05,0.0001383830106463308,2.0500507611900183e-05,0.00034036980296511506,1.1876641126471826e-05,0.00015383126521637634,1.5196788320712434e-05,0.0004606733322415807,1.1197254476082836e-05,0.0004606733322415807
K002,N09_M07_F10,900.0,15.0,0,N09_M07_F10_K002_15.mat,1.616542144886779e-05,0.0002974766904894094,1.2974047720702701e-05,0.00019633925422456722,2.1159734372706257e-05,0.0002632570720020443,1.168108769546209e-05,0.00017224169370394485,1.4494591855301453e-05,0.0004963115593593285,1.1360721643999087e-05,0.0004963115593593285
K002,N09_M07_F10,900.0,15.0,0,N09_M07_F10_K002_16.mat,1.6710985389959175e-05,0.0003182911755893498,1.2705500145384292e-05,0.00018962142746000116,2.084961814190499e-05,0.00029047905412633423,1.1902692033938793e-05,0.00016790560300716488,1.4472635332785901e-05,0.00039685996499771574,1.1200476319475798e-05,0.00039685996499771574
K002,N09_M07_F10,900.0,15.0,0,N09_M07_F10_K002_17.mat,1.690979102412265e-05,0.00042211962728635544,1.2550902057722294e-05,0.00016838681596638858,1.9818026102404284e-05,0.00034353826805090277,1.1971848368681942e-05,0.00015916134160877355,1.503166108896397e-05,0.0004702083295137305,1.1123624266702349e-05,0.0004702083295137305
K002,N09_M07_F10,900.0,15.0,0,N09_M07_F10_K002_18.mat,1.5193023556609823e-05,0.00044511841065331196,1.2565492106125873e-05,0.00017426875828320694,2.160492031475331e-05,0.00035352270415209595,1.1979552560963543e-05,0.00016690526704767243,1.4755351399898344e-05,0.00039929820279956737,1.1419988842278575e-05,0.00044511841065331196
K002,N09_M07_F10,900.0,15.0,0,N09_M07_F10_K002_19.mat,1.676760860037477e-05,0.00043980087683313985,1.2841052048302676e-05,0.00013851304011636788,1.9444329854360076e-05,0.0003026609546673106,1.1935411166546342e-05,0.0001810241422596139,1.5145272510271386e-05,0.00043676881452850853,1.103677879635423e-05,0.00043980087683313985
K002,N09_M07_F10,900.0,15.0,0,N09_M07_F10_K002_2.mat,1.683753282249252e-05,0.00040340949766442267,1.2560120585706368e-05,0.0001460140697269862,2.0059142228000508e-05,0.0004163665027442122,1.1076516612636495e-05,0.00015096165557121474,1.697686367132161e-05,0.0004996853486652338,1.1355310474458887e-05,0.0004996853486652338
K002,N09_M07_F10,900.0,15.0,0,N09_M07_F10_K002_20.mat,1.6130034828186748e-05,0.00038345664791846645,1.2015744591804527e-05,0.0001346512871233602,2.002109810191284e-05,0.00023120915962393743,1.102014590545802e-05,0.00014154898986532647,1.4298435050229385e-05,0.0005028320082481736,1.0973260824801943e-05,0.0005028320082481736
K002,N09_M07_F10,900.0,15.0,0,N09_M07_F10_K002_3.mat,1.5729882696451097e-05,0.0003065394464024774,1.2724961503655454e-05,0.00014242517724190828,1.8864550264985017e-05,0.0003396341327235793,1.1437312285031638e-05,0.00017774668664145287,1.561668143942374e-05,0.00042876281710466975,1.1293013209678841e-05,0.00042876281710466975
K002,N09_M07_F10,900.0,15.0,0,N09_M07_F10_K002_4.mat,1.6423691350020457e-05,0.0003282613760156344,1.2743158756691827e-05,0.00013166516902370887,2.022543944195382e-05,0.00025323016799594844,1.1906145355813687e-05,0.0001305980235748142,1.4433098902566496e-05,0.0003958592672152697,1.1207807683383055e-05,0.0003958592672152697
K002,N09_M07_F10,900.0,15.0,0,N09_M07_F10_K002_5.mat,1.666797757166519e-05,0.00033742227184656434,1.3061273933159318e-05,0.00016271793176765128,2.08933314818252e-05,0.00033654272570863056,1.2087156164484787e-05,0.00014127771523617054,1.4289134205049502e-05,0.00036529050287211504,1.1346201203066408e-05,0.00036529050287211504
K002,N09_M07_F10,900.0,15.0,0,N09_M07_F10_K002_6.mat,1.5297904069828148e-05,0.0003883316322665275,1.3725471026834195e-05,0.00018713580642427998,1.789650658603268e-05,0.00026355815463051396,1.1475677335872702e-05,0.00015128154045377604,1.5429423198096827e-05,0.0004246752221018723,1.1182952905744377e-05,0.0004246752221018723
K002,N09_M07_F10,900.0,15.0,0,N09_M07_F10_K002_7.mat,1.7279672151444002e-05,0.0004517592057032482,1.3505688092573715e-05,0.00016135217272199873,2.037351656507638e-05,0.0003323335205472818,1.1867774342107757e-05,0.00016274747661242946,1.5043292082879328e-05,0.0004394341635446741,1.1443939570097459e-05,0.0004517592057032482
K002,N09_M07_F10,900.0,15.0,0,N09_M07_F10_K002_8.mat,1.6418323439060895e-05,0.0003941413332912839,1.327468866104688e-05,0.00018469122908626164,1.8377244040031032e-05,0.00027502511663597554,1.1775403260798767e-05,0.00018017191070067987,1.5264230160356995e-05,0.00043594575452114763,1.1225221182187334e-05,0.00043594575452114763
K002,N09_M07_F10,900.0,15.0,0,N09_M07_F10_K002_9.mat,1.598082110731069e-05,0.00036128103673490535,1.2659490821748855e-05,0.0001428344277744111,1.9855024421816615e-05,0.000262696166241233,1.1831330963280879e-05,0.00016439738856931894,1.4689992474756166e-05,0.0005688187855572534,1.1322306197060634e-05,0.0005688187855572534
K002,N15_M01_F10,1500.0,25.0,0,N15_M01_F10_K002_1.mat,1.5230322914712473e-05,0.00034241064499183053,2.9436161779868765e-05,0.0007985884675235011,0.00010606393577744325,0.0046870154041669075,3.925921949791421e-05,0.00200247597625184,3.676106841293627e-05,0.002716966172952389,2.043755693898322e-05,0.0046870154041669075
K002,N15_M01_F10,1500.0,25.0,0,N15_M01_F10_K002_10.mat,1.5607371870789436e-05,0.0005274993503169467,2.6664031168007178e-05,0.0005053961378039982,9.68792308551024e-05,0.003480838048841641,3.7874863968622004e-05,0.0017163076052072257,3.3727440252661825e-05,0.002859243183830229,1.9689114425639158e-05,0.003480838048841641
K002,N15_M01_F10,1500.0,25.0,0,N15_M01_F10_K002_11.mat,1.4741608244592613e-05,0.00029284988414646755,2.8053566802924668e-05,0.0006318069081494399,9.532743542842788e-05,0.004350559038871299,3.760303316675331e-05,0.0020272772845900027,3.3679077539846885e-05,0.002133417964727844,1.9376968771234456e-05,0.004350559038871299
K002,N15_M01_F10,1500.0,25.0,0,N15_M01_F10_K002_12.mat,1.644352156605312e-05,0.00037291257724030453,2.9415639655039896e-05,0.0006960531136962202,0.00011178485653733639,0.0038302734390548566,4.0589984303394786e-05,0.0025470619196492615,3.3547205522612596e-05,0.0019981311580773674,2.078734941174013e-05,0.0038302734390548566
K002,N15_M01_F10,1500.0,25.0,0,N15_M01_F10_K002_13.mat,1.5141529391920615e-05,0.000342343492903469,2.7772275519295883e-05,0.0005810748351424201,0.00010593809598221943,0.00370709908459354,3.832540181922716e-05,0.0019503581032329642,3.1544121079905726e-05,0.002369378000385017,1.978715235150665e-05,0.00370709908459354
K002,N15_M01_F10,1500.0,25.0,0,N15_M01_F10_K002_14.mat,1.483886325046192e-05,0.00037271931336554806,2.7188648745973596e-05,0.0005440562184806582,9.915270330243234e-05,0.0036825758191031542,4.136060605632028e-05,0.0029093461866132636,3.3447199336340064e-05,0.0020833848502060915,1.994931092674382e-05,0.0036825758191031542
K002,N15_M01_F10,1500.0,25.0,0,N15_M01_F10_K002_15.mat,1.567660117497474e-05,0.0003339288816081828,2.6944445260383002e-05,0.0004710956758154582,0.00011374130788484812,0.0033118123572812162,3.800380661396953e-05,0.0014858580495626646,3.292274634378319e-05,0.0023242180665374117,2.0210323162132963e-05,0.0033118123572812162
K002,N15_M01_F10,1500.0,25.0,0,N15_M01_F10_K002_16.mat,1.5380745435625274e-05,0.00030188146525805506,2.646896980377551e-05,0.0005212025724309822,0.00010210327114921817,0.0037445720681374235,4.407158227472108e-05,0.002264905166254278,3.277630694156633e-05,0.002206191166776114,2.018827238670062e-05,0.0037445720681374235
K002,N15_M01_F10,1500.0,25.0,0,N15_M01_F10_K002_17.mat,1.5938859021857565e-05,0.0003916356299361138,2.865427651651439e-05,0.0006548606591972591,0.0001055270696947517,0.0033979033279861594,3.7849407933592074e-05,0.0013579882709581954,3.325294563782897e-05,0.0024388827741007937,2.030218109886875e-05,0.0033979033279861594
K002,N15_M01_F10,1500.0,25.0,0,N15_M01_F10_K002_18.mat,1.4775507579302148e-05,0.00037035610690292826,2.790170244401838e-05,0.0004669704281162744,0.00011723554123796892,0.0033811517496012845,3.889479613429464e-05,0.0013655861571354021,3.1403552857831744e-05,0.0015227262097903909,2.0469322724106458e-05,0.0033811517496012845
K002,N15_M01_F10,1500.0,25.0,0,N15_M01_F10_K002_19.mat,1.543729972019971e-05,0.00047933024690753384,2.999988257138742e-05,0.0006770237686768105,0.00010180867009308588,0.003712639100769287,3.736889280132364e-05,0.0020172220775036436,3.236423950135893e-05,0.0022695485795792497,1.9469838480492604e-05,0.003712639100769287
K002,N15_M01_F10,1500.0,25.0,0,N15_M01_F10_K002_2.mat,1.5415166085832472e-05,0.00032819942292094484,2.951212316384111e-05,0.0006730499442754767,0.00010029000382339114,0.003928094613516326,3.801358668345336e-05,0.0017951652901494796,3.0183745765111214e-05,0.0016326050165827923,1.9204107733947446e-05,0.003928094613516326
K002,N15_M01_F10,1500.0,25.0,0,N15_M01_F10_K002_20.mat,1.5328705157925175e-05,0.00037228447566429687,2.8905752275048873e-05,0.0006135081273742725,0.00010231576109810403,0.003466478417069189,3.939510101905435e-05,0.0015250469357649039,3.2749007582809876e-05,0.0025212933756942543,1.9809036745691582e-05,0.003466478417069189
K002,N15_M01_F10,1500.0,25.0,0,N15_M01_F10_K002_3.mat,1.511321526713608e-05,0.0003771233226381909,2.8901177248099664e-05,0.0006239557597454837,9.893249704493412e-05,0.004277678301367929,3.880577909725165e-05,0.0022449548203967583,3.6687766231351246e-05,0.002769074815661441,2.0270309643194793e-05,0.004277678301367929
K002,N15_M01_F10,1500.0,25.0,0,N15_M01_F10_K002_4.mat,1.578939985744833e-05,0.00040213643754548366,2.925689417805387e-05,0.000554518595589399,0.00010282096921846722,0.004191359670994709,3.801222653357715e-05,0.0017132247569576558,3.81932959494352e-05,0.00351107726025475,2.0926637586309374e-05,0.004191359670994709
K002,N15_M01_F10,1500.0,25.0,0,N15_M01_F10_K002_5.mat,1.6072443560177423e-05,0.0003434354445123176,3.365160873147061e-05,0.0008387835220170719,0.00010344569025664787,0.0042127042247592115,3.9498416131607736e-05,0.0027180667363845773,3.658745320143865e-05,0.0031350749782710517,2.1111601194645816e-05,0.0042127042247592115
K002,N15_M01_F10,1500.0,25.0,0,N15_M01_F10_K002_6.mat,1.5545115721381866e-05,0.00036638062605193536,3.042457351598972e-05,0.0005711773835605637,0.00010582485403010966,0.004223747312493421,3.867449211408257e-05,0.0015926372274661924,3.7468512859656105e-05,0.003381800626012186,2.108711067865893e-05,0.004223747312493421
K002,N15_M01_F10,1500.0,25.0,0,N15_M01_F10_K002_7.mat,1.4606136914744276e-05,0.0003661132321225961,2.936251336735282e-05,0.0005556698368819884,0.00010241711576760428,0.003977963587139657,3.918163805242003e-05,0.002019914696737719,3.33292202550239e-05,0.0019722251911839634,2.0239767157750432e-05,0.003977963587139657
K002,N15_M01_F10,1500.0,25.0,0,N15_M01_F10_K002_8.mat,1.634894027846448e-05,0.0005132176208542668,2.6375631285813643e-05,0.0005072095377863139,0.00010592507159143433,0.0037855343151914763,3.809665301037301e-05,0.0014193829294979502,3.216655569819158e-05,0.0019518795222932383,1.9997200021245313e-05,0.0037855343151914763
K002,N15_M01_F10,1500.0,25.0,0,N15_M01_F10_K002_9.mat,1.4474792586124355e-05,0.000364829535273466,2.7130592593383573e-05,0.0005494437828492349,0.00010125391249356389,0.003958436378787519,3.838184968500326e-05,0.0022271903203787903,3.292880214376795e-05,0.0023088427102795385,1.953656016069905e-05,0.003958436378787519
K002,N15_M07_F04,1500.0,25.0,0,N15_M07_F04_K002_1.mat,1.470185011834856e-05,0.00030897906558257124,1.7927060849574063e-05,0.000333707565243946,8.542027286382215e-05,0.0028579153076186917,4.1281752055716374e-05,0.0016883962901729313,2.127180404378313e-05,0.0009632288647640341,1.7026995247416363e-05,0.0028579153076186917
K002,N15_M07_F04,1500.0,25.0,0,N15_M07_F04_K002_10.mat,1.649492689322902e-05,0.0005274845036674792,2.2577183157049925e-05,0.0006756533669268055,8.068862493967784e-05,0.0028296349869879173,5.112217346550178e-05,0.002260303716798159,2.216488620244407e-05,0.0006855544002737332,1.8397414011210782e-05,0.0028296349869879173
K002,N15_M07_F04,1500.0,25.0,0,N15_M07_F04_K002_11.mat,1.549868117077451e-05,0.00043800411143181617,1.9849033674914774e-05,0.0006635782694146512,8.346691973194172e-05,0.002802787156404605,4.193057581244377e-05,0.0018660668873221448,2.1281213767490158e-05,0.0006537123819301397,1.748720361372356e-05,0.002802787156404605
K002,N15_M07_F04,1500.0,25.0,0,N15_M07_F04_K002_12.mat,1.5460512363667577e-05,0.0004757824542177317,1.7258265536579985e-05,0.0003445782908409325,7.969280029658971e-05,0.0027444459743409173,4.063584778557077e-05,0.0018055593281431487,2.0861095940804613e-05,0.0010649913764888231,1.6732478036326627e-05,0.0027444459743409173
K002,N15_M07_F04,1500.0,25.0,0,N15_M07_F04_K002_13.mat,1.6338003417933232e-05,0.0004471210382349165,1.97278229167244e-05,0.0004463120887304924,8.019698859435298e-05,0.0028483841148802405,4.295075457467846e-05,0.0013811859910660912,2.073116344984442e-05,0.0007556331156382915,1.7072028791764517e-05,0.0028483841148802405
K002,N15_M07_F04,1500.0,25.0,0,N15_M07_F04_K002_14.mat,1.5208601552966152e-05,0.00047119108006850004,1.765254996949835e-05,0.0003391500789122124,7.858394414259675e-05,0.002776570935451649,4.216962202705333e-05,0.001755637486135201,2.1700948181677727e-05,0.0006460279973172261,1.7357514461004823e-05,0.002776570935451649
K002,N15_M07_F04,1500.0,25.0,0,N15_M07_F04_K002_15.mat,1.606420222476919e-05,0.0005447803888816305,1.982247194816184e-05,0.0004542613231752423,8.704055719511014e-05,0.0027372021389767327,4.09359740279811e-05,0.002012685133939421,2.0738575798409068e-05,0.0006475313056276317,1.7386448492938953e-05,0.0027372021389767327
K002,N15_M07_F04,1500.0,25.0,0,N15_M07_F04_K002_16.mat,1.6103335559774853e-05,0.0005189998757013124,2.1293515405723174e-05,0.0005568629965428968,8.380230259443773e-05,0.0031285866789385166,4.238933770394191e-05,0.0016064649294243892,2.1045393835698912e-05,0.0009215029767898602,1.7286838541111744e-05,0.0031285866789385166
K002,N15_M07_F04,1500.0,25.0,0,N15_M07_F04_K002_17.mat,1.6194510921317506e-05,0.0004983031017825566,1.9287215476560413e-05,0.00045678257974484884,7.808158964311335e-05,0.002830605073122184,4.3055633818687815e-05,0.0013185578140791604,2.125254073063469e-05,0.0006531159818685915,1.7124166505636194e-05,0.002830605073122184
K002,N15_M07_F04,1500.0,25.0,0,N15_M07_F04_K002_18.mat,1.6358338610120942e-05,0.00047053545746912346,1.8748930982403633e-05,0.000481701059658253,7.982788694309748e-05,0.002966238125324616,4.253425898209358e-05,0.0012176330285440173,2.1579232561532167e-05,0.0011856659646247404,1.7531000826124117e-05,0.002966238125324616
K002,N15_M07_F04,1500.0,25.0,0,N15_M07_F04_K002_19.mat,1.5020436809536845e-05,0.0005132466990751292,1.8362185694208882e-05,0.00040208257427544984,7.583474999251921e-05,0.002759617291537194,4.085672936400427e-05,0.0013454194899296657,2.1222603568143965e-05,0.0009522350880555418,1.6645851982740516e-05,0.002759617291537194
K002,N15_M07_F04,1500.0,25.0,0,N15_M07_F04_K002_2.mat,1.7696438093398867e-05,0.0005931589937058049,2.30120648946401e-05,0.0005804020354304203,7.812671058249016e-05,0.003189676343093018,4.118502423411939e-05,0.001323032358669773,2.120858213128406e-05,0.0007617486962697238,1.7490902694256994e-05,0.003189676343093018
K002,N15_M07_F04,1500.0,25.0,0,N15_M07_F04_K002_20.mat,1.716460425706846e-05,0.0004348085439978184,2.1309167261694907e-05,0.0006525332251113229,7.922164470195495e-05,0.0030787655607395423,4.470098014122943e-05,0.002306620057167822,2.12895938643466e-05,0.000768468029718554,1.769412718901728e-05,0.0030787655607395423
K002,N15_M07_F04,1500.0,25.0,0,N15_M07_F04_K002_3.mat,1.4902378879308951e-05,0.0004877571783845479,1.8153707880886328e-05,0.00035485155379781896,8.466981279828241e-05,0.0031654959255576942,4.899664739570551e-05,0.0023493526202159683,2.1446969316548215e-05,0.0007062192971758205,1.8000148113715507e-05,0.0031654959255576942
K002,N15_M07_F04,1500.0,25.0,0,N15_M07_F04_K002_4.mat,1.5507541813638367e-05,0.0004196889622469117,1.842339713515354e-05,0.00029611256428004306,8.03168713738741e-05,0.003244762383067767,4.910576503515389e-05,0.002832248479293234,2.1414490912701666e-05,0.0007298895405942893,1.7772050135703334e-05,0.003244762383067767
K002,N15_M07_F04,1500.0,25.0,0,N15_M07_F04_K002_5.mat,1.5161555641748537e-05,0.0003909279492376831,2.5672533014787104e-05,0.0009044150573957494,8.351053735939932e-05,0.0028007297690927414,4.0142611257704415e-05,0.0016707671427511458,2.1106949476896395e-05,0.0008598142314219005,1.7065806946086303e-05,0.0028007297690927414
K002,N15_M07_F04,1500.0,25.0,0,N15_M07_F04_K002_6.mat,1.5854163623161564e-05,0.0005047178508690971,2.0512560083894966e-05,0.0005382737825199134,8.017599389296707e-05,0.002914346384914929,3.9337960978206664e-05,0.0019033729092246658,2.1441944650903738e-05,0.0007553443074659336,1.7031173072786137e-05,0.002914346384914929
K002,N15_M07_F04,1500.0,25.0,0,N15_M07_F04_K002_7.mat,1.525815153293145e-05,0.00047850520141032597,1.93619585920726e-05,0.0005153087332795462,8.73097044292913e-05,0.0029336683301039476,4.16303032498318e-05,0.0016492448290316888,2.099856468601281e-05,0.000669461695006301,1.7417922505829433e-05,0.0029336683301039476
K002,N15_M07_F04,1500.0,25.0,0,N15_M07_F04_K002_8.mat,1.483085279177023e-05,0.0004837695499322569,1.78411731918626e-05,0.0003229522269659673,8.369348942585836e-05,0.0026443104903819178,4.140692699308611e-05,0.0016040279190410777,2.1228018007753014e-05,0.0007386739862300847,1.728280633189768e-05,0.0026443104903819178
K002,N15_M07_F04,1500.0,25.0,0,N15_M07_F04_K002_9.mat,1.6468328264005773e-05,0.0004515369823498259,2.1724286480571058e-05,0.0005297157810351959,7.934232915432473e-05,0.002909055512320712,4.233073156276635e-05,0.001990596485536439,2.0657756917449937e-05,0.0006757148435146838,1.6859144700302395e-05,0.002909055512320712
K002,N15_M07_F10,1500.0,25.0,0,N15_M07_F10_K002_1.mat,1.5022101213252287e-05,0.00037411267495967513,1.9478142144484133e-05,0.00041263495944202083,0.00011531337690679982,0.0036382094026544583,3.7388935565181426e-05,0.0016230056977961469,2.7082915689590748e-05,0.0013097895768043408,1.8941135648405564e-05,0.0036382094026544583
K002,N15_M07_F10,1500.0,25.0,0,N15_M07_F10_K002_10.mat,1.664705046778055e-05,0.0004587214373848188,2.35228695902008e-05,0.00033636301333176983,9.804380706374272e-05,0.0033156494175909266,3.8831621338882324e-05,0.001401528141509854,2.903630584308021e-05,0.0024752762396615864,1.933681628253209e-05,0.0033156494175909266
K002,N15_M07_F10,1500.0,25.0,0,N15_M07_F10_K002_11.mat,1.4657331623851915e-05,0.00045434980203554274,2.1990823994229932e-05,0.0004689881398966818,0.00010865558271386378,0.0038785175521731355,3.789317660345323e-05,0.0017241262532491288,2.8269049905810065e-05,0.002408872748903705,1.91961123139271e-05,0.0038785175521731355
K002,N15_M07_F10,1500.0,25.0,0,N15_M07_F10_K002_12.mat,1.6019470073735417e-05,0.00035795201923455213,2.549571850777594e-05,0.0005173799872570668,0.00011203523156125541,0.0036605769937564647,3.902282180888201e-05,0.0017192446155681993,3.001853696835483e-05,0.0017304385510023327,2.0183541267428098e-05,0.0036605769937564647
K002,N15_M07_F10,1500.0,25.0,0,N15_M07_F10_K002_13.mat,1.5054267194779042e-05,0.00034086031118140254,2.3508950097527978e-05,0.0004222303984856438,0.00011281969077374476,0.0037865272919758992,3.7723730773124784e-05,0.001415018468159592,2.9040477956072655e-05,0.0014612557342112416,1.9613036049636648e-05,0.0037865272919758992
K002,N15_M07_F10,1500.0,25.0,0,N15_M07_F10_K002_14.mat,1.4350536710576679e-05,0.0003680829071750237,2.4341747878421135e-05,0.0004504670569888215,0.00011566164514922434,0.004815895418852764,3.723757937219299e-05,0.0013769194971113596,2.791088045971053e-05,0.0016077937373625809,1.9240729352118707e-05,0.004815895418852764
K002,N15_M07_F10,1500.0,25.0,0,N15_M07_F10_K002_15.mat,1.4821708607022793e-05,0.00033487666332239247,2.6868982848015347e-05,0.0010126205679943665,0.0001243166444741234,0.0038723245424141122,3.86069895484182e-05,0.001974642175793175,2.8444586744349996e-05,0.0015221603241390323,1.9665227491176266e-05,0.0038723245424141122
K002,N15_M07_F10,1500.0,25.0,0,N15_M07_F10_K002_16.mat,1.4907065628122138e-05,0.00035571193413704184,2.4737637442200428e-05,0.0004920930401783892,0.00011378735841371066,0.0036322539007758365,3.7738272494731766e-05,0.001667765567292751,2.8734981205306546e-05,0.0015663572083871302,1.946002023176341e-05,0.0036322539007758365
K002,N15_M07_F10,1500.0,25.0,0,N15_M07_F10_K002_17.mat,1.4704037559651454e-05,0.0003130273968658546,2.438671925946863e-05,0.0006378062389046115,9.61832038416817e-05,0.0032195632934320377,3.6228681476540386e-05,0.0012916743017492432,2.7958795232655594e-05,0.0023390908828823096,1.8259214060486638e-05,0.0032195632934320377
K002,N15_M07_F10,1500.0,25.0,0,N15_M07_F10_K002_18.mat,1.530707938653617e-05,0.0004476654370301059,2.625041289556446e-05,0.0006322966539847199,0.00011592055200148951,0.003818036760803217,3.9945347987108114e-05,0.0017759402978198516,2.9257758421389145e-05,0.0017548939731162447,1.9968062293789728e-05,0.003818036760803217
K002,N15_M07_F10,1500.0,25.0,0,N15_M07_F10_K002_19.mat,1.5552413666730925e-05,0.0004734648097541548,2.413831200260432e-05,0.0004005149430526653,0.00011118552511784152,0.0036526417126400332,3.808744772213154e-05,0.0015317372123481272,2.8954485949462806e-05,0.0027223613958699544,1.9576157465440095e-05,0.0036526417126400332
K002,N15_M07_F10,1500.0,25.0,0,N15_M07_F10_K002_2.mat,1.5653520391243573e-05,0.00039925603377428373,2.1634386663274817e-05,0.0004311468478541017,0.00010672440801149597,0.003719485178409404,3.944662540326019e-05,0.0025029867335352573,2.8091470317126647e-05,0.002174599955564135,1.9142660974186212e-05,0.003719485178409404
K002,N15_M07_F10,1500.0,25.0,0,N15_M07_F10_K002_20.mat,1.5135650438867285e-05,0.0003979291540238935,2.3858537626466588e-05,0.0005081214681477928,9.541744441721487e-05,0.0032182004407410474,3.6779131775289216e-05,0.0018070951162184282,2.85325768117591e-05,0.0013928889128738537,1.8985086594902437e-05,0.0032182004407410474
K002,N15_M07_F10,1500.0,25.0,0,N15_M07_F10_K002_3.mat,1.5975132118772535e-05,0.0004051466480738263,2.429294553418679e-05,0.0004952151493394587,0.00010752930763805794,0.003614388858923043,3.8523540237576256e-05,0.0019041571546523127,2.8303333112862133e-05,0.0014710914166551987,1.9144996975158308e-05,0.003614388858923043
K002,N15_M07_F10,1500.0,25.0,0,N15_M07_F10_K002_4.mat,1.5267140016366375e-05,0.0003672442171315152,2.1621245272693823e-05,0.0004617984331494331,0.00010763175179140171,0.004219585065776175,3.603934482762302e-05,0.0017002613565768405,2.737904859826519e-05,0.0015082569360714286,1.8528595777115152e-05,0.004219585065776175
K002,N15_M07_F10,1500.0,25.0,0,N15_M07_F10_K002_5.mat,1.4925907759540859e-05,0.0004662219672204426,2.2176950356876744e-05,0.0005496983172223497,0.00011622311187566299,0.003562009789650327,3.747934867301475e-05,0.002281295633538004,2.7564934800614963e-05,0.0017642915239465475,1.9085521357760404e-05,0.003562009789650327
K002,N15_M07_F10,1500.0,25.0,0,N15_M07_F10_K002_6.mat,1.5441774569122204e-05,0.0003590779217929854,2.4216267402673446e-05,0.0006312313691709648,0.00010839421757654179,0.003712719858627898,3.7336280698300944e-05,0.001722744697411565,2.8427106109141487e-05,0.001588545650541978,1.94377886564396e-05,0.003712719858627898
K002,N15_M07_F10,1500.0,25.0,0,N15_M07_F10_K002_7.mat,1.5366650562625497e-05,0.0004259325488964306,2.359720222966503e-05,0.000425256318579201,9.639041506062051e-05,0.003942499155864746,3.793191282694838e-05,0.001916199755776247,2.857223903659984e-05,0.0015049385109045632,1.867877772891739e-05,0.003942499155864746
K002,N15_M07_F10,1500.0,25.0,0,N15_M07_F10_K002_8.mat,1.4882687004022363e-05,0.0003215669810897781,2.289848160137752e-05,0.00038365556823284397,9.803213602643515e-05,0.003146725463943829,3.75492712836908e-05,0.0015957775071169613,2.847889548543624e-05,0.0013766083811806561,1.9047833662318434e-05,0.003146725463943829
K002,N15_M07_F10,1500.0,25.0,0,N15_M07_F10_K002_9.mat,1.580295983812315e-05,0.0004026929139114782,2.5590861606442325e-05,0.000568988832599541,0.00010874588737146623,0.00396817743395003,3.911445156212733e-05,0.0015566344719876869,2.947574238173833e-05,0.001590298794435752,1.9981440711671876e-05,0.00396817743395003
K003,N09_M07_F10,900.0,15.0,0,N09_M07_F10_K003_1.mat,5.2078720848639045e-05,0.0007510234103667072,4.2099963452203364e-05,0.0003402345304503078,4.5292286705247494e-05,0.0004875825999440733,4.3098459911209613e-05,0.0004982340621679691,4.6397521672590776e-05,0.0007389082830270887,4.1712657836060733e-05,0.0007510234103667072
K003,N09_M07_F10,900.0,15.0,0,N09_M07_F10_K003_10.mat,4.7704731052592935e-05,0.0008566264728727652,3.598634221177963e-05,0.0003558031400161094,4.305091115669934e-05,0.0004936948761415028,4.059881819428763e-05,0.00046379200042615855,4.263226874527472e-05,0.0005774585573702228,3.8011733646201115e-05,0.0008566264728727652
K003,N09_M07_F10,900.0,15.0,0,N09_M07_F10_K003_11.mat,4.378929728689456e-05,0.0007530562133059781,3.6052442966124874e-05,0.000287249974407099,4.252604171492926e-05,0.00044893937707316884,3.9030458037081934e-05,0.00047329285619007006,4.215549915094197e-05,0.0008251808357344448,3.793540579828689e-05,0.0008251808357344448
K003,N09_M07_F10,900.0,15.0,0,N09_M07_F10_K003_12.mat,4.511859536301255e-05,0.0008176808962211507,3.69035822819365e-05,0.00040436851504419973,4.290794114734108e-05,0.0005986797409680212,3.92186300736233e-05,0.00045604672896238844,4.1895036946634924e-05,0.0005386341049823937,3.81579232645106e-05,0.0008176808962211507
K003,N09_M07_F10,900.0,15.0,0,N09_M07_F10_K003_13.mat,4.996765483402146e-05,0.0008514826619796553,4.433392298288116e-05,0.00038037920106872767,4.867632890385697e-05,0.0005932673348809835,4.223008734782719e-05,0.0005534066616546018,4.601407301637876e-05,0.000585940459940976,4.168125548648495e-05,0.0008514826619796553
K003,N09_M07_F10,900.0,15.0,0,N09_M07_F10_K003_14.mat,4.9742970727537225e-05,0.0010971733456334614,4.024160772904653e-05,0.0003299095892413915,4.7672421454112624e-05,0.0004831875222402606,4.1339644267166314e-05,0.0004964876732421617,4.435076084775876e-05,0.0006409599356377495,4.1012027331490966e-05,0.0010971733456334614
K003,N09_M07_F10,900.0,15.0,0,N09_M07_F10_K003_15.mat,4.9200007861046134e-05,0.0010381587549831396,4.026824206864054e-05,0.00037349548955661183,4.533573846541342e-05,0.0005298133907595814,4.038163522388317e-05,0.0004013390526434107,4.200635235364679e-05,0.0005784910826073243,3.933367014792108e-05,0.0010381587549831396
K003,N09_M07_F10,900.0,15.0,0,N09_M07_F10_K003_16.mat,4.7591120544586634e-05,0.0008888784635314229,3.913446266512459e-05,0.0003617310086902195,4.455460959780584e-05,0.00041434167625918654,3.997268317540342e-05,0.0005171461292595458,4.0840460822040177e-05,0.0005420386588368383,3.8036322330149916e-05,0.0008888784635314229
K003,N09_M07_F10,900.0,15.0,0,N09_M07_F10_K003_17.mat,4.7001138729255113e-05,0.0007070475827020545,3.920263819606176e-05,0.0003639040489429572,4.3939507899143696e-05,0.00040398440671216837,4.001499100718229e-05,0.0004117589155136744,4.189516330364517e-05,0.0006523939362583543,3.7996553990476526e-05,0.0007070475827020545
K003,N09_M07_F10,900.0,15.0,0,N09_M07_F10_K003_18.mat,4.761363970471255e-05,0.0009595610368393649,3.8017538744223514e-05,0.00045011608993565286,4.409393175848354e-05,0.0006797451686683006,3.8981814791401556e-05,0.0005143880898352175,4.164467745808982e-05,0.0005716927141774948,3.8277615246015504e-05,0.0009595610368393649
K003,N09_M07_F10,900.0,15.0,0,N09_M07_F10_K003_19.mat,4.90922141847965e-05,0.0008667941549877856,4.0351895184306985e-05,0.0005546525383137623,4.505059848717836e-05,0.0004681588534433186,3.972517519104745e-05,0.0004270916994627094,4.145426022596743e-05,0.0005293192972804951,3.820491970707572e-05,0.0008667941549877856
K003,N09_M07_F10,900.0,15.0,0,N09_M07_F10_K003_2.mat,4.811475197519474e-05,0.0010342712846188448,3.847688497241051e-05,0.00036298671581575767,4.574315528582225e-05,0.0005497392617083844,4.3413366241168536e-05,0.00045623244922848903,4.464814680040149e-05,0.0007030713776285879,4.065523363724575e-05,0.0010342712846188448
K003,N09_M07_F10,900.0,15.0,0,N09_M07_F10_K003_20.mat,4.8070031512719604e-05,0.0009146537518170233,3.969564403043294e-05,0.0004403870981467824,4.2333329249940527e-05,0.0004626149821980942,3.922539988668906e-05,0.0004560157851036011,4.2201995359837045e-05,0.0006211742594172502,3.794449331963936e-05,0.0009146537518170233
K003,N09_M07_F10,900.0,15.0,0,N09_M07_F10_K003_3.mat,4.875256736035474e-05,0.0009549471465761778,4.1000202016800654e-05,0.0005349608620437988,4.385767785630242e-05,0.0008614087047451874,4.190460786794558e-05,0.0005257316387880932,4.406110193277914e-05,0.0007691694800941968,3.975605196212761e-05,0.0009549471465761778
K003,N09_M07_F10,900.0,15.0,0,N09_M07_F10_K003_4.mat,4.340018238294967e-05,0.0006807574369614527,3.777917743470699e-05,0.0005524194327915378,4.4808670647727255e-05,0.0005178361908362674,4.1336221338067624e-05,0.000510943259669156,4.150884034836226e-05,0.0004532178685402665,3.8048060845552506e-05,0.0006807574369614527
K003,N09_M07_F10,900.0,15.0,0,N09_M07_F10_K003_5.mat,4.8471014532735784e-05,0.000984904921489006,4.353876523383376e-05,0.0005456513200715843,4.894517135374228e-05,0.0005241735945702626,4.308713489077728e-05,0.0005398367917492989,4.5668433159337606e-05,0.0005955911505493057,4.159801298134286e-05,0.000984904921489006
K003,N09_M07_F10,900.0,15.0,0,N09_M07_F10_K003_6.mat,4.44846188165266e-05,0.0006868183917541275,3.947442854155182e-05,0.00040897540073356873,4.527776866935735e-05,0.0005732233414408371,4.010061448543502e-05,0.0005433166157234351,4.178547397175811e-05,0.0006078470937665657,3.816129940729472e-05,0.0006868183917541275
K003,N09_M07_F10,900.0,15.0,0,N09_M07_F10_K003_7.mat,4.592871566741355e-05,0.0007184169344333296,4.045024661242044e-05,0.0004284134231064416,4.632811959517271e-05,0.0006993894342062055,4.2947504119429334e-05,0.0004975920367265433,4.601781808460208e-05,0.0005024794911150056,4.121605195356522e-05,0.0007184169344333296
K003,N09_M07_F10,900.0,15.0,0,N09_M07_F10_K003_8.mat,5.037760817911218e-05,0.0010053918831900896,3.865679892991749e-05,0.0003814213063704485,4.493276092924622e-05,0.00045184838905525034,3.998152036405908e-05,0.0004677710003640352,4.197995659647342e-05,0.0005200277443289776,3.887064274013003e-05,0.0010053918831900896
K003,N09_M07_F10,900.0,15.0,0,N09_M07_F10_K003_9.mat,4.815049859097307e-05,0.0008074259261533272,3.8175445366574484e-05,0.0004769731321532015,4.4135158955589803e-05,0.000546237918883526,3.964725984120946e-05,0.0005424153854726435,4.26848217268903e-05,0.0006520787765452985,3.834525219423705e-05,0.0008074259261533272
K003,N15_M01_F10,1500.0,25.0,0,N15_M01_F10_K003_1.mat,4.7329304348688016e-05,0.0012752753342576975,6.202561491250537e-05,0.0010962094068483496,8.448019618494449e-05,0.001563541679218372,6.598443380858074e-05,0.001762595196544155,6.0111842825005555e-05,0.0013120208267152402,4.800726177306358e-05,0.001762595196544155
K003,N15_M01_F10,1500.0,25.0,0,N15_M01_F10_K003_10.mat,4.9304215452386835e-05,0.0012293973000021168,5.7438590944436324e-05,0.0009541654057943426,7.602996679962713e-05,0.001576904483001999,6.238036855414834e-05,0.001357709552363301,6.083670642368864e-05,0.0015999711253517897,4.670770870905782e-05,0.0015999711253517897
K003,N15_M01_F10,1500.0,25.0,0,N15_M01_F10_K003_11.mat,5.064351877409758e-05,0.0009209145301238146,5.900627191103978e-05,0.0010415431505670012,8.049393448123072e-05,0.0014245687890062915,6.432131196030288e-05,0.0018239618287697772,6.338895762170242e-05,0.0016930610606267064,4.862492643994551e-05,0.0018239618287697772
K003,N15_M01_F10,1500.0,25.0,0,N15_M01_F10_K003_12.mat,4.875917757287845e-05,0.0007332528817590776,5.729266362180932e-05,0.0007241787894498924,7.613567600664781e-05,0.0015813976414312818,6.601831794744285e-05,0.0017905662961272641,5.983283260027756e-05,0.0016420760058658498,4.6389834519732166e-05,0.0017905662961272641
K003,N15_M01_F10,1500.0,25.0,0,N15_M01_F10_K003_13.mat,4.651027617553976e-05,0.0011150447803406542,5.723384528236216e-05,0.0007929325579913107,7.760751340974444e-05,0.001616570566193887,6.571339294790638e-05,0.0016571700772476565,6.0302535204896995e-05,0.002020486251450206,4.782444848925745e-05,0.002020486251450206
K003,N15_M01_F10,1500.0,25.0,0,N15_M01_F10_K003_14.mat,4.917588837083461e-05,0.0008730931674698004,5.719799605744783e-05,0.0007700856699970812,7.688900055156887e-05,0.0013544926176277327,6.473284369013164e-05,0.0014776208096948038,6.205643767809063e-05,0.00163486079753191,4.777459332743999e-05,0.00163486079753191
K003,N15_M01_F10,1500.0,25.0,0,N15_M01_F10_K003_15.mat,4.811085378326773e-05,0.0010574035767017876,5.9372208461148124e-05,0.0009306868785563078,8.082105385139106e-05,0.0013612649059075595,6.574601217624291e-05,0.0013558008072465139,6.259825526242146e-05,0.0012879212997704208,4.928461818510785e-05,0.0013612649059075595
K003,N15_M01_F10,1500.0,25.0,0,N15_M01_F10_K003_16.mat,4.53625355247507e-05,0.0009729932615778857,5.3212306510441416e-05,0.0010619514118319438,7.461706874936652e-05,0.0016541575351401798,6.316815969507105e-05,0.0012383307995992101,6.018795029463134e-05,0.0019270538238524244,4.543114469996689e-05,0.0019270538238524244
K003,N15_M01_F10,1500.0,25.0,0,N15_M01_F10_K003_17.mat,4.5922602813752e-05,0.0012214212704928144,5.288476973389285e-05,0.0007646919976660975,7.597792224854962e-05,0.0017422520351104184,6.172839565153083e-05,0.0013375622427633405,5.9684870386530875e-05,0.0018343353233540535,4.494658399324541e-05,0.0018343353233540535
K003,N15_M01_F10,1500.0,25.0,0,N15_M01_F10_K003_18.mat,4.6567010241110616e-05,0.001007289790144232,5.4856926319245414e-05,0.0008607968094863037,7.42256642184708e-05,0.0014761665323592646,6.25399923860884e-05,0.0013811790803949307,5.9392433196028064e-05,0.0016358862998613773,4.55233009932596e-05,0.0016358862998613773
K003,N15_M01_F10,1500.0,25.0,0,N15_M01_F10_K003_19.mat,4.603845408682053e-05,0.000866563670950101,5.5833047128944104e-05,0.0008169953275568997,7.406786374911392e-05,0.001339474755146912,6.065329299472701e-05,0.001660212553004886,5.8024264889272326e-05,0.0014195280868557938,4.3656249184651866e-05,0.001660212553004886
K003,N15_M01_F10,1500.0,25.0,0,N15_M01_F10_K003_2.mat,4.7502989336836515e-05,0.0008189405824382989,5.977457422193731e-05,0.0009150689607759516,8.210800382481215e-05,0.0017648656686533107,6.424947046432661e-05,0.0016382271430053076,5.9478769455571953e-05,0.0015883294500584314,4.665282189938565e-05,0.0017648656686533107
K003,N15_M01_F10,1500.0,25.0,0,N15_M01_F10_K003_20.mat,4.20079476007106e-05,0.0010891891723468056,5.145664977755011e-05,0.0007771791891574316,7.268772021253955e-05,0.0013751181537171504,6.151108609255614e-05,0.001413537690669288,5.81954215608161e-05,0.002145529857745719,4.3666436964372575e-05,0.002145529857745719
K003,N15_M01_F10,1500.0,25.0,0,N15_M01_F10_K003_3.mat,5.088618614465125e-05,0.0010145592045141746,6.0358493394716116e-05,0.001102145549377737,8.499675476012174e-05,0.0016783165751042732,6.447752636304506e-05,0.002135797711305639,6.433147671005714e-05,0.0016376718442117444,4.958427486886687e-05,0.002135797711305639
K003,N15_M01_F10,1500.0,25.0,0,N15_M01_F10_K003_4.mat,5.0730697579350326e-05,0.0009854538792198973,5.91349401095303e-05,0.000721319702494453,8.167348450411583e-05,0.0017437954584298197,6.320655181728817e-05,0.0012924575760277816,6.154363231522187e-05,0.0015397657386438093,4.796290407972696e-05,0.0017437954584298197
K003,N15_M01_F10,1500.0,25.0,0,N15_M01_F10_K003_5.mat,5.104280831685876e-05,0.0010094531430158336,5.798919462423044e-05,0.0008333927388663523,7.947469536289261e-05,0.0017419811106085968,6.649590875364747e-05,0.0018265777310998597,6.390399738889066e-05,0.0014505064640663583,4.90006038024686e-05,0.0018265777310998597
K003,N15_M01_F10,1500.0,25.0,0,N15_M01_F10_K003_6.mat,4.733129578175167e-05,0.00074576784903688,5.657030143346575e-05,0.0010343263255442909,7.917421379102934e-05,0.0015452162190500451,6.145224127778022e-05,0.0013027418237657518,5.998708244388241e-05,0.0013556905994241688,4.6145532215214804e-05,0.0015452162190500451
K003,N15_M01_F10,1500.0,25.0,0,N15_M01_F10_K003_7.mat,4.743338803329439e-05,0.0009919099609686387,5.7774668053229224e-05,0.0008061316649776703,7.401752479124948e-05,0.0014533014736005684,6.274688394587586e-05,0.0013915658182042888,5.941068034080612e-05,0.001623268951504779,4.581817712992976e-05,0.001623268951504779
K003,N15_M01_F10,1500.0,25.0,0,N15_M01_F10_K003_8.mat,4.5542243302126586e-05,0.0007120763746508932,5.434625135901185e-05,0.0008116560763687965,7.748040152487823e-05,0.0016739715056834563,6.218982748718371e-05,0.0017549322647145349,6.151178522326694e-05,0.0012382377807619814,4.6425215068608684e-05,0.0017549322647145349
K003,N15_M01_F10,1500.0,25.0,0,N15_M01_F10_K003_9.mat,4.6446602353352305e-05,0.0009515870239099084,5.5387189819302465e-05,0.0008858718629384905,7.69382392933899e-05,0.001286421359225181,6.2598835073377e-05,0.0015035999719658112,5.984785302832983e-05,0.0013394383785356328,4.559913869059399e-05,0.0015035999719658112
K003,N15_M07_F04,1500.0,25.0,0,N15_M07_F04_K003_1.mat,5.461606962857538e-05,0.00120618093315785,7.429738592857321e-05,0.0012942739975167442,7.365015686971431e-05,0.0013027650077061309,6.613844786902932e-05,0.0011746278480999715,5.75739448656074e-05,0.0011585017142469538,5.019812805356849e-05,0.0013027650077061309
K003,N15_M07_F04,1500.0,25.0,0,N15_M07_F04_K003_10.mat,5.1993761364157553e-05,0.0009290097723165452,5.947027123303772e-05,0.0008652440039231197,6.705497322971517e-05,0.001293492356247648,6.132841994876304e-05,0.001280435548245796,5.579063870409292e-05,0.0015825859440243713,4.5146075432860294e-05,0.0015825859440243713
K003,N15_M07_F04,1500.0,25.0,0,N15_M07_F04_K003_11.mat,4.852812718852737e-05,0.0014477803633477827,5.968210385714323e-05,0.000989304948082725,6.737676740789644e-05,0.001195549787601578,6.0236483640529376e-05,0.0011938909052317823,5.647671256164082e-05,0.0016600333181737022,4.477478129152994e-05,0.0016600333181737022
K003,N15_M07_F04,1500.0,25.0,0,N15_M07_F04_K003_12.mat,4.973299798925079e-05,0.0008411423405299388,6.28405975406327e-05,0.0010281384561412399,6.9330987240279e-05,0.0012297653242373493,6.64603178718582e-05,0.001463822279232289,5.9008730677172855e-05,0.0014522556951694467,4.838385346714038e-05,0.001463822279232289
K003,N15_M07_F04,1500.0,25.0,0,N15_M07_F04_K003_13.mat,4.688035600269766e-05,0.001148628854578885,5.669507777654842e-05,0.0008809814508652516,6.429946343285823e-05,0.0015285467146887639,5.922172205919806e-05,0.0014305110754414452,5.4462433018950776e-05,0.0015968938097935018,4.336883105162125e-05,0.0015968938097935018
K003,N15_M07_F04,1500.0,25.0,0,N15_M07_F04_K003_14.mat,4.5804934406830845e-05,0.000890816579170092,5.788325886971602e-05,0.0008020538515304717,6.517726676502671e-05,0.0011606011239923648,6.091229265577856e-05,0.001948463776753683,5.4037921726497344e-05,0.0012789578280726994,4.4126221467910685e-05,0.001948463776753683
K003,N15_M07_F04,1500.0,25.0,0,N15_M07_F04_K003_15.mat,5.050316872902217e-05,0.0010480337328365062,6.159230040360644e-05,0.0010440112105588976,6.802039906652118e-05,0.0014791517127110481,6.325894679979843e-05,0.001346563211745374,5.92580024400758e-05,0.001411892262478322,4.7800294501709074e-05,0.0014791517127110481
K003,N15_M07_F04,1500.0,25.0,0,N15_M07_F04_K003_16.mat,5.09354008944317e-05,0.0009419505292454214,6.263377554825267e-05,0.0009331647457439496,6.654329009193446e-05,0.0017341618698327572,6.432771519883024e-05,0.0013243571581130103,5.619254270652555e-05,0.0018226170333611239,4.60971289842334e-05,0.0018226170333611239
K003,N15_M07_F04,1500.0,25.0,0,N15_M07_F04_K003_17.mat,4.7165531917345836e-05,0.001162907663975394,5.520956500087097e-05,0.0006740432295224394,6.605160161093812e-05,0.0013627012123329973,6.051265849544122e-05,0.0015884341663375086,5.386581331403541e-05,0.0012010898217152362,4.3388294723090136e-05,0.0015884341663375086
K003,N15_M07_F04,1500.0,25.0,0,N15_M07_F04_K003_18.mat,5.013178860256323e-05,0.0009493869985679936,6.269818923034651e-05,0.0008396204357727383,6.819741724993762e-05,0.0016172970527487996,6.717275267118251e-05,0.0014419781556346627,6.181630422302454e-05,0.0016345382877766793,4.981157295508762e-05,0.0016345382877766793
K003,N15_M07_F04,1500.0,25.0,0,N15_M07_F04_K003_19.mat,5.482348229817788e-05,0.0011207118819762953,6.350877588328299e-05,0.0008552124817677408,7.099046435027672e-05,0.0013519936366982587,6.785708905773403e-05,0.0019507672862555739,6.189776674843465e-05,0.0020267182569607294,5.0043986762872545e-05,0.0020267182569607294
K003,N15_M07_F04,1500.0,25.0,0,N15_M07_F04_K003_2.mat,5.336577279694513e-05,0.0010318467714114045,6.490737251821944e-05,0.0010165494293821594,7.027406682772957e-05,0.0011338700659744717,6.422236276178828e-05,0.0011581733705510026,5.647176303576523e-05,0.0014580094069953696,4.798633287651163e-05,0.0014580094069953696
K003,N15_M07_F04,1500.0,25.0,0,N15_M07_F04_K003_20.mat,5.357736273937241e-05,0.000932487298711681,6.340584584598148e-05,0.0008974384157600556,6.905642175089675e-05,0.0016932112735947745,6.335357428734808e-05,0.0011986679581730472,6.0153078978752464e-05,0.0019519800782379568,4.8475195617692786e-05,0.0019519800782379568
K003,N15_M07_F04,1500.0,25.0,0,N15_M07_F04_K003_3.mat,5.0088152583983126e-05,0.0009630026034913303,6.392017722408114e-05,0.0010367040676467478,6.705658202887776e-05,0.0012287961216648864,6.422152039953444e-05,0.0013616846538592662,5.5408031712716846e-05,0.0015394919586748735,4.670474298260777e-05,0.0015394919586748735
K003,N15_M07_F04,1500.0,25.0,0,N15_M07_F04_K003_4.mat,5.0759826326618885e-05,0.001084370593879951,6.553914905111512e-05,0.0009790450152884363,6.566628296772602e-05,0.00114484044520953,6.371911638897615e-05,0.0017638200381175709,5.703513486156702e-05,0.002063328633117703,4.6910393538069e-05,0.002063328633117703
K003,N15_M07_F04,1500.0,25.0,0,N15_M07_F04_K003_5.mat,5.330909103579411e-05,0.0010581194997891753,6.254505880249455e-05,0.0010643073407692473,6.564916638550357e-05,0.0010036789873527137,6.246824407963583e-05,0.001320977744292954,5.6504392880433556e-05,0.0016120961664964407,4.674452121823878e-05,0.0016120961664964407
K003,N15_M07_F04,1500.0,25.0,0,N15_M07_F04_K003_6.mat,5.624163074911018e-05,0.0011948134065368388,6.777048575141217e-05,0.0010810359479203205,6.727667156519969e-05,0.0014275229286422296,6.434069032006695e-05,0.001278516992572975,5.850728758011887e-05,0.001527432065811578,4.922719261345213e-05,0.001527432065811578
K003,N15_M07_F04,1500.0,25.0,0,N15_M07_F04_K003_7.mat,4.9928697279269684e-05,0.0010567536957662087,6.022109280988563e-05,0.0008771709358437728,6.6211350203121e-05,0.0014165094705522435,6.182262917797768e-05,0.001459635441808088,5.449973795528218e-05,0.0015095566793657143,4.547941751757498e-05,0.0015095566793657143
K003,N15_M07_F04,1500.0,25.0,0,N15_M07_F04_K003_8.mat,4.833495680061226e-05,0.0010640323629386088,6.11093436752947e-05,0.0009011828995906619,6.429803292213788e-05,0.001254761869332686,6.107215133177082e-05,0.0012640020919449098,5.4489346796354654e-05,0.0013161283572280418,4.4514915787784826e-05,0.0013161283572280418
K003,N15_M07_F04,1500.0,25.0,0,N15_M07_F04_K003_9.mat,4.891909157712002e-05,0.001303417600672046,6.146312583212455e-05,0.0007986596611647099,6.643299143897907e-05,0.0013856242950134013,6.242381148336973e-05,0.0011506616701670595,5.629170051765471e-05,0.0015532345454166954,4.5620952159859753e-05,0.0015532345454166954
K003,N15_M07_F10,1500.0,25.0,0,N15_M07_F10_K003_1.mat,5.068546661170517e-05,0.0009154764934477539,5.897973266994359e-05,0.0008787497828928294,7.842392294215932e-05,0.001734935882066166,6.346479028022936e-05,0.0014991056733631412,6.283867095047584e-05,0.001428213785108461,4.86068754943817e-05,0.001734935882066166
K003,N15_M07_F10,1500.0,25.0,0,N15_M07_F10_K003_10.mat,4.691579131250824e-05,0.0008010717149746501,5.6775151629534196e-05,0.0008576716427383555,7.539244166398326e-05,0.0015282354151506961,5.9529642500639794e-05,0.0013084700751320644,6.196774192779807e-05,0.0015506789396091103,4.605305153424892e-05,0.0015506789396091103
K003,N15_M07_F10,1500.0,25.0,0,N15_M07_F10_K003_11.mat,5.136472362827685e-05,0.0014573518902919228,6.144686369715804e-05,0.0009863808114691293,7.856343682970526e-05,0.0020081208736328804,6.349681551440773e-05,0.0016369787721638455,6.28024217126943e-05,0.0015999761649203546,4.923090105796943e-05,0.0020081208736328804
K003,N15_M07_F10,1500.0,25.0,0,N15_M07_F10_K003_12.mat,5.027500535658147e-05,0.0009160814355503032,6.05543176402051e-05,0.0008446592019980268,7.794097440902018e-05,0.001541134716956685,6.358035927521977e-05,0.0015241467484179236,6.274695796187496e-05,0.0016431997864363155,4.875551380412613e-05,0.0016431997864363155
K003,N15_M07_F10,1500.0,25.0,0,N15_M07_F10_K003_13.mat,5.070505267460249e-05,0.001121625309570067,5.6772315572045435e-05,0.001098978051890068,7.4806506901775e-05,0.001427404856370703,6.307453098951741e-05,0.0014760781302231123,6.201041426871624e-05,0.0019817970282302983,4.7396583556396e-05,0.0019817970282302983
K003,N15_M07_F10,1500.0,25.0,0,N15_M07_F10_K003_14.mat,4.94430025036453e-05,0.0015332140747522077,5.6429309080337914e-05,0.0012264305440636502,7.822627439960888e-05,0.0013325324051145302,6.294055691199035e-05,0.0013785094786693292,6.140189930783132e-05,0.0019047047057748666,4.7417679494861816e-05,0.0019047047057748666
K003,N15_M07_F10,1500.0,25.0,0,N15_M07_F10_K003_15.mat,4.895866962089721e-05,0.0008743619732896558,5.671333385416814e-05,0.0012966452995900627,7.636162373987503e-05,0.0012330936270551279,6.177389892428877e-05,0.0011344849960076443,5.979485259733682e-05,0.002073055313652178,4.582538788719904e-05,0.002073055313652178
K003,N15_M07_F10,1500.0,25.0,0,N15_M07_F10_K003_16.mat,5.203469133939386e-05,0.0011734388607737717,6.0249887114822274e-05,0.0007942794791988872,7.749248458637684e-05,0.0015274720803850241,6.744458876826888e-05,0.0015093238131035367,6.335212083032781e-05,0.001554593023425218,4.954306671867331e-05,0.001554593023425218
K003,N15_M07_F10,1500.0,25.0,0,N15_M07_F10_K003_17.mat,4.999273382562654e-05,0.0008932039465541548,5.971567606143879e-05,0.0007746994834177986,7.703035829888031e-05,0.0016644223247611102,6.498724772489258e-05,0.0015554839935347131,6.312503167405638e-05,0.0018170332098147626,4.8558199826027936e-05,0.0018170332098147626
K003,N15_M07_F10,1500.0,25.0,0,N15_M07_F10_K003_18.mat,4.7200229742695146e-05,0.0006537982166773739,5.8064397041006455e-05,0.0011032308138324905,7.518669623942021e-05,0.0015598334782691106,6.32987712674539e-05,0.0032891520044598635,6.151078651087004e-05,0.001761051654083667,4.714292821192987e-05,0.0032891520044598635
K003,N15_M07_F10,1500.0,25.0,0,N15_M07_F10_K003_19.mat,5.18665043318251e-05,0.00107808235254913,5.746548690043027e-05,0.0008182507551777308,7.627307323423363e-05,0.001169109417971722,6.291079901345484e-05,0.0017517482526836147,6.167229754212431e-05,0.001468376992520504,4.755348167642821e-05,0.0017517482526836147
K003,N15_M07_F10,1500.0,25.0,0,N15_M07_F10_K003_2.mat,5.224929096217854e-05,0.0007898909755721243,5.789148863302962e-05,0.0007251375701956928,7.83512154855535e-05,0.0016719818675780661,6.263156187267444e-05,0.001688445587091842,6.20829027215668e-05,0.0014649117205431778,4.784191018627675e-05,0.001688445587091842
K003,N15_M07_F10,1500.0,25.0,0,N15_M07_F10_K003_20.mat,5.038647587639348e-05,0.0008251653527696925,5.788756319752975e-05,0.0008614737952102523,7.800619720780901e-05,0.0013799779112581264,6.400488336712713e-05,0.0017123768294693828,6.317981660468605e-05,0.001797258331580671,4.921475378943329e-05,0.001797258331580671
K003,N15_M07_F10,1500.0,25.0,0,N15_M07_F10_K003_3.mat,4.8755699609508614e-05,0.0008602001936827984,5.764036498577963e-05,0.0009200929093954984,7.750563314680518e-05,0.0016772062288119057,6.273720261946985e-05,0.0014994264434754299,6.095880509402024e-05,0.0013092732526921056,4.732521506223282e-05,0.0016772062288119057
K003,N15_M07_F10,1500.0,25.0,0,N15_M07_F10_K003_4.mat,4.865283821501501e-05,0.000939992759654516,5.551544244925592e-05,0.0009093318969069978,7.504480576208388e-05,0.0017208584060462097,6.183590034430151e-05,0.0014552163904856907,6.151656587772166e-05,0.0014767091710698459,4.715127781337937e-05,0.0017208584060462097
K003,N15_M07_F10,1500.0,25.0,0,N15_M07_F10_K003_5.mat,4.693985030730327e-05,0.0010168276744149532,5.8389153647607474e-05,0.0011044440739036508,7.442070247272983e-05,0.0015039486477533388,6.082429435772646e-05,0.0013598557135641287,5.900892103752338e-05,0.001773488855894858,4.565721885943904e-05,0.001773488855894858
K003,N15_M07_F10,1500.0,25.0,0,N15_M07_F10_K003_6.mat,5.421245459576773e-05,0.001107071869095158,5.988061971682336e-05,0.0011497254541985567,7.776637395520673e-05,0.0014564453377923041,6.402404720994312e-05,0.0018626398167700777,6.234464882994994e-05,0.0017323815305299434,4.8371707943351085e-05,0.0018626398167700777
K003,N15_M07_F10,1500.0,25.0,0,N15_M07_F10_K003_7.mat,5.0009827124654726e-05,0.0008584039670015335,5.561406862690506e-05,0.000982443297831999,7.703611576032777e-05,0.0013073472721168223,6.283373019441421e-05,0.001496877693012192,6.250381323632498e-05,0.0016505942102787673,4.811640869331381e-05,0.0016505942102787673
K003,N15_M07_F10,1500.0,25.0,0,N15_M07_F10_K003_8.mat,5.129369215014839e-05,0.0012652409105712182,6.26168956869693e-05,0.0009460135746926729,7.941324272010203e-05,0.0015729040183289265,6.142968544803255e-05,0.0014956375149919304,6.318187811332233e-05,0.002023171742204148,4.8276143742081805e-05,0.002023171742204148
K003,N15_M07_F10,1500.0,25.0,0,N15_M07_F10_K003_9.mat,5.0308715266780226e-05,0.0010851899430979466,5.8749538184788885e-05,0.0009044542066312305,7.792549075735158e-05,0.001550800228617522,6.310955587013896e-05,0.0012891536282252528,6.15106419614015e-05,0.001352036579419944,4.7414890880592696e-05,0.001550800228617522
K004,N09_M07_F10,900.0,15.0,0,N09_M07_F10_K004_1.mat,2.0623789109079504e-05,0.0004147835422726642,4.645851812699112e-06,5.118544461637089e-05,5.5594388585495455e-06,8.406424657230176e-05,4.419650927044981e-06,6.437050223057581e-05,9.902752727305553e-06,0.0009011227173301748,4.303865151198384e-06,0.0009011227173301748
K004,N09_M07_F10,900.0,15.0,0,N09_M07_F10_K004_10.mat,1.993360547310206e-05,0.0004661136410881781,4.568252454769157e-06,4.473588836949408e-05,5.8336607068538364e-06,0.00012117038058941374,4.816796329048924e-06,6.758145379098473e-05,8.666935623058053e-06,0.0005582684878533632,4.057396433351591e-06,0.0005582684878533632
K004,N09_M07_F10,900.0,15.0,0,N09_M07_F10_K004_11.mat,1.927054134592902e-05,0.00046384440800178176,4.323073492040789e-06,4.4423613019140405e-05,6.016927742593042e-06,6.778612400027408e-05,4.647732978523292e-06,6.183726975167987e-05,8.86587106931996e-06,0.0005179765154831441,4.03818961473865e-06,0.0005179765154831441
K004,N09_M07_F10,900.0,15.0,0,N09_M07_F10_K004_12.mat,1.8949634119088755e-05,0.0004152242932614309,4.555007958283814e-06,5.5019224320555454e-05,5.896366965942453e-06,7.286949456260202e-05,4.644345687576079e-06,8.133895703622068e-05,8.793997874577367e-06,0.0004248501571289364,4.0092810820011575e-06,0.0004248501571289364
K004,N09_M07_F10,900.0,15.0,0,N09_M07_F10_K004_13.mat,1.990100417319999e-05,0.0004789514655186906,4.684320484122157e-06,4.180505967264895e-05,5.575774844451689e-06,5.905644252189953e-05,4.685907941623009e-06,7.299218292382775e-05,8.780848159633996e-06,0.0004948579746295916,4.04360309242241e-06,0.0004948579746295916
K004,N09_M07_F10,900.0,15.0,0,N09_M07_F10_K004_14.mat,1.9069609854586447e-05,0.0004194840845153886,4.270901298051576e-06,4.488776676957143e-05,5.633123292375447e-06,8.132407279429199e-05,4.622023107287653e-06,7.50068120161995e-05,8.75510208162872e-06,0.00047776721555330045,4.09629291144747e-06,0.00047776721555330045
K004,N09_M07_F10,900.0,15.0,0,N09_M07_F10_K004_15.mat,1.9633414997099663e-05,0.00044806278850732486,4.0892315605263665e-06,4.6188817687010325e-05,5.983928317814704e-06,7.967627504716602e-05,4.5889679778820914e-06,9.29895660741139e-05,8.674513727640725e-06,0.0006004775161675799,3.990889664643777e-06,0.0006004775161675799
K004,N09_M07_F10,900.0,15.0,0,N09_M07_F10_K004_16.mat,1.9739913418244963e-05,0.0004996378985956281,4.376172362507773e-06,5.575683072648423e-05,6.290180424954156e-06,0.00015798483149394684,4.789576421329025e-06,0.00011592150689933406,8.556186217178033e-06,0.0004888337419745926,4.032087241424564e-06,0.0004996378985956281
K004,N09_M07_F10,900.0,15.0,0,N09_M07_F10_K004_17.mat,1.9306708915662207e-05,0.0005260502213127683,4.406942275114225e-06,4.481803286589453e-05,5.809332658637815e-06,8.16545096553497e-05,4.781976182475719e-06,7.020579828634714e-05,8.744939760775515e-06,0.0005951551043334445,4.056499084188273e-06,0.0005951551043334445
K004,N09_M07_F10,900.0,15.0,0,N09_M07_F10_K004_18.mat,1.9217103714055074e-05,0.00041876577985544935,4.598492753087474e-06,5.488478352261686e-05,5.868385011517872e-06,8.014304732211294e-05,4.734942139065817e-06,7.915335587859425e-05,8.787892816230866e-06,0.0005153085334319846,4.0223655363345705e-06,0.0005153085334319846
K004,N09_M07_F10,900.0,15.0,0,N09_M07_F10_K004_19.mat,2.040051549147931e-05,0.0004567574472320137,4.43510192175679e-06,5.556571203125096e-05,5.536802083805528e-06,8.812045065224522e-05,4.736588749172518e-06,9.08465350229397e-05,8.414904949507988e-06,0.0004197212955812952,3.9291200962939935e-06,0.0004567574472320137
K004,N09_M07_F10,900.0,15.0,0,N09_M07_F10_K004_2.mat,2.090767467782714e-05,0.0005519441505007581,4.512137594637903e-06,5.172338081647231e-05,5.922674876038798e-06,8.054256173252793e-05,4.550053763453723e-06,8.043500994254067e-05,1.0202829876403602e-05,0.000601542919214427,4.370296522200856e-06,0.000601542919214427
K004,N09_M07_F10,900.0,15.0,0,N09_M07_F10_K004_20.mat,1.980754138819228e-05,0.0004785126971300476,4.389479158069342e-06,4.513671672102777e-05,5.591677946454273e-06,7.661957054952625e-05,4.793613117087426e-06,7.142018175081055e-05,8.607670694678905e-06,0.000510293495060079,4.034225885335216e-06,0.000510293495060079
K004,N09_M07_F10,900.0,15.0,0,N09_M07_F10_K004_3.mat,2.0972695988928435e-05,0.00046804453763669664,4.391014059959083e-06,4.287102680838147e-05,5.795841102352801e-06,6.647356414204794e-05,4.59068842523627e-06,8.894576092398251e-05,9.834194837315137e-06,0.0006900536151933619,4.3456972351561835e-06,0.0006900536151933619
K004,N09_M07_F10,900.0,15.0,0,N09_M07_F10_K004_4.mat,2.0527992609923433e-05,0.00043357300116219965,4.289971945700163e-06,4.556465144324783e-05,5.744987609302194e-06,7.587686200144153e-05,4.7645593407910775e-06,7.738071324621167e-05,9.204022101886053e-06,0.0006046569161852584,4.188507319723419e-06,0.0006046569161852584
K004,N09_M07_F10,900.0,15.0,0,N09_M07_F10_K004_5.mat,2.0212249825240697e-05,0.0005020557344695769,4.636165139369521e-06,4.829765189386903e-05,5.796517570897584e-06,6.91865581613804e-05,4.652233183473727e-06,9.521932641002379e-05,9.196629403634366e-06,0.0006177302017884289,4.096847272475938e-06,0.0006177302017884289
K004,N09_M07_F10,900.0,15.0,0,N09_M07_F10_K004_6.mat,2.1483923260180108e-05,0.0005093405014051518,4.728994502273164e-06,6.404807836158803e-05,6.170647512787771e-06,7.978833308291379e-05,4.849201763599712e-06,9.382356101386972e-05,9.024903027928628e-06,0.0005128832737579159,4.148776896658939e-06,0.0005128832737579159
K004,N09_M07_F10,900.0,15.0,0,N09_M07_F10_K004_7.mat,2.1268702698668436e-05,0.00043534954866603125,4.383036090269801e-06,4.9958847177821566e-05,6.092977022415011e-06,8.509845754855977e-05,4.573631225162537e-06,6.796594283694033e-05,9.187152602334832e-06,0.0004986862733376908,4.059223361568114e-06,0.0004986862733376908
K004,N09_M07_F10,900.0,15.0,0,N09_M07_F10_K004_8.mat,2.007608265294459e-05,0.0004488304603352831,4.462994988801182e-06,4.2606725784035985e-05,6.303796872770611e-06,0.00014932267143187485,4.853798545053284e-06,8.070772634897195e-05,8.840126393075016e-06,0.000591969273863092,4.14169106834705e-06,0.000591969273863092
K004,N09_M07_F10,900.0,15.0,0,N09_M07_F10_K004_9.mat,1.999022399528249e-05,0.0005249679132633644,4.353386337762022e-06,5.706632385476589e-05,6.005190132886597e-06,0.00010889007346363658,4.7096504822529255e-06,7.315457062948203e-05,8.661585360243434e-06,0.0004838796699948417,4.007709506461148e-06,0.0005249679132633644
K004,N15_M01_F10,1500.0,25.0,0,N15_M01_F10_K004_1.mat,2.7243708313485542e-05,0.0008705217975176018,9.980011733273745e-06,0.00015317061999523617,2.2587865702607055e-05,0.0006275185419333569,2.312071239599678e-05,0.0011573453706351501,3.3706690088815226e-05,0.0022231979951133794,1.096338272797578e-05,0.0022231979951133794
K004,N15_M01_F10,1500.0,25.0,0,N15_M01_F10_K004_10.mat,2.1552155369977683e-05,0.0007502535161427188,7.295127252485879e-06,9.999160971323374e-05,1.7797185152362425e-05,0.00033773512464517936,2.0225462363452386e-05,0.0006820457073320174,3.856755009172274e-05,0.004600607522998136,1.1035838236468435e-05,0.004600607522998136
K004,N15_M01_F10,1500.0,25.0,0,N15_M01_F10_K004_11.mat,2.0972690251274478e-05,0.0006395702160291103,7.4730692397559095e-06,0.00015303586626655414,1.8326791672235726e-05,0.0003866287319542389,2.028400492618901e-05,0.0006108317742340699,3.876686607108328e-05,0.003648938278042731,1.111903255664917e-05,0.003648938278042731
K004,N15_M01_F10,1500.0,25.0,0,N15_M01_F10_K004_12.mat,2.175945719003796e-05,0.0007130984880804365,7.542726962652139e-06,0.0001340467973156971,1.8350455071325646e-05,0.00035651547993762335,1.9728255388574714e-05,0.0008665453025508476,3.883906075873792e-05,0.003256383607848458,1.1005305705636878e-05,0.003256383607848458
K004,N15_M01_F10,1500.0,25.0,0,N15_M01_F10_K004_13.mat,2.187815527516551e-05,0.0007349256886935269,7.20779782652419e-06,0.00012238694387011568,1.73756255440921e-05,0.00037619629983240774,2.0234988127306706e-05,0.0007681330524501803,3.746133268470212e-05,0.0036983799787909627,1.0733928383555962e-05,0.0036983799787909627
K004,N15_M01_F10,1500.0,25.0,0,N15_M01_F10_K004_14.mat,2.1287141356516934e-05,0.0006710350099580626,7.288520615234523e-06,0.00010485871324928542,1.8050342959102522e-05,0.0003482102673182336,2.007692093266092e-05,0.0006559498370523405,3.762475237979446e-05,0.004237265011104565,1.0684781331068522e-05,0.004237265011104565
K004,N15_M01_F10,1500.0,25.0,0,N15_M01_F10_K004_15.mat,2.0712620891565562e-05,0.0006662567474902205,7.851251891472185e-06,9.992951637170718e-05,1.8750208529551474e-05,0.00048600630418026505,2.0924208687711526e-05,0.0007712563772427827,3.898350461331569e-05,0.0036139307717219632,1.1153034488790875e-05,0.0036139307717219632
K004,N15_M01_F10,1500.0,25.0,0,N15_M01_F10_K004_16.mat,2.000687195547774e-05,0.0006756536274325096,7.519207951050824e-06,0.0001345408197845971,1.865632562275183e-05,0.0004015488034383495,2.0745984136687123e-05,0.0006364595927032748,3.9042551785613034e-05,0.003917833705728134,1.1177027361239756e-05,0.003917833705728134
K004,N15_M01_F10,1500.0,25.0,0,N15_M01_F10_K004_17.mat,2.0901249854828855e-05,0.0006658783824185341,7.447310633124176e-06,0.00011949223355057803,1.8318231775202868e-05,0.00034905292847813507,1.9996705108302437e-05,0.0007711751455179984,3.914529824059942e-05,0.003376597849356084,1.1023253164650277e-05,0.003376597849356084
K004,N15_M01_F10,1500.0,25.0,0,N15_M01_F10_K004_18.mat,2.00032872801286e-05,0.0006576422686165755,7.31061593688462e-06,8.834558180063048e-05,1.852676252872243e-05,0.0004419889686139199,2.0389584031839035e-05,0.000712845787747357,3.7914446165318066e-05,0.0028544125813951913,1.0835360094927906e-05,0.0028544125813951913
K004,N15_M01_F10,1500.0,25.0,0,N15_M01_F10_K004_19.mat,1.975363157864893e-05,0.0006436797394923304,7.451776406956401e-06,0.00011177877144857458,1.7891999117923007e-05,0.00037113123054778726,2.0649243145005633e-05,0.000865965749484095,3.84198543064433e-05,0.004177678461796114,1.0918600201008939e-05,0.004177678461796114
K004,N15_M01_F10,1500.0,25.0,0,N15_M01_F10_K004_2.mat,2.56356822495849e-05,0.0008344809217478579,9.29887400368943e-06,0.00018888803282239623,2.081326275138145e-05,0.0005603958794017747,2.1915945969206694e-05,0.0011605246044918617,3.522657640251996e-05,0.003082591147732759,1.0856543676359208e-05,0.003082591147732759
K004,N15_M01_F10,1500.0,25.0,0,N15_M01_F10_K004_20.mat,1.9702191065200552e-05,0.0006126672941355342,7.397030623534619e-06,0.0001356021012398487,1.7804603694765582e-05,0.00037806412286891215,2.0648578226327692e-05,0.0009273510901501246,3.7693085000617276e-05,0.004497837244306757,1.0829451813065059e-05,0.004497837244306757
K004,N15_M01_F10,1500.0,25.0,0,N15_M01_F10_K004_3.mat,2.406156827739049e-05,0.0008267253603371674,8.99410641120223e-06,0.00014573411530810287,2.0578364054500828e-05,0.0004724713721322128,2.06413216284209e-05,0.000766903387084942,3.7611268375338015e-05,0.003009429667655988,1.1041986371007148e-05,0.003009429667655988
K004,N15_M01_F10,1500.0,25.0,0,N15_M01_F10_K004_4.mat,2.501302623177346e-05,0.0009430538497024823,8.14921341094324e-06,0.0001490365060667107,1.9803392695713505e-05,0.0004556363939957374,2.1265812204873592e-05,0.0010565925975228184,3.897589284648539e-05,0.003375509558122743,1.1314705735663353e-05,0.003375509558122743
K004,N15_M01_F10,1500.0,25.0,0,N15_M01_F10_K004_5.mat,2.4658894702766705e-05,0.000791904525415707,8.070362414419222e-06,0.00011076469045569673,1.878200963903078e-05,0.00038342655499906496,2.0623455285030226e-05,0.0008442731170159422,3.861691529895821e-05,0.0029838675592923835,1.1170517653674191e-05,0.0029838675592923835
K004,N15_M01_F10,1500.0,25.0,0,N15_M01_F10_K004_6.mat,2.3807829132810692e-05,0.0007800610338286321,7.973434891302572e-06,0.00018683580069654612,1.8240586934443574e-05,0.0004043292457024317,2.1029444617607788e-05,0.0011470660283937862,3.953827295084895e-05,0.003144056386389958,1.1267159907891045e-05,0.003144056386389958
K004,N15_M01_F10,1500.0,25.0,0,N15_M01_F10_K004_7.mat,2.425975664207813e-05,0.0008992954341146078,7.8889807222031e-06,0.00011391831900160706,1.875569827879086e-05,0.00034690018508257175,2.1112967629679952e-05,0.000955330199116059,4.01405593863187e-05,0.003468852057946342,1.1434922851528307e-05,0.003468852057946342
K004,N15_M01_F10,1500.0,25.0,0,N15_M01_F10_K004_8.mat,2.265953239945108e-05,0.0007068500274317616,7.75027662734029e-06,0.00011841157725117395,1.824556553183531e-05,0.0003268966132249785,2.085546014701081e-05,0.0006954530333807551,3.9182233760422754e-05,0.002599288981386788,1.1203330131627475e-05,0.002599288981386788
K004,N15_M01_F10,1500.0,25.0,0,N15_M01_F10_K004_9.mat,2.377251382011449e-05,0.0007047461320339621,7.464563664248388e-06,8.335480800893983e-05,1.8251090574828835e-05,0.0003900079513839273,2.044982033167732e-05,0.0008356071552556204,4.022052669077579e-05,0.0031442379859802643,1.1271117225720436e-05,0.0031442379859802643
K004,N15_M07_F04,1500.0,25.0,0,N15_M07_F04_K004_1.mat,1.629194096312415e-05,0.0005073719324138341,7.885837657107762e-06,0.00011015444097847317,1.750488352000949e-05,0.00035876586265776286,1.909782823622203e-05,0.0006621658014423686,2.2564188089466653e-05,0.0012150781764270495,8.25491271138549e-06,0.0012150781764270495
K004,N15_M07_F04,1500.0,25.0,0,N15_M07_F04_K004_10.mat,1.6193060750212507e-05,0.0004988693448451148,6.885927111881587e-06,0.00011028427320402322,1.5869750846338548e-05,0.000400976678545583,1.9651763220900124e-05,0.0005287013870531823,2.548356412037196e-05,0.0008386329507763756,8.714551031127931e-06,0.0008386329507763756
K004,N15_M07_F04,1500.0,25.0,0,N15_M07_F04_K004_11.mat,1.577427890033534e-05,0.0004371763843979798,7.051697027716059e-06,0.00010939910148970942,1.5769169305817278e-05,0.00032228778625362166,1.9284517229482325e-05,0.0004678604265155503,2.463009644715405e-05,0.0009147261585375802,8.501808995202932e-06,0.0009147261585375802
K004,N15_M07_F04,1500.0,25.0,0,N15_M07_F04_K004_12.mat,1.571553503089378e-05,0.0004596361558316484,6.828986384561639e-06,0.0001151102212845021,1.568305774447317e-05,0.0003411410713097167,1.9345405390623304e-05,0.0004959594068926625,2.5162590571849423e-05,0.000841584599839925,8.62423411941831e-06,0.000841584599839925
K004,N15_M07_F04,1500.0,25.0,0,N15_M07_F04_K004_13.mat,1.592301429662119e-05,0.00045046192223579097,7.418966602394936e-06,9.967543086380194e-05,1.596120562908885e-05,0.00025866199673639766,1.9595911763776815e-05,0.0005584083048352533,2.5731643282487115e-05,0.0010474437221657767,8.746452450999647e-06,0.0010474437221657767
K004,N15_M07_F04,1500.0,25.0,0,N15_M07_F04_K004_14.mat,1.6292697558018417e-05,0.00047071026951071246,7.458219605731042e-06,8.482820715693087e-05,1.5488432524619054e-05,0.0003119046363901288,1.9844497924323736e-05,0.0005433242742626666,2.4982163605793923e-05,0.0012911835275139266,8.704558807937301e-06,0.0012911835275139266
K004,N15_M07_F04,1500.0,25.0,0,N15_M07_F04_K004_15.mat,1.4515414290988164e-05,0.00044190983956320253,7.147561990979411e-06,8.154204767295858e-05,1.6011938193952072e-05,0.0002575990887508936,1.9078988860626303e-05,0.0004986778803292948,2.5288561149543406e-05,0.001032834133015328,8.528455694656862e-06,0.001032834133015328
K004,N15_M07_F04,1500.0,25.0,0,N15_M07_F04_K004_16.mat,1.4418917766840332e-05,0.00040342789873791047,7.560248230743015e-06,0.0001361377727679237,1.5657167520284637e-05,0.0002844298122489737,1.8999083780113508e-05,0.0004484240553918748,2.55034860095361e-05,0.0009499855671599089,8.66553388931144e-06,0.0009499855671599089
K004,N15_M07_F04,1500.0,25.0,0,N15_M07_F04_K004_17.mat,1.5136757071001732e-05,0.0004406887905899002,7.122944952100261e-06,0.00010539611284950607,1.5597616368164044e-05,0.00025153776644385784,1.9147347564808848e-05,0.0005561635234421876,2.5205052495446904e-05,0.0010528078411956418,8.568588614555422e-06,0.0010528078411956418
K004,N15_M07_F04,1500.0,25.0,0,N15_M07_F04_K004_18.mat,1.3837675369301587e-05,0.00044841109790437657,7.5988019498671984e-06,0.00012052828404446782,1.5550398676064467e-05,0.0002323159828929085,1.9153083929373675e-05,0.0004508510805062215,2.510689164168344e-05,0.000821719644942048,8.585830889900396e-06,0.000821719644942048
K004,N15_M07_F04,1500.0,25.0,0,N15_M07_F04_K004_19.mat,1.4679045021849434e-05,0.00042634800738503736,7.092130872469979e-06,8.461694487080232e-05,1.563680807134092e-05,0.00034903226373248587,2.0001649931163843e-05,0.0006420826333469622,2.5038748722834464e-05,0.0009632414439351222,8.607126219805807e-06,0.0009632414439351222
K004,N15_M07_F04,1500.0,25.0,0,N15_M07_F04_K004_2.mat,1.666613964631453e-05,0.0005047722144200766,7.317522228848878e-06,0.0001235744638769621,1.6782117455942626e-05,0.00036338727602468754,1.972612392677155e-05,0.000424213758059194,2.239166776782054e-05,0.0007057983114770237,8.187456061907645e-06,0.0007057983114770237
K004,N15_M07_F04,1500.0,25.0,0,N15_M07_F04_K004_20.mat,1.517917525108223e-05,0.0005198619402440658,7.322130961677624e-06,0.0001363477728184236,1.5963060419173116e-05,0.0002940892287039582,1.9209329851183777e-05,0.000472718661453456,2.463766509368441e-05,0.0011653494258484056,8.530009744702256e-06,0.0011653494258484056
K004,N15_M07_F04,1500.0,25.0,0,N15_M07_F04_K004_3.mat,1.590093868466978e-05,0.00044607403201076657,7.469521381481304e-06,0.00010509642337026461,1.6428304130675616e-05,0.00036522609556548377,1.8752159291469845e-05,0.0005866728266307422,2.3411886163266275e-05,0.0008999538020823529,8.369824565447296e-06,0.0008999538020823529
K004,N15_M07_F04,1500.0,25.0,0,N15_M07_F04_K004_4.mat,1.573271328075365e-05,0.0005600501398521819,6.883309526663315e-06,0.0001341981236438646,1.662493501178463e-05,0.00039027716647878076,1.8994730185209004e-05,0.00043260459918663787,2.4105350728490796e-05,0.0010647811469277164,8.414803909416676e-06,0.0010647811469277164
K004,N15_M07_F04,1500.0,25.0,0,N15_M07_F04_K004_5.mat,1.5736683911131842e-05,0.00047997683806210367,7.3160319810604915e-06,0.00010490739614310179,1.6454048517212426e-05,0.00034167857170428075,1.9202344556938065e-05,0.0004280956635711728,2.520952136503889e-05,0.0009782055805068826,8.725392311864844e-06,0.0009782055805068826
K004,N15_M07_F04,1500.0,25.0,0,N15_M07_F04_K004_6.mat,1.649152222755431e-05,0.000477819763599302,7.08334702934807e-06,0.00011192089691584937,1.6071723056350463e-05,0.000345656516609601,1.894213664792281e-05,0.0005645601335841187,2.530281694453491e-05,0.00126733186579806,8.701475032309473e-06,0.00126733186579806
K004,N15_M07_F04,1500.0,25.0,0,N15_M07_F04_K004_7.mat,1.5654347975837536e-05,0.0005233844223637163,6.657465941797745e-06,0.00010839102320404353,1.6302234642010124e-05,0.0003316106434094072,1.8913527357265912e-05,0.00042722650199123597,2.5415778678698157e-05,0.001091801789037984,8.676173955721738e-06,0.001091801789037984
K004,N15_M07_F04,1500.0,25.0,0,N15_M07_F04_K004_8.mat,1.6250557644248678e-05,0.0005129874433550981,6.8609022229605765e-06,9.204491712452066e-05,1.593498601875209e-05,0.00030082528710176457,1.885023621315041e-05,0.0004742346117856245,2.5185128774995452e-05,0.0008249839068935227,8.561061579635202e-06,0.0008249839068935227
K004,N15_M07_F04,1500.0,25.0,0,N15_M07_F04_K004_9.mat,1.5794241500327804e-05,0.0004541390319099214,7.0697168147423495e-06,9.641239353613731e-05,1.6207786067987827e-05,0.000381917703534805,1.926631124072019e-05,0.000516270825030055,2.5816383439524996e-05,0.0009303940370087748,8.742724496669807e-06,0.0009303940370087748
K004,N15_M07_F10,1500.0,25.0,0,N15_M07_F10_K004_1.mat,1.8724130302108583e-05,0.0005967390712329834,7.1823723592135695e-06,0.00015603894738359898,1.7669136173322238e-05,0.00037148987324750525,2.075101281388925e-05,0.0008098085895149378,3.776893299333884e-05,0.004631129435212673,1.078735494963402e-05,0.004631129435212673
K004,N15_M07_F10,1500.0,25.0,0,N15_M07_F10_K004_10.mat,1.838058250396992e-05,0.0006031488991179404,7.1484207298676025e-06,0.00010962956508821159,1.6898965792896588e-05,0.00038207854310663513,2.032318560941387e-05,0.0007700599172440865,3.8201732936766986e-05,0.004557420920986254,1.0720526908650802e-05,0.004557420920986254
K004,N15_M07_F10,1500.0,25.0,0,N15_M07_F10_K004_11.mat,1.7477783778770753e-05,0.0005838622185695368,7.542918447328727e-06,0.00010000477811608491,1.698901242163975e-05,0.0003055278867087311,2.075381892475301e-05,0.0006537427192470307,3.7002695295823245e-05,0.00285186843440231,1.0683247281882417e-05,0.00285186843440231
K004,N15_M07_F10,1500.0,25.0,0,N15_M07_F10_K004_12.mat,1.7077218800673813e-05,0.0005539954597407521,7.679934284618704e-06,0.00012377581779353877,1.6861568903240248e-05,0.0003383261615090955,2.069991405285186e-05,0.0007927916085398437,3.709502575978608e-05,0.002618987368832208,1.0628199521202994e-05,0.002618987368832208
K004,N15_M07_F10,1500.0,25.0,0,N15_M07_F10_K004_13.mat,1.7121064025488207e-05,0.0005349935858523061,7.218212011724156e-06,9.466436248679708e-05,1.7293824320869368e-05,0.0002931763981868038,2.0157974669319683e-05,0.0009463263918788144,3.8087900187608126e-05,0.00386865646531035,1.0614582616649626e-05,0.00386865646531035
K004,N15_M07_F10,1500.0,25.0,0,N15_M07_F10_K004_14.mat,1.7133555828066082e-05,0.0005395293855122071,7.192035999578772e-06,0.00010561386004947555,1.7219447714802856e-05,0.0003715925260295159,2.0482559079219353e-05,0.0006265126047218117,3.710490765819164e-05,0.003135232324046181,1.0651930297432325e-05,0.003135232324046181
K004,N15_M07_F10,1500.0,25.0,0,N15_M07_F10_K004_15.mat,1.8157119895333535e-05,0.0006175536804114747,7.676374664700537e-06,0.00011684038437587858,1.6745344663415887e-05,0.00026450426579502226,2.03442895633665e-05,0.0006631461801300564,3.6804490891945435e-05,0.0037976435840576944,1.053677416712269e-05,0.0037976435840576944
K004,N15_M07_F10,1500.0,25.0,0,N15_M07_F10_K004_16.mat,1.685243424293052e-05,0.0005629517994173068,7.677864801000254e-06,0.0001063363411124803,1.685969607593157e-05,0.0002655664377714012,2.0859405879651267e-05,0.000978044081290302,3.650935349883073e-05,0.002339026677154539,1.0633470938752362e-05,0.002339026677154539
K004,N15_M07_F10,1500.0,25.0,0,N15_M07_F10_K004_17.mat,1.6252457328933918e-05,0.0004870006407307955,7.114652145662821e-06,0.0001017637981647175,1.696965676732016e-05,0.00033411443471900384,2.0728745162385113e-05,0.0007678390779786107,3.647395706352162e-05,0.002929166451676967,1.0579826661953422e-05,0.002929166451676967
K004,N15_M07_F10,1500.0,25.0,0,N15_M07_F10_K004_18.mat,1.6177107360143058e-05,0.0005579279843398212,7.435388944471182e-06,0.0001261751589993301,1.714057504490451e-05,0.00030762363125503124,1.9892161698887206e-05,0.0006519672963934585,3.6346697802638454e-05,0.003041212027345343,1.047502198489641e-05,0.003041212027345343
K004,N15_M07_F10,1500.0,25.0,0,N15_M07_F10_K004_19.mat,1.6779338019083294e-05,0.0005575956364324456,6.967495794241388e-06,9.737708276611089e-05,1.792006861469262e-05,0.00030368644423974526,2.0602165734293643e-05,0.0006667544883604728,3.7072307796264245e-05,0.003221466698386377,1.0633122246945817e-05,0.003221466698386377
K004,N15_M07_F10,1500.0,25.0,0,N15_M07_F10_K004_2.mat,1.9116304029454144e-05,0.0005699602979791728,7.4783548511114425e-06,0.000122098494395663,1.6935524490646237e-05,0.00036474143624389157,2.001394771225403e-05,0.001194964413452255,3.984628807579523e-05,0.004010932443924513,1.10268158280983e-05,0.004010932443924513
K004,N15_M07_F10,1500.0,25.0,0,N15_M07_F10_K004_20.mat,1.6909068573287995e-05,0.0005040445495122015,7.20969109767246e-06,0.00010685869345469758,1.7451566086057756e-05,0.00035466292507592526,2.080012475678654e-05,0.0007529054337339463,3.737724999735246e-05,0.003165132652695475,1.071866589640151e-05,0.003165132652695475
K004,N15_M07_F10,1500.0,25.0,0,N15_M07_F10_K004_3.mat,1.953468421036566e-05,0.0006374213572540798,7.177869251512194e-06,0.00010820787084008601,1.696816790510193e-05,0.0003180294264552076,2.0674028628642675e-05,0.0009128032481479834,3.750991620878605e-05,0.0028924287319349496,1.067468366223372e-05,0.0028924287319349496
K004,N15_M07_F10,1500.0,25.0,0,N15_M07_F10_K004_4.mat,1.8913687208707098e-05,0.0006145306423347305,7.127767765534476e-06,9.45535329391934e-05,1.7380005141662723e-05,0.0003716849051836176,2.043066568488505e-05,0.0007830104517950677,3.718060042294626e-05,0.003796602421672086,1.0674510475296184e-05,0.003796602421672086
K004,N15_M07_F10,1500.0,25.0,0,N15_M07_F10_K004_5.mat,1.881040820915222e-05,0.0005804967200277685,7.621020155333137e-06,0.00012151014950371692,1.731208763503408e-05,0.00032707232556566257,2.0298156438501297e-05,0.0007681800848277067,3.7588749509420524e-05,0.0028638504748897927,1.0798460901957671e-05,0.0028638504748897927
K004,N15_M07_F10,1500.0,25.0,0,N15_M07_F10_K004_6.mat,1.9238506671906702e-05,0.0006452221267398027,7.25041137428784e-06,0.00011576265042694979,1.7212458532510498e-05,0.00035858921942612194,2.0306689245004595e-05,0.0009248166447074954,3.719842727087442e-05,0.003208665704143187,1.0671578718309748e-05,0.003208665704143187
K004,N15_M07_F10,1500.0,25.0,0,N15_M07_F10_K004_7.mat,1.861905424325803e-05,0.000596422353807169,7.118080666696404e-06,0.00012072675905435338,1.6126091347912742e-05,0.0002906116809749094,2.116100076244926e-05,0.0006677937882462067,3.6305824624257264e-05,0.0033451594538950703,1.0439152422212031e-05,0.0033451594538950703
K004,N15_M07_F10,1500.0,25.0,0,N15_M07_F10_K004_8.mat,1.8018937677155966e-05,0.0005826931141152028,7.299553124149503e-06,0.00011967878746503842,1.7123376289357192e-05,0.0004260659014758764,2.0703137398034686e-05,0.0008275302571130817,3.817521957333768e-05,0.004168979469419314,1.0752646355081575e-05,0.004168979469419314
K004,N15_M07_F10,1500.0,25.0,0,N15_M07_F10_K004_9.mat,1.8750931575768632e-05,0.000667787881601786,7.4836898913275535e-06,8.91510866727812e-05,1.691451358283388e-05,0.0003287446492050744,2.0063204296334774e-05,0.0007564556738759075,3.7967225504296684e-05,0.0036337041812994596,1.0713860442561713e-05,0.0036337041812994596
K005,N09_M07_F10,900.0,15.0,0,N09_M07_F10_K005_1.mat,2.7409897847755824e-05,0.0006353347852859259,4.774694158828122e-06,5.4000605397256006e-05,8.329841765919768e-06,0.00013106293738912646,6.011482135480029e-06,0.00010175428685220254,1.2396925944622535e-05,0.0005063460711486747,4.955047121304917e-06,0.0006353347852859259
K005,N09_M07_F10,900.0,15.0,0,N09_M07_F10_K005_10.mat,2.783774720683263e-05,0.0005806377192754538,4.20049926418242e-06,4.649364634527108e-05,8.03494055189342e-06,0.00014579731999133768,5.595946451846056e-06,0.00011763660128013016,1.2059284709236585e-05,0.00042263553126172453,4.829537570475597e-06,0.0005806377192754538
K005,N09_M07_F10,900.0,15.0,0,N09_M07_F10_K005_11.mat,2.8102282153178913e-05,0.0006352231019962787,4.403406846913234e-06,4.2650378359836246e-05,8.32945313019808e-06,0.00017726108217118553,5.565730117513132e-06,8.443447961079597e-05,1.2135699332108763e-05,0.0006407673673668842,4.8607417398530806e-06,0.0006407673673668842
K005,N09_M07_F10,900.0,15.0,0,N09_M07_F10_K005_12.mat,2.7391084329059624e-05,0.000541812413759441,4.499155724668415e-06,6.296467690182322e-05,8.554888627550628e-06,0.00020030799333477773,5.669495479481922e-06,9.184707043437614e-05,1.2044451723612963e-05,0.0005615034106367991,4.847262865561411e-06,0.0005615034106367991
K005,N09_M07_F10,900.0,15.0,0,N09_M07_F10_K005_13.mat,2.8530896515664314e-05,0.0006009621481044798,4.5209198413307355e-06,4.330872985577938e-05,8.749814294117507e-06,0.00015938855256338673,5.597117367777862e-06,7.741307610217697e-05,1.1900800782795174e-05,0.00044827286266252686,4.896227569782988e-06,0.0006009621481044798
K005,N09_M07_F10,900.0,15.0,0,N09_M07_F10_K005_14.mat,2.7601826410048828e-05,0.0006279748185799431,4.47690174677645e-06,6.88301393543204e-05,8.740034397678232e-06,0.00017241564093469202,5.709260596314204e-06,7.74091819252116e-05,1.2018649407098688e-05,0.0005543656800430585,4.931022683450109e-06,0.0006279748185799431
K005,N09_M07_F10,900.0,15.0,0,N09_M07_F10_K005_15.mat,2.8182756745887544e-05,0.0005913780297967193,4.323009883139531e-06,4.985831659702804e-05,8.425570400064145e-06,0.00017842115914034094,5.554987683649151e-06,0.00010122036000113255,1.1811121226133111e-05,0.00045365846377455854,4.813354099721418e-06,0.0005913780297967193
K005,N09_M07_F10,900.0,15.0,0,N09_M07_F10_K005_16.mat,2.6518310447688812e-05,0.0005769222049730153,4.2050459947864796e-06,3.6073858283405486e-05,8.43307078359736e-06,0.0002069657376884235,5.429486457377345e-06,6.908335948308623e-05,1.1914613846608721e-05,0.0005305121841550971,4.794340780040848e-06,0.0005769222049730153
K005,N09_M07_F10,900.0,15.0,0,N09_M07_F10_K005_17.mat,2.6613579060372546e-05,0.0006190522468929547,4.132433642395084e-06,4.501107578703987e-05,8.0168627608052e-06,0.00019512536727203785,5.319628026509895e-06,0.00010676803201871761,1.1636453875025993e-05,0.0005597613010451994,4.750449739883793e-06,0.0006190522468929547
K005,N09_M07_F10,900.0,15.0,0,N09_M07_F10_K005_18.mat,2.6289676348432442e-05,0.0005781273169264055,4.3434883253352284e-06,6.1029627789782305e-05,8.52098832516275e-06,0.00024266699642869032,5.509858108818632e-06,0.0001207421619903992,1.1386411818791502e-05,0.0004421518207533654,4.742360573628326e-06,0.0005781273169264055
K005,N09_M07_F10,900.0,15.0,0,N09_M07_F10_K005_19.mat,2.575110810879878e-05,0.0005680628563364714,4.160145356463855e-06,4.0906176907935896e-05,8.257805547506357e-06,0.00014434494216994902,5.43289271462806e-06,9.832484000321841e-05,1.1503773700102273e-05,0.0005317065206567054,4.727774783164986e-06,0.0005680628563364714
K005,N09_M07_F10,900.0,15.0,0,N09_M07_F10_K005_2.mat,2.9505225704928664e-05,0.0006353268014748911,4.5541504663721575e-06,4.870699538939873e-05,8.65015286764228e-06,0.00013931475748788175,5.85883628915462e-06,8.313072516228304e-05,1.2367076179236458e-05,0.00043412769821839984,4.941563194219861e-06,0.0006353268014748911
K005,N09_M07_F10,900.0,15.0,0,N09_M07_F10_K005_20.mat,2.6446413553204692e-05,0.0005773996116671633,4.395539466397858e-06,4.880734569917874e-05,8.250532963536765e-06,0.0001608078186247015,5.6261815760281745e-06,0.00011558969422982256,1.1756107369043893e-05,0.00046431849933603034,4.843493211860503e-06,0.0005773996116671633
K005,N09_M07_F10,900.0,15.0,0,N09_M07_F10_K005_3.mat,2.949701078889902e-05,0.0007068640571485195,4.554327033381305e-06,4.536788328865101e-05,8.316434867009218e-06,0.00015413994837986774,6.066878406394426e-06,8.517888614828217e-05,1.2611635554516433e-05,0.0005008823556438833,5.019600993213714e-06,0.0007068640571485195
K005,N09_M07_F10,900.0,15.0,0,N09_M07_F10_K005_4.mat,2.857299827898698e-05,0.0006396146037447127,4.622849140904099e-06,4.08356845743741e-05,8.776467746304212e-06,0.00018764685099687654,5.839452180372023e-06,8.418700780229456e-05,1.2469968073350402e-05,0.00038339428380154786,4.962114581117386e-06,0.0006396146037447127
K005,N09_M07_F10,900.0,15.0,0,N09_M07_F10_K005_5.mat,2.6379761129831663e-05,0.0005593028782180619,4.484453636828495e-06,4.867074519318696e-05,9.347152924251906e-06,0.00021365202990242992,5.947518734400226e-06,7.062603695546161e-05,1.2551969805936873e-05,0.0005341144412930932,4.998728444254911e-06,0.0005593028782180619
K005,N09_M07_F10,900.0,15.0,0,N09_M07_F10_K005_6.mat,2.707792670524639e-05,0.0006301368820055614,4.295348219059724e-06,7.204169437448586e-05,9.67503224705269e-06,0.00023021470166883622,5.634522898241774e-06,9.84451728136015e-05,1.2167420675060305e-05,0.00040760052636624436,4.960985304679504e-06,0.0006301368820055614
K005,N09_M07_F10,900.0,15.0,0,N09_M07_F10_K005_7.mat,2.932490953684116e-05,0.0006322043326843613,4.41670415042088e-06,4.9437811775200724e-05,8.232101522024233e-06,0.00015084851975761992,5.691668030944387e-06,8.604334769772596e-05,1.2309012054895702e-05,0.00037043515813828357,4.8564582884542675e-06,0.0006322043326843613
K005,N09_M07_F10,900.0,15.0,0,N09_M07_F10_K005_8.mat,2.918492368143206e-05,0.000653214010358565,6.051082130535669e-06,5.446081634608325e-05,1.0534628440249346e-05,0.0002006654457219877,7.344325943418337e-06,0.00010021926842161496,1.4203533078230873e-05,0.0004700660107105016,6.727036373178968e-06,0.000653214010358565
K005,N09_M07_F10,900.0,15.0,0,N09_M07_F10_K005_9.mat,2.6152072127715516e-05,0.0005753518197783567,4.169729189042678e-06,4.1629295571450904e-05,9.044996245101248e-06,0.00014559187509319703,5.593959980729948e-06,8.717451791352812e-05,1.223161839361657e-05,0.0005656788727053843,4.83593763181831e-06,0.0005753518197783567
K005,N15_M01_F10,1500.0,25.0,0,N15_M01_F10_K005_1.mat,1.967686885459134e-05,0.0006321640945156479,1.3270003103410503e-05,0.0003423900460739409,4.3969831145446445e-05,0.00173076430692041,4.3438400107418164e-05,0.0027575123024864284,3.988699339234826e-05,0.002402885238483221,1.4014639749388261e-05,0.0027575123024864284
K005,N15_M01_F10,1500.0,25.0,0,N15_M01_F10_K005_10.mat,1.960964210662545e-05,0.0006227546076219299,1.124927265123553e-05,0.0002198610328752751,4.475840766978682e-05,0.0016161314604284439,4.665434321318508e-05,0.0026862473495991965,4.133512492760744e-05,0.0035807732197789027,1.4526829797903651e-05,0.0035807732197789027
K005,N15_M01_F10,1500.0,25.0,0,N15_M01_F10_K005_11.mat,1.8742272179735457e-05,0.0006369759153743151,1.1058074570429507e-05,0.0002212608829473789,4.549650180529269e-05,0.0016157442155573464,4.5655690498326894e-05,0.003428177127170885,4.24645802827305e-05,0.0027806293143593686,1.4591347636809967e-05,0.003428177127170885
K005,N15_M01_F10,1500.0,25.0,0,N15_M01_F10_K005_12.mat,1.9681988613435747e-05,0.0006627360403844129,1.1504763976064794e-05,0.00034635300081199883,4.303836427938489e-05,0.0015351872723130102,4.6745595399630586e-05,0.0025513841230546883,4.236336075870169e-05,0.0027539990308967427,1.4628021769760724e-05,0.0027539990308967427
K005,N15_M01_F10,1500.0,25.0,0,N15_M01_F10_K005_13.mat,1.944221072438269e-05,0.0006162735408634459,1.1009648808785398e-05,0.00030082906556786604,4.426380751634644e-05,0.0015623463371636133,4.715189399553845e-05,0.002831974638602542,4.2353102996267134e-05,0.0024224515929019614,1.464757851682781e-05,0.002831974638602542
K005,N15_M01_F10,1500.0,25.0,0,N15_M01_F10_K005_14.mat,1.8994246318389647e-05,0.0005711038950076766,1.1339491527168748e-05,0.000255893778849484,4.571841432858712e-05,0.0015454037759530556,4.5440688506492005e-05,0.002418884577606346,4.294076367522464e-05,0.0024441747454362196,1.4726876208495929e-05,0.0024441747454362196
K005,N15_M01_F10,1500.0,25.0,0,N15_M01_F10_K005_15.mat,1.8733492491646313e-05,0.0006004310068502422,1.1752002796266953e-05,0.00032234546876091055,4.458867223117058e-05,0.0015567927453238079,4.545011617071511e-05,0.00256004879871764,4.3177254687974436e-05,0.002390479451458859,1.4704274469448407e-05,0.00256004879871764
K005,N15_M01_F10,1500.0,25.0,0,N15_M01_F10_K005_16.mat,1.7837028901286216e-05,0.0005427269869779509,1.1011419042065374e-05,0.00029386406879000355,4.308048275514713e-05,0.001639775662112816,4.553946122340885e-05,0.0022005925555845813,4.325285842848131e-05,0.0026609024524913653,1.4593361030889482e-05,0.0026609024524913653
K005,N15_M01_F10,1500.0,25.0,0,N15_M01_F10_K005_17.mat,1.918710900225263e-05,0.0006225604489449106,1.2363962293984848e-05,0.000341996383475176,4.3281599685457374e-05,0.0014089230336012234,4.52015349720328e-05,0.002426539216804413,4.3654287514010266e-05,0.00278149379949977,1.4757092182108185e-05,0.00278149379949977
K005,N15_M01_F10,1500.0,25.0,0,N15_M01_F10_K005_18.mat,1.8520440703628744e-05,0.0005994595357886988,1.1227963397662603e-05,0.0003033225929832225,4.272497665914455e-05,0.0015500863479841497,4.8053241339742674e-05,0.0024407011262202543,4.418768960298285e-05,0.0025223391555231726,1.5058880218718955e-05,0.0025223391555231726
K005,N15_M01_F10,1500.0,25.0,0,N15_M01_F10_K005_19.mat,2.0830476951368806e-05,0.0006659334188429314,1.3189853346894729e-05,0.00027158321512485455,4.479248712330008e-05,0.0015576097411412013,4.838514746495742e-05,0.002207285169300394,4.503045657262726e-05,0.003949935991295778,1.6592276851282374e-05,0.003949935991295778
K005,N15_M01_F10,1500.0,25.0,0,N15_M01_F10_K005_2.mat,1.8509080256439544e-05,0.0006476694080630356,1.2737088419626425e-05,0.0002842598294755263,4.724055041636681e-05,0.0016446326885837222,4.4682867924183156e-05,0.0031679795082338634,3.995361829526795e-05,0.0031425407354995355,1.4208168384234595e-05,0.0031679795082338634
K005,N15_M01_F10,1500.0,25.0,0,N15_M01_F10_K005_20.mat,1.8702895664927125e-05,0.0006052688093830817,1.1172865006371387e-05,0.00025781535625758745,4.430816981916941e-05,0.0015620622791931691,4.5142211923910484e-05,0.00244627251038921,4.400304644136541e-05,0.0026478215959060128,1.4798499350723036e-05,0.0026478215959060128
K005,N15_M01_F10,1500.0,25.0,0,N15_M01_F10_K005_3.mat,1.7272698176822684e-05,0.0005884961293524195,1.2875523864124827e-05,0.00026091171023888925,4.656868238939624e-05,0.001756593111872681,4.689073478561225e-05,0.0030047004666029845,3.941747579867102e-05,0.002584727571525322,1.4343334916865018e-05,0.0030047004666029845
K005,N15_M01_F10,1500.0,25.0,0,N15_M01_F10_K005_4.mat,1.8339239314795545e-05,0.0005787130723578375,1.1892217563435613e-05,0.0002423624841238684,4.996274625160217e-05,0.001768200205487194,4.64560274909019e-05,0.0037929149095064438,4.110343331502431e-05,0.002888240081645553,1.4622179501076775e-05,0.0037929149095064438
K005,N15_M01_F10,1500.0,25.0,0,N15_M01_F10_K005_5.mat,1.848125466532164e-05,0.0005889846631841757,1.3512697788864959e-05,0.0005047916202537282,4.8603977100382947e-05,0.001945786062068049,4.735777153562762e-05,0.0036834016333611047,4.1704646620295136e-05,0.0027476237350546793,1.4844056023777531e-05,0.0036834016333611047
K005,N15_M01_F10,1500.0,25.0,0,N15_M01_F10_K005_6.mat,1.9291378178648786e-05,0.0007711618467461071,1.1413889653773789e-05,0.0003073183833503915,4.7219301715079776e-05,0.0015449137933263057,4.590655348600469e-05,0.0028874698956527717,4.1420896456356494e-05,0.0022815983847856414,1.4449518096326374e-05,0.0028874698956527717
K005,N15_M01_F10,1500.0,25.0,0,N15_M01_F10_K005_7.mat,1.9274684898842046e-05,0.0006278158802227587,1.176595160917627e-05,0.00027392457115330574,4.5403442056325585e-05,0.0015898932756829923,4.50542736446648e-05,0.0022100586005927756,4.1626391759598236e-05,0.003017322209100494,1.4420587348985489e-05,0.003017322209100494
K005,N15_M01_F10,1500.0,25.0,0,N15_M01_F10_K005_8.mat,1.918931610573195e-05,0.0006011288425097057,1.131549520531097e-05,0.0002695291761410981,4.371326793726116e-05,0.0016185661364479485,4.505312684148295e-05,0.0024631445209934277,4.1330900429991086e-05,0.003012416967907202,1.4314981855809185e-05,0.003012416967907202
K005,N15_M01_F10,1500.0,25.0,0,N15_M01_F10_K005_9.mat,1.8910896148951274e-05,0.0005993737829012841,1.1380764133626811e-05,0.0003143606280294848,4.439440501035006e-05,0.0015685113500812278,4.733268981044435e-05,0.003937452484430507,4.2006574464684234e-05,0.00336004073810162,1.4603480704519783e-05,0.003937452484430507
K005,N15_M07_F04,1500.0,25.0,0,N15_M07_F04_K005_1.mat,1.7403137665570793e-05,0.000499194041566049,1.068672565975359e-05,0.00025494456201862267,1.9587898437345104e-05,0.0004952821764173215,2.857301847795141e-05,0.0011548423812849976,3.39625575344034e-05,0.0016340972155299976,1.1016244572842316e-05,0.0016340972155299976
K005,N15_M07_F04,1500.0,25.0,0,N15_M07_F04_K005_10.mat,1.655796101729578e-05,0.0006054322033759553,9.860973396261337e-06,0.0002449235904899865,2.0225710746288328e-05,0.0005551768516178841,3.20674471278463e-05,0.0010599601681371023,3.432133228890371e-05,0.001680338598909441,1.1418115629271293e-05,0.001680338598909441
K005,N15_M07_F04,1500.0,25.0,0,N15_M07_F04_K005_11.mat,1.8525937580954894e-05,0.0006728040772187743,1.153910204641288e-05,0.00023647463860705526,2.2938721678360974e-05,0.000585393026670913,3.455216880515938e-05,0.001102738353530063,3.655329214854121e-05,0.0012943840401963536,1.3450103778065678e-05,0.0012943840401963536
K005,N15_M07_F04,1500.0,25.0,0,N15_M07_F04_K005_12.mat,1.8537669620855627e-05,0.0006598518030054243,1.217352044008138e-05,0.00021477264394553238,2.2921825216961936e-05,0.000564451562830455,3.513168371103179e-05,0.0015035854055650442,3.635335532762248e-05,0.0013408999922835704,1.347351070789197e-05,0.0015035854055650442
K005,N15_M07_F04,1500.0,25.0,0,N15_M07_F04_K005_13.mat,1.8384797563236807e-05,0.0006250092298985306,1.138559863039638e-05,0.00018698891825269927,2.1775406280749306e-05,0.0006072917700403743,3.341430099850299e-05,0.0012149732107864723,3.618781271930929e-05,0.0016307554280351802,1.324028306182317e-05,0.0016307554280351802
K005,N15_M07_F04,1500.0,25.0,0,N15_M07_F04_K005_14.mat,1.902054808523952e-05,0.0006081542033863459,1.1204909147225268e-05,0.0002305815565007133,2.3422368653214794e-05,0.0007885373066077464,3.6083926207376386e-05,0.0014599032765676815,3.731069056990532e-05,0.0020390749953043967,1.3765729068682248e-05,0.0020390749953043967
K005,N15_M07_F04,1500.0,25.0,0,N15_M07_F04_K005_15.mat,1.9217854815244914e-05,0.0006683424014316545,1.2167899397786411e-05,0.00025834389610825603,2.391555759300007e-05,0.000508704839123688,3.3686661795918294e-05,0.0013117232671299719,3.5560903492654984e-05,0.0018856458552056333,1.3472368430242167e-05,0.0018856458552056333
K005,N15_M07_F04,1500.0,25.0,0,N15_M07_F04_K005_16.mat,1.789197123868091e-05,0.0005234311396328766,1.1642985076839508e-05,0.00026102889906484564,2.358319227243171e-05,0.0006913545166839951,3.3592770416971544e-05,0.0009058717577204002,3.50452674538579e-05,0.001735727536688205,1.3033253766358569e-05,0.001735727536688205
K005,N15_M07_F04,1500.0,25.0,0,N15_M07_F04_K005_17.mat,1.8780119922514488e-05,0.0007335523110992589,1.1930752118345771e-05,0.00030755817078813454,2.244627622913028e-05,0.0005694009026636647,3.394011498845352e-05,0.001265767457163213,3.606089162837301e-05,0.0017129449347400758,1.31806609164087e-05,0.0017129449347400758
K005,N15_M07_F04,1500.0,25.0,0,N15_M07_F04_K005_18.mat,2.0716569455218914e-05,0.0007428127924326376,1.3539904828807925e-05,0.00025515970436108435,2.4366364439192413e-05,0.0006541689867085582,3.621571073653587e-05,0.0009891672871329216,3.748109193928706e-05,0.001651000128031869,1.5152083999146e-05,0.001651000128031869
K005,N15_M07_F04,1500.0,25.0,0,N15_M07_F04_K005_19.mat,2.068356119758958e-05,0.0006427877670771737,1.4050465426318289e-05,0.0002938842827159225,2.4512457903675147e-05,0.0005609099491168558,3.841290585709512e-05,0.0012444138841966445,3.893059978270656e-05,0.0017767653997830886,1.5827740340577403e-05,0.0017767653997830886
K005,N15_M07_F04,1500.0,25.0,0,N15_M07_F04_K005_2.mat,1.742023208740281e-05,0.00056460028650032,1.0952279773955147e-05,0.0002830895367000471,1.9548906669801333e-05,0.0004916572267345749,2.8300332215927673e-05,0.0009941588340863967,3.311697922532551e-05,0.0015663640354171126,1.0895760747088549e-05,0.0015663640354171126
K005,N15_M07_F04,1500.0,25.0,0,N15_M07_F04_K005_20.mat,2.016564381727706e-05,0.0006682518038138064,1.3513903581169848e-05,0.0002440693195791882,2.4202329336519095e-05,0.0005977968326221578,3.6325398123799426e-05,0.0018605330744979668,3.689743989842124e-05,0.0014300320145154864,1.4701749723700653e-05,0.0018605330744979668
K005,N15_M07_F04,1500.0,25.0,0,N15_M07_F04_K005_3.mat,1.7972486957109957e-05,0.0005974808132270173,1.0124578728959191e-05,0.0002536921360552709,2.0442147704735475e-05,0.00045570741764539816,2.94393623714307e-05,0.0011012263948267816,3.385609897721402e-05,0.0017022409187427206,1.112775934488443e-05,0.0017022409187427206
K005,N15_M07_F04,1500.0,25.0,0,N15_M07_F04_K005_4.mat,1.8214799660038214e-05,0.0006586335156903739,1.0330952284454653e-05,0.00029636951033853293,2.1513947393810336e-05,0.0005664322777428844,2.9583472146017566e-05,0.0011337014768556433,3.40818059773002e-05,0.0023030341278390265,1.1292688846542361e-05,0.0023030341278390265
K005,N15_M07_F04,1500.0,25.0,0,N15_M07_F04_K005_5.mat,1.785399248090199e-05,0.0005532623424114562,1.0786770203338182e-05,0.00022741140177608157,2.0136410881155493e-05,0.0005451859264697696,3.0491711778725952e-05,0.0012219313452910732,3.3969084083606607e-05,0.0016721060908760008,1.1347696596932931e-05,0.0016721060908760008
K005,N15_M07_F04,1500.0,25.0,0,N15_M07_F04_K005_6.mat,1.7911312167977904e-05,0.0005827618486967188,1.0300370486983333e-05,0.00025205452985448915,2.118725847885258e-05,0.0004468720744827458,3.1000402869350315e-05,0.0009328527185865424,3.365506027169135e-05,0.0017972808950991405,1.1369465533850048e-05,0.0017972808950991405
K005,N15_M07_F04,1500.0,25.0,0,N15_M07_F04_K005_7.mat,1.6925113870950997e-05,0.0004905973152132835,1.099691143207194e-05,0.0002733799693024117,2.1482417585945293e-05,0.0005567348932174079,3.1643807544194134e-05,0.0011918648610782863,3.374117910722215e-05,0.0014543528062541343,1.1461933381662668e-05,0.0014543528062541343
K005,N15_M07_F04,1500.0,25.0,0,N15_M07_F04_K005_8.mat,1.613091648761733e-05,0.000545323082280194,1.0398854329483322e-05,0.00023703017874762553,2.1001609443598036e-05,0.0006650922984207239,3.193996964616606e-05,0.0011842639093339947,3.490630696863892e-05,0.0021289007641829344,1.1568254706100981e-05,0.0021289007641829344
K005,N15_M07_F04,1500.0,25.0,0,N15_M07_F04_K005_9.mat,1.7017589897034645e-05,0.000513899469683843,9.82257164941161e-06,0.00022124145654514802,2.0774381310488777e-05,0.0005711115939801266,3.254692814790657e-05,0.0011850153818352214,3.503170311096345e-05,0.0019080285149762092,1.162481079099486e-05,0.0019080285149762092
K005,N15_M07_F10,1500.0,25.0,0,N15_M07_F10_K005_1.mat,3.0168377030355117e-05,0.0010429159467146003,1.198226340594538e-05,0.0003097692249330014,5.2972709645887505e-05,0.0016870073512577767,4.87136997611129e-05,0.0025852852010720584,3.6637098654315574e-05,0.0016588576516718913,1.4716983714515524e-05,0.0025852852010720584
K005,N15_M07_F10,1500.0,25.0,0,N15_M07_F10_K005_10.mat,2.4708224779023097e-05,0.0008490826911312024,1.2097790311479687e-05,0.0002798497498879607,5.4177889478181546e-05,0.0016930051664205514,4.8980433097524764e-05,0.0025951443058109575,3.71357967190617e-05,0.0015570208297325163,1.464318273746657e-05,0.0025951443058109575
K005,N15_M07_F10,1500.0,25.0,0,N15_M07_F10_K005_11.mat,2.295719373289039e-05,0.0007714251831338712,1.1708620015545558e-05,0.0002645083945258428,5.196665439677998e-05,0.0016918292007505455,4.899742798100571e-05,0.0028390152743361314,3.724951693005336e-05,0.0015581713079753957,1.446213831815751e-05,0.0028390152743361314
K005,N15_M07_F10,1500.0,25.0,0,N15_M07_F10_K005_12.mat,2.3184101973786566e-05,0.0007571625088234361,1.175485443301743e-05,0.0002462751200090403,5.3245550314630856e-05,0.0015708337871632027,4.875891074320863e-05,0.002585678957304882,3.828008634866892e-05,0.0019196822619551976,1.4639284714453441e-05,0.002585678957304882
K005,N15_M07_F10,1500.0,25.0,0,N15_M07_F10_K005_13.mat,2.3048836131825534e-05,0.0007287702209438997,1.1836814841489366e-05,0.00028086689938036744,4.877079708998595e-05,0.0017347411470533076,4.899840447191196e-05,0.0027949792590181094,3.888506213954818e-05,0.002340976638687796,1.4572489922103783e-05,0.0027949792590181094
K005,N15_M07_F10,1500.0,25.0,0,N15_M07_F10_K005_14.mat,2.1606110093927392e-05,0.0006804611637561788,1.131012356988476e-05,0.00029937420135992405,4.964702968579077e-05,0.0017769151823119945,4.913877669808443e-05,0.0025367530403383313,3.738995214582309e-05,0.001704734467841587,1.435913121267085e-05,0.0025367530403383313
K005,N15_M07_F10,1500.0,25.0,0,N15_M07_F10_K005_15.mat,2.2148187147934826e-05,0.0006939055808306766,1.2458673044182652e-05,0.00024586294762042236,4.938269535070513e-05,0.00151296158527175,4.724940036891637e-05,0.004143793120359522,3.869776774319475e-05,0.0021852402569145116,1.4525470612326014e-05,0.004143793120359522
K005,N15_M07_F10,1500.0,25.0,0,N15_M07_F10_K005_16.mat,2.1658422064419637e-05,0.0008046000034668462,1.1815306118711102e-05,0.0002994605821899215,4.935583833190199e-05,0.00164253354286061,4.8587577192695766e-05,0.0023524900294996267,3.844077467636935e-05,0.0017291871163570293,1.4558350892377397e-05,0.0023524900294996267
K005,N15_M07_F10,1500.0,25.0,0,N15_M07_F10_K005_17.mat,2.3652554808739023e-05,0.0007776379676717061,1.2002095773519977e-05,0.0003116618892853957,5.235652183060285e-05,0.0016559894315403758,4.97169658416443e-05,0.0030119637604111996,3.912656892714196e-05,0.002330101464724618,1.4961321301734186e-05,0.0030119637604111996
K005,N15_M07_F10,1500.0,25.0,0,N15_M07_F10_K005_18.mat,2.1917306140140104e-05,0.0007219240216303709,1.1668913522050244e-05,0.00029208943291760144,5.19716996927175e-05,0.0017759511939392663,4.772757919957426e-05,0.0020521487333746632,3.8650536693294025e-05,0.0022784787426104376,1.4635221607679735e-05,0.0022784787426104376
K005,N15_M07_F10,1500.0,25.0,0,N15_M07_F10_K005_19.mat,2.5236011992691234e-05,0.0007930902693656368,1.2051488275620256e-05,0.00026223586563240835,4.70714846320029e-05,0.0015974635544244017,5.049566884652079e-05,0.005228592745046121,3.935113727656465e-05,0.002730642477887827,1.4874570967852784e-05,0.005228592745046121
K005,N15_M07_F10,1500.0,25.0,0,N15_M07_F10_K005_2.mat,2.66544610154573e-05,0.0008473181526575432,1.1999344105031978e-05,0.000292333423146806,5.3096427878672714e-05,0.001593035676724725,4.97801513706404e-05,0.0030893415728508182,3.536410785201296e-05,0.0018024345055296523,1.4333109831171604e-05,0.0030893415728508182
K005,N15_M07_F10,1500.0,25.0,0,N15_M07_F10_K005_20.mat,1.9566965177209408e-05,0.0006932934523319697,1.1945679902801875e-05,0.00025830746415548937,4.746048624622893e-05,0.001657611053111186,4.909668996992829e-05,0.003377116250968812,3.8610729416924455e-05,0.002086967967998752,1.4518981762262946e-05,0.003377116250968812
K005,N15_M07_F10,1500.0,25.0,0,N15_M07_F10_K005_3.mat,2.570528461119662e-05,0.000789507869228766,1.1713318008274654e-05,0.000293049933664223,5.3225352216793416e-05,0.0015685987202260871,4.744275588155625e-05,0.002046491355193641,3.641380854568641e-05,0.0018846838024801642,1.4362740191753943e-05,0.002046491355193641
K005,N15_M07_F10,1500.0,25.0,0,N15_M07_F10_K005_4.mat,2.4995209388389508e-05,0.0008977419359510679,1.1629084235162785e-05,0.0002958944735869736,5.1180986256553884e-05,0.00166802654742028,4.7739122744587814e-05,0.002181563436848133,3.5885555399280683e-05,0.0017454110338129812,1.420000541824963e-05,0.002181563436848133
K005,N15_M07_F10,1500.0,25.0,0,N15_M07_F10_K005_5.mat,2.376784829079728e-05,0.0007536854014419969,1.0769310345802582e-05,0.0002862922270587183,5.1455422561626736e-05,0.0017367474531706135,4.608741038530051e-05,0.001805411479300624,3.545308103452009e-05,0.002084933670583975,1.3902273541216687e-05,0.002084933670583975
K005,N15_M07_F10,1500.0,25.0,0,N15_M07_F10_K005_6.mat,2.4057609064082192e-05,0.0007886054026143616,1.2331306020557703e-05,0.00029274981067555606,5.130787162231449e-05,0.0017393554142875404,4.745977396285846e-05,0.003129851361986684,3.647999821137945e-05,0.001446797138336165,1.4224801598617295e-05,0.003129851361986684
K005,N15_M07_F10,1500.0,25.0,0,N15_M07_F10_K005_7.mat,2.522650184627161e-05,0.0008524783817879554,1.132061218029977e-05,0.0002795983549230335,5.083418395764426e-05,0.0016907436825342106,4.840680678255546e-05,0.0027312266136165866,3.6631682330155e-05,0.002142704106185864,1.4246879791033666e-05,0.0027312266136165866
K005,N15_M07_F10,1500.0,25.0,0,N15_M07_F10_K005_8.mat,2.511854546532091e-05,0.000811076065637742,1.1680407439615658e-05,0.000299019227881256,5.298452749695423e-05,0.0016513373478296053,4.889335471389562e-05,0.0021897082669928613,3.694327273648205e-05,0.0018305828609347047,1.4536957469408797e-05,0.0021897082669928613
K005,N15_M07_F10,1500.0,25.0,0,N15_M07_F10_K005_9.mat,2.1940290299924405e-05,0.0006893739864479716,1.1016979623674885e-05,0.00026707433572487337,5.050658348081005e-05,0.0016342446150397099,4.915224107313556e-05,0.00225338104836703,3.8027500676502983e-05,0.00201394849274358,1.4516545257851665e-05,0.00225338104836703
K006,N09_M07_F10,900.0,15.0,0,N09_M07_F10_K006_1.mat,6.0686210535164594e-05,0.0014345938700195714,4.978533880827148e-05,0.0006343831262820174,4.63500330512596e-05,0.0004220369993382098,4.71454791143828e-05,0.000484422263785109,5.431551799089862e-05,0.0010089339158174618,4.704133513015655e-05,0.0014345938700195714
K006,N09_M07_F10,900.0,15.0,0,N09_M07_F10_K006_10.mat,6.551076045192795e-05,0.001433152613936786,5.787409554121816e-05,0.0006602524434340371,6.0145613580418706e-05,0.0006735871101775868,5.854310459898285e-05,0.0007254811879569629,6.301917731952578e-05,0.0010821421558191656,5.718486836809216e-05,0.001433152613936786
K006,N09_M07_F10,900.0,15.0,0,N09_M07_F10_K006_11.mat,6.699914831718904e-05,0.0013760494656817612,5.645710090163938e-05,0.0005982118784056273,6.357097541527722e-05,0.0007737897954807608,5.740846774772427e-05,0.0005784945941599385,6.312480811813845e-05,0.001138348834296535,5.735452597571825e-05,0.0013760494656817612
K006,N09_M07_F10,900.0,15.0,0,N09_M07_F10_K006_12.mat,6.531836161884738e-05,0.0011243015044674314,5.4038329325802394e-05,0.00046912963083965036,5.5008587319213756e-05,0.0004769434909021115,5.027810061525053e-05,0.0005033327532605646,5.561989336378851e-05,0.0008412670432570216,5.124508188114224e-05,0.0011243015044674314
K006,N09_M07_F10,900.0,15.0,0,N09_M07_F10_K006_13.mat,5.994465988397535e-05,0.0012368843398932506,4.8466513659165224e-05,0.0004896367068104624,5.252407356521286e-05,0.000581849390693174,4.88880274691618e-05,0.0005508800404175993,5.453404714241241e-05,0.001059923661029831,4.9361152452885945e-05,0.0012368843398932506
K006,N09_M07_F10,900.0,15.0,0,N09_M07_F10_K006_14.mat,5.5675593990828927e-05,0.0011006577569172987,4.5933153420348625e-05,0.00040220429567990734,4.766797151466484e-05,0.00039556369516232607,4.725552214257918e-05,0.0004705847993439054,4.8901783305361015e-05,0.0007401809791761496,4.378680794157792e-05,0.0011006577569172987
K006,N09_M07_F10,900.0,15.0,0,N09_M07_F10_K006_15.mat,5.0170009844962074e-05,0.001138390236004293,4.812806010376187e-05,0.0004254101074383811,5.220929464046416e-05,0.0006713475798552789,4.329059234232595e-05,0.0005016889354163315,4.9528011356132795e-05,0.0007760105176780622,4.392591785934428e-05,0.001138390236004293
K006,N09_M07_F10,900.0,15.0,0,N09_M07_F10_K006_16.mat,5.2047980680903914e-05,0.001109425609391146,4.46598693397466e-05,0.00044247563256049694,4.9540468116057985e-05,0.0006108983431026409,4.577886535917836e-05,0.000596811650450029,4.9183384451640445e-05,0.000651807477988107,4.4680151763821744e-05,0.001109425609391146
K006,N09_M07_F10,900.0,15.0,0,N09_M07_F10_K006_17.mat,5.6236090056115744e-05,0.0008675519684415723,4.468360518252203e-05,0.0006499189537442773,4.8730990681270196e-05,0.000450831653588116,4.494646872712544e-05,0.0004948001696090243,4.991729693142516e-05,0.0007944896233870017,4.3970651606456246e-05,0.0008675519684415723
K006,N09_M07_F10,900.0,15.0,0,N09_M07_F10_K006_18.mat,6.785034199212266e-05,0.0012059681682084105,5.441431659850288e-05,0.0005090520902839322,5.1894616276827084e-05,0.0005808044283013119,5.288545021180523e-05,0.0006281465436579933,5.632615630516439e-05,0.000904515657084086,5.168379324032447e-05,0.0012059681682084105
K006,N09_M07_F10,900.0,15.0,0,N09_M07_F10_K006_19.mat,6.352255721987076e-05,0.001161834056897622,4.975671698588215e-05,0.0004272600382252687,5.5404969066188175e-05,0.0005207508540446563,5.27977040710705e-05,0.0005254538071846958,5.423070386782302e-05,0.0007878862637379376,5.008592991802423e-05,0.001161834056897622
K006,N09_M07_F10,900.0,15.0,0,N09_M07_F10_K006_2.mat,6.0971680382958086e-05,0.0010657792130172278,4.8152166664811207e-05,0.0004671102210798345,5.311960663369971e-05,0.00044366936049253296,4.86658290240966e-05,0.0005578068451865679,5.502789151013503e-05,0.0008494367088148827,4.746394655908382e-05,0.0010657792130172278
K006,N09_M07_F10,900.0,15.0,0,N09_M07_F10_K006_20.mat,5.704760538693436e-05,0.000877192074135029,4.4907860668494124e-05,0.00039140515310050596,4.764566921716073e-05,0.0004675404118330334,4.3102123352150144e-05,0.0004720619739747092,4.747350218278875e-05,0.0007799170597180338,4.318219169363347e-05,0.000877192074135029
K006,N09_M07_F10,900.0,15.0,0,N09_M07_F10_K006_3.mat,5.419169158394507e-05,0.0009830885518275238,4.742093194506279e-05,0.0003809350918699272,4.965520243208855e-05,0.00045879122125975927,4.5464754605037795e-05,0.0004193262802823014,5.094934957281298e-05,0.000805147111082458,4.509116525368614e-05,0.0010579729111659635
K006,N09_M07_F10,900.0,15.0,0,N09_M07_F10_K006_4.mat,5.658825646498931e-05,0.0012775503828341798,4.5458378287715386e-05,0.0005362609820892203,4.8841768064770085e-05,0.0005438054733183015,4.4449350858366185e-05,0.0004562892676858713,5.150423421613995e-05,0.0009065759448922942,4.4593589878794815e-05,0.0012775503828341798
K006,N09_M07_F10,900.0,15.0,0,N09_M07_F10_K006_5.mat,5.7858817664680315e-05,0.0013226467442069966,4.764017948452804e-05,0.0005322916106096926,4.8620918508848236e-05,0.0005325302471721132,4.5533308575086516e-05,0.0006043410744182462,4.9716046534247284e-05,0.0008695920520260695,4.418443531904994e-05,0.0013226467442069966
K006,N09_M07_F10,900.0,15.0,0,N09_M07_F10_K006_6.mat,5.395258512497059e-05,0.0011980132966943396,4.540317731507713e-05,0.000556699957482002,4.7981301119777605e-05,0.0004342801021046599,4.5100937531473955e-05,0.0004538039977754583,4.852484605192453e-05,0.0007980196904582171,4.412573311755761e-05,0.0011980132966943396
K006,N09_M07_F10,900.0,15.0,0,N09_M07_F10_K006_7.mat,5.733529002912525e-05,0.0010602392595882896,4.806513953733041e-05,0.0004368647643540927,4.786276676130258e-05,0.00047545045819160075,4.622355039348351e-05,0.0005050209575697361,5.1591856358256755e-05,0.000695310698756792,4.472594099320091e-05,0.0010602392595882896
K006,N09_M07_F10,900.0,15.0,0,N09_M07_F10_K006_8.mat,6.0885886367678335e-05,0.0010376742719339933,5.547677306338151e-05,0.0006344515114695184,5.724607112200359e-05,0.0006411965389562673,5.471465229840149e-05,0.0005778873250296732,5.8996128112867654e-05,0.0008425982608688739,5.385696396620221e-05,0.0010376742719339933
K006,N09_M07_F10,900.0,15.0,0,N09_M07_F10_K006_9.mat,6.319149359329524e-05,0.001605396376409287,5.4828201034503895e-05,0.0005037196037067276,5.6628679816881906e-05,0.0005132194000750464,5.1201697669290835e-05,0.0005626235471814595,5.84321553909093e-05,0.000804058637094123,5.2289051122917443e-05,0.001605396376409287
K006,N15_M01_F10,1500.0,25.0,0,N15_M01_F10_K006_1.mat,5.696514923900683e-05,0.0009643568119701522,5.210659074899814e-05,0.0004498394627401167,5.952573315164385e-05,0.0006904948946547617,7.642623507769723e-05,0.0021587072192046845,8.844463563223426e-05,0.004737120527038973,5.686990171100882e-05,0.004737120527038973
K006,N15_M01_F10,1500.0,25.0,0,N15_M01_F10_K006_10.mat,5.5121054923727184e-05,0.001132441746115327,4.894992212757225e-05,0.0005645807703062649,5.4684310916691536e-05,0.0006262144376398434,7.610831945934392e-05,0.002298908317223302,7.971844792994956e-05,0.004936244331433731,5.228701035809119e-05,0.004936244331433731
K006,N15_M01_F10,1500.0,25.0,0,N15_M01_F10_K006_11.mat,6.93458430210826e-05,0.0010354387470518616,6.717082324752008e-05,0.0007387985839699518,7.48443074716009e-05,0.0009912639923792287,9.124276544752561e-05,0.001894068382023991,9.934824663961446e-05,0.005691463543177011,7.080260030526915e-05,0.005691463543177011
K006,N15_M01_F10,1500.0,25.0,0,N15_M01_F10_K006_12.mat,6.175894317057636e-05,0.0010571909715460738,6.134282574432675e-05,0.0006212619269066577,6.524811311134535e-05,0.0008466452147997055,8.169271809778309e-05,0.0019313277629064898,8.866390656009568e-05,0.005615583515504096,6.13039560933875e-05,0.005615583515504096
K006,N15_M01_F10,1500.0,25.0,0,N15_M01_F10_K006_13.mat,6.324381232911426e-05,0.0011856338799140895,6.170491787341588e-05,0.0006303832885322717,6.692113831982167e-05,0.0007587738409201312,8.426312254058035e-05,0.002121138671150692,8.983879338287593e-05,0.0049617641728888625,6.28526313888471e-05,0.0049617641728888625
K006,N15_M01_F10,1500.0,25.0,0,N15_M01_F10_K006_14.mat,6.322851953082037e-05,0.0010888729898574962,5.9107210169155505e-05,0.0006609460949921828,6.513933620304368e-05,0.0007144901997652748,8.22099043987196e-05,0.0019373922768890863,9.011107062899529e-05,0.006427480512874803,6.176206012456702e-05,0.006427480512874803
K006,N15_M01_F10,1500.0,25.0,0,N15_M01_F10_K006_15.mat,5.8874279501056006e-05,0.0011387940501904254,5.6968178798226435e-05,0.0005146148336556784,6.35846817182187e-05,0.000800081737222279,8.19496239943929e-05,0.0023175500951920203,8.833548265609314e-05,0.0058575196021943285,5.9867703115736486e-05,0.0058575196021943285
K006,N15_M01_F10,1500.0,25.0,0,N15_M01_F10_K006_16.mat,5.637669658587272e-05,0.001165356276249736,4.740062737696789e-05,0.0006555265387427918,5.4382617759117246e-05,0.0007073250322799763,7.528984565724092e-05,0.0021014336658281493,8.238683005552477e-05,0.00415772262761076,5.383414590470673e-05,0.00415772262761076
K006,N15_M01_F10,1500.0,25.0,0,N15_M01_F10_K006_17.mat,5.137083368046233e-05,0.0009343516223050675,4.925273630080682e-05,0.0004920319713735406,5.251588499435822e-05,0.0006780912942244251,7.15759806322729e-05,0.0024136955081778826,7.90707885773645e-05,0.004417775418017194,5.0913782661486685e-05,0.004417775418017194
K006,N15_M01_F10,1500.0,25.0,0,N15_M01_F10_K006_18.mat,5.330700095203334e-05,0.0011028690444012657,4.746532095843141e-05,0.0005277504250356309,5.6982385240124785e-05,0.0008049901615098755,7.683551969940286e-05,0.001868636976288721,8.128651957079777e-05,0.006470052196820645,5.3438273119644955e-05,0.006470052196820645
K006,N15_M01_F10,1500.0,25.0,0,N15_M01_F10_K006_19.mat,6.071694900870379e-05,0.0013327689700295552,5.049264822817225e-05,0.0005223927504878731,5.804146673847275e-05,0.0008125303698900462,7.484333435453198e-05,0.0018922597360401846,8.377168257109984e-05,0.00587107884405822,5.416721300704608e-05,0.00587107884405822
K006,N15_M01_F10,1500.0,25.0,0,N15_M01_F10_K006_2.mat,5.756435757080336e-05,0.000898731456005015,5.273595963560904e-05,0.0006606696802610245,5.680121705328522e-05,0.0009753340022329637,7.249291601889684e-05,0.0018741254147996678,8.642239247614713e-05,0.004993465945309926,5.490634736339915e-05,0.004993465945309926
K006,N15_M01_F10,1500.0,25.0,0,N15_M01_F10_K006_20.mat,5.172563840337341e-05,0.0013054310276352664,4.648182195770391e-05,0.00042389612165778925,5.441661974232161e-05,0.0007027003971743142,7.131450210031467e-05,0.0019335490366597808,7.733653509185184e-05,0.005671844852043891,4.9955491813701796e-05,0.005671844852043891
K006,N15_M01_F10,1500.0,25.0,0,N15_M01_F10_K006_3.mat,5.57838831015111e-05,0.0012392988064642892,4.799157393184952e-05,0.0006060151629413601,5.516674492020531e-05,0.0006311464652193504,7.199843748158458e-05,0.0027068334345588868,8.525080909106049e-05,0.005462700884084033,5.359854468709041e-05,0.005462700884084033
K006,N15_M01_F10,1500.0,25.0,0,N15_M01_F10_K006_4.mat,5.773886782196204e-05,0.0011338486380223813,5.298152078145215e-05,0.0005701092595400692,5.8683065614369454e-05,0.0007194485918778288,7.42959388436082e-05,0.002002691742084545,8.624475929283082e-05,0.0062285480027362145,5.616009597938047e-05,0.0062285480027362145
K006,N15_M01_F10,1500.0,25.0,0,N15_M01_F10_K006_5.mat,6.080055830914578e-05,0.0017006694903206594,5.4138073273990434e-05,0.00046120353636438475,5.696282169348116e-05,0.000586198549096556,7.663651075356523e-05,0.0017147010753525386,8.648832792691413e-05,0.004844694806430143,5.6900726216759506e-05,0.004844694806430143
K006,N15_M01_F10,1500.0,25.0,0,N15_M01_F10_K006_6.mat,6.293131781767087e-05,0.0010497845239039005,5.710336961470031e-05,0.0006599187859311987,6.317307787483871e-05,0.000813197539871796,8.237963277337148e-05,0.0017168853238954133,9.245422503407444e-05,0.00565152699887772,6.15392450689309e-05,0.00565152699887772
K006,N15_M01_F10,1500.0,25.0,0,N15_M01_F10_K006_7.mat,5.7317684391318384e-05,0.0009757341210933271,4.8330025794920995e-05,0.0005156855368262334,5.611718699310273e-05,0.0006887628072463175,7.523826012893967e-05,0.002187291376211742,8.422797961006664e-05,0.005126136060657036,5.451530756343795e-05,0.005126136060657036
K006,N15_M01_F10,1500.0,25.0,0,N15_M01_F10_K006_8.mat,5.3059886503970446e-05,0.0008414017697208636,4.824583883506369e-05,0.0005011817727730693,5.495375161795032e-05,0.0005998447948109692,7.432306588566938e-05,0.001910437640604298,8.196018520821811e-05,0.006603153823600136,5.28674801784473e-05,0.006603153823600136
K006,N15_M01_F10,1500.0,25.0,0,N15_M01_F10_K006_9.mat,5.2458330249982754e-05,0.0011982883455693035,4.652615943052656e-05,0.000495766499095048,5.5436643034572756e-05,0.0005999172181504478,6.925193518934268e-05,0.0023912251393567474,8.066287955897925e-05,0.005016277117338057,5.09051152603153e-05,0.005016277117338057
K006,N15_M07_F04,1500.0,25.0,0,N15_M07_F04_K006_1.mat,6.206318096021913e-05,0.001139115515965571,6.830690487336047e-05,0.0009764729986525284,7.350042974860873e-05,0.001127113743873919,8.430696887643245e-05,0.0014652596668037142,8.246937398113263e-05,0.002014770292897191,6.313977033430685e-05,0.002014770292897191
K006,N15_M07_F04,1500.0,25.0,0,N15_M07_F04_K006_10.mat,5.2465281428555156e-05,0.001100195591794534,5.2325322425008734e-05,0.0008236701616667504,6.203797780790983e-05,0.0008431489215340004,7.672517221173669e-05,0.0017727661243809292,6.795565617230771e-05,0.0017096705444321408,5.076205340794921e-05,0.0017727661243809292
K006,N15_M07_F04,1500.0,25.0,0,N15_M07_F04_K006_11.mat,5.1127888414367884e-05,0.0010537199117987576,5.010509820875326e-05,0.0005572645550862241,5.772347632635715e-05,0.0007529123912409301,7.339153812128965e-05,0.0017995082569315232,6.781691700402483e-05,0.0015717896082010489,4.876270792552558e-05,0.0017995082569315232
K006,N15_M07_F04,1500.0,25.0,0,N15_M07_F04_K006_12.mat,5.006179380652957e-05,0.0009474761960777424,5.121962367112322e-05,0.0007595129710927752,5.7014209722719124e-05,0.0007935490592208932,7.605241320181808e-05,0.002101766852371683,6.81120871836057e-05,0.0017568369484874326,4.951444827918977e-05,0.002101766852371683
K006,N15_M07_F04,1500.0,25.0,0,N15_M07_F04_K006_13.mat,5.233645260579897e-05,0.0014365060064068526,5.441412434157964e-05,0.0005558051777072756,6.137922327228777e-05,0.0008943215158972893,7.897244285112868e-05,0.001916203998361638,6.970395560149368e-05,0.0017210279391593575,5.178333519236808e-05,0.001916203998361638
K006,N15_M07_F04,1500.0,25.0,0,N15_M07_F04_K006_14.mat,5.215564953829228e-05,0.0011525955255708973,5.107951450899607e-05,0.0005571901287736252,6.125354175120736e-05,0.0009923097618887407,7.519051770345831e-05,0.001943243210062756,6.773555707886427e-05,0.0016492363072433671,4.964689486986131e-05,0.001943243210062756
K006,N15_M07_F04,1500.0,25.0,0,N15_M07_F04_K006_15.mat,5.129300067153166e-05,0.001005295751267822,5.128732992805954e-05,0.0005197625527880294,5.9148970247321244e-05,0.0009961994772536126,7.588361536567693e-05,0.0018232207353596893,6.811136649369947e-05,0.001641824007772362,5.0100914509257626e-05,0.0018232207353596893
K006,N15_M07_F04,1500.0,25.0,0,N15_M07_F04_K006_16.mat,5.34007439931789e-05,0.0011034350673881808,5.1091613530462216e-05,0.000534992667564925,6.0753681274979145e-05,0.0007023519880672393,7.300712848638255e-05,0.0015215658539436266,6.767860761636091e-05,0.0016657646996587718,4.960456618935105e-05,0.0016657646996587718
K006,N15_M07_F04,1500.0,25.0,0,N15_M07_F04_K006_17.mat,5.2527714062519976e-05,0.0011219366351751276,5.409308125301037e-05,0.0006280004368067816,6.027052863665825e-05,0.0007945650607356516,7.598429031444827e-05,0.0014116428124525268,7.000120483746171e-05,0.0017135762521442567,5.0959337814932275e-05,0.0017135762521442567
K006,N15_M07_F04,1500.0,25.0,0,N15_M07_F04_K006_18.mat,5.416369671228974e-05,0.0007379331031728729,5.2979196726351554e-05,0.0006140499250718433,5.9894193242352715e-05,0.0007415579309832394,8.220389274305185e-05,0.0018664238850793133,7.10941735406188e-05,0.0016078627889371396,5.2497178223389255e-05,0.0018664238850793133
K006,N15_M07_F04,1500.0,25.0,0,N15_M07_F04_K006_19.mat,5.392652036730865e-05,0.0009911146907482858,5.126214090563647e-05,0.0006444082762900299,6.048120127158815e-05,0.0007433481536835604,7.380136057381527e-05,0.0018230464594259882,6.756568806587809e-05,0.001303786386588862,4.932922389952165e-05,0.0018230464594259882
K006,N15_M07_F04,1500.0,25.0,0,N15_M07_F04_K006_2.mat,4.974680530311813e-05,0.0013218499360692039,5.32721423901541e-05,0.000702138408077047,5.718412318246093e-05,0.0008146409944177139,7.473796137696698e-05,0.0016122687733624256,6.690626323436855e-05,0.0015524013390763893,4.8726638655940294e-05,0.0016122687733624256
K006,N15_M07_F04,1500.0,25.0,0,N15_M07_F04_K006_20.mat,5.2839704449869e-05,0.0009908117353199526,5.472101010008437e-05,0.0007026351497969773,6.165189583400677e-05,0.001042976894500097,7.936337918329493e-05,0.0016660672637489086,7.00567692542815e-05,0.0020431128119814215,5.186795629620864e-05,0.0020431128119814215
K006,N15_M07_F04,1500.0,25.0,0,N15_M07_F04_K006_3.mat,5.485160894943679e-05,0.0013388667077589187,5.6568096506634536e-05,0.000692301069433471,6.273403527213162e-05,0.0010711156295997212,7.80224804026276e-05,0.0018778429310118677,7.137924741543281e-05,0.001949291545771333,5.277242180336817e-05,0.001949291545771333
K006,N15_M07_F04,1500.0,25.0,0,N15_M07_F04_K006_4.mat,5.5418290839883254e-05,0.0010664094394572635,5.6387734393865776e-05,0.0006963275786623698,6.245755598848639e-05,0.0009933055645192125,7.586983681266845e-05,0.0013974066573248843,7.292515666690688e-05,0.0014263708563665477,5.348993804193219e-05,0.0019374436772216397
K006,N15_M07_F04,1500.0,25.0,0,N15_M07_F04_K006_5.mat,5.196972073736823e-05,0.0008025557232027886,5.325580665832369e-05,0.0008120431519971547,5.6333026108991634e-05,0.0007986632642671435,7.360036988086658e-05,0.0020205403656736163,6.880190922385236e-05,0.0014925386300366859,4.891849591690071e-05,0.0020205403656736163
K006,N15_M07_F04,1500.0,25.0,0,N15_M07_F04_K006_6.mat,5.744386482631869e-05,0.0012708802798835175,5.448619364162208e-05,0.0006782220933839828,6.0239506319929834e-05,0.001063980408668857,7.391257289650117e-05,0.001982349499351368,7.147072890832707e-05,0.001478404642323935,5.082073342681603e-05,0.001982349499351368
K006,N15_M07_F04,1500.0,25.0,0,N15_M07_F04_K006_7.mat,5.5365269373062385e-05,0.0007807960913502109,5.597141585010102e-05,0.0010162918812642388,5.949861296587776e-05,0.0006534919611015686,7.449749668106465e-05,0.0016257991543956402,7.009010224948186e-05,0.0014276257391215047,5.113327135898472e-05,0.0016257991543956402
K006,N15_M07_F04,1500.0,25.0,0,N15_M07_F04_K006_8.mat,5.093652098438778e-05,0.001244427247479957,5.073089014084733e-05,0.0006231811949026003,5.923848784538792e-05,0.0008567893727006745,7.582249145953216e-05,0.0017736854774834318,6.93545211595183e-05,0.0022455003354024203,4.940410243715178e-05,0.0022455003354024203
K006,N15_M07_F04,1500.0,25.0,0,N15_M07_F04_K006_9.mat,5.523576261643077e-05,0.0017105978156703953,5.439623526960486e-05,0.0008867241420767339,5.994943585138186e-05,0.0010036956382918855,7.522322214566422e-05,0.0015038125890296516,6.890161618207411e-05,0.0015969610333552216,5.1216731049524036e-05,0.0017105978156703953
K006,N15_M07_F10,1500.0,25.0,0,N15_M07_F10_K006_1.mat,5.477112421599878e-05,0.001018549997220908,5.1825794141762156e-05,0.0004429381264600738,5.66883115125194e-05,0.0007432449990516922,7.717075881513678e-05,0.0015830580613735437,8.794773876734434e-05,0.007159732013425048,5.5475298760430905e-05,0.007159732013425048
K006,N15_M07_F10,1500.0,25.0,0,N15_M07_F10_K006_10.mat,5.796947525878177e-05,0.0011400064000491085,5.5519910550510745e-05,0.0005133075244013953,5.998118817981838e-05,0.0009789763272349424,7.822724402338342e-05,0.0020028644319616032,9.162798513059638e-05,0.006968808681449287,5.688749045631373e-05,0.006968808681449287
K006,N15_M07_F10,1500.0,25.0,0,N15_M07_F10_K006_11.mat,5.280893628456375e-05,0.001418167863449007,4.8056926992808966e-05,0.0005075176604376617,5.522412632672167e-05,0.0005936069212587326,7.321161224554392e-05,0.0024397287854751658,8.561129861096282e-05,0.0074945284171915524,5.228020733262021e-05,0.0074945284171915524
K006,N15_M07_F10,1500.0,25.0,0,N15_M07_F10_K006_12.mat,5.263125413978197e-05,0.0011139719343273898,4.807341537919343e-05,0.0004406592568237709,5.248674169472419e-05,0.0007387503987190051,7.298257069749329e-05,0.0020052793650864164,8.326681832960682e-05,0.006116580072624702,5.100695621187535e-05,0.006116580072624702
K006,N15_M07_F10,1500.0,25.0,0,N15_M07_F10_K006_13.mat,5.229329000001801e-05,0.0012596396585687437,4.6375484548075304e-05,0.0005082513976732013,5.342699543806974e-05,0.0005999097461781688,7.2098426653045e-05,0.0021482173666067463,8.368798226797711e-05,0.006168194101644819,5.138345386074259e-05,0.006168194101644819
K006,N15_M07_F10,1500.0,25.0,0,N15_M07_F10_K006_14.mat,5.1638761054494614e-05,0.0011161559185179383,4.728175266097489e-05,0.00040579251851425235,5.6410754611064414e-05,0.000613049768332798,7.380533620241568e-05,0.0018014824693750313,8.46139306241572e-05,0.004854470703043489,5.2231361845693716e-05,0.004854470703043489
K006,N15_M07_F10,1500.0,25.0,0,N15_M07_F10_K006_15.mat,5.47105952295849e-05,0.0008978002591570073,5.0514012933399636e-05,0.00046850920312717934,5.55119278137159e-05,0.0006454323840236145,7.283903971516427e-05,0.0020277444417624237,8.39296247946894e-05,0.00465902073621964,5.197082420315151e-05,0.00465902073621964
K006,N15_M07_F10,1500.0,25.0,0,N15_M07_F10_K006_16.mat,5.663959124923026e-05,0.0013523708941793153,4.775675003459163e-05,0.0006201970912133052,5.1615233764738984e-05,0.0005860548600666692,6.953676523828606e-05,0.0015939241331685797,8.250308145869113e-05,0.004607666898290475,5.0143312381727674e-05,0.004607666898290475
K006,N15_M07_F10,1500.0,25.0,0,N15_M07_F10_K006_17.mat,5.794493359937169e-05,0.0013718888449724559,5.071611961991392e-05,0.0006280946251405305,5.803960384067349e-05,0.0007263818597714741,7.340174500008555e-05,0.002204520157452254,8.718140490611522e-05,0.0076613075840479,5.350246346486133e-05,0.0076613075840479
K006,N15_M07_F10,1500.0,25.0,0,N15_M07_F10_K006_18.mat,5.703325977489221e-05,0.0009888192700733412,5.0027893670537664e-05,0.0005960465695967238,5.457854534745548e-05,0.0006229722181246627,7.442612084707174e-05,0.0025317918501521165,8.244616575224062e-05,0.004965569590104363,5.234524383147197e-05,0.004965569590104363
K006,N15_M07_F10,1500.0,25.0,0,N15_M07_F10_K006_19.mat,5.479063033197657e-05,0.001098001482712464,4.936075454751603e-05,0.0005632080289451586,5.5503192101591796e-05,0.0006327643023491017,7.254996429697928e-05,0.002425243624613769,8.438822700369663e-05,0.006965891868874561,5.289873799452025e-05,0.006965891868874561
K006,N15_M07_F10,1500.0,25.0,0,N15_M07_F10_K006_2.mat,5.408370403356533e-05,0.0008362986344343335,5.156163018073873e-05,0.0005615029237348954,5.561003677210391e-05,0.0006388431937866203,7.550694836602695e-05,0.0020079766764387486,8.533979609804536e-05,0.009079398748277333,5.4354542277966436e-05,0.009079398748277333
K006,N15_M07_F10,1500.0,25.0,0,N15_M07_F10_K006_20.mat,4.951233027015076e-05,0.001352642907795533,4.749482738224816e-05,0.0005016892142044094,5.399345150416752e-05,0.0005908613928680293,7.313428829480519e-05,0.0016246212237544864,8.403550957731122e-05,0.005883601045154568,5.1630772348325004e-05,0.005883601045154568
K006,N15_M07_F10,1500.0,25.0,0,N15_M07_F10_K006_3.mat,5.6838633423596405e-05,0.0009334129387087201,5.082323959318108e-05,0.0005320906610427362,5.700810031912885e-05,0.0007186576571202706,7.451479166628567e-05,0.0019085098118271874,8.751714674336859e-05,0.006387411432992156,5.480398546186503e-05,0.006387411432992156
K006,N15_M07_F10,1500.0,25.0,0,N15_M07_F10_K006_4.mat,5.401421520452943e-05,0.0016334447034543414,5.29482597385285e-05,0.0006212015620309413,5.575635497802398e-05,0.0008567190369929815,7.426978710631635e-05,0.002155217701148715,8.811105530100855e-05,0.006831937758411054,5.4076756962862084e-05,0.006831937758411054
K006,N15_M07_F10,1500.0,25.0,0,N15_M07_F10_K006_5.mat,5.33806286713625e-05,0.0008414921855212516,5.0452593337181176e-05,0.0004787929817283422,5.297152796917491e-05,0.0007576586172623432,7.565189602013385e-05,0.0019467566615803818,8.50131397528868e-05,0.009616274558320289,5.2867083263953885e-05,0.009616274558320289
K006,N15_M07_F10,1500.0,25.0,0,N15_M07_F10_K006_6.mat,5.090246872304631e-05,0.0012034019131343249,4.736936721666493e-05,0.0004044822467388814,5.336536212216947e-05,0.0008005310236481671,7.30853022553066e-05,0.0022627179635822544,8.580985698806666e-05,0.007778584389644079,5.187643355386697e-05,0.007778584389644079
K006,N15_M07_F10,1500.0,25.0,0,N15_M07_F10_K006_7.mat,5.252908525247159e-05,0.0011726349984461512,4.914761399702267e-05,0.0004996114856458575,5.6081570874997476e-05,0.000549763149567791,7.608082789161948e-05,0.002574717036272119,8.650110870228958e-05,0.006649833737807167,5.331836636607444e-05,0.006649833737807167
K006,N15_M07_F10,1500.0,25.0,0,N15_M07_F10_K006_8.mat,5.41063694068838e-05,0.001126351543803986,4.940394890651752e-05,0.0005291932528422359,5.221205942218961e-05,0.0006663098864900842,7.393076015027776e-05,0.0032763140918624146,8.813999279259647e-05,0.00818950830623255,5.2284894786902114e-05,0.00818950830623255
K006,N15_M07_F10,1500.0,25.0,0,N15_M07_F10_K006_9.mat,5.3922124366401654e-05,0.001153136988509495,4.9490284968959226e-05,0.0006069339804845529,5.6815344670285345e-05,0.0006718006340021832,7.473061248308759e-05,0.002116133500061479,8.433731754938948e-05,0.006755109065533807,5.2633373547505105e-05,0.006755109065533807
KA01,N09_M07_F10,900.0,15.0,1,N09_M07_F10_KA01_1.mat,2.1070726353992988e-05,0.00039482207491331006,6.603690108543506e-05,0.0004830474485096253,5.7943012852153685e-05,0.0005094563262581939,1.826327533105962e-05,0.0002083536956413655,5.474988680798671e-05,0.001391259823555313,1.894886665165543e-05,0.0017989667480211246
KA01,N09_M07_F10,900.0,15.0,1,N09_M07_F10_KA01_10.mat,2.07332122325512e-05,0.0004611114295147026,7.173216810086623e-05,0.0004488260664288777,6.243343956447903e-05,0.0005247920106435007,1.8458924452295932e-05,0.00023110786701607274,5.700140996625615e-05,0.0021270632814697626,1.9715404101348345e-05,0.00233952327267476
KA01,N09_M07_F10,900.0,15.0,1,N09_M07_F10_KA01_11.mat,2.180629227668207e-05,0.0004210831221276708,7.293292227707989e-05,0.0004129385362099411,6.099814396559651e-05,0.000549305502373427,1.840008511021979e-05,0.00023956445970139636,5.6574245464331536e-05,0.0015844046937778951,1.965928196980847e-05,0.0018785167327952318
KA01,N09_M07_F10,900.0,15.0,1,N09_M07_F10_KA01_12.mat,2.1860744134970427e-05,0.0005782126793461693,7.082491625155684e-05,0.00042259778968123656,6.037469336587692e-05,0.000578335658886231,1.845156381491903e-05,0.00023348532737473858,5.7512980015893166e-05,0.0017418663101139724,1.9718323079447564e-05,0.001977673703648918
KA01,N09_M07_F10,900.0,15.0,1,N09_M07_F10_KA01_13.mat,2.105068014938501e-05,0.00038444481477757875,7.148015147353325e-05,0.0004516640547867317,6.179224141329572e-05,0.0005711689296958478,1.7901399072167924e-05,0.00022989548321243004,5.465267028836566e-05,0.0017312007451575112,1.9225378716311268e-05,0.002201546374835988
KA01,N09_M07_F10,900.0,15.0,1,N09_M07_F10_KA01_14.mat,2.0135442265971065e-05,0.00046876541916100365,7.162176582197498e-05,0.0004210118549188675,6.164329642295844e-05,0.0005728584896682391,1.7401610478805482e-05,0.00021874203573514272,5.433385242652943e-05,0.00179932681638847,1.9111833783352813e-05,0.00179932681638847
KA01,N09_M07_F10,900.0,15.0,1,N09_M07_F10_KA01_15.mat,2.0753405701398687e-05,0.0003891940264992506,7.326457853107104e-05,0.00047579454360116406,6.126083544453891e-05,0.0005384931929198803,1.81691458048472e-05,0.00023029658310335266,5.759730514769919e-05,0.0017310738800773273,1.9636941034165278e-05,0.001782074683890739
KA01,N09_M07_F10,900.0,15.0,1,N09_M07_F10_KA01_16.mat,2.0556609872612177e-05,0.00040655215868058676,7.244278206967616e-05,0.0004282451747011581,6.086333918863954e-05,0.0005195520974753459,1.851721124604338e-05,0.00026891343669364535,5.639706110620473e-05,0.0018266080587064641,1.9408532893137672e-05,0.0021503805752009957
KA01,N09_M07_F10,900.0,15.0,1,N09_M07_F10_KA01_17.mat,2.1131099473510448e-05,0.0004036152045246333,7.275900704135959e-05,0.00039887749079175577,6.0622613312808475e-05,0.0005381629455127308,1.8197159679648548e-05,0.0002383591488144446,5.7873544772351205e-05,0.002671785401337036,1.9621307644192596e-05,0.002671785401337036
KA01,N09_M07_F10,900.0,15.0,1,N09_M07_F10_KA01_18.mat,2.0401947608039468e-05,0.0004203991731112091,7.198306848333228e-05,0.0004223655598586167,5.9915198613835615e-05,0.0005185786866341066,1.8303387170509334e-05,0.0002615591396460536,5.435036990323055e-05,0.0018144430483753066,1.902252654201359e-05,0.0018456594299206442
KA01,N09_M07_F10,900.0,15.0,1,N09_M07_F10_KA01_19.mat,1.9669323352232388e-05,0.00039197404783699463,7.326332007876691e-05,0.0004042710081130762,6.099704765766102e-05,0.0004939002759379971,1.8170576059906164e-05,0.00023415179878742034,5.794246883916089e-05,0.0017664769758106583,1.9564328252684563e-05,0.002011047107960648
KA01,N09_M07_F10,900.0,15.0,1,N09_M07_F10_KA01_2.mat,2.0699179162878038e-05,0.00044639316452863313,6.924465934160099e-05,0.00047269821132065414,5.8440706665314626e-05,0.0004371224527183148,1.8559712571586815e-05,0.0002499138763027216,5.696560433281351e-05,0.0014578428100983254,1.9473670025396952e-05,0.0018836239706498822
KA01,N09_M07_F10,900.0,15.0,1,N09_M07_F10_KA01_20.mat,2.0182210124256683e-05,0.000392498848175408,7.223874817557872e-05,0.0004055323477039194,6.028448412251413e-05,0.0005319718822254645,1.8696525689888283e-05,0.0002613139762620088,5.754490450017578e-05,0.0017020082426232122,1.948819148586772e-05,0.0020835257007441772
KA01,N09_M07_F10,900.0,15.0,1,N09_M07_F10_KA01_3.mat,2.0728478610247736e-05,0.0003778383233775568,6.915820787753352e-05,0.00043171532840717683,6.16324006114533e-05,0.0005250517460041117,1.822178421007061e-05,0.00025409675544288423,5.556054309799896e-05,0.001616394459565013,1.8900877576780117e-05,0.0019764905680651696
KA01,N09_M07_F10,900.0,15.0,1,N09_M07_F10_KA01_4.mat,2.2622593477683323e-05,0.00044962007842323863,7.015850869496849e-05,0.00046774481040362894,6.110831548626077e-05,0.0005251722260153247,1.7838607127717625e-05,0.0003196784680565322,5.2805672836008046e-05,0.0014049131650952721,1.8399953901962852e-05,0.0017069599428449407
KA01,N09_M07_F10,900.0,15.0,1,N09_M07_F10_KA01_5.mat,2.0774408257358083e-05,0.0004483392880227434,6.91929492867219e-05,0.00042561795527835196,6.018799981665471e-05,0.0004976467293846928,1.8549620974938443e-05,0.00028895917570347275,5.6045051259121205e-05,0.0015864725526451883,1.873366170861704e-05,0.002117624052580909
KA01,N09_M07_F10,900.0,15.0,1,N09_M07_F10_KA01_6.mat,2.1276774729719238e-05,0.00047885556868111764,7.06896455596085e-05,0.0003995292310133661,6.034614523907293e-05,0.0005047649097921699,1.812681258389584e-05,0.0002427880359461045,5.282295378451045e-05,0.0014582823340841397,1.832052394294174e-05,0.001762123358168883
KA01,N09_M07_F10,900.0,15.0,1,N09_M07_F10_KA01_7.mat,2.1264579535317303e-05,0.00045039621180610286,7.112471255057745e-05,0.00042223108797290366,6.135118019160537e-05,0.000546547546923847,1.8566328610143265e-05,0.000293211060880126,5.77646754780513e-05,0.001790333872147507,1.955164024920023e-05,0.0023182310006194247
KA01,N09_M07_F10,900.0,15.0,1,N09_M07_F10_KA01_8.mat,2.0740452536526116e-05,0.0004425148444911385,6.933854573217098e-05,0.0004198878769152311,6.0580026653516314e-05,0.00048274226182894896,1.8126871513841436e-05,0.00024854169823692126,5.6419397201680804e-05,0.0017840651582632077,1.9348264704558584e-05,0.0020390706066564326
KA01,N09_M07_F10,900.0,15.0,1,N09_M07_F10_KA01_9.mat,2.031787603424612e-05,0.00038577907409368897,6.999811239103591e-05,0.00047205999113594354,6.156409639096937e-05,0.0005413065597925758,1.7461644220188077e-05,0.0002110781040050929,5.260202895812607e-05,0.0018583088784911884,1.8881949344581806e-05,0.0018796817554518812
KA01,N15_M01_F10,1500.0,25.0,1,N15_M01_F10_KA01_1.mat,2.6856631445659834e-05,0.0004908479917885676,9.898267987953147e-05,0.0008498909507411105,0.00020276606343256026,0.005608727323701712,0.000805821651376108,0.012821479894764865,0.00013942487575573383,0.0059392849641733605,0.00010022555243868898,0.012821479894764865
KA01,N15_M01_F10,1500.0,25.0,1,N15_M01_F10_KA01_10.mat,2.656005926979766e-05,0.0005315355588639623,9.822449003790176e-05,0.0009113188971026519,0.00021572158722344746,0.0062316680354904085,0.0008215231056000851,0.012847720162853649,0.00014199759207765835,0.006034007023881903,0.00010234432414877905,0.012847720162853649
KA01,N15_M01_F10,1500.0,25.0,1,N15_M01_F10_KA01_11.mat,2.5865670470625116e-05,0.0004157800539542074,9.828134730936278e-05,0.0008632339089534563,0.00020180332810205642,0.005584294756086347,0.0008135058149623455,0.013378313494653984,0.0001442169594363396,0.005471108547996356,0.00010151050049080258,0.013378313494653984
KA01,N15_M01_F10,1500.0,25.0,1,N15_M01_F10_KA01_12.mat,2.6567590011781116e-05,0.0005449525661170832,9.765186232831058e-05,0.0007645837937028192,0.0002068439481264071,0.005497743573310158,0.0008109517026619737,0.014366760181067292,0.0001445485368894375,0.00493554386926174,0.00010145802669403948,0.014366760181067292
KA01,N15_M01_F10,1500.0,25.0,1,N15_M01_F10_KA01_13.mat,2.591262914437292e-05,0.00047299879172270793,0.00010038956134536984,0.0008897201915192707,0.00021450447698544912,0.005512960843413009,0.0008089147549349097,0.01319151977321649,0.00014729357763426212,0.004701237651255685,0.00010207974047514121,0.01319151977321649
KA01,N15_M01_F10,1500.0,25.0,1,N15_M01_F10_KA01_14.mat,2.5074522024825657e-05,0.000389720949265787,9.715043394298601e-05,0.0007692757137143625,0.00021521693511261162,0.006489995308333058,0.0008197965546837716,0.01223864752017133,0.00014891151588983175,0.005418431110870698,0.0001031636839315656,0.01223864752017133
KA01,N15_M01_F10,1500.0,25.0,1,N15_M01_F10_KA01_15.mat,2.584340678752987e-05,0.00041389693943448276,9.881476011885734e-05,0.0008615523370480621,0.00021606462870408098,0.006437124636502242,0.000825098944182008,0.013394279100962058,0.00014936771886809913,0.004655219390828314,0.00010356573524518662,0.013394279100962058
KA01,N15_M01_F10,1500.0,25.0,1,N15_M01_F10_KA01_16.mat,2.5207396262838854e-05,0.0004369992934304171,9.903023864333955e-05,0.000996406224647296,0.00021610291127063602,0.005193611872215748,0.0008195601970729855,0.013169226817442375,0.00015217521724159914,0.005805046036945229,0.0001035469223238644,0.013169226817442375
KA01,N15_M01_F10,1500.0,25.0,1,N15_M01_F10_KA01_17.mat,2.454380900420486e-05,0.00042969293800055545,9.919343509030563e-05,0.001107778633622706,0.0002113312339207576,0.005421115341593488,0.000830798678811532,0.012353188791051878,0.00014838836907477078,0.0044401992371481186,0.0001037364430121163,0.012353188791051878
KA01,N15_M01_F10,1500.0,25.0,1,N15_M01_F10_KA01_18.mat,2.5570044685982573e-05,0.0004004555545870178,9.81626610855919e-05,0.0008254316851147919,0.00021063514948044295,0.006005058816614114,0.0008242219630616104,0.013315494819297155,0.00015197386776985908,0.004665950455676311,0.00010362306756968506,0.013315494819297155
KA01,N15_M01_F10,1500.0,25.0,1,N15_M01_F10_KA01_19.mat,2.561394203632091e-05,0.0004609049830606065,9.931468639766214e-05,0.0009057067657900304,0.0002133550861557576,0.006208472276870653,0.0008345778172366826,0.013177037284663044,0.00014922601892397138,0.007359557798027456,0.00010428173137449401,0.013177037284663044
KA01,N15_M01_F10,1500.0,25.0,1,N15_M01_F10_KA01_2.mat,2.6573786700780696e-05,0.0004513232252460258,9.77548305894637e-05,0.0008988207668093153,0.00022541974642340266,0.006575527776746095,0.000787918806023468,0.01211745711958587,0.00013960517015684662,0.005112308705875564,9.966591842722484e-05,0.01211745711958587
KA01,N15_M01_F10,1500.0,25.0,1,N15_M01_F10_KA01_20.mat,2.4494884685681883e-05,0.0003964399914223866,9.805222947382602e-05,0.0009172606914293466,0.00020969972818762236,0.005196458876377907,0.0008294952679962238,0.013040374370631658,0.00014872674138902386,0.00571642585219122,0.00010351086744574374,0.013040374370631658
KA01,N15_M01_F10,1500.0,25.0,1,N15_M01_F10_KA01_3.mat,2.6758143085671377e-05,0.00044344589697674423,9.828501347403959e-05,0.000984066436127016,0.00020456239068515744,0.005026319784345641,0.0008129227723570355,0.014664580819540177,0.00014371639391756171,0.005592556098428081,0.0001014712419664146,0.014664580819540177
KA01,N15_M01_F10,1500.0,25.0,1,N15_M01_F10_KA01_4.mat,2.5539855213747605e-05,0.0004108188104773288,9.90916343699317e-05,0.0008385195630632043,0.00021557445529627654,0.006364939607892511,0.0008048097573548999,0.013114415208739646,0.00014084065733547296,0.004767570404116573,0.00010085797329402217,0.013114415208739646
KA01,N15_M01_F10,1500.0,25.0,1,N15_M01_F10_KA01_5.mat,2.5714515641467823e-05,0.0004382879328259807,9.902365813061923e-05,0.0011346974256499923,0.00021024868335086337,0.006458797685009134,0.0007903465089000706,0.012753311233971044,0.00013885252516387424,0.007284048299268767,9.911772054889008e-05,0.012753311233971044
KA01,N15_M01_F10,1500.0,25.0,1,N15_M01_F10_KA01_6.mat,2.7106285591675066e-05,0.0004590811988195464,9.820338002674744e-05,0.0007228884251243005,0.00020606612854173897,0.005993345302061193,0.0008102454083623419,0.013826459244571624,0.0001404866584747344,0.005949365761306139,0.00010072363695903314,0.013826459244571624
KA01,N15_M01_F10,1500.0,25.0,1,N15_M01_F10_KA01_7.mat,2.6438082093036758e-05,0.0004925494706164398,0.00010089460563607295,0.0012930803417668822,0.00020885922166205242,0.006047369092832177,0.0008161931506438976,0.013660678017653865,0.00014087132697024465,0.0050448128671482795,0.00010152699044232542,0.013660678017653865
KA01,N15_M01_F10,1500.0,25.0,1,N15_M01_F10_KA01_8.mat,2.6125638406054357e-05,0.0005417834962279089,9.972658096557884e-05,0.001013732934412563,0.00020911180880878858,0.005731300162794186,0.0008184595369102417,0.01307173346381171,0.000143026343310333,0.0052742699889503685,0.00010204254584793301,0.01307173346381171
KA01,N15_M01_F10,1500.0,25.0,1,N15_M01_F10_KA01_9.mat,2.677255489895137e-05,0.00049936226161407,9.897988172180259e-05,0.0009480370016089381,0.00021894179875271027,0.005895220296261115,0.000813166354395509,0.014793228523757343,0.00014098776799814373,0.005173548141002511,0.00010173714256337069,0.014793228523757343
KA01,N15_M07_F04,1500.0,25.0,1,N15_M07_F04_KA01_1.mat,3.469095087619133e-05,0.0003840805828554979,0.00014231322032121383,0.0014648639179422505,0.0001096330354157181,0.0017765109408397228,0.000440833178740804,0.00841527771868618,0.00025855090900196964,0.009731230609073983,9.618357640665637e-05,0.009731230609073983
KA01,N15_M07_F04,1500.0,25.0,1,N15_M07_F04_KA01_10.mat,3.6976068231936546e-05,0.00041763537281999755,0.00014586319645977676,0.0013179219126845739,0.00011105395132990891,0.0018148693195574076,0.00044070278324280716,0.008665140047963817,0.0002601089616266257,0.008140217232446744,9.81013218007341e-05,0.008665140047963817
KA01,N15_M07_F04,1500.0,25.0,1,N15_M07_F04_KA01_11.mat,3.8094276725491566e-05,0.00044277828108557523,0.00014965510538295763,0.0012978494195863197,0.00010992381900208238,0.0017755821036659974,0.00044770093583986674,0.008784194061264608,0.00026454505974649354,0.009342915647410676,9.957683920333983e-05,0.009342915647410676
KA01,N15_M07_F04,1500.0,25.0,1,N15_M07_F04_KA01_12.mat,3.762645263734515e-05,0.000466011925648233,0.00014844754805892378,0.0012595882437173337,0.00010925638286568066,0.0015070457263264545,0.000444218761058495,0.009400007506096797,0.00026156415422521077,0.009102679753786678,9.885913059086246e-05,0.009400007506096797
KA01,N15_M07_F04,1500.0,25.0,1,N15_M07_F04_KA01_13.mat,3.8187958718523866e-05,0.0003988182980365176,0.00014759164006779516,0.0012516250579649398,0.00010781684017118085,0.0016660120214236746,0.0004411806483462585,0.008225248168372265,0.00026184986774156397,0.009312474159583794,9.841916389055962e-05,0.009312474159583794
KA01,N15_M07_F04,1500.0,25.0,1,N15_M07_F04_KA01_14.mat,3.69744660557918e-05,0.00042247081824690056,0.0001477823879346759,0.0013197610785674356,0.0001089205045571403,0.0014029102188936587,0.0004394447737268039,0.009984911073628217,0.0002613338659108537,0.010898387266931656,9.843054514751538e-05,0.010898387266931656
KA01,N15_M07_F04,1500.0,25.0,1,N15_M07_F04_KA01_15.mat,3.808472264249372e-05,0.00043597187337489124,0.00014903476497766006,0.0013940094286119444,0.00010811968005822322,0.0015420378145579085,0.00044285467684817046,0.008404106657928666,0.00026006646246657316,0.009766075510642009,9.841709009725293e-05,0.009766075510642009
KA01,N15_M07_F04,1500.0,25.0,1,N15_M07_F04_KA01_16.mat,3.7438965103184194e-05,0.00042560671343977875,0.00014855141462380723,0.0012252327368509966,0.00010671360555414526,0.0018760106127893358,0.0004386456651130344,0.009350244987223786,0.00026647555252539253,0.008752587276899568,9.890147518681955e-05,0.009350244987223786
KA01,N15_M07_F04,1500.0,25.0,1,N15_M07_F04_KA01_17.mat,3.783119161524153e-05,0.0004209578882275581,0.00014874549252088623,0.0012634565150578861,0.00010981960771192714,0.001411990972639221,0.00044197064270063785,0.009029583082416751,0.00026642015719829725,0.009516167245597283,9.922663438516673e-05,0.009516167245597283
KA01,N15_M07_F04,1500.0,25.0,1,N15_M07_F04_KA01_18.mat,3.725148455306781e-05,0.0003942597096378897,0.00014918503475207497,0.0013052572867792006,0.00010988803595540444,0.0016887924138468508,0.0004431509844486872,0.009342768292417642,0.00026283975722748553,0.007603836587097359,9.903401838532102e-05,0.009342768292417642
KA01,N15_M07_F04,1500.0,25.0,1,N15_M07_F04_KA01_19.mat,3.818729072767526e-05,0.00047971575981036217,0.00014876131083187559,0.0012872070881043793,0.0001109720827280726,0.0016554160707640006,0.00044622864522739355,0.00862934740675076,0.00026491454169327654,0.008836923665150856,9.941798266851037e-05,0.008836923665150856
KA01,N15_M07_F04,1500.0,25.0,1,N15_M07_F04_KA01_2.mat,3.5183501636233744e-05,0.00041441091355385847,0.00014358493572190107,0.0012256853638305894,0.00011469563967905744,0.0017266157983400368,0.0004340010604925066,0.007905289498262155,0.00025731680793638213,0.008963291356325434,9.591964034395415e-05,0.008963291356325434
KA01,N15_M07_F04,1500.0,25.0,1,N15_M07_F04_KA01_20.mat,3.829140437703439e-05,0.00041314494355145073,0.00014769030547015787,0.001276598642599977,0.00010686408819289438,0.0017360739120113164,0.0004496791985875899,0.010485516747947897,0.00026443720614607885,0.008306584134333416,9.912244481154994e-05,0.010485516747947897
KA01,N15_M07_F04,1500.0,25.0,1,N15_M07_F04_KA01_3.mat,3.5876513672550615e-05,0.00045031001521411506,0.00014580755525637714,0.0012604695519047816,0.00011816541526949707,0.00166772460035239,0.00044005583780589206,0.009216754865528056,0.00025859469722124874,0.009171422482243606,9.748003177457029e-05,0.009216754865528056
KA01,N15_M07_F04,1500.0,25.0,1,N15_M07_F04_KA01_4.mat,3.709062465557726e-05,0.0004888730413868599,0.00014288170659550862,0.001383276977791584,0.00011157414829213118,0.001552538520297865,0.00043323935606706605,0.008113892762968797,0.0002551600868933207,0.00898077697506234,9.622589106689976e-05,0.00898077697506234
KA01,N15_M07_F04,1500.0,25.0,1,N15_M07_F04_KA01_5.mat,3.657328656118436e-05,0.0004796242662105425,0.00014616350356427265,0.0013777612293557626,0.00011249492963631896,0.0016640646660032886,0.00043757920656521947,0.00871312426629854,0.0002533883917448719,0.008427420996318456,9.629667386607926e-05,0.00871312426629854
KA01,N15_M07_F04,1500.0,25.0,1,N15_M07_F04_KA01_6.mat,3.688665197085337e-05,0.0004102853579736978,0.00014547220931160438,0.0013092638247764546,0.00011292192232739858,0.0017885601152780204,0.00042537129369248685,0.007929811720030263,0.00025706508172209584,0.008627110565074602,9.659857641067634e-05,0.008627110565074602
KA01,N15_M07_F04,1500.0,25.0,1,N15_M07_F04_KA01_7.mat,3.799243330296214e-05,0.0004813003874403986,0.00014539183119192324,0.0013337035600803507,0.00010693594309041044,0.0013627980530743022,0.0004441738289353042,0.009600414362956493,0.0002604583888587128,0.008901747762754115,9.828878058030999e-05,0.009600414362956493
KA01,N15_M07_F04,1500.0,25.0,1,N15_M07_F04_KA01_8.mat,3.704075880922134e-05,0.0004286911012580435,0.00014601938786031822,0.0012908595304285241,0.00011126182855071669,0.0016260735758221825,0.0004435314314220103,0.008759728034123972,0.00025892123865022416,0.00907832880304309,9.815705899001767e-05,0.009368094124580282
KA01,N15_M07_F04,1500.0,25.0,1,N15_M07_F04_KA01_9.mat,3.814260024151746e-05,0.0005202489827751522,0.00014772955442546562,0.0012336099632227636,0.00011152860339142575,0.0014946536000238354,0.00043916528744314653,0.010311793326599995,0.0002577384753169258,0.008655950466365348,9.804735567099384e-05,0.010311793326599995
KA01,N15_M07_F10,1500.0,25.0,1,N15_M07_F10_KA01_1.mat,2.8398277504235165e-05,0.0005510800340453489,0.00010091347324123033,0.0008220030266662326,0.0001904419778292887,0.004565268074655462,0.0008511507593202113,0.012495972969619568,0.0001525348481315607,0.005441462006082734,0.00010598729877661681,0.012495972969619568
KA01,N15_M07_F10,1500.0,25.0,1,N15_M07_F10_KA01_10.mat,2.8115218347024395e-05,0.000582738612121824,0.00010257696233555926,0.0008408633462347723,0.00019653441895654724,0.00483921340810336,0.0008567965101197955,0.013577908981806107,0.00014956476956528886,0.007091118386335292,0.00010615825542035518,0.013577908981806107
KA01,N15_M07_F10,1500.0,25.0,1,N15_M07_F10_KA01_11.mat,2.7524446138509548e-05,0.0005808675069985902,0.00010312509718224088,0.0009627683887305184,0.0001936938272054267,0.004724360823902341,0.0008709642653637442,0.013759382167571698,0.0001468696712332786,0.005105736058054583,0.00010655681355624817,0.013759382167571698
KA01,N15_M07_F10,1500.0,25.0,1,N15_M07_F10_KA01_12.mat,2.6823644111874664e-05,0.0004760190950909784,0.00010185706190609091,0.000835943956746272,0.00020245149653769427,0.005199130451119668,0.0008475863538812703,0.013341176052224605,0.00014839242975087883,0.004962859916701282,0.00010539402029346828,0.013341176052224605
KA01,N15_M07_F10,1500.0,25.0,1,N15_M07_F10_KA01_13.mat,2.7554837199583223e-05,0.0005691470501524961,0.00010187587795497773,0.000887928820825187,0.00019887019793748208,0.005196879530321229,0.0008557266547230051,0.014073869363144325,0.00014956390908942623,0.0049985933390022715,0.00010600448980498048,0.014073869363144325
KA01,N15_M07_F10,1500.0,25.0,1,N15_M07_F10_KA01_14.mat,2.797355102453698e-05,0.000513097950790276,0.00010388903244310774,0.0011248393901312458,0.00019394464703403772,0.005557818117854751,0.0008685727412092646,0.014107378442179458,0.0001495119891811474,0.004865692509702619,0.00010685608134852006,0.014107378442179458
KA01,N15_M07_F10,1500.0,25.0,1,N15_M07_F10_KA01_15.mat,2.725666721485622e-05,0.00048615645335274067,0.00010009916940397536,0.0009298164235541582,0.00019393632159166933,0.005458589013505389,0.0008631550182166429,0.01330625344894476,0.00015036503510016855,0.005169147165097243,0.0001065290547215688,0.01330625344894476
KA01,N15_M07_F10,1500.0,25.0,1,N15_M07_F10_KA01_16.mat,2.672170030751585e-05,0.0004877685412747096,0.00010367786491049074,0.0010538052864227788,0.0001913515226837612,0.005464599395764603,0.0008594924502116694,0.014081977227182671,0.00014958168481980875,0.005469290094421672,0.0001060089598142552,0.014081977227182671
KA01,N15_M07_F10,1500.0,25.0,1,N15_M07_F10_KA01_17.mat,2.6371557542136867e-05,0.0004608340938066766,0.00010089902792962932,0.000849232252896908,0.0001959244805415326,0.005386758275668521,0.0008553298688097036,0.01319984963806605,0.00014769054823958553,0.004961764248742284,0.00010535949945355721,0.01319984963806605
KA01,N15_M07_F10,1500.0,25.0,1,N15_M07_F10_KA01_18.mat,2.777940049957912e-05,0.0005743441998924126,0.00010171637314118653,0.0008431615911015893,0.0001993014212355643,0.005538364899203318,0.0008542461748952019,0.013916077593510498,0.0001508603013080422,0.005366874440642602,0.00010590880905328311,0.013916077593510498
KA01,N15_M07_F10,1500.0,25.0,1,N15_M07_F10_KA01_19.mat,2.5877641562036007e-05,0.0005059599420284062,0.00010201627167042805,0.0009134665424651567,0.00019384239101270494,0.005014909190258785,0.0008546748474447774,0.01386719522630301,0.00014676740089617602,0.0045003557502779476,0.00010500447773552689,0.01386719522630301
KA01,N15_M07_F10,1500.0,25.0,1,N15_M07_F10_KA01_2.mat,2.7817600008037332e-05,0.0004687492832066628,0.00010051593923473555,0.0008776486920628016,0.00019655728673837042,0.004746798519200474,0.0008387569829201257,0.014345688105385638,0.00014589603934841137,0.005325894743745987,0.00010392284918046761,0.014345688105385638
KA01,N15_M07_F10,1500.0,25.0,1,N15_M07_F10_KA01_20.mat,2.602745407159675e-05,0.00046053621490498627,0.0001024166004492325,0.0009256980706379118,0.00020190887285014643,0.0059091830969579566,0.0008639556872513988,0.013544686620700136,0.00014977349976864538,0.005400463093516635,0.00010650578183021095,0.013544686620700136
KA01,N15_M07_F10,1500.0,25.0,1,N15_M07_F10_KA01_3.mat,2.7343450816215375e-05,0.0005532331227209481,0.00010140437995937145,0.0009276864913753866,0.00019135871198239777,0.005124601028086219,0.0008554034480110789,0.012746652142001531,0.00014780416241312141,0.005328035359947403,0.00010542374043038444,0.012746652142001531
KA01,N15_M07_F10,1500.0,25.0,1,N15_M07_F10_KA01_4.mat,2.8254631223758553e-05,0.0005850473593863277,0.00010172739924382184,0.0009570078889019943,0.00019839570816910384,0.0047316514815630584,0.0008557262896825337,0.014893680139648357,0.00015183720013054974,0.00511114309244777,0.00010637298061724981,0.014893680139648357
KA01,N15_M07_F10,1500.0,25.0,1,N15_M07_F10_KA01_5.mat,2.842046902568777e-05,0.0006008892499152072,9.975996221646554e-05,0.0007788010798954804,0.00019363506849527922,0.004806212191745599,0.0008520121929744955,0.013591855259306894,0.0001476262736666828,0.004317911475847457,0.00010505062409894427,0.013591855259306894
KA01,N15_M07_F10,1500.0,25.0,1,N15_M07_F10_KA01_6.mat,2.8171609809869476e-05,0.0004775098513538198,0.00010048632712873926,0.0009665634726503219,0.0001981508177175671,0.0049514890731767345,0.0008534249377469636,0.013259166413100147,0.00014975019908231789,0.004998619767819376,0.00010589076980969814,0.013259166413100147
KA01,N15_M07_F10,1500.0,25.0,1,N15_M07_F10_KA01_7.mat,2.8057446810016113e-05,0.0004865285418931124,0.00010062941293702179,0.0009285377475539101,0.00019366314218125774,0.00522368141374971,0.0008533194954849925,0.013490908655051464,0.00015128335708494283,0.005207191585854066,0.00010594101091647738,0.013490908655051464
KA01,N15_M07_F10,1500.0,25.0,1,N15_M07_F10_KA01_8.mat,2.8615255509270303e-05,0.0005504266406401068,9.981506282902363e-05,0.000817956975657797,0.00019787513794815968,0.004354422330756347,0.0008530727420384388,0.018144656511624117,0.0001491018214283442,0.006294611632640739,0.00010566686797958694,0.018144656511624117
KA01,N15_M07_F10,1500.0,25.0,1,N15_M07_F10_KA01_9.mat,2.801997808903774e-05,0.0005750019600887556,0.0001014596055680638,0.0012947679224506617,0.00020164271510006405,0.004719564157115879,0.000856165923223417,0.013307115782458781,0.00014814323865957924,0.005114958469509521,0.0001060347920948704,0.013307115782458781
KA03,N09_M07_F10,900.0,15.0,1,N09_M07_F10_KA03_1.mat,0.00010298013679757891,0.0019065728722489344,3.0726873851954297e-06,4.213899806714242e-05,6.257588762752844e-06,9.338077399106004e-05,4.256549445339751e-06,8.00045040141489e-05,4.494659085814112e-05,0.0020596041043489206,8.509263847811966e-06,0.0020596041043489206
KA03,N09_M07_F10,900.0,15.0,1,N09_M07_F10_KA03_10.mat,0.00010213294045110931,0.0018555929093254317,3.407952005391465e-06,5.071172742737582e-05,6.542488871442576e-06,9.91128995062667e-05,4.4485829060304226e-06,7.51935593866991e-05,3.7482674414994063e-05,0.0012379458476509955,7.786528777657023e-06,0.0018555929093254317
KA03,N09_M07_F10,900.0,15.0,1,N09_M07_F10_KA03_11.mat,0.00010758751095763362,0.001997420918284924,3.379009606758277e-06,4.180447872665095e-05,6.8044580933285126e-06,9.148994801361016e-05,4.443487463283343e-06,7.060435579235656e-05,3.7518084152053777e-05,0.0014128318676601074,7.755024558692835e-06,0.001997420918284924
KA03,N09_M07_F10,900.0,15.0,1,N09_M07_F10_KA03_12.mat,0.00010435122201121446,0.0019081316980870244,3.3168436835399665e-06,3.5529299875468754e-05,6.673621275841794e-06,0.0001113931783673106,4.333625179887499e-06,5.155072786451655e-05,3.762341525727721e-05,0.0014159933041452003,7.817202827055705e-06,0.0019081316980870244
KA03,N09_M07_F10,900.0,15.0,1,N09_M07_F10_KA03_13.mat,0.00010826720633339002,0.002041836602152137,3.2566958760422826e-06,3.354735553900462e-05,6.413939105522516e-06,9.723472425865869e-05,4.391580195289751e-06,7.177986381020703e-05,3.655635344901951e-05,0.0012160621919691454,7.678616191305505e-06,0.002041836602152137
KA03,N09_M07_F10,900.0,15.0,1,N09_M07_F10_KA03_14.mat,9.95677172899946e-05,0.0018827682813859162,3.626777196246638e-06,4.8329389978216255e-05,6.496634921381867e-06,0.00012117912808956948,4.370046822791761e-06,8.308736053885321e-05,3.66842133438675e-05,0.0010843170831613866,7.656510387540688e-06,0.0018827682813859162
KA03,N09_M07_F10,900.0,15.0,1,N09_M07_F10_KA03_15.mat,0.00010215486728283581,0.001867911025976784,3.56222378395729e-06,3.888450486948867e-05,6.813358903402715e-06,9.62210075998534e-05,4.374786084034529e-06,7.948736406814811e-05,3.6535007306842734e-05,0.0017963681448682556,7.570433802086018e-06,0.001867911025976784
KA03,N09_M07_F10,900.0,15.0,1,N09_M07_F10_KA03_16.mat,0.00010793986275205617,0.0020126793411537522,3.3993087955382543e-06,5.058746016903664e-05,6.634201967270729e-06,7.901245739198438e-05,4.2803960943493225e-06,7.840298927512417e-05,3.477259602891131e-05,0.0010991743836981668,7.339668877706909e-06,0.0020126793411537522
KA03,N09_M07_F10,900.0,15.0,1,N09_M07_F10_KA03_17.mat,0.00010445663861757441,0.0020004563944244123,3.4521656995117425e-06,4.12921043073187e-05,6.864259429905064e-06,0.00012696340393713584,4.329149229308068e-06,7.664558898562782e-05,3.476288190379956e-05,0.0011781791939592722,7.3977655315895605e-06,0.0020004563944244123
KA03,N09_M07_F10,900.0,15.0,1,N09_M07_F10_KA03_18.mat,0.00010846844206052643,0.002075307254497641,3.468174672988435e-06,4.5016780169511436e-05,6.739075404521051e-06,9.394478930704151e-05,4.357571815092593e-06,7.973520220513185e-05,3.498002342712055e-05,0.001212422590300521,7.392565105038014e-06,0.002075307254497641
KA03,N09_M07_F10,900.0,15.0,1,N09_M07_F10_KA03_19.mat,0.00010146276294013789,0.0018823271196059675,3.0974544943730573e-06,3.907569158889515e-05,6.747433299437218e-06,8.959486078056642e-05,4.299594073825656e-06,7.199715505899435e-05,3.40917785819525e-05,0.0015877942545469625,7.219396443212429e-06,0.0018823271196059675
KA03,N09_M07_F10,900.0,15.0,1,N09_M07_F10_KA03_2.mat,0.00010361945920456425,0.001946241047010257,3.3203801688884775e-06,5.2984255793041526e-05,6.619294754518871e-06,8.639443373319407e-05,4.257645676442313e-06,7.759002114062978e-05,4.441737856115507e-05,0.001481515799242639,8.50104110904615e-06,0.001946241047010257
KA03,N09_M07_F10,900.0,15.0,1,N09_M07_F10_KA03_20.mat,0.00010060681107094475,0.0018722152452485617,3.5967839123968194e-06,5.266774887796289e-05,6.613484506100315e-06,7.5664715748408e-05,4.325113853270699e-06,5.8173545692845146e-05,3.488895712560033e-05,0.0012809622823274993,7.3230681777650295e-06,0.0018722152452485617
KA03,N09_M07_F10,900.0,15.0,1,N09_M07_F10_KA03_3.mat,0.00010256881748303935,0.0019985487479257154,3.5338039989874696e-06,4.2364805847180844e-05,6.570964806221316e-06,9.600927000606131e-05,4.117537195003545e-06,5.9235568641653165e-05,4.335160262290803e-05,0.001937081481912321,8.302664634529414e-06,0.0019985487479257154
KA03,N09_M07_F10,900.0,15.0,1,N09_M07_F10_KA03_4.mat,0.00010520772487978959,0.002000496772365589,3.2970777682919667e-06,4.7851056376371995e-05,6.359569959691308e-06,9.726198478455134e-05,4.258904040052309e-06,9.171707895718494e-05,4.21857582138969e-05,0.0013533053081834162,8.292999021810535e-06,0.002000496772365589
KA03,N09_M07_F10,900.0,15.0,1,N09_M07_F10_KA03_5.mat,0.00010252393569609582,0.0019175665432981535,3.5300220761356016e-06,5.5852571428012845e-05,6.4760942107736355e-06,8.506989266154595e-05,4.269236228650898e-06,6.990628698511184e-05,4.1557396970045894e-05,0.0019242197115475106,8.159190385070498e-06,0.0019242197115475106
KA03,N09_M07_F10,900.0,15.0,1,N09_M07_F10_KA03_6.mat,0.00010090016448524159,0.0018606397851592467,3.2794147351798413e-06,4.406317274756714e-05,6.431822199354918e-06,0.00010015078077570824,4.241902867085815e-06,7.323915957597435e-05,4.0724520341085566e-05,0.0015179098537114355,8.078272653929888e-06,0.0018606397851592467
KA03,N09_M07_F10,900.0,15.0,1,N09_M07_F10_KA03_7.mat,9.68553996360794e-05,0.0018474376866216978,3.513579700514519e-06,3.9045554576141563e-05,6.3433746445632905e-06,8.79538216271878e-05,4.244618925374693e-06,6.185415911019448e-05,3.912426032665896e-05,0.001297336996068009,7.887606567877986e-06,0.0018474376866216978
KA03,N09_M07_F10,900.0,15.0,1,N09_M07_F10_KA03_8.mat,0.00010211425647280371,0.001891378008783679,3.354271869744196e-06,4.011775383356109e-05,6.4102166910153945e-06,8.711710038332135e-05,4.284199481680383e-06,6.97904643713337e-05,3.782241947189975e-05,0.0016856001227227811,7.769001849538458e-06,0.001891378008783679
KA03,N09_M07_F10,900.0,15.0,1,N09_M07_F10_KA03_9.mat,0.00010345060720945082,0.0019130521622417976,3.3817448652693757e-06,4.7364874872631354e-05,6.5936160250860305e-06,8.148490087974477e-05,4.299953858931323e-06,7.356133706064264e-05,3.815733505484949e-05,0.0012798415334166545,7.834654145988775e-06,0.0019130521622417976
KA03,N15_M01_F10,1500.0,25.0,1,N15_M01_F10_KA03_1.mat,6.805257278985768e-05,0.0019469771436303324,2.3815359336876303e-05,0.0007761585988438686,3.160838559852255e-05,0.0009800823544855745,0.00012019390559492948,0.004272670273677196,0.00013943526566007302,0.01505365044032758,3.595329083166994e-05,0.01505365044032758
KA03,N15_M01_F10,1500.0,25.0,1,N15_M01_F10_KA03_10.mat,6.569460673456848e-05,0.0018545051914166364,2.2569089167056666e-05,0.0005889552429696863,4.084421162690683e-05,0.0015164735490353954,0.00012091260616960099,0.004982773045479822,0.0001449938600887513,0.009035451503279517,3.740052280492781e-05,0.009035451503279517
KA03,N15_M01_F10,1500.0,25.0,1,N15_M01_F10_KA03_11.mat,6.503239660329596e-05,0.001958744825808457,2.1541806501643415e-05,0.0005649428701708523,4.1971380576214553e-05,0.0013718123097354925,0.00012261323442177256,0.006126688610692415,0.00014659577873392992,0.007893644912323475,3.7702793931041656e-05,0.007893644912323475
KA03,N15_M01_F10,1500.0,25.0,1,N15_M01_F10_KA03_12.mat,6.350621452468805e-05,0.0018814580314056065,2.0603432374258246e-05,0.0006859222162467832,4.1184105865936545e-05,0.0014200865833274151,0.00012184997188272472,0.005853059652105482,0.0001430341787964486,0.013059193815143127,3.7018251476157e-05,0.013059193815143127
KA03,N15_M01_F10,1500.0,25.0,1,N15_M01_F10_KA03_13.mat,6.515534267229003e-05,0.0018945868932838679,2.1861067674128328e-05,0.0005927472891672445,4.055442318899833e-05,0.0015020453765983081,0.00012484962806022303,0.005854059867827122,0.00014398298857249935,0.006931736264466553,3.7477325041114745e-05,0.006931736264466553
KA03,N15_M01_F10,1500.0,25.0,1,N15_M01_F10_KA03_14.mat,6.385937683680734e-05,0.0019042818262385514,2.13690843396048e-05,0.0005481277129339124,4.087584818040768e-05,0.0013644165557189399,0.00012404614643547033,0.006162667791346752,0.00014491917490502598,0.010885427092597471,3.748791898413313e-05,0.010885427092597471
KA03,N15_M01_F10,1500.0,25.0,1,N15_M01_F10_KA03_15.mat,6.724273908233214e-05,0.0019337148812345003,2.0657009728691247e-05,0.0005926542750672072,3.951048827284096e-05,0.001459824577973261,0.0001268004667406202,0.007025069123443467,0.0001422306324255252,0.008868935689077605,3.7302213656136955e-05,0.008868935689077605
KA03,N15_M01_F10,1500.0,25.0,1,N15_M01_F10_KA03_16.mat,7.064419590872845e-05,0.0020514141550613063,2.091527258238105e-05,0.000624894705588318,4.045569835106835e-05,0.0013972703329021457,0.00011875034475093605,0.004165376523551354,0.00014483015946018023,0.007782744563920001,3.717117794324259e-05,0.007782744563920001
KA03,N15_M01_F10,1500.0,25.0,1,N15_M01_F10_KA03_17.mat,6.774951234952726e-05,0.002013232674294979,2.1707658155535538e-05,0.000535610050536857,4.077705768909389e-05,0.0013629467650834591,0.00012077879960145505,0.006353516791096727,0.00014401531736968175,0.007963778380222906,3.718915593284809e-05,0.007963778380222906
KA03,N15_M01_F10,1500.0,25.0,1,N15_M01_F10_KA03_18.mat,7.144229364982601e-05,0.0020383001123178307,2.0954252743093113e-05,0.0006202256120065164,4.0759988852328865e-05,0.0012537015908833135,0.00012206018731974172,0.0043216519392973605,0.00014144803315619078,0.008748658034084516,3.695687731468432e-05,0.008748658034084516
KA03,N15_M01_F10,1500.0,25.0,1,N15_M01_F10_KA03_19.mat,6.688128600129593e-05,0.0020056319083532758,2.1218231090398396e-05,0.0005920169321067852,3.95344765751854e-05,0.0014012474707106753,0.00012055715597291234,0.00533654489049286,0.00013921701768821376,0.010995355886829034,3.63372748582887e-05,0.010995355886829034
KA03,N15_M01_F10,1500.0,25.0,1,N15_M01_F10_KA03_2.mat,6.998889485093063e-05,0.0020092019839242936,2.2298242903608945e-05,0.0006321452100589198,3.7383444465215986e-05,0.0013367793112008615,0.00012327507876609562,0.005927003542271709,0.0001409804874283698,0.009129953266239846,3.676715075894756e-05,0.009129953266239846
KA03,N15_M01_F10,1500.0,25.0,1,N15_M01_F10_KA03_20.mat,6.807589545724675e-05,0.0019864449025668394,2.179612270734887e-05,0.0006546937206113635,3.979825974100292e-05,0.0013068083597680559,0.00012208090611679786,0.008653339403871056,0.00014435976638131894,0.01231289182468386,3.733790675429687e-05,0.01231289182468386
KA03,N15_M01_F10,1500.0,25.0,1,N15_M01_F10_KA03_3.mat,6.519660566075473e-05,0.0019169818745374484,2.2818082842947777e-05,0.0007276591632023443,3.814763483916686e-05,0.0013577403818011116,0.00012239195879905598,0.0075230580747617576,0.00014286229420255446,0.008315715080417493,3.697376870919765e-05,0.008315715080417493
KA03,N15_M01_F10,1500.0,25.0,1,N15_M01_F10_KA03_4.mat,6.488695664999684e-05,0.0019939827836826765,2.171828438939897e-05,0.0005941521402218458,4.0520112830091426e-05,0.0013155553953368977,0.00012531520567973288,0.006236604949832656,0.00014533342255960285,0.008174922177262501,3.7676982763836446e-05,0.008174922177262501
KA03,N15_M01_F10,1500.0,25.0,1,N15_M01_F10_KA03_5.mat,6.379094030026567e-05,0.0019176929175182113,2.2039722664666505e-05,0.0008338112014631706,4.127654299266156e-05,0.001378530583032507,0.00012301159845453573,0.007058212259319545,0.00014268653396490798,0.008312423067692505,3.715242186471862e-05,0.008312423067692505
KA03,N15_M01_F10,1500.0,25.0,1,N15_M01_F10_KA03_6.mat,6.501168794199918e-05,0.0018818514067750723,2.1930384981402336e-05,0.0006984175248852288,4.160388788474109e-05,0.0014277879713302608,0.00012328072877181806,0.004520636511002109,0.0001437154879883004,0.007941664556523738,3.739453790952491e-05,0.007941664556523738
KA03,N15_M01_F10,1500.0,25.0,1,N15_M01_F10_KA03_7.mat,6.968570682600743e-05,0.0020026752288323404,2.216768867875963e-05,0.0006489312883754897,4.1854462340317665e-05,0.0014923079513920843,0.0001210033718108759,0.0045424953739559805,0.00014110900591464393,0.007051994582166533,3.6935717426518425e-05,0.007051994582166533
KA03,N15_M01_F10,1500.0,25.0,1,N15_M01_F10_KA03_8.mat,6.538436527166559e-05,0.0018724587132658464,2.348038837082228e-05,0.0005898241136815952,4.056584702601546e-05,0.0013772100132967452,0.0001243390735106613,0.005898098602498745,0.00014387705284213664,0.007979151367516072,3.749077222659851e-05,0.007979151367516072
KA03,N15_M01_F10,1500.0,25.0,1,N15_M01_F10_KA03_9.mat,6.90571239926354e-05,0.002026013908298551,2.4068958091445038e-05,0.0006125392288348265,4.0527485426236574e-05,0.0016843604885838825,0.00012278009282447555,0.005652223837979294,0.00014836185613524818,0.008846426230401062,3.8150430843957935e-05,0.008846426230401062
KA03,N15_M07_F04,1500.0,25.0,1,N15_M07_F04_KA03_1.mat,6.837182788428597e-05,0.0020257573825457984,9.730435449092166e-06,0.00018467674827125376,1.7845803388368566e-05,0.0005716415305966751,0.00015585672531502493,0.008147839761991588,0.0002162827851472401,0.01374229112321629,5.302249423519423e-05,0.01374229112321629
KA03,N15_M07_F04,1500.0,25.0,1,N15_M07_F04_KA03_10.mat,6.914766255053368e-05,0.002059139838865209,9.431625397444078e-06,0.0002016130346224249,2.0870637594656015e-05,0.0007034936379534851,0.00016291965483831162,0.008846358646632071,0.00020052126514760602,0.015117775892235855,5.0864863239146295e-05,0.015117775892235855
KA03,N15_M07_F04,1500.0,25.0,1,N15_M07_F04_KA03_11.mat,6.984115686821995e-05,0.002062283101510149,8.84832557529697e-06,0.00015506594226775503,2.07878756749409e-05,0.0007131493778744201,0.00016137627432590747,0.00645248765553016,0.00020403726335262097,0.0156698936954136,5.153093515847939e-05,0.0156698936954136
KA03,N15_M07_F04,1500.0,25.0,1,N15_M07_F04_KA03_12.mat,6.998744199719775e-05,0.002010500253199084,8.786430628122559e-06,0.00016407557171462965,2.1040058731573477e-05,0.0006984065044913096,0.00016406651795542045,0.008035461034194533,0.0002005056299638973,0.011323825586219298,5.094032884554088e-05,0.011323825586219298
KA03,N15_M07_F04,1500.0,25.0,1,N15_M07_F04_KA03_13.mat,6.689639935170632e-05,0.002002186297131043,9.396889391260744e-06,0.00015526904643538476,2.1516893537523796e-05,0.0006475904113199622,0.00015544067768638982,0.00850173556666418,0.00019988056855366746,0.012797731712579767,5.0045315396002656e-05,0.012797731712579767
KA03,N15_M07_F04,1500.0,25.0,1,N15_M07_F04_KA03_14.mat,6.909634469658127e-05,0.0019760595241029794,8.76353828037052e-06,0.00012285812663026494,2.067229011650492e-05,0.00070956011648988,0.00015640951616214863,0.008375262520655027,0.00020129926115708486,0.00958649732480063,5.017723364401744e-05,0.00958649732480063
KA03,N15_M07_F04,1500.0,25.0,1,N15_M07_F04_KA03_15.mat,6.815173526788686e-05,0.0020201827346943125,1.0109449380592294e-05,0.00019122930498831703,2.083217759424387e-05,0.0006500891588136205,0.00015998117421249806,0.007858317045822736,0.0001941302956441327,0.010149252947651878,4.9442778590919214e-05,0.010149252947651878
KA03,N15_M07_F04,1500.0,25.0,1,N15_M07_F04_KA03_16.mat,6.553399467963255e-05,0.001834735931015681,8.942973919351883e-06,0.0001650773656080391,2.0815969775712665e-05,0.0006081252590722752,0.00015675453943480986,0.008482566687498899,0.00019358908475515906,0.011426944590262283,4.8886003952864544e-05,0.011426944590262283
KA03,N15_M07_F04,1500.0,25.0,1,N15_M07_F04_KA03_17.mat,6.806800703222242e-05,0.0019395766641311122,8.460607001270484e-06,0.00013235433959493561,2.1239667202186777e-05,0.0006439679501110636,0.00015447255952942017,0.0067349198248828615,0.00020102114467209208,0.012719842649419607,5.016897766592133e-05,0.012719842649419607
KA03,N15_M07_F04,1500.0,25.0,1,N15_M07_F04_KA03_18.mat,6.852860390086729e-05,0.002013338630351585,8.945574144437622e-06,0.00019494188395387666,2.0949745239450803e-05,0.0006834081793674757,0.00015671437656494485,0.009990558620916941,0.00019959200606502694,0.011368156097980264,4.988632787704564e-05,0.011368156097980264
KA03,N15_M07_F04,1500.0,25.0,1,N15_M07_F04_KA03_19.mat,6.764117049923063e-05,0.002037096435282427,9.215286135478186e-06,0.00016924099922590802,2.122634702659931e-05,0.0006319624396196543,0.0001528533483670143,0.007597142621790532,0.0001923989592346434,0.010336960949055547,4.861679332651234e-05,0.010336960949055547
KA03,N15_M07_F04,1500.0,25.0,1,N15_M07_F04_KA03_2.mat,6.970144327974698e-05,0.0020264750914270515,9.998152681103437e-06,0.00020327654395421572,2.115630303507738e-05,0.0007250797457167538,0.00015645566571355135,0.007461153921514883,0.00021511419361389133,0.015121571539397444,5.3280363755044476e-05,0.015121571539397444
KA03,N15_M07_F04,1500.0,25.0,1,N15_M07_F04_KA03_20.mat,6.831124801060186e-05,0.002048609996080883,9.393976810481601e-06,0.0001956726270360805,2.075228906436448e-05,0.0006352379294738801,0.00015851608953395546,0.006976044558953461,0.0001903237557497021,0.008707549219734007,4.872212658191789e-05,0.008707549219734007
KA03,N15_M07_F04,1500.0,25.0,1,N15_M07_F04_KA03_3.mat,6.858790035055126e-05,0.0019618264157849658,1.032143619678257e-05,0.00023797565285131833,2.0608644680696373e-05,0.0007567179773641774,0.00015620065917692756,0.008646044373102625,0.0002202701471991619,0.012081006951848678,5.399557612967738e-05,0.012081006951848678
KA03,N15_M07_F04,1500.0,25.0,1,N15_M07_F04_KA03_4.mat,6.565383251673951e-05,0.0018976643884290971,9.810537911809092e-06,0.00017951001652250645,2.0551859075896097e-05,0.000661538759556701,0.0001535935288766266,0.0057171147602565215,0.0002170571318904138,0.012167550454559722,5.282565712560375e-05,0.012167550454559722
KA03,N15_M07_F04,1500.0,25.0,1,N15_M07_F04_KA03_5.mat,6.785271400023514e-05,0.001953756562770182,9.899433799929334e-06,0.00022578405491483646,2.0651738529206915e-05,0.000765863334496265,0.00015832874886121615,0.010746899707423022,0.00020736773712216327,0.013056191832520403,5.160197954685462e-05,0.013056191832520403
KA03,N15_M07_F04,1500.0,25.0,1,N15_M07_F04_KA03_6.mat,6.823942236707873e-05,0.0019737342062872264,9.691703425139001e-06,0.0002220186887526909,2.0432103524060347e-05,0.000679558033388878,0.00015827334591555947,0.008286821521776214,0.000213505102182956,0.011482910742697723,5.296649302262146e-05,0.011482910742697723
KA03,N15_M07_F04,1500.0,25.0,1,N15_M07_F04_KA03_7.mat,6.586078925312691e-05,0.0018875374093591875,1.0354131914520112e-05,0.00022995428429700934,2.1198739329419205e-05,0.0006991893910125093,0.00015809174711949985,0.009529706613015757,0.000212081195705214,0.012111266858189192,5.2341648599573144e-05,0.012111266858189192
KA03,N15_M07_F04,1500.0,25.0,1,N15_M07_F04_KA03_8.mat,6.615570887560838e-05,0.0019197361706576955,9.159734801720899e-06,0.0001745220540210297,2.0454978556009428e-05,0.0006285326868534532,0.00015573621739123464,0.0068263833789307905,0.00021138941782754609,0.013043555820896963,5.183507602462792e-05,0.013043555820896963
KA03,N15_M07_F04,1500.0,25.0,1,N15_M07_F04_KA03_9.mat,6.962047244377384e-05,0.0020042298214755713,9.231104618319645e-06,0.00017445021152648848,2.0249694360092666e-05,0.0005693184571203998,0.00015858667952859138,0.007825596220509731,0.00020355265651212826,0.014455800867634015,5.110455576522081e-05,0.014455800867634015
KA03,N15_M07_F10,1500.0,25.0,1,N15_M07_F10_KA03_1.mat,6.681263675757308e-05,0.002023480133481689,1.6711721344788948e-05,0.0004326139297951532,4.632509928442283e-05,0.0016203944657014466,0.00014277868869169385,0.00871312233354191,0.00017198274501097353,0.013815509403235197,4.3109167217684296e-05,0.013815509403235197
KA03,N15_M07_F10,1500.0,25.0,1,N15_M07_F10_KA03_10.mat,6.800614079990277e-05,0.001976242550613076,1.9744752718420423e-05,0.0005508516920773326,4.3370160647901516e-05,0.0015094491216519651,0.00013074711348288334,0.005912514314631408,0.00017255433029058715,0.011597074799368633,4.2302790981299775e-05,0.011597074799368633
KA03,N15_M07_F10,1500.0,25.0,1,N15_M07_F10_KA03_11.mat,6.427611472887006e-05,0.001853955989340681,2.071754582122565e-05,0.0005440173442539909,4.534212551766898e-05,0.0015182929116504505,0.00013566848193969725,0.005285579851194911,0.00017566924374657852,0.014277323634535368,4.323737782891811e-05,0.014277323634535368
KA03,N15_M07_F10,1500.0,25.0,1,N15_M07_F10_KA03_12.mat,6.558410421556635e-05,0.0018339706945990433,1.922702888969669e-05,0.0005791117740651883,4.2838654949619616e-05,0.0015339100888238223,0.00013230204025590378,0.005639579959370494,0.00016841563847127102,0.013601417861055218,4.168761896342799e-05,0.013601417861055218
KA03,N15_M07_F10,1500.0,25.0,1,N15_M07_F10_KA03_13.mat,6.516524642527854e-05,0.0019391484466027755,1.958972995604154e-05,0.000570609583046921,4.373738263606561e-05,0.0014475060756636308,0.00013480585571260423,0.004974212051995986,0.00016951312741411917,0.015459809757261361,4.2069325677393304e-05,0.015459809757261361
KA03,N15_M07_F10,1500.0,25.0,1,N15_M07_F10_KA03_14.mat,6.534365329526893e-05,0.0020199960241009543,1.921440267414069e-05,0.0005665894263454515,4.286871127287512e-05,0.0013390738806325526,0.00013685948939686973,0.005243268980677657,0.00016602462072113548,0.010472677991711803,4.1697012709282354e-05,0.010472677991711803
KA03,N15_M07_F10,1500.0,25.0,1,N15_M07_F10_KA03_15.mat,6.255179765888262e-05,0.0018259413038634938,1.922015650501225e-05,0.0005888270173151938,4.304408672793738e-05,0.0014823829124430284,0.00013426284010256334,0.004423039652590172,0.00017078699031494312,0.009791460636915182,4.224298913129049e-05,0.009791460636915182
KA03,N15_M07_F10,1500.0,25.0,1,N15_M07_F10_KA03_16.mat,6.593958172635999e-05,0.0019637441265110455,1.9168843919101434e-05,0.0005993618922304214,4.3774478747876715e-05,0.0015117700794014036,0.00013597591274465675,0.00614583129627444,0.000168219213779788,0.010588288869214375,4.200571085555596e-05,0.010588288869214375
KA03,N15_M07_F10,1500.0,25.0,1,N15_M07_F10_KA03_17.mat,6.718482475256565e-05,0.0019351286187337471,1.9384728723022486e-05,0.0006217577836825488,4.29032407641411e-05,0.0016437602411261607,0.00012772655322253993,0.007508965100441644,0.00016480582670487336,0.00814942334924727,4.0816242921377875e-05,0.00814942334924727
KA03,N15_M07_F10,1500.0,25.0,1,N15_M07_F10_KA03_18.mat,6.730709989275695e-05,0.002026798188371434,1.9797192360730047e-05,0.0006134069423284854,4.420469077602631e-05,0.0016046882274226898,0.00013103841248133093,0.005742247025224597,0.00016787699104952293,0.01136443266527164,4.161460275993511e-05,0.01136443266527164
KA03,N15_M07_F10,1500.0,25.0,1,N15_M07_F10_KA03_19.mat,6.621424418846341e-05,0.0018663111449738147,1.9136754532075862e-05,0.000593308919262147,4.283548698889543e-05,0.0014913532173285746,0.00013542271369495657,0.007901851516206858,0.00016504840413714906,0.008577852242171922,4.1456196488923863e-05,0.008577852242171922
KA03,N15_M07_F10,1500.0,25.0,1,N15_M07_F10_KA03_2.mat,6.580317728344207e-05,0.0018776374386083945,1.8021422514273642e-05,0.00044111442113704813,4.532487094363904e-05,0.001439782774766855,0.00014177120741677842,0.0074274269205277,0.00016698018809729453,0.015863035097316815,4.2181372768116445e-05,0.015863035097316815
KA03,N15_M07_F10,1500.0,25.0,1,N15_M07_F10_KA03_20.mat,6.907070119587326e-05,0.001960342690915841,1.994804970567389e-05,0.0006112432145614205,4.315994994766623e-05,0.0016531489728466593,0.00013026707630865389,0.00562483515142954,0.00016493176990082977,0.007818924436373989,4.105860612562422e-05,0.007818924436373989
KA03,N15_M07_F10,1500.0,25.0,1,N15_M07_F10_KA03_3.mat,6.545743641648385e-05,0.001856961973270872,1.8366881108357574e-05,0.00047423098232466217,4.4931147495956015e-05,0.001457685994095608,0.0001424331604302168,0.005684992760022397,0.00016912152548304068,0.01222531447134993,4.254457837048115e-05,0.01222531447134993
KA03,N15_M07_F10,1500.0,25.0,1,N15_M07_F10_KA03_4.mat,6.566828656482891e-05,0.0019977365534529445,1.7794556493308516e-05,0.0004561351083654188,4.5997893091332937e-05,0.001472160858928834,0.00013797507683524266,0.005583000067802289,0.00017318445182798198,0.012099417399873101,4.2938209509743384e-05,0.012099417399873101
KA03,N15_M07_F10,1500.0,25.0,1,N15_M07_F10_KA03_5.mat,6.634171962028768e-05,0.0019277668206858836,1.764519947739596e-05,0.0004836414573414478,4.571165876200078e-05,0.0017282290702177881,0.00014151626618575934,0.006750391697489913,0.00017095475979779067,0.013695044990202854,4.283303666193891e-05,0.013695044990202854
KA03,N15_M07_F10,1500.0,25.0,1,N15_M07_F10_KA03_6.mat,6.789214692018725e-05,0.0020395045379327007,1.781336771635964e-05,0.00047291979842090554,4.6120226219860755e-05,0.0016572671584390078,0.0001385899176390747,0.008987403111268364,0.000176716853517713,0.014475087946502629,4.357483592720704e-05,0.014475087946502629
KA03,N15_M07_F10,1500.0,25.0,1,N15_M07_F10_KA03_7.mat,6.593151653932813e-05,0.0018948486766239953,1.8636772294847467e-05,0.000466121346845435,4.546654596212674e-05,0.0016752192198100583,0.00013718292689769427,0.005471511323217546,0.00017057176940945022,0.014445293979966897,4.250419710626958e-05,0.014445293979966897
KA03,N15_M07_F10,1500.0,25.0,1,N15_M07_F10_KA03_8.mat,6.65658001356915e-05,0.0018772923846460574,1.9003555522358367e-05,0.0004822571346322443,4.638370932197051e-05,0.001589780535372741,0.0001362846260178744,0.007863384946099233,0.000173218294726843,0.011747138240611094,4.29303602313495e-05,0.011747138240611094
KA03,N15_M07_F10,1500.0,25.0,1,N15_M07_F10_KA03_9.mat,6.693290819672276e-05,0.0019092573871380125,1.958867577242751e-05,0.0006261757790793818,4.637355915910235e-05,0.0015070669430171206,0.00013211893788934892,0.004746498738990212,0.00017370278441713603,0.01081450895757258,4.264487491679845e-05,0.01081450895757258
KA04,N09_M07_F10,900.0,15.0,1,N09_M07_F10_KA04_1.mat,0.0001915783004797182,0.002020213193838914,0.00029052191404433075,0.0014517830364599697,0.00015397064589553694,0.001944244700756447,9.428770492293059e-06,0.00014829820282230907,3.416333236899565e-05,0.0012568504716024356,1.754023176438717e-05,0.002020213193838914
KA04,N09_M07_F10,900.0,15.0,1,N09_M07_F10_KA04_10.mat,0.00020333203251458022,0.002351128161180416,0.00025969652077050996,0.0012592399883857004,0.00016277573374713023,0.0018501788680241001,1.0602788380573917e-05,0.00020143563577258998,3.6580441865468726e-05,0.001118268620886427,1.7847639164458218e-05,0.002351128161180416
KA04,N09_M07_F10,900.0,15.0,1,N09_M07_F10_KA04_11.mat,0.00019732467361407898,0.0022723666056796714,0.00025803305780631254,0.001256406943666535,0.0001593931308137044,0.002230880656144413,1.0715417260496225e-05,0.00022817784000236815,3.651459272880204e-05,0.001279120841198203,1.764640861392475e-05,0.0022723666056796714
KA04,N09_M07_F10,900.0,15.0,1,N09_M07_F10_KA04_12.mat,0.0002062351917608426,0.002391189112745851,0.00026044129867029806,0.0012640547801406733,0.00016217552036555726,0.0022008425671923714,1.0848173166542763e-05,0.000255174046505794,3.8107514973762296e-05,0.001223618973718073,1.8065699960613827e-05,0.002391189112745851
KA04,N09_M07_F10,900.0,15.0,1,N09_M07_F10_KA04_13.mat,0.0002055093546178647,0.0023896185012919785,0.000373605624942331,0.007397135566199348,0.00016317076140038312,0.004908746651352399,1.6813422952836393e-05,0.0008315703355370669,5.356719185520325e-05,0.0034960705487364304,2.3834373952645145e-05,0.007397135566199348
KA04,N09_M07_F10,900.0,15.0,1,N09_M07_F10_KA04_14.mat,0.00021204964228255151,0.0024348765051856827,0.00028903489354027397,0.0014590130226716628,0.00016075708536430282,0.002055428054888657,1.0653245879667126e-05,0.00020482769349370805,3.522442082456861e-05,0.0012128565960170478,1.844683116950127e-05,0.0024348765051856827
KA04,N09_M07_F10,900.0,15.0,1,N09_M07_F10_KA04_15.mat,0.00020026134659622348,0.0021513389351569294,0.0002954620858769821,0.0015245100720132985,0.00016117010234652007,0.0022812364970428984,1.0665766046494454e-05,0.00018362968983077327,3.589635116235012e-05,0.0011021810976466562,1.848672444565449e-05,0.0022812364970428984
KA04,N09_M07_F10,900.0,15.0,1,N09_M07_F10_KA04_16.mat,0.0001963792510864703,0.001996574728239292,0.0003570274475117098,0.0017511862499816706,0.00015035746061216115,0.002316140563581826,1.1204461340193676e-05,0.00019580908687420693,3.9821116494283956e-05,0.001292650769697467,2.0058863212562868e-05,0.002316140563581826
KA04,N09_M07_F10,900.0,15.0,1,N09_M07_F10_KA04_17.mat,0.0002139104825747149,0.0022279246189195654,0.0003645316137537568,0.00180972459578139,0.00014752578396100966,0.002057263992801482,1.1349149320667169e-05,0.00018150552174684404,4.0282808129143334e-05,0.0012362614064733758,2.02723629014954e-05,0.0022279246189195654
KA04,N09_M07_F10,900.0,15.0,1,N09_M07_F10_KA04_18.mat,0.0002139104825747149,0.0022279246189195654,0.0003645316137537568,0.00180972459578139,0.00014752578396100966,0.002057263992801482,1.1349149320667169e-05,0.00018150552174684404,4.0282808129143334e-05,0.0012362614064733758,2.02723629014954e-05,0.0022279246189195654
KA04,N09_M07_F10,900.0,15.0,1,N09_M07_F10_KA04_19.mat,0.0002002757584638615,0.0020660451745433852,0.0003670085930609477,0.0018420268542429354,0.00014729096197629575,0.0021293130856346234,1.1411744419002e-05,0.00018728315474747712,3.9342833548580606e-05,0.0015761879748321529,2.0115571270973648e-05,0.0021293130856346234
KA04,N09_M07_F10,900.0,15.0,1,N09_M07_F10_KA04_2.mat,0.00019654547638965722,0.00236953898301882,0.00026946401887269195,0.0014440091876482795,0.0001588419284458752,0.0019731554022613513,1.0318624496533713e-05,0.00014003496551491895,3.344738277549472e-05,0.001073406028576556,1.717752795864713e-05,0.00236953898301882
KA04,N09_M07_F10,900.0,15.0,1,N09_M07_F10_KA04_20.mat,0.00020701132083156818,0.002079982354923811,0.00036922896259806347,0.0018502351029052735,0.00014753510389435738,0.00243752584408625,1.0992035526536129e-05,0.0002181579467805051,3.981981444661877e-05,0.0013283389466768399,2.0308484016870945e-05,0.00243752584408625
KA04,N09_M07_F10,900.0,15.0,1,N09_M07_F10_KA04_3.mat,0.00020502669724868484,0.0022626522170245225,0.0002826692859594435,0.0014266982653334983,0.00015683543001428012,0.002189878005735985,9.878546955312463e-06,0.00014722342301351957,3.315949360551351e-05,0.001199849057033975,1.7143495423349556e-05,0.0022626522170245225
KA04,N09_M07_F10,900.0,15.0,1,N09_M07_F10_KA04_4.mat,0.00020235236985861364,0.002323382657001973,0.0002664344939048751,0.0013221595194118933,0.00016052751784218424,0.0019239803890516583,1.0478021739771542e-05,0.00014777669492527915,3.4233965806269936e-05,0.0009972432084971155,1.7252624812903507e-05,0.002323382657001973
KA04,N09_M07_F10,900.0,15.0,1,N09_M07_F10_KA04_5.mat,0.00019078322275972734,0.0021779518893995362,0.00026491855767474194,0.0012945474791693137,0.00016008426462477054,0.0020181674930658134,1.1250191722052905e-05,0.0002891113951303923,3.388681047655456e-05,0.0010448263327889227,1.70922526323295e-05,0.0021779518893995362
KA04,N09_M07_F10,900.0,15.0,1,N09_M07_F10_KA04_6.mat,0.00019855727964129293,0.002217531624077346,0.00026318282461925606,0.0012392680958165836,0.00015972241475814712,0.0019893727327281205,1.056769896896295e-05,0.00018165481475317533,3.2513294149102975e-05,0.000938039914890239,1.6906721816368667e-05,0.002217531624077346
KA04,N09_M07_F10,900.0,15.0,1,N09_M07_F10_KA04_7.mat,0.00020151328461676893,0.0023274807494246363,0.00026162820433894303,0.0012937953046475627,0.0001624091561563101,0.001966878198069057,1.0722116788123897e-05,0.0002631600794714779,3.4530847621230166e-05,0.001438616246186331,1.7481722723164414e-05,0.0023274807494246363
KA04,N09_M07_F10,900.0,15.0,1,N09_M07_F10_KA04_8.mat,0.00018475227953256707,0.002074956340516953,0.00025397314747792836,0.001177209187883743,0.00015879202962172607,0.0019296409906235427,1.0779420576207093e-05,0.00020756687586898664,3.545953695317832e-05,0.001973484676894747,1.715083861391512e-05,0.002074956340516953
KA04,N09_M07_F10,900.0,15.0,1,N09_M07_F10_KA04_9.mat,0.00019403042251313842,0.0021929174429130872,0.0002584388841414775,0.001307900762168417,0.00016090467302807423,0.0020062840713544043,1.0353340934958681e-05,0.00018188321343001244,3.601051078960301e-05,0.001087073759991914,1.7424265509299792e-05,0.0021929174429130872
KA04,N15_M01_F10,1500.0,25.0,1,N15_M01_F10_KA04_1.mat,0.0004192230848428951,0.0028172602413270697,0.001115392575958439,0.012279241471559638,8.004715400973215e-05,0.0021504192059965377,0.00022448974001979167,0.007731905556403764,0.0002786074089375465,0.010525793256310494,0.00010292223452642217,0.012279241471559638
KA04,N15_M01_F10,1500.0,25.0,1,N15_M01_F10_KA04_10.mat,0.00048661119007212717,0.0036905885303826886,0.001160796237137958,0.011545468769345356,7.675305859870231e-05,0.002113254893350589,0.0002497753308941914,0.014951656664334984,0.0002820261302604869,0.011643048009049457,0.0001091249308292954,0.014951656664334984
KA04,N15_M01_F10,1500.0,25.0,1,N15_M01_F10_KA04_11.mat,0.0004897637013715508,0.003878808148077476,0.0011671190930660584,0.012181196730365317,7.784279697235071e-05,0.0022526015589509414,0.0002607012198937502,0.013024097496805076,0.00029789519887239707,0.009561892690932109,0.00011387248712789872,0.013024097496805076
KA04,N15_M01_F10,1500.0,25.0,1,N15_M01_F10_KA04_12.mat,0.0004904728784767688,0.0036607116312760545,0.0011708985785535968,0.011769751029669647,8.004204908577841e-05,0.0024947599071582457,0.0002805573081360053,0.012918344533311737,0.0003074296944926755,0.011334993313303269,0.00011733618967670617,0.012918344533311737
KA04,N15_M01_F10,1500.0,25.0,1,N15_M01_F10_KA04_13.mat,0.0004904294670300449,0.0037127219681314413,0.001171947323486494,0.012609723193045985,7.90343388608466e-05,0.0024441912254609126,0.0002569065993259169,0.011618602498018025,0.0003054558630883217,0.009591886745587584,0.00011487177090813874,0.012609723193045985
KA04,N15_M01_F10,1500.0,25.0,1,N15_M01_F10_KA04_14.mat,0.0004893361378025361,0.003652597783439612,0.0011628943935071794,0.01219794030344891,7.924676582964752e-05,0.0024257345918187187,0.0002690968840324593,0.012638666941181239,0.00029871783368991137,0.012371864306834365,0.00011439118656970186,0.012638666941181239
KA04,N15_M01_F10,1500.0,25.0,1,N15_M01_F10_KA04_15.mat,0.000491822360967052,0.003789294973034957,0.0011678604656602308,0.012013470782952748,7.800189771181642e-05,0.002449773684100673,0.0002740487605845676,0.015447445342627458,0.00031084569844444813,0.010067246974501471,0.00011687533481347071,0.015447445342627458
KA04,N15_M01_F10,1500.0,25.0,1,N15_M01_F10_KA04_16.mat,0.0004926146400273312,0.0036495534833701766,0.0011682486733828224,0.012263765985889019,7.810999830193963e-05,0.002450898878764242,0.000257131948661102,0.01137075082625981,0.00031443914912371334,0.011255829092341758,0.0001158120713846021,0.012263765985889019
KA04,N15_M01_F10,1500.0,25.0,1,N15_M01_F10_KA04_17.mat,0.0004935639809455662,0.003611410031363041,0.0011682413511807021,0.012428923185147333,7.92897182837517e-05,0.0023803296572390414,0.0002537220511675386,0.011347974565100368,0.0003027003080917164,0.00942791242812357,0.00011346896442075108,0.012428923185147333
KA04,N15_M01_F10,1500.0,25.0,1,N15_M01_F10_KA04_18.mat,0.0004909519435164989,0.003667367960704115,0.0011593246683813548,0.012615965524388342,7.739692503410136e-05,0.0020459528179387226,0.00026941554556885985,0.013515237540471839,0.00030952747592110025,0.009266766657958609,0.00011584963733145432,0.013515237540471839
KA04,N15_M01_F10,1500.0,25.0,1,N15_M01_F10_KA04_19.mat,0.00048304060026737596,0.003699349904418723,0.0011489625958921036,0.012212176042972213,7.833230793647716e-05,0.0021557067514276344,0.00026103225442869064,0.013996749925894263,0.0002880464385179566,0.010026139965207898,0.00011092845690865737,0.013996749925894263
KA04,N15_M01_F10,1500.0,25.0,1,N15_M01_F10_KA04_2.mat,0.0004636681628356407,0.003465349904649132,0.0011160501075195928,0.011515262899274792,7.852301067878425e-05,0.0021115299526612515,0.00025531284278878873,0.014409944743896704,0.00026690814391475994,0.008861273420744347,0.00010359491023402578,0.014409944743896704
KA04,N15_M01_F10,1500.0,25.0,1,N15_M01_F10_KA04_20.mat,0.0004874241214630858,0.0035919459783006515,0.001142124272857866,0.013134187923842962,7.946906048851857e-05,0.0023050691085644156,0.0002636785379182756,0.010424976579903057,0.000288780357299669,0.008948369130076012,0.00011102125194767627,0.013134187923842962
KA04,N15_M01_F10,1500.0,25.0,1,N15_M01_F10_KA04_3.mat,0.00043447502412691317,0.0030208203191639466,0.0010881850702668657,0.012068100779580019,7.967626448191043e-05,0.0023124985643552124,0.00023204578642527622,0.009523960149859154,0.0002757996848844224,0.010325354261297088,0.0001022956695555398,0.012068100779580019
KA04,N15_M01_F10,1500.0,25.0,1,N15_M01_F10_KA04_4.mat,0.00047032959052829197,0.003439662704899446,0.0011311055100119002,0.01158396487035163,7.945182463308343e-05,0.002268173457233484,0.00025960881296601714,0.011248881956690077,0.00026899649433994384,0.01004802698831819,0.00010549036390365669,0.01158396487035163
KA04,N15_M01_F10,1500.0,25.0,1,N15_M01_F10_KA04_5.mat,0.00047852817559170457,0.0036360064433379473,0.0011568251619656154,0.011403224902885912,7.490148647956894e-05,0.0020013250357613873,0.0002518076641420003,0.010731363387231985,0.00027764520234928764,0.010642914408119913,0.00010768947141495435,0.011403224902885912
KA04,N15_M01_F10,1500.0,25.0,1,N15_M01_F10_KA04_6.mat,0.00048651786403543066,0.003448751064809072,0.0011593972068132377,0.011471753511391286,7.832817404108924e-05,0.0023195468607648166,0.00026841333772235204,0.01273144866921064,0.0002664009999495902,0.010234784483885996,0.00010625526719381681,0.01273144866921064
KA04,N15_M01_F10,1500.0,25.0,1,N15_M01_F10_KA04_7.mat,0.0004833217347247893,0.003532764573397318,0.0011581241025593666,0.01131994931797594,7.749321791244874e-05,0.002324727652624561,0.00027728086172644934,0.011683264014908953,0.00029105364336470146,0.009446638879279113,0.00011263083849415826,0.011683264014908953
KA04,N15_M01_F10,1500.0,25.0,1,N15_M01_F10_KA04_8.mat,0.0004874832989934555,0.0036620843511084365,0.0011624060265529878,0.011725513707289956,7.950707216518069e-05,0.002368082362745833,0.0002676748626384902,0.013409906032298333,0.0002867076306660853,0.01157049604581155,0.00011154627582228666,0.013409906032298333
KA04,N15_M01_F10,1500.0,25.0,1,N15_M01_F10_KA04_9.mat,0.0004795952786990591,0.003648733509090672,0.0011674481035488513,0.011953306310847801,7.833753388470337e-05,0.002119729365146314,0.00026582043644466106,0.011902283383560594,0.0003044605741651511,0.013236832792232362,0.00011511702922021458,0.013236832792232362
KA04,N15_M07_F04,1500.0,25.0,1,N15_M07_F04_KA04_1.mat,0.00027568267177067215,0.002092212868180433,0.0005711939387676248,0.007534294629201518,7.343519648328711e-05,0.0021817289632589314,0.0002115497171926556,0.006414770087580645,0.00016614874003481603,0.008066825063776218,6.803711568623235e-05,0.008066825063776218
KA04,N15_M07_F04,1500.0,25.0,1,N15_M07_F04_KA04_10.mat,0.00026998383802398875,0.0021448839529928233,0.000536147871638447,0.0060170857144036,7.264895465346399e-05,0.002428565018645829,0.0002216565507898258,0.005593718416378719,0.0001787909577579497,0.0080859880376589,7.016361584229715e-05,0.0080859880376589
KA04,N15_M07_F04,1500.0,25.0,1,N15_M07_F04_KA04_11.mat,0.00026677598275475715,0.002152725200151487,0.0005319975493286391,0.005611102250157282,7.169195721587509e-05,0.0022549405064857197,0.00022910612597514552,0.005456951158758721,0.0001770152268529731,0.007786640904115355,7.053306526473879e-05,0.007786640904115355
KA04,N15_M07_F04,1500.0,25.0,1,N15_M07_F04_KA04_12.mat,0.0002564317719288069,0.002193984829593579,0.0005263918461088017,0.005574683520436011,7.238156198853313e-05,0.0021115072310608023,0.00023127192554677623,0.0058758229566410105,0.00018292986431903707,0.010231234333468857,7.130741415338205e-05,0.010231234333468857
KA04,N15_M07_F04,1500.0,25.0,1,N15_M07_F04_KA04_13.mat,0.0002569040894282945,0.0020940064846145076,0.0005278523247419595,0.0058528031409943735,7.131023188953628e-05,0.0021444208852846648,0.00022115634563849942,0.005414232371823477,0.000180794985857415,0.007958599917044649,7.02039926821169e-05,0.007958599917044649
KA04,N15_M07_F04,1500.0,25.0,1,N15_M07_F04_KA04_14.mat,0.00025311311369939583,0.002153522114552787,0.0005231855638492272,0.005600712816749136,7.403448234705817e-05,0.002639151329335865,0.0002227895724409223,0.007645954090210976,0.00018218059840826721,0.007683147638834988,7.047266095379443e-05,0.007683147638834988
KA04,N15_M07_F04,1500.0,25.0,1,N15_M07_F04_KA04_15.mat,0.0002577616566701813,0.0021392962190757638,0.0005167456928597249,0.005792007250644102,7.225263760678166e-05,0.00215619136454155,0.00022596163996696104,0.0062521536285281044,0.00018221963589577385,0.0080021430819983,7.072501109735124e-05,0.0080021430819983
KA04,N15_M07_F04,1500.0,25.0,1,N15_M07_F04_KA04_16.mat,0.00025153834122350625,0.001934879754888549,0.0005277776567049632,0.005808729073210347,7.425514406406459e-05,0.0025732187537564235,0.00022640110872358424,0.005875903302677913,0.00018176664387681057,0.009916674321635413,7.079512410416945e-05,0.009916674321635413
KA04,N15_M07_F04,1500.0,25.0,1,N15_M07_F04_KA04_17.mat,0.00025851289632300244,0.0021693224952566786,0.0005199217056941059,0.005642207250265421,7.407977756176585e-05,0.002651583586970299,0.00023084869691378677,0.007154115760895991,0.0001782531247347016,0.0106050448207257,7.060288766456254e-05,0.0106050448207257
KA04,N15_M07_F04,1500.0,25.0,1,N15_M07_F04_KA04_18.mat,0.0002557360327951608,0.002148099209321256,0.0005240271193704411,0.005599247692546514,7.326374554698086e-05,0.00256937671175374,0.00023067285204126086,0.006498910737076186,0.0001824972010629088,0.007833591934481587,7.129737531672616e-05,0.007833591934481587
KA04,N15_M07_F04,1500.0,25.0,1,N15_M07_F04_KA04_19.mat,0.0002550483416061663,0.002051540829027657,0.000522531240682304,0.0059796432100180825,7.180419401555985e-05,0.0021605836158958224,0.00022349188477835993,0.006142508541865862,0.000183157555544317,0.009218252823091438,7.065141167201608e-05,0.009218252823091438
KA04,N15_M07_F04,1500.0,25.0,1,N15_M07_F04_KA04_2.mat,0.0002749303845646856,0.002119233426501365,0.0005662475883347954,0.007019908425502518,7.429183701913916e-05,0.002886881075537114,0.00022959308409057117,0.006594203179900879,0.00017664281063672728,0.00782622224664119,7.109596828717712e-05,0.00782622224664119
KA04,N15_M07_F04,1500.0,25.0,1,N15_M07_F04_KA04_20.mat,0.0002577616566701813,0.0021392962190757638,0.0005167456928597249,0.005792007250644102,7.225263760678166e-05,0.00215619136454155,0.00022596163996696104,0.0062521536285281044,0.00018221963589577385,0.0080021430819983,7.072501109735124e-05,0.0080021430819983
KA04,N15_M07_F04,1500.0,25.0,1,N15_M07_F04_KA04_3.mat,0.0002796894608686899,0.0021362165059002087,0.0005664004831999431,0.007175460671795141,7.604572506548441e-05,0.00285819966584152,0.000227639965996181,0.006169456812353706,0.00018145074429289893,0.009294267967395489,7.215292145974656e-05,0.009294267967395489
KA04,N15_M07_F04,1500.0,25.0,1,N15_M07_F04_KA04_4.mat,0.0002733777127942827,0.0019806008457782516,0.000557212673842295,0.00700896850703638,7.469219037488782e-05,0.00233424470185774,0.0002251697079837181,0.006473069960007811,0.00017363208742543883,0.008587019750065391,7.004079543818608e-05,0.008587019750065391
KA04,N15_M07_F04,1500.0,25.0,1,N15_M07_F04_KA04_5.mat,0.0002550483416061663,0.002051540829027657,0.000522531240682304,0.0059796432100180825,7.180419401555985e-05,0.0021605836158958224,0.00022349188477835993,0.006142508541865862,0.000183157555544317,0.009218252823091438,7.065141167201608e-05,0.009218252823091438
KA04,N15_M07_F04,1500.0,25.0,1,N15_M07_F04_KA04_6.mat,0.0002577616566701813,0.0021392962190757638,0.0005167456928597249,0.005792007250644102,7.225263760678166e-05,0.00215619136454155,0.00022596163996696104,0.0062521536285281044,0.00018221963589577385,0.0080021430819983,7.072501109735124e-05,0.0080021430819983
KA04,N15_M07_F04,1500.0,25.0,1,N15_M07_F04_KA04_7.mat,0.00027099086010018913,0.002014261811347485,0.0005431682715728337,0.006499891863308609,7.33795389988848e-05,0.0023862512798368102,0.00023068726219171803,0.005940459453116535,0.00017825796472708917,0.008191045697874443,7.111116932608357e-05,0.008191045697874443
KA04,N15_M07_F04,1500.0,25.0,1,N15_M07_F04_KA04_8.mat,0.0002645729432142648,0.0020767705074291824,0.0005365562967804043,0.005962209270086445,7.358467470613025e-05,0.002623360414884343,0.00022480095976653102,0.005265530979112643,0.00017437446802728867,0.01410763759157133,6.981247976408206e-05,0.01410763759157133
KA04,N15_M07_F04,1500.0,25.0,1,N15_M07_F04_KA04_9.mat,0.0002654655865971789,0.00201728549815417,0.0005361862320067054,0.005657008480703836,7.104884946923341e-05,0.002090316337063228,0.0002210321644639238,0.0058412008921030455,0.0001775836210742679,0.007974591595993117,6.99288900088877e-05,0.007974591595993117
KA04,N15_M07_F10,1500.0,25.0,1,N15_M07_F10_KA04_1.mat,0.0003069953881175063,0.002152807940199152,0.0008759824362853407,0.009341182134878638,9.02194495481743e-05,0.0030866516417404105,0.00023263793587756045,0.011304729941356272,0.00020550096343817552,0.0063804238092996495,8.314660554769066e-05,0.011304729941356272
KA04,N15_M07_F10,1500.0,25.0,1,N15_M07_F10_KA04_10.mat,0.0003242839079633947,0.002090823005483938,0.0009056109594131897,0.011268150080581985,9.015595198696141e-05,0.002694755961362559,0.00024804724235932016,0.010417127327356657,0.00021007749128625235,0.007279869242815161,8.553136899197432e-05,0.011268150080581985
KA04,N15_M07_F10,1500.0,25.0,1,N15_M07_F10_KA04_11.mat,0.00032692009468448564,0.0022037298861997488,0.0009069158577891877,0.0108489551823218,9.053770415816172e-05,0.002287237076163824,0.00023114592842123118,0.009677291619099901,0.00021586712330374039,0.007721688550998529,8.526450056849716e-05,0.0108489551823218
KA04,N15_M07_F10,1500.0,25.0,1,N15_M07_F10_KA04_12.mat,0.0003222786521834995,0.0021317614370172148,0.0009134704155733757,0.011036968245882715,9.249633933714465e-05,0.002452462210490684,0.0002460583083106863,0.01185412488435319,0.00021027204678959188,0.007530351175679626,8.578214827237036e-05,0.01185412488435319
KA04,N15_M07_F10,1500.0,25.0,1,N15_M07_F10_KA04_13.mat,0.000319843659395683,0.0020893718892036595,0.000906372802881949,0.011247923727977107,9.457774882126072e-05,0.0029800979117266544,0.0002494259187704605,0.012892175794629862,0.00020786382170258623,0.008125318020636093,8.555733368599e-05,0.012892175794629862
KA04,N15_M07_F10,1500.0,25.0,1,N15_M07_F10_KA04_14.mat,0.00032077041417487924,0.0021404807431906424,0.000906146871003134,0.010940293247261692,9.318441953118499e-05,0.0028612641034275557,0.00023925606099268025,0.010597921297072634,0.0002053299128520758,0.007373746299021541,8.411314105048848e-05,0.010940293247261692
KA04,N15_M07_F10,1500.0,25.0,1,N15_M07_F10_KA04_15.mat,0.00031969905839330484,0.002048956405304195,0.0009154264084373181,0.01122445522008826,8.885997500653032e-05,0.00245069353399736,0.0002423259385979208,0.010196909487513025,0.00021384820584217668,0.00900790696241154,8.604275998092235e-05,0.01122445522008826
KA04,N15_M07_F10,1500.0,25.0,1,N15_M07_F10_KA04_16.mat,0.00032564897268018975,0.002220362674290717,0.0009177534165189927,0.011212841799253442,9.102590408751837e-05,0.002830143133369767,0.00024681448862689224,0.012564051828074694,0.00021453814443231974,0.008328548265572378,8.671394838215008e-05,0.012564051828074694
KA04,N15_M07_F10,1500.0,25.0,1,N15_M07_F10_KA04_17.mat,0.00032381956895763153,0.002304250749761043,0.0009140647128836855,0.011182386976995678,9.509559169956698e-05,0.0029400930192363325,0.0002452339901542529,0.011813093184227122,0.00021803239923614228,0.008024927585684998,8.73525154301573e-05,0.011813093184227122
KA04,N15_M07_F10,1500.0,25.0,1,N15_M07_F10_KA04_18.mat,0.00032616005864442724,0.002149093761143486,0.0009265643025302885,0.011567141145460869,9.38815898760593e-05,0.0026792912112175945,0.00024752754772487093,0.012727639758809212,0.00021772752493730342,0.00719395060121941,8.775710766479511e-05,0.012727639758809212
KA04,N15_M07_F10,1500.0,25.0,1,N15_M07_F10_KA04_19.mat,0.00032702204269476407,0.0021242359801990894,0.0009251826101230344,0.010978511940363676,9.233500254010139e-05,0.002922886134578758,0.000245454637385948,0.01143564342960946,0.00021615801434375376,0.008069640898071988,8.765380186727054e-05,0.01143564342960946
KA04,N15_M07_F10,1500.0,25.0,1,N15_M07_F10_KA04_2.mat,0.00031811029310834904,0.002216256525369079,0.0009254170637608089,0.010594355609306074,9.094481636544892e-05,0.0026103656942953746,0.0002294266547773649,0.010013212082126884,0.00020687480118312685,0.006852532507857927,8.413002339867296e-05,0.010594355609306074
KA04,N15_M07_F10,1500.0,25.0,1,N15_M07_F10_KA04_20.mat,0.00032763557097701475,0.0021461471926208235,0.0009239240187413303,0.011044139903936281,9.175719127974044e-05,0.002373462923158237,0.0002449841299126654,0.012047505971289504,0.000227303356255443,0.007947917122128096,8.91553958935461e-05,0.012047505971289504
KA04,N15_M07_F10,1500.0,25.0,1,N15_M07_F10_KA04_3.mat,0.00031905667042870064,0.0022274074495418923,0.000920261121073467,0.010384469870168708,8.897482449654721e-05,0.002866013607100621,0.00022204677689395815,0.01106337726574356,0.00020195791523089186,0.006294776720672641,8.263741400138184e-05,0.01106337726574356
KA04,N15_M07_F10,1500.0,25.0,1,N15_M07_F10_KA04_4.mat,0.00031964970731885694,0.0022715049976605524,0.0009241173248442381,0.010250623549724142,8.923775872140062e-05,0.002760007833392727,0.00023034655134424704,0.010446795751596204,0.00020909858482043352,0.007947055896485063,8.472362764341539e-05,0.010446795751596204
KA04,N15_M07_F10,1500.0,25.0,1,N15_M07_F10_KA04_5.mat,0.0003217226216201676,0.0022211277360043827,0.0009074223741249421,0.010626444054968816,9.034338754790074e-05,0.0028181951326274697,0.00023051653678767632,0.015130683077957487,0.00020735994902066043,0.006142865987933043,8.37263669740574e-05,0.015130683077957487
KA04,N15_M07_F10,1500.0,25.0,1,N15_M07_F10_KA04_6.mat,0.00032216330211967735,0.0021168081816557945,0.0009001136352306066,0.010699283131645004,8.97891902603797e-05,0.00271784560965052,0.0002278750473005361,0.011030302140010067,0.00019740281437700738,0.00787434756224433,8.167464221258737e-05,0.011030302140010067
KA04,N15_M07_F10,1500.0,25.0,1,N15_M07_F10_KA04_7.mat,0.00033215700842159293,0.0021687574376345106,0.0009065033501883768,0.01123367261479925,9.097868785635416e-05,0.0025265459161455768,0.00024749015513185783,0.01334635783379468,0.000216066975856692,0.008722384453215761,8.685771547297892e-05,0.01334635783379468
KA04,N15_M07_F10,1500.0,25.0,1,N15_M07_F10_KA04_8.mat,0.00032451489527983587,0.0020188608453217565,0.0009094137138133871,0.011413764968946218,9.173597097721188e-05,0.002119924029518365,0.00024348072730110402,0.011075779951380996,0.00021404422756257787,0.006797687257047579,8.607011234024004e-05,0.011413764968946218
KA04,N15_M07_F10,1500.0,25.0,1,N15_M07_F10_KA04_9.mat,0.00033171420977006416,0.0023094705520252854,0.0009026486089778084,0.01061990412277867,9.030071640093662e-05,0.002802025345700733,0.00023426618537202362,0.011637856747519769,0.00021661657624792358,0.009258910762662559,8.567728046827266e-05,0.011637856747519769
KI05,N09_M07_F10,900.0,15.0,1,N09_M07_F10_KI05_1.mat,1.548619596358689e-05,0.00037680329490185916,1.239313456772619e-05,0.00015552106366611133,1.8108067769195776e-05,0.0002603574954128486,1.2134220205841239e-05,0.00016457893967082755,1.4874827395891311e-05,0.0003821848889194001,1.1413032937213873e-05,0.0003821848889194001
KI05,N09_M07_F10,900.0,15.0,1,N09_M07_F10_KI05_10.mat,1.4234654547325897e-05,0.00031693455473524076,1.1497231093813485e-05,0.00012931230447105497,1.6983156579996453e-05,0.0002253158148994552,1.2219443936225184e-05,0.00019902204981679742,1.4674223936147028e-05,0.0004429877338897964,1.1371900468838026e-05,0.0004429877338897964
KI05,N09_M07_F10,900.0,15.0,1,N09_M07_F10_KI05_11.mat,1.5396585125440558e-05,0.0002780407337460338,1.2827064843308417e-05,0.0001682275954195366,1.8458353508564593e-05,0.00023642308017129425,1.2082408908039025e-05,0.00018464530241907334,1.3964685358094669e-05,0.00030197400464598997,1.1209470297248418e-05,0.00030197400464598997
KI05,N09_M07_F10,900.0,15.0,1,N09_M07_F10_KI05_12.mat,1.632152677123367e-05,0.00037018456219007484,1.2327386797747917e-05,0.000139440245813809,1.860253915046063e-05,0.0003021224248763185,1.1386230738672029e-05,0.00014965360190866413,1.4206162867075714e-05,0.00032408124736951527,1.1057792062405462e-05,0.00037018456219007484
KI05,N09_M07_F10,900.0,15.0,1,N09_M07_F10_KI05_13.mat,1.5741182637056334e-05,0.00028352846828200124,1.1456659765268146e-05,0.00016304288267505196,1.8329182545429934e-05,0.0003455100103154174,1.1009975463895567e-05,0.0001479098405152478,1.3790413548821158e-05,0.00038181025956858815,1.085236325197366e-05,0.00038181025956858815
KI05,N09_M07_F10,900.0,15.0,1,N09_M07_F10_KI05_14.mat,1.5150030083970221e-05,0.00032027302803354525,1.1433482402875818e-05,0.00010643463699891936,1.710355948467517e-05,0.000367918524007892,1.1680715033610548e-05,0.00016010223470766882,1.4347104481806318e-05,0.0003206591285056877,1.100003945361841e-05,0.000367918524007892
KI05,N09_M07_F10,900.0,15.0,1,N09_M07_F10_KI05_15.mat,1.4416962890242031e-05,0.0003649845179401553,1.14435436567337e-05,0.0001194092921258892,1.7641532236027145e-05,0.00024541920304247745,1.1158349232228658e-05,0.00019746991214696975,1.428942402681398e-05,0.0004580254004711751,1.1129718919373542e-05,0.0004580254004711751
KI05,N09_M07_F10,900.0,15.0,1,N09_M07_F10_KI05_16.mat,1.4422941278153064e-05,0.0003176778612389695,1.1983552075693707e-05,0.00015365229973208973,1.729894123387002e-05,0.0002529011111082777,1.2251933770894825e-05,0.00017896739849258912,1.4421879189211601e-05,0.0002716704117686987,1.1271225713492931e-05,0.0003176778612389695
KI05,N09_M07_F10,900.0,15.0,1,N09_M07_F10_KI05_17.mat,1.567496541623357e-05,0.00042163304038671245,1.1239886853656485e-05,9.914433229289232e-05,1.853350470082877e-05,0.00027892143216408464,1.1567392667882076e-05,0.0002222161290554425,1.4521175957746007e-05,0.00031004632679236543,1.1080790584309756e-05,0.00042163304038671245
KI05,N09_M07_F10,900.0,15.0,1,N09_M07_F10_KI05_18.mat,1.5193671462636511e-05,0.0002730501456443479,1.1412841010294675e-05,0.00010810096425711689,1.809130756967086e-05,0.00031859364666523665,1.1305366310424797e-05,0.0001468977169721112,1.4241883904945324e-05,0.00037520641694442045,1.1015249784320833e-05,0.00037520641694442045
KI05,N09_M07_F10,900.0,15.0,1,N09_M07_F10_KI05_19.mat,1.506018982461024e-05,0.0002978841093000362,1.1963465732808336e-05,0.00012989089196071028,1.788917981928711e-05,0.0002955389922473654,1.187165891822917e-05,0.0002679790581562322,1.3583072702554983e-05,0.00046623269226540664,1.0886130794774727e-05,0.00046623269226540664
KI05,N09_M07_F10,900.0,15.0,1,N09_M07_F10_KI05_2.mat,1.535755370998257e-05,0.00039214029983775756,1.2569679623138958e-05,0.00012179896871685593,1.697618451704338e-05,0.0002696553223933318,1.1067541795106606e-05,0.0001363843940041324,1.500175780591476e-05,0.0003255998406548778,1.114833075591741e-05,0.00039214029983775756
KI05,N09_M07_F10,900.0,15.0,1,N09_M07_F10_KI05_20.mat,1.6229207189512996e-05,0.00035655682493751707,1.2213055615325404e-05,0.00014621517686062786,1.8439548398399775e-05,0.0002853099468972177,1.1514756423826178e-05,0.00016541995982761063,1.4870065824640153e-05,0.0003900944026771039,1.1283084933136892e-05,0.0003900944026771039
KI05,N09_M07_F10,900.0,15.0,1,N09_M07_F10_KI05_3.mat,1.651803959908265e-05,0.0006578613303095775,1.338096671262356e-05,0.00015413869174744452,1.6993456304042306e-05,0.0002799392746276595,1.1247164593719761e-05,0.00012951650229245149,1.459575062151254e-05,0.0003233682552843539,1.1184844163317463e-05,0.0006578613303095775
KI05,N09_M07_F10,900.0,15.0,1,N09_M07_F10_KI05_4.mat,1.4559075085604908e-05,0.0002530268539670007,1.1659794297669107e-05,0.00013696298720543558,1.9316907446571183e-05,0.000545853062897368,1.2125711196089997e-05,0.00013466666595945292,1.4581980868239454e-05,0.00025009711806598273,1.123748970120493e-05,0.000545853062897368
KI05,N09_M07_F10,900.0,15.0,1,N09_M07_F10_KI05_5.mat,1.6741670948902683e-05,0.0003646277863173597,1.3014895757991459e-05,0.00012770369772432749,1.8225836289012523e-05,0.000268465333234793,1.1800073707557365e-05,0.00015711378824562967,1.48125413157708e-05,0.000394655824674538,1.1202871964759454e-05,0.000394655824674538
KI05,N09_M07_F10,900.0,15.0,1,N09_M07_F10_KI05_6.mat,1.4421534017846868e-05,0.00027620571861922897,1.1823110906474471e-05,0.00012289307533825422,1.858202044043008e-05,0.00029352053061959337,1.1562603012819452e-05,0.00013851158126768933,1.4544569220635208e-05,0.00046129084382344265,1.1299882973158732e-05,0.00046129084382344265
KI05,N09_M07_F10,900.0,15.0,1,N09_M07_F10_KI05_7.mat,1.49241298719254e-05,0.0002649327088861273,1.2430432462650812e-05,0.00011841098495544836,1.7309022156144476e-05,0.00030225913908704714,1.1497683476686872e-05,0.00016610689054287716,1.4947038116778542e-05,0.00033563802486145564,1.1188001399231447e-05,0.00033563802486145564
KI05,N09_M07_F10,900.0,15.0,1,N09_M07_F10_KI05_8.mat,1.5337714952178226e-05,0.0004702503710894806,1.2114045612221727e-05,0.00016768927986376153,1.6998835903537017e-05,0.00021007817895589602,1.1894649759836132e-05,0.00017252867488967436,1.4649146014095144e-05,0.00039489485922703096,1.1484423119987368e-05,0.0004702503710894806
KI05,N09_M07_F10,900.0,15.0,1,N09_M07_F10_KI05_9.mat,1.572134319844924e-05,0.00027684039162310833,1.1825310938820337e-05,0.00012530756663755267,1.7174433345179444e-05,0.00023138816540976218,1.2127231486875639e-05,0.00015187548799989404,1.4744754879838207e-05,0.00029130490619915086,1.1330813304427979e-05,0.00029130490619915086
KI05,N15_M01_F10,1500.0,25.0,1,N15_M01_F10_KI05_1.mat,1.536116174496969e-05,0.0003040739527879457,2.8117913763172324e-05,0.0007286116702322226,0.00012286751325941948,0.004594103494561265,3.3427980731250914e-05,0.0010360422163353121,3.325947124967988e-05,0.002110262543116323,2.046283218132479e-05,0.004594103494561265
KI05,N15_M01_F10,1500.0,25.0,1,N15_M01_F10_KI05_10.mat,1.5885602183244158e-05,0.00045964165467448736,2.682091476691587e-05,0.0005039185563521074,0.00012120537785565382,0.004557959461344594,3.476595589891434e-05,0.0011630093063069065,3.317211338518742e-05,0.0020334991643343606,2.0391734436749957e-05,0.004557959461344594
KI05,N15_M01_F10,1500.0,25.0,1,N15_M01_F10_KI05_11.mat,1.4351955369699996e-05,0.0003807450488199519,2.780074475760321e-05,0.0005264384453256451,0.00013062525459797803,0.004954271550947013,3.6265932151935324e-05,0.0014436062676980363,3.3413996090078875e-05,0.0015072465563497556,2.1286614701833027e-05,0.004954271550947013
KI05,N15_M01_F10,1500.0,25.0,1,N15_M01_F10_KI05_12.mat,1.4619856208203204e-05,0.00060595141863341,2.5163519645022073e-05,0.0005419695495903204,0.00012449746035193864,0.004462206021705153,3.540322090059151e-05,0.0022175665810028793,3.4011460789462844e-05,0.0022243934460632812,2.0739798681470927e-05,0.004462206021705153
KI05,N15_M01_F10,1500.0,25.0,1,N15_M01_F10_KI05_13.mat,1.5186129261468069e-05,0.0003348134216670366,2.6098454992305754e-05,0.0005396196636405269,0.00012340485614393534,0.004221534281925879,3.477508158573125e-05,0.0015020614326202583,3.322322662219283e-05,0.0016389353207215704,2.03784307293295e-05,0.004221534281925879
KI05,N15_M01_F10,1500.0,25.0,1,N15_M01_F10_KI05_14.mat,1.5354343562494953e-05,0.0003283612327582722,2.5205225173009673e-05,0.00044623896453566554,0.00012010008919225511,0.004115301627909384,3.4700449184167526e-05,0.0015667128847335417,3.3670706629060774e-05,0.0020410776120026166,2.064233088209735e-05,0.004115301627909384
KI05,N15_M01_F10,1500.0,25.0,1,N15_M01_F10_KI05_15.mat,1.4533826694758469e-05,0.00034633177982023314,2.6473541357281515e-05,0.0004934688497398787,0.00011990455202795474,0.004189653114519699,3.519039252108166e-05,0.0021232473867430633,3.353338961471912e-05,0.001839256726158511,2.0518735554709476e-05,0.004189653114519699
KI05,N15_M01_F10,1500.0,25.0,1,N15_M01_F10_KI05_16.mat,1.42315688078673e-05,0.0003161612843052683,2.644311314814561e-05,0.0005676783543905149,0.00011540436514921637,0.004330633528480571,3.5427382095454064e-05,0.0014260199363950313,3.341797373002346e-05,0.001941679402083501,2.041359515333422e-05,0.004330633528480571
KI05,N15_M01_F10,1500.0,25.0,1,N15_M01_F10_KI05_17.mat,1.394344320295121e-05,0.00027921362042953506,2.6482487759972052e-05,0.0004800710235834422,0.0001151055213000957,0.004025531470224259,3.4918790489397986e-05,0.0011365693267080881,3.342468288728367e-05,0.0026269179793762445,2.0215318436699253e-05,0.004025531470224259
KI05,N15_M01_F10,1500.0,25.0,1,N15_M01_F10_KI05_18.mat,1.5429462760949187e-05,0.0002967784748637361,2.5229481785315438e-05,0.0004847071775683025,0.0001229094376877328,0.004087852954136238,3.533858344273657e-05,0.0014510462911491498,3.3367784768506067e-05,0.0015212751071998886,2.0758021923642626e-05,0.004087852954136238
KI05,N15_M01_F10,1500.0,25.0,1,N15_M01_F10_KI05_19.mat,1.551075267930011e-05,0.0005127264944943781,2.64514772357581e-05,0.0006939746077483202,0.00012035764066048523,0.0042620980995216945,3.403138914214974e-05,0.0012818325372404326,3.313506205160815e-05,0.0017654068293227344,2.0148653379874955e-05,0.0042620980995216945
KI05,N15_M01_F10,1500.0,25.0,1,N15_M01_F10_KI05_2.mat,1.3402115372033524e-05,0.0003944417128801267,2.4225088306408317e-05,0.0004619735466341693,0.00011667418689068308,0.004224702369142778,3.3780223194471956e-05,0.0015319225635126183,3.268161102833646e-05,0.0014328170339514546,1.9796480001832713e-05,0.004224702369142778
KI05,N15_M01_F10,1500.0,25.0,1,N15_M01_F10_KI05_20.mat,1.4510543183378132e-05,0.0002968808929419458,2.6081054443748846e-05,0.0006571009500694021,0.00012361426264894618,0.004178623118612476,3.446746107343422e-05,0.0012066591214917853,3.364587522908451e-05,0.0017520662892557546,2.0693905478571026e-05,0.004178623118612476
KI05,N15_M01_F10,1500.0,25.0,1,N15_M01_F10_KI05_3.mat,1.5568288273999595e-05,0.0004599616180017054,2.7975275690320076e-05,0.0005194678021747218,0.00011973869481872886,0.004663496434718044,3.2791598463084744e-05,0.0007782498491717883,3.3319766113807455e-05,0.001416223178005867,2.020699879273543e-05,0.004663496434718044
KI05,N15_M01_F10,1500.0,25.0,1,N15_M01_F10_KI05_4.mat,1.3847979615059704e-05,0.0003545985222096422,2.8328548889573767e-05,0.0006983029747918107,0.00012454933839071918,0.0044456096578296056,3.3134032289760084e-05,0.0013470747030013752,3.341058698954834e-05,0.0017235498737772788,2.0083530586486362e-05,0.0044456096578296056
KI05,N15_M01_F10,1500.0,25.0,1,N15_M01_F10_KI05_5.mat,1.5250979158624747e-05,0.0004312986685714569,2.7137771166513596e-05,0.0004996750481617401,0.00011865754226827145,0.004417984768120764,3.309923327652049e-05,0.0020030290183753684,3.387587259530907e-05,0.0021026383701278043,2.0358640177381325e-05,0.004417984768120764
KI05,N15_M01_F10,1500.0,25.0,1,N15_M01_F10_KI05_6.mat,1.5259685246735186e-05,0.0003496444026381941,2.790333984543064e-05,0.000691463553107128,0.00011998960242542929,0.004478422304154881,3.306994489273597e-05,0.0010567959682691588,3.29720295707531e-05,0.0014351201169595343,2.0161699373793537e-05,0.004478422304154881
KI05,N15_M01_F10,1500.0,25.0,1,N15_M01_F10_KI05_7.mat,1.4219966528422598e-05,0.000369210443790539,2.7474271347979684e-05,0.0004907284358981143,0.00011900603216100184,0.004527294937888305,3.4274685375261255e-05,0.0010373181722529163,3.394468251900744e-05,0.0018337755426064005,2.052394041386849e-05,0.004527294937888305
KI05,N15_M01_F10,1500.0,25.0,1,N15_M01_F10_KI05_8.mat,1.5102193039462958e-05,0.0004047377445795431,2.7175362075873424e-05,0.0006227727972926866,0.00011997745918731515,0.0041893330624585366,3.4962768600665347e-05,0.001493604001786936,3.425131467008962e-05,0.002387841653227696,2.0860020982014435e-05,0.0041893330624585366
KI05,N15_M01_F10,1500.0,25.0,1,N15_M01_F10_KI05_9.mat,1.5909789603886622e-05,0.0003832879308773578,2.8061421470894177e-05,0.0005333172338317421,0.00011762712123266176,0.004266478346070703,3.509822718528195e-05,0.0011468031085714193,3.355211587425586e-05,0.0016731165689503013,2.0351486830837333e-05,0.004266478346070703
KI05,N15_M07_F04,1500.0,25.0,1,N15_M07_F04_KI05_1.mat,1.4426349354323e-05,0.0004654743517321138,1.841829302268835e-05,0.0003054150237059362,5.5874028216757483e-05,0.0017515215854531714,3.716176743025966e-05,0.0010205283127091307,2.2552545165702417e-05,0.000618159287504228,1.6740564720543036e-05,0.0017515215854531714
KI05,N15_M07_F04,1500.0,25.0,1,N15_M07_F04_KI05_10.mat,1.4062971350785168e-05,0.00046996319302101676,1.785686788725841e-05,0.0003765776605479267,5.652913986675894e-05,0.0016394820641649898,3.497029555107085e-05,0.0008902593923839621,2.3532229462027268e-05,0.0006350300564786703,1.6588250899685022e-05,0.0016394820641649898
KI05,N15_M07_F04,1500.0,25.0,1,N15_M07_F04_KI05_11.mat,1.4667790834573545e-05,0.0002899105367384284,1.8529340582728986e-05,0.0004278051691324156,5.773126414379627e-05,0.0016552612733663839,3.6499293272425365e-05,0.000842754163625388,2.3630545876194255e-05,0.0008626287540834261,1.6808480148433107e-05,0.0016552612733663839
KI05,N15_M07_F04,1500.0,25.0,1,N15_M07_F04_KI05_12.mat,1.388105480322854e-05,0.0002781648611563378,2.0092567097157225e-05,0.0006149819885874859,5.606626930510254e-05,0.002000793105333899,3.6353708752057094e-05,0.0011283885165052536,2.3201703216742267e-05,0.0008814802585080534,1.6374724653470106e-05,0.002000793105333899
KI05,N15_M07_F04,1500.0,25.0,1,N15_M07_F04_KI05_13.mat,1.4376806950831725e-05,0.00033338756808060316,1.7998038638715626e-05,0.00042270856221941316,5.802793511326412e-05,0.00201295879813785,3.577210870350164e-05,0.0009994211033554849,2.3770244260024063e-05,0.0006243635883504229,1.6679048117216653e-05,0.00201295879813785
KI05,N15_M07_F04,1500.0,25.0,1,N15_M07_F04_KI05_14.mat,1.4650023476331495e-05,0.00027728564386126454,2.06469740488537e-05,0.0007085087698425695,6.721513971945267e-05,0.0019375436958490892,3.5686427155533747e-05,0.0008863524210676115,2.3773760533651712e-05,0.000772606231384693,1.706651003068846e-05,0.0019375436958490892
KI05,N15_M07_F04,1500.0,25.0,1,N15_M07_F04_KI05_15.mat,1.6295367275572987e-05,0.00034609765991953825,1.8029593661294612e-05,0.0003579217589610496,5.6878801825506836e-05,0.0016898377774268807,3.53712747882312e-05,0.0007830892179212691,2.398240545587817e-05,0.0007557555917710216,1.686124706708355e-05,0.0016898377774268807
KI05,N15_M07_F04,1500.0,25.0,1,N15_M07_F04_KI05_16.mat,1.4205530158158948e-05,0.0002998556272267598,1.9328639996025053e-05,0.0004781217649316002,5.596729951805907e-05,0.0019716105844339625,3.4635696982634615e-05,0.0007541941666377408,2.3547089068576326e-05,0.000854196320525734,1.6387763077698256e-05,0.0019716105844339625
KI05,N15_M07_F04,1500.0,25.0,1,N15_M07_F04_KI05_17.mat,1.5570441907709144e-05,0.0004648049917503832,1.8508568141551037e-05,0.0003101272229176455,5.628476339575187e-05,0.0018924606787019743,3.550117518223415e-05,0.0009826223102111127,2.3941973773858355e-05,0.0007333559894471707,1.6699226766651142e-05,0.0018924606787019743
KI05,N15_M07_F04,1500.0,25.0,1,N15_M07_F04_KI05_18.mat,1.4281925795751729e-05,0.00026829600699169564,1.8508089639548835e-05,0.0003258669087136204,6.04028908273662e-05,0.002056881355241766,3.596176577130252e-05,0.0008201279206047102,2.420332699157566e-05,0.0006895206644898859,1.7170483115153226e-05,0.002056881355241766
KI05,N15_M07_F04,1500.0,25.0,1,N15_M07_F04_KI05_19.mat,1.4429173806943495e-05,0.00034683951764146197,1.745526143029848e-05,0.00028931916868670557,5.3953435678390964e-05,0.0016991410442800236,3.5009123659976244e-05,0.001159749253065899,2.341052613074991e-05,0.0007813034934828701,1.621469036900122e-05,0.0016991410442800236
KI05,N15_M07_F04,1500.0,25.0,1,N15_M07_F04_KI05_2.mat,1.572118478592627e-05,0.00041203016652711027,1.8167279025983753e-05,0.0004658167847236661,5.7688728418850175e-05,0.0017666106628044112,3.5861109864030844e-05,0.0009608601246782102,2.4365959626061196e-05,0.0008222474122657113,1.7127185886503337e-05,0.0017666106628044112
KI05,N15_M07_F04,1500.0,25.0,1,N15_M07_F04_KI05_20.mat,1.3857597112181524e-05,0.0002951461140084004,1.7046315760111294e-05,0.00031255210111134885,5.409350892541818e-05,0.001797957460027703,3.4773201047561514e-05,0.0007400857418407187,2.337331591709472e-05,0.0008342297621609892,1.595646530253907e-05,0.001797957460027703
KI05,N15_M07_F04,1500.0,25.0,1,N15_M07_F04_KI05_3.mat,1.433663057726367e-05,0.0003953386883056992,1.8211983410128824e-05,0.00043418547937236273,5.928631348827084e-05,0.00184137947006309,3.524216950300305e-05,0.0014501475118158646,2.3121375116629288e-05,0.0008666738875510999,1.6426909897213437e-05,0.00184137947006309
KI05,N15_M07_F04,1500.0,25.0,1,N15_M07_F04_KI05_4.mat,1.546890184076418e-05,0.0003496975815783289,1.9513882985426486e-05,0.000411857532042722,6.27344708847002e-05,0.001963933678520985,3.7048242787852934e-05,0.0008786196530252806,2.337585798897023e-05,0.000916478580951262,1.703766192573512e-05,0.001963933678520985
KI05,N15_M07_F04,1500.0,25.0,1,N15_M07_F04_KI05_5.mat,1.4856737783791181e-05,0.00033732410700263474,1.8307494167978025e-05,0.0004233043603899358,6.0664925216032214e-05,0.0018403358034513398,3.593538828045554e-05,0.000882602815969743,2.2906591100276453e-05,0.0007191742588923208,1.668683361901538e-05,0.0018403358034513398
KI05,N15_M07_F04,1500.0,25.0,1,N15_M07_F04_KI05_6.mat,1.5108915405784874e-05,0.00026165319503001865,1.831494650562053e-05,0.0004898021362770987,6.19039700544222e-05,0.0016200639770759004,3.558141500150161e-05,0.0010648910192022614,2.2779980503896645e-05,0.0007397072913681398,1.6430559614736902e-05,0.0016200639770759004
KI05,N15_M07_F04,1500.0,25.0,1,N15_M07_F04_KI05_7.mat,1.3297521804880764e-05,0.00030567704385403463,1.7841995547047704e-05,0.00030213020877989345,5.958122869458332e-05,0.001852758343924359,3.729356853278296e-05,0.0008741966996981369,2.3760172573695046e-05,0.0009102210169298555,1.6912942613926353e-05,0.001852758343924359
KI05,N15_M07_F04,1500.0,25.0,1,N15_M07_F04_KI05_8.mat,1.4168847871048128e-05,0.00043549179133406857,1.9503592549498312e-05,0.0005093548937353035,5.823342326060931e-05,0.002062542739321654,3.689918978383887e-05,0.0009063376107310122,2.3507002985181367e-05,0.0007070399322374902,1.692617192395306e-05,0.002062542739321654
KI05,N15_M07_F04,1500.0,25.0,1,N15_M07_F04_KI05_9.mat,1.5013522441621498e-05,0.0005625591607652922,1.9055015729292448e-05,0.00038348850580475233,5.505364064420291e-05,0.001677945797377788,3.611450975153797e-05,0.000985514917188418,2.356939407145579e-05,0.0010341143520322435,1.6476626668929564e-05,0.001677945797377788
KI05,N15_M07_F10,1500.0,25.0,1,N15_M07_F10_KI05_1.mat,1.547681152323253e-05,0.000346492509689212,2.717209186836431e-05,0.0004818414945223152,0.00012626015258693614,0.004665959716685236,3.354673995685627e-05,0.001350111849769257,3.369523368554822e-05,0.0016301962263793642,2.0703826595886087e-05,0.004665959716685236
KI05,N15_M07_F10,1500.0,25.0,1,N15_M07_F10_KI05_10.mat,1.6092496485443338e-05,0.0003759120075006102,3.104447324567156e-05,0.0006091693692371037,0.00012477153515887468,0.004302563729114747,3.6361317157443306e-05,0.0012085604087938892,3.426779208431487e-05,0.0015467980802985595,2.143939102488502e-05,0.004302563729114747
KI05,N15_M07_F10,1500.0,25.0,1,N15_M07_F10_KI05_11.mat,1.568627146406216e-05,0.0004721590231110505,2.8162454938339102e-05,0.0005889156036342825,0.00012318006195095933,0.00443065062859072,3.503189296092378e-05,0.0010554772704291099,3.5473037301338895e-05,0.0015239344153426288,2.1471763903959178e-05,0.00443065062859072
KI05,N15_M07_F10,1500.0,25.0,1,N15_M07_F10_KI05_12.mat,1.4807469790339155e-05,0.00034365602328835623,2.8623535432125964e-05,0.0005061491890122518,0.00012475530047460588,0.004622310772544783,3.570584108010804e-05,0.0012360650130679956,3.339752454491612e-05,0.0014815173178185739,2.0645601541222368e-05,0.004622310772544783
KI05,N15_M07_F10,1500.0,25.0,1,N15_M07_F10_KI05_13.mat,1.5240748679471008e-05,0.0004800183839015107,2.9314775608044327e-05,0.0007662602498904348,0.00012251945294090199,0.0045387282623765264,3.5688323559741894e-05,0.0014217830952087704,3.3302441067879886e-05,0.0020167049837072986,2.0595855182191753e-05,0.0045387282623765264
KI05,N15_M07_F10,1500.0,25.0,1,N15_M07_F10_KI05_14.mat,1.5497230374995147e-05,0.0003551313535046857,2.8471275743239974e-05,0.0005708507851548506,0.00012329031244721,0.004171174620979731,3.495151934301677e-05,0.0012282206965730541,3.442425394204296e-05,0.0019455531599854347,2.1437199533948712e-05,0.004171174620979731
KI05,N15_M07_F10,1500.0,25.0,1,N15_M07_F10_KI05_15.mat,1.6850510045994473e-05,0.0004006671493518997,3.124854991769082e-05,0.0006354541510238718,0.0001244947003361682,0.0043060396598528896,3.609867175170385e-05,0.0010461824984891754,3.458565480209244e-05,0.0017759440357406023,2.1510334047421515e-05,0.0043060396598528896
KI05,N15_M07_F10,1500.0,25.0,1,N15_M07_F10_KI05_16.mat,1.633359024383252e-05,0.0005196526709825844,3.183590342142357e-05,0.0006939103162516591,0.00012409174461138462,0.004398682183593916,3.689565341061976e-05,0.0014323725093685622,3.416778546509345e-05,0.0015740197987100123,2.1311906106626078e-05,0.004398682183593916
KI05,N15_M07_F10,1500.0,25.0,1,N15_M07_F10_KI05_17.mat,1.5473545690856457e-05,0.00036173577799023204,2.7749203893718357e-05,0.0006512473504697748,0.00011960491954173689,0.004157914042551957,3.539739535991152e-05,0.001262248836910475,3.408954532024472e-05,0.00149609858497082,2.0872502182263736e-05,0.004157914042551957
KI05,N15_M07_F10,1500.0,25.0,1,N15_M07_F10_KI05_18.mat,1.6348460258563477e-05,0.00043721651696494387,2.781578157366639e-05,0.0005876464234025455,0.00012381762140541535,0.004336245508786065,3.6388200202256694e-05,0.0011758629290371193,3.395787796685005e-05,0.00217755518680888,2.1259830204746896e-05,0.004336245508786065
KI05,N15_M07_F10,1500.0,25.0,1,N15_M07_F10_KI05_19.mat,1.49803129105183e-05,0.0005599229327777893,3.5384865846741505e-05,0.0009711968611665679,0.00012942607648024686,0.004301544835342738,3.7015019249871646e-05,0.0012162403490340332,3.427531976895377e-05,0.0015893788657768988,2.182626059097563e-05,0.004301544835342738
KI05,N15_M07_F10,1500.0,25.0,1,N15_M07_F10_KI05_2.mat,1.6964571773679387e-05,0.00036546688561626977,2.7874920897450785e-05,0.0007887990791287698,0.00011995458689311527,0.004424222527908091,3.51594898145838e-05,0.001215858680322552,3.391031022054879e-05,0.001990380051733015,2.0961697614011525e-05,0.004424222527908091
KI05,N15_M07_F10,1500.0,25.0,1,N15_M07_F10_KI05_20.mat,1.451040787881975e-05,0.0003564456529705258,2.830344248714116e-05,0.0005436200030735425,0.00012285756885740842,0.004476118260025095,3.57799476800654e-05,0.0011139238142437195,3.318058069398484e-05,0.001410884376580974,2.0612201402705974e-05,0.004476118260025095
KI05,N15_M07_F10,1500.0,25.0,1,N15_M07_F10_KI05_3.mat,1.5643633643960167e-05,0.00036750816227195575,2.8454437628987674e-05,0.0007816315710469542,0.00012436436804013032,0.0044842229589448545,3.601482235080568e-05,0.0012664027857848623,3.4564407092223006e-05,0.0018225117073260503,2.1395781463579473e-05,0.0044842229589448545
KI05,N15_M07_F10,1500.0,25.0,1,N15_M07_F10_KI05_4.mat,1.42798786362944e-05,0.0003978655171857419,2.7067790424937264e-05,0.0005185944087499815,0.00011788531965423314,0.004036447365036581,3.442626566150717e-05,0.00103968767544603,3.33301721335175e-05,0.002163139047003561,2.0027232149765807e-05,0.004036447365036581
KI05,N15_M07_F10,1500.0,25.0,1,N15_M07_F10_KI05_5.mat,1.6483223257167935e-05,0.0006240805373436621,2.8256030847865944e-05,0.0006216916536828583,0.00012921010517065015,0.005379700206063056,3.6401174798018934e-05,0.0014195647548778125,3.3759026995195765e-05,0.0018631481788071564,2.1305579166131605e-05,0.005379700206063056
KI05,N15_M07_F10,1500.0,25.0,1,N15_M07_F10_KI05_6.mat,1.609466004715204e-05,0.00040501597218354265,2.7055353777621714e-05,0.0005767772331785353,0.00012154701459934305,0.0042338550832847,3.5545078401076985e-05,0.0014872409419849515,3.415571506212384e-05,0.0020116993520076973,2.1122651037367593e-05,0.0042338550832847
KI05,N15_M07_F10,1500.0,25.0,1,N15_M07_F10_KI05_7.mat,1.5484950748483396e-05,0.00036695677846058824,2.749833684557615e-05,0.0004841294438583392,0.0001213530353567012,0.0044841518989592035,3.551368164736214e-05,0.0011313056295103132,3.3430199457411054e-05,0.0020288996865114937,2.0574756714069738e-05,0.0044841518989592035
KI05,N15_M07_F10,1500.0,25.0,1,N15_M07_F10_KI05_8.mat,1.529192097246585e-05,0.0002870688426345371,2.7251470741830276e-05,0.0005208381241462107,0.00013453165440913635,0.004474736481341746,3.548598876147318e-05,0.0012285008196115568,3.450457559837143e-05,0.0016993495073019621,2.148942719517148e-05,0.004474736481341746
KI05,N15_M07_F10,1500.0,25.0,1,N15_M07_F10_KI05_9.mat,1.584713016701687e-05,0.0003910888321657828,2.903804614449475e-05,0.0004917992963497816,0.00012120571673230541,0.00442806822119337,3.534911096348627e-05,0.0019043334685350446,3.42324413985757e-05,0.0015781998941625844,2.1044524437441848e-05,0.00442806822119337
