Bearing,Condition,RPM,Rotation_Hz,Label,File,Band_0_1000Hz_Mean,Band_0_1000Hz_Max,Band_1000_3000Hz_Mean,Band_1000_3000Hz_Max,Band_3000_5000Hz_Mean,Band_3000_5000Hz_Max,Band_5000_10000Hz_Mean,Band_5000_10000Hz_Max,Band_10000_20000Hz_Mean,Band_10000_20000Hz_Max,STFT_Mean,STFT_Max
K001,N09_M07_F10,900.0,15.0,0,N09_M07_F10_K001_1.mat,5.566884761546877e-05,0.0013246625453694808,5.208723562918732e-05,0.0005604987271226528,5.6945915301660085e-05,0.0007039370070065275,5.2516140375813665e-05,0.0008610026721084525,4.8368212954944824e-05,0.0008441903979496004,4.929180700091121e-05,0.0013246625453694808
K001,N09_M07_F10,900.0,15.0,0,N09_M07_F10_K001_10.mat,5.001915587321698e-05,0.001126741238101196,5.247949346383064e-05,0.0006651077532812755,5.474160944954951e-05,0.0008840331405451697,5.16392058716189e-05,0.0007094856265502497,4.6368740138108476e-05,0.0006154013877854186,4.805801168366435e-05,0.001126741238101196
K001,N09_M07_F10,900.0,15.0,0,N09_M07_F10_K001_11.mat,5.3611542908874526e-05,0.0010026881272476684,5.060437671349692e-05,0.0005558453119277502,5.6851669906832855e-05,0.000849542178675718,5.131130087385694e-05,0.0006928950351372633,4.629443804121752e-05,0.000746842864791352,4.795401234804572e-05,0.0010026881272476684
K001,N09_M07_F10,900.0,15.0,0,N09_M07_F10_K001_12.mat,4.95710099693164e-05,0.0011244253153384685,5.143804721796665e-05,0.0007082882046436824,5.4750660094112125e-05,0.000823081863055585,5.276234502095431e-05,0.000772289154332494,4.537800187094978e-05,0.0006710268579552125,4.784513695577632e-05,0.0011244253153384685
K001,N09_M07_F10,900.0,15.0,0,N09_M07_F10_K001_13.mat,5.031729867121795e-05,0.0009465479081347543,5.095956730934494e-05,0.0005248199463176182,5.557266070613464e-05,0.0012696583114046149,5.1423876450591396e-05,0.0007897211868599408,4.5946741566168745e-05,0.0005977166849091343,4.765348064814226e-05,0.0012696583114046149
K001,N09_M07_F10,900.0,15.0,0,N09_M07_F10_K001_14.mat,5.079757100425468e-05,0.0013825147865998211,5.035427298965407e-05,0.0005766979548478215,5.6608431882238e-05,0.0008623746382418445,5.206587449780199e-05,0.0006507737830950111,4.7361756466653724e-05,0.000561141992899207,4.848122869415429e-05,0.0013825147865998211
K001,N09_M07_F10,900.0,15.0,0,N09_M07_F10_K001_15.mat,5.237444040596611e-05,0.0008063932835726132,5.1310896533887455e-05,0.0005213935293732426,5.75484246286375e-05,0.0010651364709796647,5.218540032613573e-05,0.0007711847119403345,4.603259994666521e-05,0.000677198390863339,4.8271797472348254e-05,0.0010651364709796647
K001,N09_M07_F10,900.0,15.0,0,N09_M07_F10_K001_16.mat,5.389944986416785e-05,0.0009066668265692439,5.05821257395162e-05,0.0007293778823154021,5.513239257009452e-05,0.0009215090805415769,5.206886013906031e-05,0.000643483908235189,4.636347318793715e-05,0.0006293959937414273,4.823801243460272e-05,0.0009215090805415769
K001,N09_M07_F10,900.0,15.0,0,N09_M07_F10_K001_17.mat,5.235244811076925e-05,0.0015016733882665875,5.088812967624534e-05,0.0007075479255629814,5.8784219873286195e-05,0.0009059147812304494,5.147063686015963e-05,0.0006921964211081768,4.703519504804552e-05,0.0007415351481447753,4.8471308650665794e-05,0.0015016733882665875
K001,N09_M07_F10,900.0,15.0,0,N09_M07_F10_K001_18.mat,5.104783853069059e-05,0.0011446224352435145,4.9304195565183176e-05,0.0005457863900889144,5.500687865666999e-05,0.0010152907326237443,5.215869543481222e-05,0.0007800084070853025,4.649087725675672e-05,0.0005681831608413363,4.7969154226151694e-05,0.0011446224352435145
K001,N09_M07_F10,900.0,15.0,0,N09_M07_F10_K001_19.mat,5.4308058201866635e-05,0.0009052432570292726,5.0292552801300936e-05,0.000522661392814464,5.4689829352918546e-05,0.0008492234955623389,5.160180288774341e-05,0.000773942440463936,4.7979025312564256e-05,0.0006303299315973609,4.8447978732432324e-05,0.0009052432570292726
K001,N09_M07_F10,900.0,15.0,0,N09_M07_F10_K001_2.mat,5.1342789224964384e-05,0.0011564897131247204,5.0872289011518205e-05,0.0007956388975580258,5.722503378707889e-05,0.0013025503521073812,5.341830703993643e-05,0.0007915735392997991,4.614135519496416e-05,0.0006270946557677264,4.856580100354916e-05,0.0013025503521073812
K001,N09_M07_F10,900.0,15.0,0,N09_M07_F10_K001_20.mat,5.06901548853962e-05,0.0007871016072337299,5.172171404202618e-05,0.0005387475679875537,5.607766958254752e-05,0.0011181125407980228,5.1205069029133086e-05,0.000963756486899298,4.649494817924123e-05,0.0006042725088909876,4.801036329599501e-05,0.0011181125407980228
K001,N09_M07_F10,900.0,15.0,0,N09_M07_F10_K001_3.mat,5.272619037313374e-05,0.001218864113790057,5.078245445167541e-05,0.0006209879244656477,5.658641157950694e-05,0.0007709055082753175,5.027595611786121e-05,0.0011797567756726055,4.634579481025504e-05,0.0006830322242600656,4.7602288414061814e-05,0.001218864113790057
K001,N09_M07_F10,900.0,15.0,0,N09_M07_F10_K001_4.mat,5.2284002971116195e-05,0.0015082871447713146,4.946089987742912e-05,0.0005182797843514416,5.620118108808107e-05,0.0010688978116300564,5.23879600623097e-05,0.0005486614664854959,4.594518004023726e-05,0.0006215220339488035,4.788308564020353e-05,0.0015082871447713146
K001,N09_M07_F10,900.0,15.0,0,N09_M07_F10_K001_5.mat,5.648173598529528e-05,0.0012706370235226446,5.195750907989196e-05,0.0006282780432924264,5.59289987702466e-05,0.0011262103619476454,5.0828803058917476e-05,0.0007117896238622903,4.673432866265951e-05,0.0006834303277356606,4.8287135842689216e-05,0.0012706370235226446
K001,N09_M07_F10,900.0,15.0,0,N09_M07_F10_K001_6.mat,5.352450096975731e-05,0.0012069845437915987,5.059089483291822e-05,0.00047845120180786525,5.686478390387307e-05,0.0008529420082762848,5.165917549208006e-05,0.0006458894127922099,4.649722346770036e-05,0.0006478068907867372,4.832213978947874e-05,0.0012069845437915987
K001,N09_M07_F10,900.0,15.0,0,N09_M07_F10_K001_7.mat,5.112722868437225e-05,0.001854875425969334,5.087914409639673e-05,0.0005928196009770869,5.63948815218276e-05,0.0010240958881689867,5.209353595948223e-05,0.0006788029536762409,4.7488536353768714e-05,0.0007869140416104603,4.850110463895767e-05,0.001854875425969334
K001,N09_M07_F10,900.0,15.0,0,N09_M07_F10_K001_8.mat,5.2923904451000125e-05,0.0011754669611856328,5.1115865780643745e-05,0.0006360769291189961,5.556549005647543e-05,0.001050063051260528,5.2810051508692586e-05,0.0008928733029242963,4.6587743732855724e-05,0.000703294712022291,4.846502938528354e-05,0.0011754669611856328
K001,N09_M07_F10,900.0,15.0,0,N09_M07_F10_K001_9.mat,5.5088746108779446e-05,0.0013048971182539023,5.117534544303515e-05,0.0005297431697123036,5.6962192665391895e-05,0.001072617019952728,5.203784619142034e-05,0.0008750663002053511,4.7763642909243614e-05,0.0006209942495795114,4.8924869838741686e-05,0.0013048971182539023
K001,N15_M01_F10,1500.0,25.0,0,N15_M01_F10_K001_1.mat,5.193120258175325e-05,0.0011827393984577923,6.120062996314173e-05,0.0013948272004568566,0.00010457699061903252,0.004056152412445604,8.573879995102659e-05,0.0029633539304416883,4.645830027933621e-05,0.0006438644433822505,5.7086222160822645e-05,0.004056152412445604
K001,N15_M01_F10,1500.0,25.0,0,N15_M01_F10_K001_10.mat,5.473024109303598e-05,0.0012708978932654187,6.36754838984998e-05,0.0009065525475030642,0.00010944412371025312,0.0027718107870262315,9.066135309868818e-05,0.0026272716982021216,4.9158534006342407e-05,0.0007807081830772742,6.02532948116782e-05,0.0027718107870262315
K001,N15_M01_F10,1500.0,25.0,0,N15_M01_F10_K001_11.mat,5.288476793861435e-05,0.0009311676930368844,6.18843826080916e-05,0.0012463332198327838,0.0001104744461226053,0.003851745412261682,9.302655033405329e-05,0.004011148870244094,4.6497697973582785e-05,0.000643374735491867,5.8709043708247027e-05,0.004011148870244094
K001,N15_M01_F10,1500.0,25.0,0,N15_M01_F10_K001_12.mat,5.666844312431137e-05,0.0014235856384933216,6.175897352537285e-05,0.0008431355862829464,0.00010661027576305521,0.003095702699231123,9.24387683718487e-05,0.003680743136116459,4.900407006621609e-05,0.0006309322753620625,6.02945811954743e-05,0.003680743136116459
K001,N15_M01_F10,1500.0,25.0,0,N15_M01_F10_K001_13.mat,5.1016053215217424e-05,0.0009148364331052618,5.9493195692218704e-05,0.0008999605721616238,0.0001070018912930004,0.00264639956283793,8.87481754213351e-05,0.003184587687720748,4.656459300266299e-05,0.000709063715501908,5.749579679590787e-05,0.003184587687720748
K001,N15_M01_F10,1500.0,25.0,0,N15_M01_F10_K001_14.mat,5.3537209644843754e-05,0.00085106960520346,6.207506835725251e-05,0.0009642102230977692,0.00010577403047492892,0.0026735757394290346,9.17649604507614e-05,0.003949506943071003,4.8849777476011617e-05,0.0007396510150516676,5.953161608473868e-05,0.003949506943071003
K001,N15_M01_F10,1500.0,25.0,0,N15_M01_F10_K001_15.mat,5.3224510607874786e-05,0.0012150792036906926,6.11532586560112e-05,0.0007431198918370097,0.00011496135218738757,0.00447556039291289,9.268836422291629e-05,0.0030725353140740167,4.6587608163630234e-05,0.0006306957583575124,5.898871632795004e-05,0.00447556039291289
K001,N15_M01_F10,1500.0,25.0,0,N15_M01_F10_K001_16.mat,5.3997225745420754e-05,0.0011517311692730047,6.158258401550228e-05,0.0010367005749742967,0.0001074821598836137,0.0036830913613063497,9.334707790120633e-05,0.004094924584562801,4.8453254692714474e-05,0.0005843673772305554,5.957135700105976e-05,0.004094924584562801
K001,N15_M01_F10,1500.0,25.0,0,N15_M01_F10_K001_17.mat,5.502661510183817e-05,0.001103550034246208,5.9600890529427576e-05,0.0006636635632909674,0.00010505555327250088,0.003508055655465344,9.055419182514297e-05,0.0028988012894463865,4.726301807109927e-05,0.0006227807056870929,5.8411983880959635e-05,0.003508055655465344
K001,N15_M01_F10,1500.0,25.0,0,N15_M01_F10_K001_18.mat,5.196792960126202e-05,0.0010956040273696582,5.917817946624302e-05,0.0007265347569753444,0.00010723685311319833,0.0028954173572457234,8.967398639469991e-05,0.0032243324387646773,4.609097735765681e-05,0.0007136446913835431,5.7359179402471615e-05,0.0032243324387646773
K001,N15_M01_F10,1500.0,25.0,0,N15_M01_F10_K001_19.mat,5.682731981441377e-05,0.0011518753993908749,6.191205692071196e-05,0.0009099725010180968,0.00010956123328393587,0.0032448011377289635,9.267487098288934e-05,0.0026642958214535867,4.922264823241131e-05,0.000581197750660728,6.077109933553213e-05,0.0032448011377289635
K001,N15_M01_F10,1500.0,25.0,0,N15_M01_F10_K001_2.mat,5.710110668842823e-05,0.0018751818744898409,6.351958146745046e-05,0.0008660011242561548,0.00010550159282930204,0.0064149083490809755,8.94321113161758e-05,0.002677648403467128,4.926739320441169e-05,0.0007950837861263,5.979756833929763e-05,0.0064149083490809755
K001,N15_M01_F10,1500.0,25.0,0,N15_M01_F10_K001_20.mat,5.444693392573766e-05,0.0009266976421463198,6.1009087030929635e-05,0.0008459054152324127,0.00010979150204217304,0.0032237650988346236,9.255635876478296e-05,0.0033081012947569575,4.967956814496094e-05,0.0006216246844665825,6.049724359868943e-05,0.0033081012947569575
K001,N15_M01_F10,1500.0,25.0,0,N15_M01_F10_K001_3.mat,5.756164042144893e-05,0.0013280995123063168,6.297667332516006e-05,0.0007773139653250823,0.00010525445307482587,0.0028497477115303183,9.143936642103281e-05,0.0034505032162517302,4.9102270873904184e-05,0.0008091781450465037,6.006969017716341e-05,0.0034505032162517302
K001,N15_M01_F10,1500.0,25.0,0,N15_M01_F10_K001_4.mat,5.202240038969598e-05,0.0013859597704466175,5.901985449378745e-05,0.0007249813713849406,0.00010642199599846602,0.0031826045196881145,8.735553369640668e-05,0.0034960439240229253,4.6363629053794395e-05,0.0006528542755542111,5.7065985504289e-05,0.0034960439240229253
K001,N15_M01_F10,1500.0,25.0,0,N15_M01_F10_K001_5.mat,5.1917684074583943e-05,0.0013865363997199148,5.97637388827486e-05,0.0010720868194467712,0.00010491226303862184,0.0038059426535617053,8.94128810795796e-05,0.004517916689533813,4.738024012221526e-05,0.0007153514231337325,5.7843534393105954e-05,0.004517916689533813
K001,N15_M01_F10,1500.0,25.0,0,N15_M01_F10_K001_6.mat,5.166755632346681e-05,0.0012044118794047438,5.938074196670196e-05,0.0009143823865589951,0.00010702544818885464,0.005566550186981738,8.810926765656009e-05,0.0032777514888072817,4.567117415515751e-05,0.0006549880595699451,5.6951081311272295e-05,0.005566550186981738
K001,N15_M01_F10,1500.0,25.0,0,N15_M01_F10_K001_7.mat,5.143087174604506e-05,0.0010100075975901055,6.137851457156923e-05,0.0008459607475223788,0.00010448566992860116,0.0025263473772498962,8.941064596258911e-05,0.0027725845384001142,4.7129943623614253e-05,0.0006978000856967801,5.788173843649714e-05,0.0027725845384001142
K001,N15_M01_F10,1500.0,25.0,0,N15_M01_F10_K001_8.mat,5.24963675859127e-05,0.000969834536871165,5.961233615079597e-05,0.0009053970093077684,0.0001059377172381575,0.0035597696147092375,8.830417328700016e-05,0.0028056979361284966,4.631613473240559e-05,0.0008701279367544756,5.7291409658097935e-05,0.0035597696147092375
K001,N15_M01_F10,1500.0,25.0,0,N15_M01_F10_K001_9.mat,5.0610864306218594e-05,0.0011809498369499685,5.766243075261966e-05,0.0007507388054605574,0.00010595758411186447,0.0033777125238807024,8.806912977143486e-05,0.0052411829086538,4.58127482751539e-05,0.0006530142756116686,5.6491599804643567e-05,0.0052411829086538
K001,N15_M07_F04,1500.0,25.0,0,N15_M07_F04_K001_1.mat,5.6123908995907514e-05,0.0011049853991615928,7.628315889192678e-05,0.001649558440369843,0.0001017317228265597,0.002849075198659722,7.086803585332634e-05,0.001248175306608723,5.068381554059963e-05,0.0006441970575503554,5.839531250174669e-05,0.002849075198659722
K001,N15_M07_F04,1500.0,25.0,0,N15_M07_F04_K001_10.mat,5.726243710002515e-05,0.0013347120032283796,7.596498043144876e-05,0.0012564917169597984,0.00010148005207769549,0.0027930467653260074,7.185776246265992e-05,0.0015708669797593392,5.1067430878815894e-05,0.0006475440031603818,5.893507165807385e-05,0.0027930467653260074
K001,N15_M07_F04,1500.0,25.0,0,N15_M07_F04_K001_11.mat,5.873400695429222e-05,0.0010212573364475675,7.607479246874302e-05,0.0012360842109902996,0.00010590231941616571,0.003925829321301342,7.04345660873217e-05,0.0018909300241972832,4.9957849112701195e-05,0.0005941429989081408,5.8512459924864996e-05,0.003925829321301342
K001,N15_M07_F04,1500.0,25.0,0,N15_M07_F04_K001_12.mat,5.502926112457384e-05,0.0009186809930758765,7.32766636915226e-05,0.0017063967196514363,9.923193455349333e-05,0.0027791878173258687,6.861491377295893e-05,0.0012298834869478525,4.633564937453006e-05,0.000619555165622313,5.537615456636207e-05,0.0027791878173258687
K001,N15_M07_F04,1500.0,25.0,0,N15_M07_F04_K001_13.mat,5.421287933996793e-05,0.001398071647414486,7.486197675160283e-05,0.001583802011113081,9.885738295892997e-05,0.00281574423147564,6.891236995708213e-05,0.0013795021138450173,4.7528957671031584e-05,0.0007865054919405034,5.6055525908362667e-05,0.00281574423147564
K001,N15_M07_F04,1500.0,25.0,0,N15_M07_F04_K001_14.mat,5.420840701883368e-05,0.0012048627064087842,7.275814189311818e-05,0.001506266162468792,9.877248150092836e-05,0.002897226280703185,6.769009916712767e-05,0.001616180055942998,4.733587177930497e-05,0.000647939713086663,5.5193329475266194e-05,0.002897226280703185
K001,N15_M07_F04,1500.0,25.0,0,N15_M07_F04_K001_15.mat,5.8085351146321774e-05,0.001173538036548406,7.875636301139638e-05,0.001846101912294901,0.00010341412829586541,0.003671516706097058,7.255961539343682e-05,0.0014232671205996715,5.0999171615168776e-05,0.0006063274520521954,5.961007943742594e-05,0.003671516706097058
K001,N15_M07_F04,1500.0,25.0,0,N15_M07_F04_K001_16.mat,5.6530356544583845e-05,0.0009871872198735456,7.16414967190527e-05,0.0014124636592198652,9.966785227430056e-05,0.0030328042573615336,6.739614695295679e-05,0.0014936066890796236,4.800476362572111e-05,0.0006103752430581932,5.549860089811602e-05,0.0030328042573615336
K001,N15_M07_F04,1500.0,25.0,0,N15_M07_F04_K001_17.mat,5.6960363738407046e-05,0.001798963848369654,7.132130501911118e-05,0.0013311849172407868,0.00010116559188301325,0.0027860614912220342,6.689387565019603e-05,0.0014102872418014114,4.6040396814639544e-05,0.00069229227706795,5.452524967508324e-05,0.0027860614912220342
K001,N15_M07_F04,1500.0,25.0,0,N15_M07_F04_K001_18.mat,5.985344397543258e-05,0.0011138143285838273,7.594947135055269e-05,0.0012793574196674669,0.00010266876202397899,0.0025947439814036307,7.061818030986924e-05,0.0016536296757749189,4.980826133980394e-05,0.0006768887842817772,5.826874380808197e-05,0.0025947439814036307
K001,N15_M07_F04,1500.0,25.0,0,N15_M07_F04_K001_19.mat,5.506335827323238e-05,0.0008887613062074204,7.538459183276136e-05,0.0013636631604894897,0.00010436753447614571,0.003553407296880393,6.971403749277706e-05,0.0020726210814909374,4.973944916390668e-05,0.0007784050097102428,5.758677614580098e-05,0.003553407296880393
K001,N15_M07_F04,1500.0,25.0,0,N15_M07_F04_K001_2.mat,5.329155816871634e-05,0.0014829425483345532,7.380019835065494e-05,0.0014993676757599507,9.748720988039025e-05,0.002166283020897994,6.835661856893625e-05,0.0014034396359087075,4.7161898888465104e-05,0.000605731293015001,5.51194368721967e-05,0.002166283020897994
K001,N15_M07_F04,1500.0,25.0,0,N15_M07_F04_K001_20.mat,5.455643527453842e-05,0.0009992522276200278,7.511930754420379e-05,0.0018848836907350338,0.00010271075111952972,0.004424855316702658,6.687298154412023e-05,0.0014839404812207985,4.6418735826831116e-05,0.0006298157306663037,5.5131347457079226e-05,0.004424855316702658
K001,N15_M07_F04,1500.0,25.0,0,N15_M07_F04_K001_3.mat,5.753422964033723e-05,0.0013239996427201024,7.592791391392196e-05,0.0015010064988397985,0.00010057992707327885,0.003314109674198517,7.044140523819344e-05,0.002024931266924613,4.961627050689586e-05,0.0006843541678496726,5.781468910216565e-05,0.003314109674198517
K001,N15_M07_F04,1500.0,25.0,0,N15_M07_F04_K001_4.mat,5.826029864771975e-05,0.0011412672707218669,7.523680608499512e-05,0.0012507382188301195,0.00010414347203162258,0.003414094305634086,6.916872994418261e-05,0.0013681988595588646,4.928078802428289e-05,0.0006560343151446989,5.7678697336849396e-05,0.003414094305634086
K001,N15_M07_F04,1500.0,25.0,0,N15_M07_F04_K001_5.mat,5.618806375638783e-05,0.0015088689398590832,7.4557444550132e-05,0.0015771443644241145,0.00010188900594210129,0.0031462223202389458,6.80992353889504e-05,0.00157041723413351,4.833816329829022e-05,0.0006796067305325688,5.649711071637621e-05,0.0031462223202389458
K001,N15_M07_F04,1500.0,25.0,0,N15_M07_F04_K001_6.mat,5.6259578167295274e-05,0.0008989176756422312,7.334040661192829e-05,0.00136591177465092,0.0001033112317644126,0.002696139091944706,7.103739872269924e-05,0.001455421474768271,4.894954802394041e-05,0.0008239201905901802,5.7700896701510956e-05,0.002696139091944706
K001,N15_M07_F04,1500.0,25.0,0,N15_M07_F04_K001_7.mat,6.114875829122456e-05,0.0013395566126610632,7.741821233128395e-05,0.001608219843378531,0.000106152001243634,0.0030177953128867016,7.159259854681194e-05,0.0013983745897904142,5.146497695327481e-05,0.0006613224228946243,5.9846451614871485e-05,0.0030177953128867016
K001,N15_M07_F04,1500.0,25.0,0,N15_M07_F04_K001_8.mat,5.5546688534051334e-05,0.0010647986217314316,7.525607367767338e-05,0.0017964904007197362,0.00010244768038901023,0.003205648533861287,6.97754389222954e-05,0.0018017600642189328,4.8330692655515355e-05,0.0006567534479778438,5.708993806573026e-05,0.003205648533861287
K001,N15_M07_F04,1500.0,25.0,0,N15_M07_F04_K001_9.mat,5.3073977320039647e-05,0.001299889605003603,7.289621017880309e-05,0.0018098166041268968,0.00010288039377098471,0.0050554004206705,6.782297216832748e-05,0.0015730550108175418,4.7024544069763345e-05,0.0005888629905433266,5.531744615682223e-05,0.0050554004206705
K001,N15_M07_F10,1500.0,25.0,0,N15_M07_F10_K001_1.mat,5.664977913495733e-05,0.00110605902035493,6.156491898038372e-05,0.0009724028703075937,0.0001097545921540033,0.002765250640521291,9.27573594379975e-05,0.003655975377868731,4.908482513305374e-05,0.0006227811031723718,6.014450285996197e-05,0.003655975377868731
K001,N15_M07_F10,1500.0,25.0,0,N15_M07_F10_K001_10.mat,5.6901666426340025e-05,0.001189137955368164,6.414481393367148e-05,0.0009004809273803147,0.00011071116018546213,0.00415970300611575,9.428150514154705e-05,0.0032260276920465596,4.97497320378588e-05,0.0007060409767573532,6.111021367540562e-05,0.00415970300611575
K001,N15_M07_F10,1500.0,25.0,0,N15_M07_F10_K001_11.mat,5.709697061761196e-05,0.0013677782764560812,6.19740488326102e-05,0.0007774112409536402,0.00010512023815064798,0.0024948894483227133,9.43806820208127e-05,0.0029547894467475324,4.918981952883759e-05,0.0006890461333890298,6.056117670114964e-05,0.0029547894467475324
K001,N15_M07_F10,1500.0,25.0,0,N15_M07_F10_K001_12.mat,5.327541891533499e-05,0.0014281941557157955,5.947013501503402e-05,0.0008353433213673955,0.00010569975134628878,0.004798467570969456,8.876217236421353e-05,0.002410150580553137,4.61319208943307e-05,0.0006525097174813596,5.701174821956521e-05,0.004798467570969456
K001,N15_M07_F10,1500.0,25.0,0,N15_M07_F10_K001_13.mat,5.466292830278431e-05,0.0011507756394814686,6.108755530860058e-05,0.0008337283950548304,0.0001100690218486759,0.0033501394559068472,9.337684335838083e-05,0.003808395145582453,4.793220463043462e-05,0.0007825196753982342,5.9597547355369293e-05,0.003808395145582453
K001,N15_M07_F10,1500.0,25.0,0,N15_M07_F10_K001_14.mat,5.588389864947794e-05,0.0014251771970292659,5.9093556651817256e-05,0.0008242031391117028,0.00010484892109789592,0.0030441533631937402,9.290416524372939e-05,0.004157812909336818,4.687104390530747e-05,0.0005891740383210284,5.8887457350382745e-05,0.004157812909336818
K001,N15_M07_F10,1500.0,25.0,0,N15_M07_F10_K001_15.mat,5.706996538927934e-05,0.0016287944645224548,6.195821606965439e-05,0.0008652162321567906,0.00010822965491320138,0.00252085957063614,9.266415151045767e-05,0.0026677598802555044,4.929853097949228e-05,0.0006256616269218793,6.0424543311170985e-05,0.0026677598802555044
K001,N15_M07_F10,1500.0,25.0,0,N15_M07_F10_K001_16.mat,5.463839460124435e-05,0.0012413328184083965,5.937121797062416e-05,0.0006959105485413682,0.00010925686441972526,0.0051382214254907755,9.204709365977711e-05,0.003667546369418432,4.6924707564516655e-05,0.0006648793390404165,5.8615182325321684e-05,0.0051382214254907755
K001,N15_M07_F10,1500.0,25.0,0,N15_M07_F10_K001_17.mat,5.289667512288754e-05,0.0013417344948776953,6.097862029366623e-05,0.0010755778237848267,0.0001101796448066888,0.0030905188420445534,9.313788421170688e-05,0.00517609644047661,4.6087204912605616e-05,0.0006414713400422245,5.815648112186289e-05,0.00517609644047661
K001,N15_M07_F10,1500.0,25.0,0,N15_M07_F10_K001_18.mat,5.518639917753617e-05,0.0012126301002000498,6.002831020714911e-05,0.0008747222356382522,0.00010527059426247702,0.0029869280906169053,9.095337964864772e-05,0.003138828630196265,4.7449415533584815e-05,0.0007457614426958898,5.875689314809472e-05,0.003138828630196265
K001,N15_M07_F10,1500.0,25.0,0,N15_M07_F10_K001_19.mat,5.571332925519844e-05,0.0015849795446516112,6.291084074195256e-05,0.0007035638556292574,0.00010937024432465955,0.0031827685014260195,9.222779941223287e-05,0.0023312741682113007,4.762266860275498e-05,0.000712630569921273,5.967050962043752e-05,0.0031827685014260195
K001,N15_M07_F10,1500.0,25.0,0,N15_M07_F10_K001_2.mat,5.460233181269119e-05,0.0014601373066858065,5.9701950925962264e-05,0.0008137486573154291,0.00010817686586510381,0.003070602578994622,8.900585371255722e-05,0.0025714865419285437,4.510896104300172e-05,0.0006498441226207905,5.7046242815008344e-05,0.003070602578994622
K001,N15_M07_F10,1500.0,25.0,0,N15_M07_F10_K001_20.mat,5.677705982980576e-05,0.0015057768328573234,5.9757000922803416e-05,0.001201817571524248,0.0001094236474150612,0.0034712605695420224,9.40916948904353e-05,0.0025434594963573377,4.763968209173876e-05,0.0006762397956040552,5.971358839041726e-05,0.0034712605695420224
K001,N15_M07_F10,1500.0,25.0,0,N15_M07_F10_K001_3.mat,5.394903101426861e-05,0.0016329447157982428,5.932112151872331e-05,0.0008394592833563243,0.00011304104671588687,0.004834020425366044,9.206736811077913e-05,0.0032867188420545347,4.661342926992285e-05,0.0005728340812984062,5.874774224350858e-05,0.004834020425366044
K001,N15_M07_F10,1500.0,25.0,0,N15_M07_F10_K001_4.mat,5.542208017157593e-05,0.001381166667117041,6.075460789130351e-05,0.0014457998894682191,0.00011458372346182239,0.003963941462485296,9.090457419476751e-05,0.002918220378301708,4.560045183927546e-05,0.000632609392903162,5.800842795444495e-05,0.003963941462485296
K001,N15_M07_F10,1500.0,25.0,0,N15_M07_F10_K001_5.mat,5.3709457948104056e-05,0.0012874672426377554,5.819556934383785e-05,0.00105374564151314,0.00010397722299300101,0.002854960604813709,8.953164065782888e-05,0.0037908653451502183,4.550273851771268e-05,0.0005414608828213795,5.6865734674100044e-05,0.0037908653451502183
K001,N15_M07_F10,1500.0,25.0,0,N15_M07_F10_K001_6.mat,5.827158405196596e-05,0.0013816149776764196,6.264146956561188e-05,0.0006749309435508375,0.00010506768660866947,0.0028532211436270963,9.167338914345321e-05,0.0029644458485897276,4.9040694366277785e-05,0.0006121131042663869,6.02741723632057e-05,0.0029644458485897276
K001,N15_M07_F10,1500.0,25.0,0,N15_M07_F10_K001_7.mat,5.5833385612919016e-05,0.001319523526499654,6.452977762597021e-05,0.0008386960982279156,0.00010892490261666766,0.0026705167197766154,9.470706832876365e-05,0.003188078770582386,4.905163579447167e-05,0.0006943134761848767,6.099657237101366e-05,0.003188078770582386
K001,N15_M07_F10,1500.0,25.0,0,N15_M07_F10_K001_8.mat,5.2248669225043314e-05,0.0010616803339663196,5.910111301952655e-05,0.0008228278558041991,0.0001037128500431373,0.003754963153691191,8.694833915233117e-05,0.003056406825351577,4.416919894472735e-05,0.0006718848831787237,5.562792173278889e-05,0.003754963153691191
K001,N15_M07_F10,1500.0,25.0,0,N15_M07_F10_K001_9.mat,5.6941949893853336e-05,0.0014245445439343412,6.365144002447826e-05,0.0008080746371299912,0.0001076049786046505,0.0029136596160986264,9.349970208033218e-05,0.0032735315190233726,4.886204373261119e-05,0.0006914929254599672,6.066498949052193e-05,0.0032735315190233726
K002,N09_M07_F10,900.0,15.0,0,N09_M07_F10_K002_1.mat,1.4217716825093623e-05,0.00032550966682227115,1.5773696079280028e-05,0.0003559574163225746,1.2272663271136055e-05,0.00018005281758124288,1.389994529160862e-05,0.0005835836088912732,1.0698364860478271e-05,0.00017606511240138647,1.1625470206916466e-05,0.0005835836088912732
K002,N09_M07_F10,900.0,15.0,0,N09_M07_F10_K002_10.mat,1.317421126825182e-05,0.00038088443050660336,1.4472412376896836e-05,0.00028907524214790196,1.2127471848468354e-05,0.0002695929198857019,1.423250215848803e-05,0.0004237100917879571,1.0392364750489904e-05,0.0002212918401122065,1.1302315710900182e-05,0.0004237100917879571
K002,N09_M07_F10,900.0,15.0,0,N09_M07_F10_K002_11.mat,1.4756951074843955e-05,0.0003519618807062122,1.4723348944350045e-05,0.0003397751476463497,1.2543785239639825e-05,0.0002550540315940526,1.410303426090028e-05,0.00036755904089238176,1.0185761463614187e-05,0.00015530505402272356,1.1373465152494726e-05,0.00036755904089238176
K002,N09_M07_F10,900.0,15.0,0,N09_M07_F10_K002_12.mat,1.3112590544465787e-05,0.0006409750403756406,1.4805760937719265e-05,0.0004279087690669742,1.1753492224844125e-05,0.0001768259647874111,1.3375187955420946e-05,0.00031616065231598384,1.0507696893870026e-05,0.00018550186571314857,1.1106355601568303e-05,0.0006409750403756406
K002,N09_M07_F10,900.0,15.0,0,N09_M07_F10_K002_13.mat,1.3011516833347859e-05,0.0003228289909686317,1.4585575406509476e-05,0.00025086212591147994,1.2057802915377036e-05,0.00018548783075207653,1.3626616435131138e-05,0.0005510885044889296,1.0162808394781224e-05,0.0001876486057119029,1.1068592591670799e-05,0.0005510885044889296
K002,N09_M07_F10,900.0,15.0,0,N09_M07_F10_K002_14.mat,1.3391448236821362e-05,0.0003827630221231079,1.5176762692218302e-05,0.00034036980296511506,1.2674955492043264e-05,0.00020239747131083958,1.3775548095114294e-05,0.0004606733322415807,9.993736306691437e-06,0.00017050552955182353,1.1197254476082836e-05,0.0004606733322415807
K002,N09_M07_F10,900.0,15.0,0,N09_M07_F10_K002_15.mat,1.3589010739955842e-05,0.0002974766904894094,1.52651308316728e-05,0.0002632570720020443,1.1892638333926191e-05,0.00024658585092598734,1.3602485633215451e-05,0.0004963115593593285,1.074518987928504e-05,0.00017723253591542368,1.1360721643999087e-05,0.0004963115593593285
K002,N09_M07_F10,900.0,15.0,0,N09_M07_F10_K002_16.mat,1.3560075628556349e-05,0.0003182911755893498,1.5356007638374223e-05,0.00029047905412633423,1.2037595689745696e-05,0.0001978337236225149,1.365322481290169e-05,0.00039685996499771574,1.0112894715648887e-05,0.0001732151397750725,1.1200476319475798e-05,0.00039685996499771574
K002,N09_M07_F10,900.0,15.0,0,N09_M07_F10_K002_17.mat,1.3641397200663445e-05,0.00042211962728635544,1.4977612137227255e-05,0.00034353826805090277,1.2498956869522027e-05,0.0001718062521029876,1.3597583466680626e-05,0.0004702083295137305,9.971441057806658e-06,0.00015223605823878162,1.1123624266702349e-05,0.0004702083295137305
K002,N09_M07_F10,900.0,15.0,0,N09_M07_F10_K002_18.mat,1.3123770855347703e-05,0.00044511841065331196,1.564723544001662e-05,0.00035352270415209595,1.2078253779929602e-05,0.00015751611452168623,1.3965166702772643e-05,0.00039929820279956737,1.0474524289016088e-05,0.00019494315863658113,1.1419988842278575e-05,0.00044511841065331196
K002,N09_M07_F10,900.0,15.0,0,N09_M07_F10_K002_19.mat,1.3558322352816941e-05,0.00043980087683313985,1.4892939873261083e-05,0.0003026609546673106,1.2353139875301685e-05,0.00018239656886051005,1.3715071280704417e-05,0.00043676881452850853,9.795744389558476e-06,0.00018488424022676094,1.103677879635423e-05,0.00043980087683313985
K002,N09_M07_F10,900.0,15.0,0,N09_M07_F10_K002_2.mat,1.3927218219936796e-05,0.00040340949766442267,1.4244347566646887e-05,0.0004163665027442122,1.3761314580031714e-05,0.00024691865807178776,1.4370543835534893e-05,0.0004996853486652338,1.0242274731769018e-05,0.00016497523523886198,1.1355310474458887e-05,0.0004996853486652338
K002,N09_M07_F10,900.0,15.0,0,N09_M07_F10_K002_20.mat,1.3227655998434144e-05,0.00038345664791846645,1.430795528945518e-05,0.00023120915962393743,1.1604606277855112e-05,0.00019140311562163456,1.3662040785077161e-05,0.0005028320082481736,1.0079407353923464e-05,0.00019758132375587866,1.0973260824801943e-05,0.0005028320082481736
K002,N09_M07_F10,900.0,15.0,0,N09_M07_F10_K002_3.mat,1.3557667218550894e-05,0.0003065394464024774,1.4114736454112778e-05,0.0003396341327235793,1.2351905163822792e-05,0.00018174912533749688,1.4288324999944846e-05,0.00042876281710466975,1.0550430527118403e-05,0.00018064721779708886,1.1293013209678841e-05,0.00042876281710466975
K002,N09_M07_F10,900.0,15.0,0,N09_M07_F10_K002_4.mat,1.3336311048190532e-05,0.0003282613760156344,1.5199761034964713e-05,0.00025323016799594844,1.1851652631720852e-05,0.00018962397779657313,1.3544437825054765e-05,0.0003958592672152697,1.0440617782221313e-05,0.0001873270327569866,1.1207807683383055e-05,0.0003958592672152697
K002,N09_M07_F10,900.0,15.0,0,N09_M07_F10_K002_5.mat,1.35617769100256e-05,0.00033742227184656434,1.5581003142486524e-05,0.00033654272570863056,1.2142786716091913e-05,0.0002713503251933688,1.3444697546892887e-05,0.00036529050287211504,1.062431829463069e-05,0.0001821866583087394,1.1346201203066408e-05,0.00036529050287211504
K002,N09_M07_F10,900.0,15.0,0,N09_M07_F10_K002_6.mat,1.3630019676334118e-05,0.0003883316322665275,1.3895682431530351e-05,0.00026355815463051396,1.2555143217658308e-05,0.0002318999681013019,1.403495429544711e-05,0.0004246752221018723,1.0163122290497303e-05,0.00018952829491977578,1.1182952905744377e-05,0.0004246752221018723
K002,N09_M07_F10,900.0,15.0,0,N09_M07_F10_K002_7.mat,1.4409148980226598e-05,0.0004517592057032482,1.4990643022284786e-05,0.0003323335205472818,1.2169550655707115e-05,0.00020088739624846922,1.4181431541716304e-05,0.0004394341635446741,1.0371333395419305e-05,0.00017132708484284456,1.1443939570097459e-05,0.0004517592057032482
K002,N09_M07_F10,900.0,15.0,0,N09_M07_F10_K002_8.mat,1.4029866289812092e-05,0.0003941413332912839,1.4177286997661937e-05,0.00027502511663597554,1.2455960586202883e-05,0.00017327772727631518,1.3853514392222957e-05,0.00043594575452114763,1.03197851774589e-05,0.00017504352585108265,1.1225221182187334e-05,0.00043594575452114763
K002,N09_M07_F10,900.0,15.0,0,N09_M07_F10_K002_9.mat,1.3483067745417614e-05,0.00036128103673490535,1.4843865423207941e-05,0.000262696166241233,1.1919769852640042e-05,0.00016802960721405355,1.4158206628473867e-05,0.0005688187855572534,1.0194061789185979e-05,0.00017066335917258806,1.1322306197060634e-05,0.0005688187855572534
K002,N15_M01_F10,1500.0,25.0,0,N15_M01_F10_K002_1.mat,1.4955954329944639e-05,0.00034241064499183053,8.058320355288277e-05,0.0046870154041669075,4.21489449115686e-05,0.00200247597625184,3.676106841293627e-05,0.002716966172952389,9.834078162834113e-06,0.00016252384475325246,2.043755693898322e-05,0.0046870154041669075
K002,N15_M01_F10,1500.0,25.0,0,N15_M01_F10_K002_10.mat,1.642504254520948e-05,0.0005274993503169467,7.167985181428559e-05,0.003480838048841641,4.190158081402623e-05,0.0017163076052072257,3.3727440252661825e-05,0.002859243183830229,1.0230074458503635e-05,0.0002381367592095501,1.9689114425639158e-05,0.003480838048841641
K002,N15_M01_F10,1500.0,25.0,0,N15_M01_F10_K002_11.mat,1.622289392106696e-05,0.00029284988414646755,7.118846760111569e-05,0.004350559038871299,4.14890136518048e-05,0.0020272772845900027,3.3679077539846885e-05,0.002133417964727844,9.674017609149765e-06,0.00042136121533645877,1.9376968771234456e-05,0.004350559038871299
K002,N15_M01_F10,1500.0,25.0,0,N15_M01_F10_K002_12.mat,1.7232200719576807e-05,0.00037291257724030453,8.201380345729458e-05,0.0038302734390548566,4.511485716014897e-05,0.0025470619196492615,3.3547205522612596e-05,0.0019981311580773674,1.0716782665169642e-05,0.0002674199765896111,2.078734941174013e-05,0.0038302734390548566
K002,N15_M01_F10,1500.0,25.0,0,N15_M01_F10_K002_13.mat,1.6620284034354254e-05,0.000342343492903469,7.704273157657526e-05,0.00370709908459354,4.296517433688481e-05,0.0019503581032329642,3.1544121079905726e-05,0.002369378000385017,1.0483224641154593e-05,0.0002418047909992144,1.978715235150665e-05,0.00370709908459354
K002,N15_M01_F10,1500.0,25.0,0,N15_M01_F10_K002_14.mat,1.5827545983535207e-05,0.00037271931336554806,7.347158435639556e-05,0.0036825758191031542,4.619129887861298e-05,0.0029093461866132636,3.3447199336340064e-05,0.0020833848502060915,1.0248360068892726e-05,0.00020545192973726306,1.994931092674382e-05,0.0036825758191031542
K002,N15_M01_F10,1500.0,25.0,0,N15_M01_F10_K002_15.mat,1.6204245423313548e-05,0.0003339288816081828,8.253949678275739e-05,0.0033118123572812162,4.197477346746515e-05,0.0014858580495626646,3.292274634378319e-05,0.0023242180665374117,1.0087412911424082e-05,0.00023986314793245444,2.0210323162132963e-05,0.0033118123572812162
K002,N15_M01_F10,1500.0,25.0,0,N15_M01_F10_K002_16.mat,1.6200302009491638e-05,0.00030188146525805506,7.53325077685788e-05,0.0037445720681374235,4.9242413573660216e-05,0.002264905166254278,3.277630694156633e-05,0.002206191166776114,1.033509075558759e-05,0.00027247614873176205,2.018827238670062e-05,0.0037445720681374235
K002,N15_M01_F10,1500.0,25.0,0,N15_M01_F10_K002_17.mat,1.653556868873455e-05,0.0003916356299361138,7.766143925175552e-05,0.0033979033279861594,4.206702332924438e-05,0.0013579882709581954,3.325294563782897e-05,0.0024388827741007937,1.0729442266159737e-05,0.0002747535613269861,2.030218109886875e-05,0.0033979033279861594
K002,N15_M01_F10,1500.0,25.0,0,N15_M01_F10_K002_18.mat,1.6618048824842507e-05,0.00037035610690292826,8.467998277760984e-05,0.0033811517496012845,4.3058716562900216e-05,0.0013655861571354021,3.1403552857831744e-05,0.0015227262097903909,1.0728175298761165e-05,0.0002599675518578655,2.0469322724106458e-05,0.0033811517496012845
K002,N15_M01_F10,1500.0,25.0,0,N15_M01_F10_K002_19.mat,1.6445051305868953e-05,0.00047933024690753384,7.596238824465464e-05,0.003712639100769287,4.126590180656433e-05,0.0020172220775036436,3.236423950135893e-05,0.0022695485795792497,9.946213123331006e-06,0.0001782179450390532,1.9469838480492604e-05,0.003712639100769287
K002,N15_M01_F10,1500.0,25.0,0,N15_M01_F10_K002_2.mat,1.6700727515378672e-05,0.00032819942292094484,7.441803280132828e-05,0.003928094613516326,4.235067689281706e-05,0.0017951652901494796,3.0183745765111214e-05,0.0016326050165827923,1.0159000634025181e-05,0.0002445792790058648,1.9204107733947446e-05,0.003928094613516326
K002,N15_M01_F10,1500.0,25.0,0,N15_M01_F10_K002_20.mat,1.636712148771248e-05,0.00037228447566429687,7.552569811437191e-05,0.003466478417069189,4.415380149452942e-05,0.0015250469357649039,3.2749007582809876e-05,0.0025212933756942543,9.983676230042185e-06,0.0002295497226157925,1.9809036745691582e-05,0.003466478417069189
K002,N15_M01_F10,1500.0,25.0,0,N15_M01_F10_K002_3.mat,1.636407531678386e-05,0.0003771233226381909,7.43410871840568e-05,0.004277678301367929,4.243315496702108e-05,0.0022449548203967583,3.6687766231351246e-05,0.002769074815661441,1.0095414470656009e-05,0.00026375503314797857,2.0270309643194793e-05,0.004277678301367929
K002,N15_M01_F10,1500.0,25.0,0,N15_M01_F10_K002_4.mat,1.708303737151473e-05,0.00040213643754548366,7.664062457542592e-05,0.004191359670994709,4.151493094846243e-05,0.0017132247569576558,3.81932959494352e-05,0.00351107726025475,1.0767518981055385e-05,0.0002033625551482981,2.0926637586309374e-05,0.004191359670994709
K002,N15_M01_F10,1500.0,25.0,0,N15_M01_F10_K002_5.mat,1.7615325021816423e-05,0.0003434354445123176,7.867713673416592e-05,0.0042127042247592115,4.3179241494186296e-05,0.0027180667363845773,3.658745320143865e-05,0.0031350749782710517,1.0725769342837063e-05,0.0001915869368234961,2.1111601194645816e-05,0.0042127042247592115
K002,N15_M01_F10,1500.0,25.0,0,N15_M01_F10_K002_6.mat,1.7656467797787894e-05,0.00036638062605193536,7.843632535475366e-05,0.004223747312493421,4.251458365661575e-05,0.0015926372274661924,3.7468512859656105e-05,0.003381800626012186,1.0596885056802122e-05,0.00023953935896357,2.108711067865893e-05,0.004223747312493421
K002,N15_M01_F10,1500.0,25.0,0,N15_M01_F10_K002_7.mat,1.6185759745972465e-05,0.0003661132321225961,7.589543829612278e-05,0.003977963587139657,4.366190349261208e-05,0.002019914696737719,3.33292202550239e-05,0.0019722251911839634,1.0572751181858618e-05,0.00021074391727220085,2.0239767157750432e-05,0.003977963587139657
K002,N15_M01_F10,1500.0,25.0,0,N15_M01_F10_K002_8.mat,1.71392200192007e-05,0.0005132176208542668,7.719476957678265e-05,0.0037855343151914763,4.203770322302597e-05,0.0014193829294979502,3.216655569819158e-05,0.0019518795222932383,1.0480552564925846e-05,0.0002411190765037126,1.9997200021245313e-05,0.0037855343151914763
K002,N15_M01_F10,1500.0,25.0,0,N15_M01_F10_K002_9.mat,1.5675478151598876e-05,0.000364829535273466,7.492831422057581e-05,0.003958436378787519,4.228762448740618e-05,0.0022271903203787903,3.292880214376795e-05,0.0023088427102795385,1.0051028919622826e-05,0.00016903565168866367,1.953656016069905e-05,0.003958436378787519
K002,N15_M07_F04,1500.0,25.0,0,N15_M07_F04_K002_1.mat,1.355017792221065e-05,0.00030897906558257124,6.576723377880192e-05,0.0028579153076186917,4.284564821780447e-05,0.0016883962901729313,2.127180404378313e-05,0.0009632288647640341,9.867163607865317e-06,0.00021753896941194764,1.7026995247416363e-05,0.0028579153076186917
K002,N15_M07_F04,1500.0,25.0,0,N15_M07_F04_K002_10.mat,1.4647795455071321e-05,0.0005274845036674792,6.786399147146004e-05,0.0028296349869879173,5.1735393627381136e-05,0.002260303716798159,2.216488620244407e-05,0.0006855544002737332,1.0410133976112733e-05,0.00016172234581655478,1.8397414011210782e-05,0.0028296349869879173
K002,N15_M07_F04,1500.0,25.0,0,N15_M07_F04_K002_11.mat,1.3889296494033777e-05,0.00043800411143181617,6.557695692695696e-05,0.002802787156404605,4.3376497344831117e-05,0.0018660668873221448,2.1281213767490158e-05,0.0006537123819301397,1.0383036154312495e-05,0.00018430308480284796,1.748720361372356e-05,0.002802787156404605
K002,N15_M07_F04,1500.0,25.0,0,N15_M07_F04_K002_12.mat,1.3536354853645436e-05,0.0004757824542177317,6.248460492626456e-05,0.0027444459743409173,4.168700523137913e-05,0.0018055593281431487,2.0861095940804613e-05,0.0010649913764888231,9.927333586857664e-06,0.00016519594253292707,1.6732478036326627e-05,0.0027444459743409173
K002,N15_M07_F04,1500.0,25.0,0,N15_M07_F04_K002_13.mat,1.4359441457638116e-05,0.0004471210382349165,6.371942166479137e-05,0.0028483841148802405,4.43948531444632e-05,0.0013811859910660912,2.073116344984442e-05,0.0007556331156382915,9.801615194928252e-06,0.00016028046765857411,1.7072028791764517e-05,0.0028483841148802405
K002,N15_M07_F04,1500.0,25.0,0,N15_M07_F04_K002_14.mat,1.3567908566966788e-05,0.00047119108006850004,6.1976449037689e-05,0.002776570935451649,4.348844592857066e-05,0.001755637486135201,2.1700948181677727e-05,0.0006460279973172261,1.0390783423744633e-05,0.00014597476433216984,1.7357514461004823e-05,0.002776570935451649
K002,N15_M07_F04,1500.0,25.0,0,N15_M07_F04_K002_15.mat,1.424133884072183e-05,0.0005447803888816305,6.750813327704918e-05,0.0027372021389767327,4.2390990621263105e-05,0.002012685133939421,2.0738575798409068e-05,0.0006475313056276317,1.0232967411154377e-05,0.00015232843578065507,1.7386448492938953e-05,0.0027372021389767327
K002,N15_M07_F04,1500.0,25.0,0,N15_M07_F04_K002_16.mat,1.4466057770133448e-05,0.0005189998757013124,6.565116691249667e-05,0.0031285866789385166,4.4489817620977474e-05,0.0016064649294243892,2.1045393835698912e-05,0.0009215029767898602,9.94028484583483e-06,0.00024869861436412896,1.7286838541111744e-05,0.0031285866789385166
K002,N15_M07_F04,1500.0,25.0,0,N15_M07_F04_K002_17.mat,1.425961204840657e-05,0.0004983031017825566,6.33603146127352e-05,0.002830605073122184,4.3411748697406665e-05,0.0013185578140791604,2.125254073063469e-05,0.0006531159818685915,9.899637302354247e-06,0.00015743980884122517,1.7124166505636194e-05,0.002830605073122184
K002,N15_M07_F04,1500.0,25.0,0,N15_M07_F04_K002_18.mat,1.4720855749755896e-05,0.00047053545746912346,6.36070995020936e-05,0.002966238125324616,4.3213159461012944e-05,0.0012176330285440173,2.1579232561532167e-05,0.0011856659646247404,1.0502075344344272e-05,0.0001728171399827729,1.7531000826124117e-05,0.002966238125324616
K002,N15_M07_F04,1500.0,25.0,0,N15_M07_F04_K002_19.mat,1.298680810266306e-05,0.0005132466990751292,6.059118732350644e-05,0.002759617291537194,4.2023967913204414e-05,0.0013454194899296657,2.1222603568143965e-05,0.0009522350880555418,9.724567216402074e-06,0.0001752430824075473,1.6645851982740516e-05,0.002759617291537194
K002,N15_M07_F04,1500.0,25.0,0,N15_M07_F04_K002_2.mat,1.545477941930902e-05,0.0005931589937058049,6.27622223524826e-05,0.003189676343093018,4.287449620340824e-05,0.001323032358669773,2.120858213128406e-05,0.0007617486962697238,1.0668840459210736e-05,0.00014266032433111808,1.7490902694256994e-05,0.003189676343093018
K002,N15_M07_F04,1500.0,25.0,0,N15_M07_F04_K002_20.mat,1.4804227057773553e-05,0.0004348085439978184,6.407475435479237e-05,0.0030787655607395423,4.619497401898219e-05,0.002306620057167822,2.12895938643466e-05,0.000768468029718554,1.0423753955853882e-05,0.00016067801719883557,1.769412718901728e-05,0.0030787655607395423
K002,N15_M07_F04,1500.0,25.0,0,N15_M07_F04_K002_3.mat,1.3510672288400657e-05,0.0004877571783845479,6.771750690116507e-05,0.0031654959255576942,5.022483437335261e-05,0.0023493526202159683,2.1446969316548215e-05,0.0007062192971758205,1.0245092982656037e-05,0.00017136386925607847,1.8000148113715507e-05,0.0031654959255576942
K002,N15_M07_F04,1500.0,25.0,0,N15_M07_F04_K002_4.mat,1.390994573969389e-05,0.0004196889622469117,6.537962902519838e-05,0.003244762383067767,5.003130838666051e-05,0.002832248479293234,2.1414490912701666e-05,0.0007298895405942893,1.0161204782948201e-05,0.00019833188436277628,1.7772050135703334e-05,0.003244762383067767
K002,N15_M07_F04,1500.0,25.0,0,N15_M07_F04_K002_5.mat,1.3869047868037839e-05,0.0003909279492376831,6.755985877216396e-05,0.0028007297690927414,4.129555600655452e-05,0.0016707671427511458,2.1106949476896395e-05,0.0008598142314219005,9.601016372297208e-06,0.00015691010435925376,1.7065806946086303e-05,0.0028007297690927414
K002,N15_M07_F04,1500.0,25.0,0,N15_M07_F04_K002_6.mat,1.4056013310356495e-05,0.0005047178508690971,6.330909386761714e-05,0.002914346384914929,4.060109782031834e-05,0.0019033729092246658,2.1441944650903738e-05,0.0007553443074659336,1.0121588695087671e-05,0.00015628258020709625,1.7031173072786137e-05,0.002914346384914929
K002,N15_M07_F04,1500.0,25.0,0,N15_M07_F04_K002_7.mat,1.3922389890998076e-05,0.00047850520141032597,6.782661207224256e-05,0.0029336683301039476,4.289390966811529e-05,0.0016492448290316888,2.099856468601281e-05,0.000669461695006301,1.0481990671112686e-05,0.0002340595959536946,1.7417922505829433e-05,0.0029336683301039476
K002,N15_M07_F04,1500.0,25.0,0,N15_M07_F04_K002_8.mat,1.3710977523382666e-05,0.0004837695499322569,6.481190569954176e-05,0.0026443104903819178,4.279784831617705e-05,0.0016040279190410777,2.1228018007753014e-05,0.0007386739862300847,1.0114131668880043e-05,0.00015237527816587434,1.728280633189768e-05,0.0026443104903819178
K002,N15_M07_F04,1500.0,25.0,0,N15_M07_F04_K002_9.mat,1.475791621602703e-05,0.0004515369823498259,6.449339579938526e-05,0.002909055512320712,4.289370576372771e-05,0.001990596485536439,2.0657756917449937e-05,0.0006757148435146838,9.469645935278074e-06,0.00019471323682794368,1.6859144700302395e-05,0.002909055512320712
K002,N15_M07_F10,1500.0,25.0,0,N15_M07_F10_K002_1.mat,1.4697741798416604e-05,0.00037411267495967513,8.091707259924827e-05,0.0036382094026544583,4.160091513226472e-05,0.0016230056977961469,2.7082915689590748e-05,0.0013097895768043408,9.739771240025886e-06,0.00014566982902445416,1.8941135648405564e-05,0.0036382094026544583
K002,N15_M07_F10,1500.0,25.0,0,N15_M07_F10_K002_10.mat,1.637388264435132e-05,0.0004587214373848188,7.158835410412184e-05,0.0033156494175909266,4.302444937541503e-05,0.001401528141509854,2.903630584308021e-05,0.0024752762396615864,1.078172182639984e-05,0.00017511289249006127,1.933681628253209e-05,0.0033156494175909266
K002,N15_M07_F10,1500.0,25.0,0,N15_M07_F10_K002_11.mat,1.548343555997475e-05,0.00045434980203554274,7.753288900528593e-05,0.0038785175521731355,4.191249506900729e-05,0.0017241262532491288,2.8269049905810065e-05,0.002408872748903705,1.0247984911114963e-05,0.0002493884893358305,1.91961123139271e-05,0.0038785175521731355
K002,N15_M07_F10,1500.0,25.0,0,N15_M07_F10_K002_12.mat,1.5853479148292893e-05,0.00035795201923455213,8.117420216996917e-05,0.0036605769937564647,4.326536720162138e-05,0.0017192446155681993,3.001853696835483e-05,0.0017304385510023327,1.0644493571580496e-05,0.0002441330752868684,2.0183541267428098e-05,0.0036605769937564647
K002,N15_M07_F10,1500.0,25.0,0,N15_M07_F10_K002_13.mat,1.5622563037701122e-05,0.00034086031118140254,8.044075857064122e-05,0.0037865272919758992,4.199435319577243e-05,0.001415018468159592,2.9040477956072655e-05,0.0014612557342112416,1.0528447484503423e-05,0.00015374567074899337,1.9613036049636648e-05,0.0037865272919758992
K002,N15_M07_F10,1500.0,25.0,0,N15_M07_F10_K002_14.mat,1.5223861661358412e-05,0.0003680829071750237,8.252112553798375e-05,0.004815895418852764,4.141823569689558e-05,0.0013769194971113596,2.791088045971053e-05,0.0016077937373625809,1.003790088457389e-05,0.00014508502594863374,1.9240729352118707e-05,0.004815895418852764
K002,N15_M07_F10,1500.0,25.0,0,N15_M07_F10_K002_15.mat,1.5439246700996334e-05,0.00033487666332239247,8.892979773766e-05,0.0038723245424141122,4.308851436345314e-05,0.001974642175793175,2.8444586744349996e-05,0.0015221603241390323,9.826419467444278e-06,0.0001691931175938805,1.9665227491176266e-05,0.0038723245424141122
K002,N15_M07_F10,1500.0,25.0,0,N15_M07_F10_K002_16.mat,1.5312459621676227e-05,0.00035571193413704184,8.161625627866791e-05,0.0036322539007758365,4.202083398533355e-05,0.001667765567292751,2.8734981205306546e-05,0.0015663572083871302,1.0178543031093872e-05,0.0001905927936554993,1.946002023176341e-05,0.0036322539007758365
K002,N15_M07_F10,1500.0,25.0,0,N15_M07_F10_K002_17.mat,1.5156924703572821e-05,0.0003130273968658546,7.040677639194079e-05,0.0032195632934320377,4.0236144615212945e-05,0.0012916743017492432,2.7958795232655594e-05,0.0023390908828823096,9.66816294772313e-06,0.000211939323267275,1.8259214060486638e-05,0.0032195632934320377
K002,N15_M07_F10,1500.0,25.0,0,N15_M07_F10_K002_18.mat,1.543949526936121e-05,0.0004476654370301059,8.408298724636281e-05,0.003818036760803217,4.424996978624338e-05,0.0017759402978198516,2.9257758421389145e-05,0.0017548939731162447,1.049773879537779e-05,0.00019657880606868406,1.9968062293789728e-05,0.003818036760803217
K002,N15_M07_F10,1500.0,25.0,0,N15_M07_F10_K002_19.mat,1.5625978201411352e-05,0.0004734648097541548,8.027206453079917e-05,0.0036526417126400332,4.1955179637469885e-05,0.0015317372123481272,2.8954485949462806e-05,0.0027223613958699544,1.0352397701885018e-05,0.00022565207824513594,1.9576157465440095e-05,0.0036526417126400332
K002,N15_M07_F10,1500.0,25.0,0,N15_M07_F10_K002_2.mat,1.5231933835372916e-05,0.00039925603377428373,7.655131273967269e-05,0.003719485178409404,4.3870032200440026e-05,0.0025029867335352573,2.8091470317126647e-05,0.002174599955564135,1.0069824768472465e-05,0.00020706605502250836,1.9142660974186212e-05,0.003719485178409404
K002,N15_M07_F10,1500.0,25.0,0,N15_M07_F10_K002_20.mat,1.5681087437794755e-05,0.0003979291540238935,6.972871101058959e-05,0.0032182004407410474,4.077142697002564e-05,0.0018070951162184282,2.85325768117591e-05,0.0013928889128738537,1.0867270416836284e-05,0.00020682809556171446,1.8985086594902437e-05,0.0032182004407410474
K002,N15_M07_F10,1500.0,25.0,0,N15_M07_F10_K002_3.mat,1.6347423142863685e-05,0.0004051466480738263,7.759485986893147e-05,0.003614388858923043,4.269530873540638e-05,0.0019041571546523127,2.8303333112862133e-05,0.0014710914166551987,1.0002270714677348e-05,0.00024239415197238037,1.9144996975158308e-05,0.003614388858923043
K002,N15_M07_F10,1500.0,25.0,0,N15_M07_F10_K002_4.mat,1.5388661165716745e-05,0.0003672442171315152,7.647761367664137e-05,0.004219585065776175,4.0071833626006864e-05,0.0017002613565768405,2.737904859826519e-05,0.0015082569360714286,9.638663874504753e-06,0.00014101873838247801,1.8528595777115152e-05,0.004219585065776175
K002,N15_M07_F10,1500.0,25.0,0,N15_M07_F10_K002_5.mat,1.4801300549724718e-05,0.0004662219672204426,8.257553630322408e-05,0.003562009789650327,4.1560277509185345e-05,0.002281295633538004,2.7564934800614963e-05,0.0017642915239465475,1.0056776015002001e-05,0.0001818100824148988,1.9085521357760404e-05,0.003562009789650327
K002,N15_M07_F10,1500.0,25.0,0,N15_M07_F10_K002_6.mat,1.616534613046805e-05,0.0003590779217929854,7.781206401047814e-05,0.003712719858627898,4.146354370078572e-05,0.001722744697411565,2.8427106109141487e-05,0.001588545650541978,1.0353164587752502e-05,0.00018987816763689676,1.94377886564396e-05,0.003712719858627898
K002,N15_M07_F10,1500.0,25.0,0,N15_M07_F10_K002_7.mat,1.560361586348191e-05,0.0004259325488964306,7.037811242470055e-05,0.003942499155864746,4.216959356691254e-05,0.001916199755776247,2.857223903659984e-05,0.0015049385109045632,9.901908457137459e-06,0.00019760461943190796,1.867877772891739e-05,0.003942499155864746
K002,N15_M07_F10,1500.0,25.0,0,N15_M07_F10_K002_8.mat,1.514188003022373e-05,0.0003215669810897781,7.151036950057522e-05,0.003146725463943829,4.1432966956970554e-05,0.0015957775071169613,2.847889548543624e-05,0.0013766083811806561,1.0592254001996253e-05,0.0001731279057263259,1.9047833662318434e-05,0.003146725463943829
K002,N15_M07_F10,1500.0,25.0,0,N15_M07_F10_K002_9.mat,1.5975945130719024e-05,0.0004026929139114782,7.913908105321152e-05,0.00396817743395003,4.32795035032012e-05,0.0015566344719876869,2.947574238173833e-05,0.001590298794435752,1.0780556747113549e-05,0.00017156636462169783,1.9981440711671876e-05,0.00396817743395003
K003,N09_M07_F10,900.0,15.0,0,N09_M07_F10_K003_1.mat,4.5197042615684976e-05,0.0007510234103667072,4.405659827780187e-05,0.0004982340621679691,4.319331658498613e-05,0.0006701336991177315,4.4777635526935604e-05,0.0007389082830270887,4.072299369514613e-05,0.000518972981060095,4.1712657836060733e-05,0.0007510234103667072
K003,N09_M07_F10,900.0,15.0,0,N09_M07_F10_K003_10.mat,3.988044248339554e-05,0.0008566264728727652,4.197886067357464e-05,0.0004936948761415028,4.119551685249616e-05,0.0004789800428198686,4.010104421060313e-05,0.0005774585573702228,3.6650087164608684e-05,0.0004181691715611341,3.8011733646201115e-05,0.0008566264728727652
K003,N09_M07_F10,900.0,15.0,0,N09_M07_F10_K003_11.mat,3.897215689425654e-05,0.0007530562133059781,4.046258032369874e-05,0.00047329285619007006,3.983406176574908e-05,0.0004627833102660067,4.023690404406981e-05,0.0008251808357344448,3.7448288078285434e-05,0.0006111453618513279,3.793540579828689e-05,0.0008251808357344448
K003,N09_M07_F10,900.0,15.0,0,N09_M07_F10_K003_12.mat,3.98250006375771e-05,0.0008176808962211507,4.071438931632615e-05,0.0005986797409680212,4.0405587199630395e-05,0.00046089673616481793,4.0860694281477305e-05,0.0005386341049823937,3.725024987844489e-05,0.0004174889845162709,3.81579232645106e-05,0.0008176808962211507
K003,N09_M07_F10,900.0,15.0,0,N09_M07_F10_K003_13.mat,4.578025546321325e-05,0.0008514826619796553,4.4541552838531226e-05,0.0005932673348809835,4.46304632545674e-05,0.000585940459940976,4.356465950996222e-05,0.0005992977104975261,4.043288682345664e-05,0.0005313097918592634,4.168125548648495e-05,0.0008514826619796553
K003,N09_M07_F10,900.0,15.0,0,N09_M07_F10_K003_14.mat,4.445174107894702e-05,0.0010971733456334614,4.323121157310008e-05,0.0004964876732421617,4.293114221991435e-05,0.0005604849790273947,4.281191476250801e-05,0.0006409599356377495,4.0739427956476366e-05,0.0004847481547702149,4.1012027331490966e-05,0.0010971733456334614
K003,N09_M07_F10,900.0,15.0,0,N09_M07_F10_K003_15.mat,4.363538204006733e-05,0.0010381587549831396,4.196561650321232e-05,0.0005079112146991731,4.0497126696207354e-05,0.0004979235070228805,4.151587276617632e-05,0.0005784910826073243,3.8665171693405034e-05,0.0006133222720838859,3.933367014792108e-05,0.0010381587549831396
K003,N09_M07_F10,900.0,15.0,0,N09_M07_F10_K003_16.mat,4.211345501521372e-05,0.0008888784635314229,4.1627539766210555e-05,0.0005171461292595458,3.971131088602635e-05,0.0005420386588368383,3.87775795092197e-05,0.0005225962606619176,3.8144354033960384e-05,0.0005429953739854149,3.8036322330149916e-05,0.0008888784635314229
K003,N09_M07_F10,900.0,15.0,0,N09_M07_F10_K003_17.mat,4.104789266733134e-05,0.0007070475827020545,4.188411741573455e-05,0.0004117589155136744,3.979631190542917e-05,0.0004899232778376878,3.960949357039735e-05,0.0006523939362583543,3.741657773833266e-05,0.000490530004083787,3.7996553990476526e-05,0.0007070475827020545
K003,N09_M07_F10,900.0,15.0,0,N09_M07_F10_K003_18.mat,4.0836699257327334e-05,0.0009595610368393649,4.110920367847905e-05,0.0006797451686683006,3.9907707392212795e-05,0.0004458723854663178,4.0818691998216156e-05,0.0005716927141774948,3.7429842315081444e-05,0.0006095058488812849,3.8277615246015504e-05,0.0009595610368393649
K003,N09_M07_F10,900.0,15.0,0,N09_M07_F10_K003_19.mat,4.3740543973370707e-05,0.0008667941549877856,4.131521937723373e-05,0.0004270916994627094,4.132882645482393e-05,0.0005293192972804951,3.887321965665353e-05,0.000496146087535873,3.774471911947324e-05,0.0005271253961063499,3.820491970707572e-05,0.0008667941549877856
K003,N09_M07_F10,900.0,15.0,0,N09_M07_F10_K003_2.mat,4.1732110582237526e-05,0.0010342712846188448,4.478240120577996e-05,0.0005497392617083844,4.25031971814988e-05,0.0006041414770900595,4.192459239513747e-05,0.0007030713776285879,4.070840682846001e-05,0.00046579569918751856,4.065523363724575e-05,0.0010342712846188448
K003,N09_M07_F10,900.0,15.0,0,N09_M07_F10_K003_20.mat,4.209438628020428e-05,0.0009146537518170233,4.044121979916199e-05,0.0004626149821980942,4.074244051764406e-05,0.0005312955915504798,3.934082473415393e-05,0.0006211742594172502,3.735460763550164e-05,0.0004367528101386336,3.794449331963936e-05,0.0009146537518170233
K003,N09_M07_F10,900.0,15.0,0,N09_M07_F10_K003_3.mat,4.273182923034236e-05,0.0009549471465761778,4.309555332313199e-05,0.0008614087047451874,4.1646445966787974e-05,0.00046957805952840755,4.195301967931888e-05,0.0007691694800941968,3.907321424364067e-05,0.0007110338322241633,3.975605196212761e-05,0.0009549471465761778
K003,N09_M07_F10,900.0,15.0,0,N09_M07_F10_K003_4.mat,3.966550770485129e-05,0.0006807574369614527,4.301813720520084e-05,0.0005178361908362674,3.9948977455370066e-05,0.00044246937487008725,3.951816217110615e-05,0.0005101793946923729,3.7837206050354185e-05,0.0005170644303803528,3.8048060845552506e-05,0.0006807574369614527
K003,N09_M07_F10,900.0,15.0,0,N09_M07_F10_K003_5.mat,4.4863742292436137e-05,0.000984904921489006,4.533562019515935e-05,0.0005398367917492989,4.4342979776685616e-05,0.0004792884916041337,4.332025548490669e-05,0.0006622268545744029,4.0657866016323636e-05,0.0005441546241344466,4.159801298134286e-05,0.000984904921489006
K003,N09_M07_F10,900.0,15.0,0,N09_M07_F10_K003_6.mat,4.146719354304261e-05,0.0006868183917541275,4.190678027711071e-05,0.0005433166157234351,3.995937595031527e-05,0.0006078470937665657,3.991850161404327e-05,0.000508527889486908,3.736731191919578e-05,0.0005163850851342266,3.816129940729472e-05,0.0006868183917541275
K003,N09_M07_F10,900.0,15.0,0,N09_M07_F10_K003_7.mat,4.1934065236739745e-05,0.0007184169344333296,4.464149358889223e-05,0.0006993894342062055,4.487596763765157e-05,0.0004717951832759902,4.299072963575288e-05,0.0005741028369407814,4.0328461012216985e-05,0.0006345041283600321,4.121605195356522e-05,0.0007184169344333296
K003,N09_M07_F10,900.0,15.0,0,N09_M07_F10_K003_8.mat,4.278366086975512e-05,0.0010053918831900896,4.177177123053981e-05,0.0004677710003640352,3.932323639257868e-05,0.0005187321619772699,4.028617676572084e-05,0.0005200277443289776,3.904337226745137e-05,0.000459794928551873,3.887064274013003e-05,0.0010053918831900896
K003,N09_M07_F10,900.0,15.0,0,N09_M07_F10_K003_9.mat,4.21156946849441e-05,0.0008074259261533272,4.110267622555893e-05,0.000546237918883526,4.119957929286586e-05,0.0006520787765452985,3.973805489770513e-05,0.0005886881686189512,3.748655199316457e-05,0.0005348700433613799,3.834525219423705e-05,0.0008074259261533272
K003,N15_M01_F10,1500.0,25.0,0,N15_M01_F10_K003_1.mat,4.6200205698401554e-05,0.0012752753342576975,7.787156997348546e-05,0.001563541679218372,6.940092373299153e-05,0.001762595196544155,6.0111842825005555e-05,0.0013120208267152402,4.055882161034513e-05,0.0006312786285475472,4.800726177306358e-05,0.001762595196544155
K003,N15_M01_F10,1500.0,25.0,0,N15_M01_F10_K003_10.mat,4.6767195094837646e-05,0.0012293973000021168,7.023617147714831e-05,0.001576904483001999,6.573994638514555e-05,0.001357709552363301,6.083670642368864e-05,0.0015999711253517897,3.971853768351343e-05,0.0005564978511840572,4.670770870905782e-05,0.0015999711253517897
K003,N15_M01_F10,1500.0,25.0,0,N15_M01_F10_K003_11.mat,4.8175060646290506e-05,0.0009209145301238146,7.491983445498343e-05,0.0014245687890062915,6.649121588318344e-05,0.0018239618287697772,6.338895762170242e-05,0.0016930610606267064,4.120721302222954e-05,0.0005376029139946889,4.862492643994551e-05,0.0018239618287697772
K003,N15_M01_F10,1500.0,25.0,0,N15_M01_F10_K003_12.mat,4.683240310609279e-05,0.0007332528817590776,7.080719557780942e-05,0.0015813976414312818,6.955884105900074e-05,0.0017905662961272641,5.983283260027756e-05,0.0016420760058658498,3.88867816360661e-05,0.0005240436601182205,4.6389834519732166e-05,0.0017905662961272641
K003,N15_M01_F10,1500.0,25.0,0,N15_M01_F10_K003_13.mat,4.5865245638228164e-05,0.0011150447803406542,7.15968785407052e-05,0.001616570566193887,6.920719673092471e-05,0.0016571700772476565,6.0302535204896995e-05,0.002020486251450206,4.161240393200932e-05,0.0004857992315199928,4.782444848925745e-05,0.002020486251450206
K003,N15_M01_F10,1500.0,25.0,0,N15_M01_F10_K003_14.mat,4.6697206944567504e-05,0.0008730931674698004,7.117085926514773e-05,0.0013544926176277327,6.819543783421518e-05,0.0014776208096948038,6.205643767809063e-05,0.00163486079753191,4.087081454107099e-05,0.0005782171704731638,4.777459332743999e-05,0.00163486079753191
K003,N15_M01_F10,1500.0,25.0,0,N15_M01_F10_K003_15.mat,4.7247074967257e-05,0.0010574035767017876,7.458009449102989e-05,0.0013612649059075595,6.878433352151214e-05,0.0013558008072465139,6.259825526242146e-05,0.0012879212997704208,4.27751864588204e-05,0.0005924521256012859,4.928461818510785e-05,0.0013612649059075595
K003,N15_M01_F10,1500.0,25.0,0,N15_M01_F10_K003_16.mat,4.2342007418236356e-05,0.0009729932615778857,6.920343399355599e-05,0.0016541575351401798,6.651667870712194e-05,0.0012383307995992101,6.018795029463134e-05,0.0019270538238524244,3.8425481463797784e-05,0.00048625808122054276,4.543114469996689e-05,0.0019270538238524244
K003,N15_M01_F10,1500.0,25.0,0,N15_M01_F10_K003_17.mat,4.4039047701093424e-05,0.0012214212704928144,6.969245997259625e-05,0.0017422520351104184,6.42471515002619e-05,0.0013375622427633405,5.9684870386530875e-05,0.0018343353233540535,3.781396871674511e-05,0.0004590319678304504,4.494658399324541e-05,0.0018343353233540535
K003,N15_M01_F10,1500.0,25.0,0,N15_M01_F10_K003_18.mat,4.389981928332076e-05,0.001007289790144232,6.90815251142254e-05,0.0014761665323592646,6.574769579326366e-05,0.0013811790803949307,5.9392433196028064e-05,0.0016358862998613773,3.8608219438297625e-05,0.0005315788017477034,4.55233009932596e-05,0.0016358862998613773
K003,N15_M01_F10,1500.0,25.0,0,N15_M01_F10_K003_19.mat,4.437688959454563e-05,0.000866563670950101,6.837443270495246e-05,0.001339474755146912,6.399315977943886e-05,0.001660212553004886,5.8024264889272326e-05,0.0014195280868557938,3.634680145495169e-05,0.00042121507431128094,4.3656249184651866e-05,0.001660212553004886
K003,N15_M01_F10,1500.0,25.0,0,N15_M01_F10_K003_2.mat,4.560548628566071e-05,0.0008189405824382989,7.576955002447727e-05,0.0017648656686533107,6.734825997104384e-05,0.0016382271430053076,5.9478769455571953e-05,0.0015883294500584314,3.9777192839878806e-05,0.0006610274890723997,4.665282189938565e-05,0.0017648656686533107
K003,N15_M01_F10,1500.0,25.0,0,N15_M01_F10_K003_20.mat,4.085596743122383e-05,0.0010891891723468056,6.720989239445553e-05,0.0013751181537171504,6.447903720522389e-05,0.001413537690669288,5.81954215608161e-05,0.002145529857745719,3.677773010284725e-05,0.0005033279090922162,4.3666436964372575e-05,0.002145529857745719
K003,N15_M01_F10,1500.0,25.0,0,N15_M01_F10_K003_3.mat,4.7845788195778204e-05,0.0010145592045141746,7.839699924618125e-05,0.0016783165751042732,6.675596789399342e-05,0.002135797711305639,6.433147671005714e-05,0.0016376718442117444,4.1979903963988976e-05,0.0006820403874022994,4.958427486886687e-05,0.002135797711305639
K003,N15_M01_F10,1500.0,25.0,0,N15_M01_F10_K003_4.mat,4.7943488164453507e-05,0.0009854538792198973,7.456645766088455e-05,0.0017437954584298197,6.637419277948276e-05,0.0012924575760277816,6.154363231522187e-05,0.0015397657386438093,4.098128651250595e-05,0.0005702195468526652,4.796290407972696e-05,0.0017437954584298197
K003,N15_M01_F10,1500.0,25.0,0,N15_M01_F10_K003_5.mat,4.764826396536408e-05,0.0010094531430158336,7.357527831949148e-05,0.0017419811106085968,6.989881030499479e-05,0.0018265777310998597,6.390399738889066e-05,0.0014505064640663583,4.1682253686525635e-05,0.000568603258593933,4.90006038024686e-05,0.0018265777310998597
K003,N15_M01_F10,1500.0,25.0,0,N15_M01_F10_K003_6.mat,4.546043013694494e-05,0.00074576784903688,7.185483519929278e-05,0.0015452162190500451,6.476082193184092e-05,0.0013027418237657518,5.998708244388241e-05,0.0013556905994241688,3.929563375328818e-05,0.0006019974890387471,4.6145532215214804e-05,0.0015452162190500451
K003,N15_M01_F10,1500.0,25.0,0,N15_M01_F10_K003_7.mat,4.58072058604073e-05,0.0009919099609686387,6.869736580063442e-05,0.0014533014736005684,6.661743672432222e-05,0.0013915658182042888,5.941068034080612e-05,0.001623268951504779,3.897832083671063e-05,0.0006349722601307375,4.581817712992976e-05,0.001623268951504779
K003,N15_M01_F10,1500.0,25.0,0,N15_M01_F10_K003_8.mat,4.43118734858344e-05,0.0007120763746508932,7.045657965647418e-05,0.0016739715056834563,6.531542399779824e-05,0.0017549322647145349,6.151178522326694e-05,0.0012382377807619814,3.900121874379873e-05,0.000578035769462666,4.6425215068608684e-05,0.0017549322647145349
K003,N15_M01_F10,1500.0,25.0,0,N15_M01_F10_K003_9.mat,4.3031047497377676e-05,0.0009515870239099084,7.173293707494559e-05,0.001286421359225181,6.5468329347032e-05,0.0015035999719658112,5.984785302832983e-05,0.0013394383785356328,3.858488404607309e-05,0.0005848038704822862,4.559913869059399e-05,0.0015035999719658112
K003,N15_M07_F04,1500.0,25.0,0,N15_M07_F04_K003_1.mat,5.635599829356383e-05,0.00120618093315785,7.815084910545302e-05,0.0013027650077061309,6.389109675798195e-05,0.001006554853206305,5.75739448656074e-05,0.0011585017142469538,4.5165968955259106e-05,0.0005433719525018525,5.019812805356849e-05,0.0013027650077061309
K003,N15_M07_F04,1500.0,25.0,0,N15_M07_F04_K003_10.mat,5.0746620290723115e-05,0.0009290097723165452,6.937688748605458e-05,0.001293492356247648,5.911947762653818e-05,0.001280435548245796,5.579063870409292e-05,0.0015825859440243713,3.876834133843302e-05,0.0005501337022859883,4.5146075432860294e-05,0.0015825859440243713
K003,N15_M07_F04,1500.0,25.0,0,N15_M07_F04_K003_11.mat,4.896573818781537e-05,0.0014477803633477827,6.951701126568917e-05,0.001195549787601578,5.7919024564560664e-05,0.0011938909052317823,5.647671256164082e-05,0.0016600333181737022,3.8240093345803275e-05,0.000455426213669297,4.477478129152994e-05,0.0016600333181737022
K003,N15_M07_F04,1500.0,25.0,0,N15_M07_F04_K003_12.mat,5.173065126535639e-05,0.0008411423405299388,7.186848887664001e-05,0.0012297653242373493,6.467192343072887e-05,0.001463822279232289,5.9008730677172855e-05,0.0014522556951694467,4.2506128000053715e-05,0.0005456804794652167,4.838385346714038e-05,0.001463822279232289
K003,N15_M07_F04,1500.0,25.0,0,N15_M07_F04_K003_13.mat,4.7260714862755605e-05,0.001148628854578885,6.679321473903653e-05,0.0015285467146887639,5.6771488215999714e-05,0.0014305110754414452,5.4462433018950776e-05,0.0015968938097935018,3.802621277895211e-05,0.000591845521980427,4.336883105162125e-05,0.0015968938097935018
K003,N15_M07_F04,1500.0,25.0,0,N15_M07_F04_K003_14.mat,4.744821693293088e-05,0.000890816579170092,6.82589943328835e-05,0.0011606011239923648,5.8050510426367177e-05,0.001948463776753683,5.4037921726497344e-05,0.0012789578280726994,3.887468500853169e-05,0.0006118374726447046,4.4126221467910685e-05,0.001948463776753683
K003,N15_M07_F04,1500.0,25.0,0,N15_M07_F04_K003_15.mat,5.0993647447060474e-05,0.0010480337328365062,7.138640708944054e-05,0.0014791517127110481,6.0426106936960955e-05,0.001346563211745374,5.92580024400758e-05,0.001411892262478322,4.233493809692862e-05,0.0006310430943963971,4.7800294501709074e-05,0.0014791517127110481
K003,N15_M07_F04,1500.0,25.0,0,N15_M07_F04_K003_16.mat,5.1316503314553346e-05,0.0009419505292454214,7.110533050917698e-05,0.0017341618698327572,6.145713419374584e-05,0.0013243571581130103,5.619254270652555e-05,0.0018226170333611239,4.042401584950832e-05,0.0005450257114097526,4.60971289842334e-05,0.0018226170333611239
K003,N15_M07_F04,1500.0,25.0,0,N15_M07_F04_K003_17.mat,4.668643709174209e-05,0.001162907663975394,6.831361019903288e-05,0.0013627012123329973,5.7761215235897e-05,0.0015884341663375086,5.386581331403541e-05,0.0012010898217152362,3.75134771928964e-05,0.0005501557345039585,4.3388294723090136e-05,0.0015884341663375086
K003,N15_M07_F04,1500.0,25.0,0,N15_M07_F04_K003_18.mat,5.1390264175471945e-05,0.0009493869985679936,7.232053051260363e-05,0.0016172970527487996,6.461843213187027e-05,0.001376182011778426,6.181630422302454e-05,0.0016345382877766793,4.370713537979472e-05,0.0005552067010820377,4.981157295508762e-05,0.0016345382877766793
K003,N15_M07_F04,1500.0,25.0,0,N15_M07_F04_K003_19.mat,5.5052548343497156e-05,0.0011207118819762953,7.321586877350192e-05,0.0013519936366982587,6.596992012661557e-05,0.0019507672862555739,6.189776674843465e-05,0.0020267182569607294,4.362849029279391e-05,0.0006287025511232565,5.0043986762872545e-05,0.0020267182569607294
K003,N15_M07_F04,1500.0,25.0,0,N15_M07_F04_K003_2.mat,5.265944930602509e-05,0.0010318467714114045,7.36284936684395e-05,0.0011338700659744717,6.192273479168287e-05,0.0011581733705510026,5.647176303576523e-05,0.0014580094069953696,4.281694906578642e-05,0.0006244517004564752,4.798633287651163e-05,0.0014580094069953696
K003,N15_M07_F04,1500.0,25.0,0,N15_M07_F04_K003_20.mat,5.308791000228314e-05,0.000932487298711681,7.192912306556849e-05,0.0016932112735947745,6.105068626387166e-05,0.0011986679581730472,6.0153078978752464e-05,0.0019519800782379568,4.281982641781255e-05,0.000572450356140881,4.8475195617692786e-05,0.0019519800782379568
K003,N15_M07_F04,1500.0,25.0,0,N15_M07_F04_K003_3.mat,5.066777230734655e-05,0.0009630026034913303,7.201132818994432e-05,0.0012287961216648864,6.133415452887526e-05,0.0013616846538592662,5.5408031712716846e-05,0.0015394919586748735,4.1167867407831896e-05,0.0006257404541243045,4.670474298260777e-05,0.0015394919586748735
K003,N15_M07_F04,1500.0,25.0,0,N15_M07_F04_K003_4.mat,5.197926614611057e-05,0.001084370593879951,7.008559863307512e-05,0.00114484044520953,6.188222811074145e-05,0.0017638200381175709,5.703513486156702e-05,0.002063328633117703,4.0935156039765744e-05,0.0005884603710483528,4.6910393538069e-05,0.002063328633117703
K003,N15_M07_F04,1500.0,25.0,0,N15_M07_F04_K003_5.mat,5.2829707062885826e-05,0.0010581194997891753,7.044031016050955e-05,0.001320977744292954,5.904254020841605e-05,0.0010650707512896882,5.6504392880433556e-05,0.0016120961664964407,4.135297850153824e-05,0.0006057880375846272,4.674452121823878e-05,0.0016120961664964407
K003,N15_M07_F04,1500.0,25.0,0,N15_M07_F04_K003_6.mat,5.656769449570826e-05,0.0011948134065368388,7.216556687736258e-05,0.0014275229286422296,6.149870834717389e-05,0.001278516992572975,5.850728758011887e-05,0.001527432065811578,4.406705870749324e-05,0.0006421402257841107,4.922719261345213e-05,0.001527432065811578
K003,N15_M07_F04,1500.0,25.0,0,N15_M07_F04_K003_7.mat,5.0107394905352166e-05,0.0010567536957662087,6.983944088324902e-05,0.0014165094705522435,5.883232613702214e-05,0.001459635441808088,5.449973795528218e-05,0.0015095566793657143,4.0180953658303393e-05,0.000488534805329964,4.547941751757498e-05,0.0015095566793657143
K003,N15_M07_F04,1500.0,25.0,0,N15_M07_F04_K003_8.mat,4.983243614358429e-05,0.0010640323629386088,6.810554616839652e-05,0.001254761869332686,5.850443857924962e-05,0.0012640020919449098,5.4489346796354654e-05,0.0013161283572280418,3.9005674354357006e-05,0.00046888696114590013,4.4514915787784826e-05,0.0013161283572280418
K003,N15_M07_F04,1500.0,25.0,0,N15_M07_F04_K003_9.mat,5.0163828371806826e-05,0.001303417600672046,6.933271341990196e-05,0.0013856242950134013,6.041420147909542e-05,0.0011506616701670595,5.629170051765471e-05,0.0015532345454166954,3.9631276823904606e-05,0.000551592703182288,4.5620952159859753e-05,0.0015532345454166954
K003,N15_M07_F10,1500.0,25.0,0,N15_M07_F10_K003_1.mat,4.741206453966732e-05,0.0009154764934477539,7.31158510135947e-05,0.001734935882066166,6.631282280986307e-05,0.0014991056733631412,6.283867095047584e-05,0.001428213785108461,4.205080913189416e-05,0.0005161405520522316,4.86068754943817e-05,0.001734935882066166
K003,N15_M07_F10,1500.0,25.0,0,N15_M07_F10_K003_10.mat,4.558319027077243e-05,0.0008010717149746501,6.959687210520469e-05,0.0015282354151506961,6.216349161440074e-05,0.0013084700751320644,6.196774192779807e-05,0.0015506789396091103,3.873895015215665e-05,0.0005541383992380928,4.605305153424892e-05,0.0015506789396091103
K003,N15_M07_F10,1500.0,25.0,0,N15_M07_F10_K003_11.mat,4.9570686085205536e-05,0.0014573518902919228,7.302194762291572e-05,0.0020081208736328804,6.654963153956044e-05,0.0016369787721638455,6.28024217126943e-05,0.0015999761649203546,4.27907464641055e-05,0.0005937639372541507,4.923090105796943e-05,0.0020081208736328804
K003,N15_M07_F10,1500.0,25.0,0,N15_M07_F10_K003_12.mat,4.862223460219248e-05,0.0009160814355503032,7.281491001158186e-05,0.001541134716956685,6.633915124120652e-05,0.0015241467484179236,6.274695796187496e-05,0.0016431997864363155,4.172370655261908e-05,0.0006653878933145572,4.875551380412613e-05,0.0016431997864363155
K003,N15_M07_F10,1500.0,25.0,0,N15_M07_F10_K003_13.mat,4.701573911678805e-05,0.001121625309570067,6.966868635052332e-05,0.001427404856370703,6.638655614975648e-05,0.0014760781302231123,6.201041426871624e-05,0.0019817970282302983,4.035377808471962e-05,0.0005412782006117986,4.7396583556396e-05,0.0019817970282302983
K003,N15_M07_F10,1500.0,25.0,0,N15_M07_F10_K003_14.mat,4.6008421561590944e-05,0.0015332140747522077,7.260379939812347e-05,0.0013325324051145302,6.54808489918626e-05,0.0013785094786693292,6.140189930783132e-05,0.0019047047057748666,4.045530939250443e-05,0.0005352515383020569,4.7417679494861816e-05,0.0019047047057748666
K003,N15_M07_F10,1500.0,25.0,0,N15_M07_F10_K003_15.mat,4.692988233210136e-05,0.0008743619732896558,7.043452520252444e-05,0.0012966452995900627,6.455108972474509e-05,0.0011344849960076443,5.979485259733682e-05,0.002073055313652178,3.852351274172245e-05,0.00048316537398952297,4.582538788719904e-05,0.002073055313652178
K003,N15_M07_F10,1500.0,25.0,0,N15_M07_F10_K003_16.mat,4.873647961736976e-05,0.0011734388607737717,7.30698973505215e-05,0.0015274720803850241,7.090278217052206e-05,0.0015093238131035367,6.335212083032781e-05,0.001554593023425218,4.2067346166561936e-05,0.0006207720615486059,4.954306671867331e-05,0.001554593023425218
K003,N15_M07_F10,1500.0,25.0,0,N15_M07_F10_K003_17.mat,4.8537868117447306e-05,0.0008932039465541548,7.170562285392117e-05,0.0016644223247611102,6.829503865971726e-05,0.0015554839935347131,6.312503167405638e-05,0.0018170332098147626,4.1400325870125036e-05,0.0005208334730902912,4.8558199826027936e-05,0.0018170332098147626
K003,N15_M07_F10,1500.0,25.0,0,N15_M07_F10_K003_18.mat,4.629536341667471e-05,0.0006537982166773739,7.049427036507873e-05,0.0015598334782691106,6.604740348659013e-05,0.0032891520044598635,6.151078651087004e-05,0.001761051654083667,3.98799229030673e-05,0.0004984594382643235,4.714292821192987e-05,0.0032891520044598635
K003,N15_M07_F10,1500.0,25.0,0,N15_M07_F10_K003_19.mat,4.868436249758513e-05,0.00107808235254913,7.099667529371696e-05,0.001169109417971722,6.548649666632268e-05,0.0017517482526836147,6.167229754212431e-05,0.001468376992520504,4.072909692850782e-05,0.00064456559567044,4.755348167642821e-05,0.0017517482526836147
K003,N15_M07_F10,1500.0,25.0,0,N15_M07_F10_K003_2.mat,4.8664056173017e-05,0.0007898909755721243,7.239829662824412e-05,0.0016719818675780661,6.53002682824921e-05,0.001688445587091842,6.20829027215668e-05,0.0014649117205431778,4.0986008338175464e-05,0.0006546784404690526,4.784191018627675e-05,0.001688445587091842
K003,N15_M07_F10,1500.0,25.0,0,N15_M07_F10_K003_20.mat,4.7464345786217624e-05,0.0008251653527696925,7.229878111298227e-05,0.0013799779112581264,6.70334786258705e-05,0.0017123768294693828,6.317981660468605e-05,0.001797258331580671,4.26549766426525e-05,0.0006195980790377072,4.921475378943329e-05,0.001797258331580671
K003,N15_M07_F10,1500.0,25.0,0,N15_M07_F10_K003_3.mat,4.6281314164001434e-05,0.0008602001936827984,7.233449662886791e-05,0.0016772062288119057,6.519143205226642e-05,0.0014994264434754299,6.095880509402024e-05,0.0013092732526921056,4.054526817276126e-05,0.000621538739015807,4.732521506223282e-05,0.0016772062288119057
K003,N15_M07_F10,1500.0,25.0,0,N15_M07_F10_K003_4.mat,4.503170342722392e-05,0.000939992759654516,6.991130727879524e-05,0.0017208584060462097,6.475222051149683e-05,0.0014552163904856907,6.151656587772166e-05,0.0014767091710698459,4.0610686984825484e-05,0.0005685343617819156,4.715127781337937e-05,0.0017208584060462097
K003,N15_M07_F10,1500.0,25.0,0,N15_M07_F10_K003_5.mat,4.5174956704116907e-05,0.0010168276744149532,7.01356066437625e-05,0.0015039486477533388,6.345111719147189e-05,0.0013598557135641287,5.900892103752338e-05,0.001773488855894858,3.929763281052112e-05,0.0005059211367773152,4.565721885943904e-05,0.001773488855894858
K003,N15_M07_F10,1500.0,25.0,0,N15_M07_F10_K003_6.mat,4.955956309701421e-05,0.001107071869095158,7.376576918709204e-05,0.0014564453377923041,6.609683804158465e-05,0.0018626398167700777,6.234464882994994e-05,0.0017323815305299434,4.103963596171987e-05,0.0004809283134665653,4.8371707943351085e-05,0.0018626398167700777
K003,N15_M07_F10,1500.0,25.0,0,N15_M07_F10_K003_7.mat,4.6663439588676085e-05,0.0008584039670015335,7.143903508732177e-05,0.0013073472721168223,6.527671272781588e-05,0.001496877693012192,6.250381323632498e-05,0.0016505942102787673,4.135363714059481e-05,0.0005197964463163267,4.811640869331381e-05,0.0016505942102787673
K003,N15_M07_F10,1500.0,25.0,0,N15_M07_F10_K003_8.mat,5.092024288243827e-05,0.0012652409105712182,7.35037742274456e-05,0.0015729040183289265,6.376124676159032e-05,0.0014956375149919304,6.318187811332233e-05,0.002023171742204148,4.129290666286475e-05,0.0007408338579822214,4.8276143742081805e-05,0.002023171742204148
K003,N15_M07_F10,1500.0,25.0,0,N15_M07_F10_K003_9.mat,4.762100736852622e-05,0.0010851899430979466,7.221391559995009e-05,0.001550800228617522,6.617421291279612e-05,0.0012891536282252528,6.15106419614015e-05,0.001352036579419944,3.9958339472910997e-05,0.0004964412637658309,4.7414890880592696e-05,0.001550800228617522
K004,N09_M07_F10,900.0,15.0,0,N09_M07_F10_K004_1.mat,9.6670987556057e-06,0.0004147835422726642,4.804725521758568e-06,8.406424657230176e-05,5.067063709444056e-06,9.851234366071193e-05,8.910705247576519e-06,0.0009011227173301748,2.931007559407173e-06,4.2281262635033205e-05,4.303865151198384e-06,0.0009011227173301748
K004,N09_M07_F10,900.0,15.0,0,N09_M07_F10_K004_10.mat,9.28324114962989e-06,0.0004661136410881781,5.272530516694886e-06,0.00012117038058941374,4.936574914695546e-06,9.396466308661918e-05,7.4965002598650226e-06,0.0005582684878533632,2.8685493063303798e-06,4.396313595545001e-05,4.057396433351591e-06,0.0005582684878533632
K004,N09_M07_F10,900.0,15.0,0,N09_M07_F10_K004_11.mat,8.992732249273403e-06,0.00046384440800178176,5.20247592441349e-06,6.778612400027408e-05,5.056123923387466e-06,0.00011919889106754285,7.514398735748586e-06,0.0005179765154831441,2.8518124442878355e-06,4.3304595821280095e-05,4.03818961473865e-06,0.0005179765154831441
K004,N09_M07_F10,900.0,15.0,0,N09_M07_F10_K004_12.mat,8.966205364591347e-06,0.0004152242932614309,5.168582517597008e-06,8.133895703622068e-05,4.836647014477565e-06,9.113229233448189e-05,7.497611869988688e-06,0.0004248501571289364,2.884226085451285e-06,4.04721087564657e-05,4.0092810820011575e-06,0.0004248501571289364
K004,N09_M07_F10,900.0,15.0,0,N09_M07_F10_K004_13.mat,9.331989783297494e-06,0.0004789514655186906,5.073578639202114e-06,7.299218292382775e-05,4.987991410996e-06,0.00014080424792466833,7.507112364595296e-06,0.0004948579746295916,2.875121127360292e-06,4.36681238146075e-05,4.04360309242241e-06,0.0004948579746295916
K004,N09_M07_F10,900.0,15.0,0,N09_M07_F10_K004_14.mat,8.758492449670089e-06,0.0004194840845153886,5.1135785389994035e-06,8.132407279429199e-05,5.141736963021171e-06,0.00011079177467869808,7.619554026177393e-06,0.00047776721555330045,2.9071488888080415e-06,4.858831704723593e-05,4.09629291144747e-06,0.00047776721555330045
K004,N09_M07_F10,900.0,15.0,0,N09_M07_F10_K004_15.mat,8.975809550304256e-06,0.00044806278850732486,5.160034824601918e-06,9.29895660741139e-05,4.928168045180934e-06,0.00014360314089408922,7.4941267223939086e-06,0.0006004775161675799,2.8123478728551778e-06,3.336919389503579e-05,3.990889664643777e-06,0.0006004775161675799
K004,N09_M07_F10,900.0,15.0,0,N09_M07_F10_K004_16.mat,9.168251263084543e-06,0.0004996378985956281,5.4085235197116545e-06,0.00015798483149394684,5.056637371172434e-06,0.00010195226684377913,7.308278878452154e-06,0.0004888337419745926,2.865591003284277e-06,3.5920992624330715e-05,4.032087241424564e-06,0.0004996378985956281
K004,N09_M07_F10,900.0,15.0,0,N09_M07_F10_K004_17.mat,8.966282992966087e-06,0.0005260502213127683,5.262532278116383e-06,8.16545096553497e-05,4.936957477111395e-06,0.00011357273297174689,7.555761628028842e-06,0.0005951551043334445,2.8767649912782134e-06,6.240733581526926e-05,4.056499084188273e-06,0.0005951551043334445
K004,N09_M07_F10,900.0,15.0,0,N09_M07_F10_K004_18.mat,9.098285773006172e-06,0.00041876577985544935,5.2113008421744675e-06,8.014304732211294e-05,4.917210800969232e-06,0.00011934329751357035,7.503940207348943e-06,0.0005153085334319846,2.857020829404667e-06,3.7468786283552415e-05,4.0223655363345705e-06,0.0005153085334319846
K004,N09_M07_F10,900.0,15.0,0,N09_M07_F10_K004_19.mat,9.330868986553748e-06,0.0004567574472320137,5.121066940957527e-06,9.08465350229397e-05,4.800079169456297e-06,0.00011003096191796758,7.225229167859486e-06,0.0004197212955812952,2.8100401821870715e-06,4.0782599364642644e-05,3.9291200962939935e-06,0.0004567574472320137
K004,N09_M07_F10,900.0,15.0,0,N09_M07_F10_K004_2.mat,9.732641516170715e-06,0.0005519441505007581,5.021076910257016e-06,8.054256173252793e-05,5.153607843447491e-06,8.162950017527591e-05,8.879845784793775e-06,0.000601542919214427,2.9962360371571818e-06,4.9343267871093306e-05,4.370296522200856e-06,0.000601542919214427
K004,N09_M07_F10,900.0,15.0,0,N09_M07_F10_K004_20.mat,9.089992777196649e-06,0.0004785126971300476,5.202219586870311e-06,7.661957054952625e-05,4.980823201816164e-06,0.00014226307926446048,7.39804367233573e-06,0.000510293495060079,2.8938033535346043e-06,4.830600125666691e-05,4.034225885335216e-06,0.000510293495060079
K004,N09_M07_F10,900.0,15.0,0,N09_M07_F10_K004_3.mat,9.58281423016683e-06,0.00046804453763669664,5.062567691112205e-06,8.894576092398251e-05,5.020365087231051e-06,0.00010713874511554498,8.746239398602007e-06,0.0006900536151933619,2.990666956369372e-06,5.175598931046346e-05,4.3456972351561835e-06,0.0006900536151933619
K004,N09_M07_F10,900.0,15.0,0,N09_M07_F10_K004_4.mat,9.351932173100038e-06,0.00043357300116219965,5.197753980954059e-06,7.738071324621167e-05,4.865936965168182e-06,9.205024981944832e-05,8.230348901440345e-06,0.0006046569161852584,2.9165336313365487e-06,3.972289088992662e-05,4.188507319723419e-06,0.0006046569161852584
K004,N09_M07_F10,900.0,15.0,0,N09_M07_F10_K004_5.mat,9.443828714246876e-06,0.0005020557344695769,5.113279778999393e-06,9.521932641002379e-05,4.756298060020252e-06,9.842727075858344e-05,8.010794089629245e-06,0.0006177302017884289,2.871245383127702e-06,4.112097382872431e-05,4.096847272475938e-06,0.0006177302017884289
K004,N09_M07_F10,900.0,15.0,0,N09_M07_F10_K004_6.mat,9.94808442740878e-06,0.0005093405014051518,5.368182483066204e-06,9.382356101386972e-05,5.078841004501331e-06,9.50545901675091e-05,7.772486552022817e-06,0.0005128832737579159,2.9038303462814833e-06,6.0872643981910145e-05,4.148776896658939e-06,0.0005128832737579159
K004,N09_M07_F10,900.0,15.0,0,N09_M07_F10_K004_7.mat,9.687948970225526e-06,0.00043534954866603125,5.15313925857823e-06,8.509845754855977e-05,4.906116490317746e-06,0.00011228819939585378,7.83138470968729e-06,0.0004986862733376908,2.8127548531708567e-06,3.59908849834594e-05,4.059223361568114e-06,0.0004986862733376908
K004,N09_M07_F10,900.0,15.0,0,N09_M07_F10_K004_8.mat,9.270654377618996e-06,0.0004488304603352831,5.482113615592294e-06,0.00014932267143187485,4.903421433040793e-06,0.00012009582293163959,7.707707997972428e-06,0.000591969273863092,2.9745032515221595e-06,3.8181609357500134e-05,4.14169106834705e-06,0.000591969273863092
K004,N09_M07_F10,900.0,15.0,0,N09_M07_F10_K004_9.mat,9.213147997264937e-06,0.0005249679132633644,5.2533859235380305e-06,0.00010889007346363658,4.912465735800005e-06,0.00010908630424440382,7.4789715675570925e-06,0.0004838796699948417,2.835067464279105e-06,4.536653738293076e-05,4.007709506461148e-06,0.0005249679132633644
K004,N15_M01_F10,1500.0,25.0,0,N15_M01_F10_K004_1.mat,1.708171012561853e-05,0.0008705217975176018,2.071954345389715e-05,0.0006275185419333569,2.4311339520768008e-05,0.0011573453706351501,3.3706690088815226e-05,0.0022231979951133794,3.668009072462205e-06,0.00016813235786335113,1.096338272797578e-05,0.0022231979951133794
K004,N15_M01_F10,1500.0,25.0,0,N15_M01_F10_K004_10.mat,1.371626922989843e-05,0.0007502535161427188,1.6365249425310772e-05,0.00033773512464517936,2.1305396196458643e-05,0.0006820457073320174,3.856755009172274e-05,0.004600607522998136,3.503003729390717e-06,0.00013741597343885784,1.1035838236468435e-05,0.004600607522998136
K004,N15_M01_F10,1500.0,25.0,0,N15_M01_F10_K004_11.mat,1.3526599655897778e-05,0.0006395702160291103,1.652061417432056e-05,0.0003866287319542389,2.1570910478341224e-05,0.0006108317742340699,3.876686607108328e-05,0.003648938278042731,3.521516931932914e-06,9.155595865521988e-05,1.111903255664917e-05,0.003648938278042731
K004,N15_M01_F10,1500.0,25.0,0,N15_M01_F10_K004_12.mat,1.3957667203048063e-05,0.0007130984880804365,1.6564442067233086e-05,0.00035651547993762335,2.0854464895043842e-05,0.0008665453025508476,3.883906075873792e-05,0.003256383607848458,3.3845529419333063e-06,8.382419356746637e-05,1.1005305705636878e-05,0.003256383607848458
K004,N15_M01_F10,1500.0,25.0,0,N15_M01_F10_K004_13.mat,1.3856763242831291e-05,0.0007349256886935269,1.599408601558746e-05,0.00037619629983240774,2.1403496490925783e-05,0.0007681330524501803,3.746133268470212e-05,0.0036983799787909627,3.2878985498136497e-06,8.838761868785536e-05,1.0733928383555962e-05,0.0036983799787909627
K004,N15_M01_F10,1500.0,25.0,0,N15_M01_F10_K004_14.mat,1.3620017422404306e-05,0.0006710350099580626,1.6208059741659243e-05,0.0003482102673182336,2.1414527632246012e-05,0.0006559498370523405,3.762475237979446e-05,0.004237265011104565,3.133611433795779e-06,0.00010407062220739642,1.0684781331068522e-05,0.004237265011104565
K004,N15_M01_F10,1500.0,25.0,0,N15_M01_F10_K004_15.mat,1.345753066268509e-05,0.0006662567474902205,1.6991776799625936e-05,0.00048600630418026505,2.2275973741834058e-05,0.0007712563772427827,3.898350461331569e-05,0.0036139307717219632,3.4054868260057832e-06,9.65660317563784e-05,1.1153034488790875e-05,0.0036139307717219632
K004,N15_M01_F10,1500.0,25.0,0,N15_M01_F10_K004_16.mat,1.3102829910576956e-05,0.0006756536274325096,1.689446415857261e-05,0.0004015488034383495,2.19682255417312e-05,0.0006364595927032748,3.9042551785613034e-05,0.003917833705728134,3.524007873853271e-06,7.72764433689763e-05,1.1177027361239756e-05,0.003917833705728134
K004,N15_M01_F10,1500.0,25.0,0,N15_M01_F10_K004_17.mat,1.3556341217491438e-05,0.0006658783824185341,1.6411389027850003e-05,0.00034905292847813507,2.1273270559412898e-05,0.0007711751455179984,3.914529824059942e-05,0.003376597849356084,3.3185912031261146e-06,8.029649741671355e-05,1.1023253164650277e-05,0.003376597849356084
K004,N15_M01_F10,1500.0,25.0,0,N15_M01_F10_K004_18.mat,1.3012905406531866e-05,0.0006576422686165755,1.6589180475739696e-05,0.0004419889686139199,2.1712876237608565e-05,0.000712845787747357,3.7914446165318066e-05,0.0028544125813951913,3.3340426349891202e-06,0.00011706812062455864,1.0835360094927906e-05,0.0028544125813951913
K004,N15_M01_F10,1500.0,25.0,0,N15_M01_F10_K004_19.mat,1.298018895341276e-05,0.0006436797394923304,1.6299422571882855e-05,0.00037113123054778726,2.1937360378640568e-05,0.000865965749484095,3.84198543064433e-05,0.004177678461796114,3.2897996459396993e-06,0.00010461010922617607,1.0918600201008939e-05,0.004177678461796114
K004,N15_M01_F10,1500.0,25.0,0,N15_M01_F10_K004_2.mat,1.6037505162069015e-05,0.0008344809217478579,1.941630076017271e-05,0.0005603958794017747,2.286416665369432e-05,0.0011605246044918617,3.522657640251996e-05,0.003082591147732759,3.451188740183171e-06,0.00010381081577527873,1.0856543676359208e-05,0.003082591147732759
K004,N15_M01_F10,1500.0,25.0,0,N15_M01_F10_K004_20.mat,1.2851850735524026e-05,0.0006126672941355342,1.629576578236955e-05,0.00037806412286891215,2.191634319213216e-05,0.0009273510901501246,3.7693085000617276e-05,0.004497837244306757,3.379410134731388e-06,8.18057418783514e-05,1.0829451813065059e-05,0.004497837244306757
K004,N15_M01_F10,1500.0,25.0,0,N15_M01_F10_K004_3.mat,1.5278347117328918e-05,0.0008267253603371674,1.8892026464909587e-05,0.0004724713721322128,2.152011151956355e-05,0.000766903387084942,3.7611268375338015e-05,0.003009429667655988,3.376947311250958e-06,0.00012183709875059107,1.1041986371007148e-05,0.003009429667655988
K004,N15_M01_F10,1500.0,25.0,0,N15_M01_F10_K004_4.mat,1.5706755599409035e-05,0.0009430538497024823,1.8207096677509094e-05,0.0004556363939957374,2.2208122800746397e-05,0.0010565925975228184,3.897589284648539e-05,0.003375509558122743,3.471927673472647e-06,0.00010044561943548106,1.1314705735663353e-05,0.003375509558122743
K004,N15_M01_F10,1500.0,25.0,0,N15_M01_F10_K004_5.mat,1.5430892609212614e-05,0.000791904525415707,1.7070683653266675e-05,0.00038342655499906496,2.192305475390792e-05,0.0008442731170159422,3.861691529895821e-05,0.0029838675592923835,3.4559933549203596e-06,0.00011945649294860915,1.1170517653674191e-05,0.0029838675592923835
K004,N15_M01_F10,1500.0,25.0,0,N15_M01_F10_K004_6.mat,1.5086202456739583e-05,0.0007800610338286321,1.6620161963570817e-05,0.0004043292457024317,2.2465904781537492e-05,0.0011470660283937862,3.953827295084895e-05,0.003144056386389958,3.4134704179715897e-06,9.015236285571551e-05,1.1267159907891045e-05,0.003144056386389958
K004,N15_M01_F10,1500.0,25.0,0,N15_M01_F10_K004_7.mat,1.5269160526966647e-05,0.0008992954341146078,1.7074716623806818e-05,0.00034690018508257175,2.2427531005399784e-05,0.000955330199116059,4.01405593863187e-05,0.003468852057946342,3.4785194543529327e-06,9.891680642264098e-05,1.1434922851528307e-05,0.003468852057946342
K004,N15_M01_F10,1500.0,25.0,0,N15_M01_F10_K004_8.mat,1.4451230947193455e-05,0.0007068500274317616,1.667534253060532e-05,0.0003268966132249785,2.2143082472073917e-05,0.0006954530333807551,3.9182233760422754e-05,0.002599288981386788,3.488552563576932e-06,0.00012110656095775266,1.1203330131627475e-05,0.002599288981386788
K004,N15_M01_F10,1500.0,25.0,0,N15_M01_F10_K004_9.mat,1.495872873282307e-05,0.0007047461320339621,1.6400083957452012e-05,0.0003900079513839273,2.183209852912289e-05,0.0008356071552556204,4.022052669077579e-05,0.0031442379859802643,3.375557298676296e-06,7.873987833383716e-05,1.1271117225720436e-05,0.0031442379859802643
K004,N15_M07_F04,1500.0,25.0,0,N15_M07_F04_K004_1.mat,1.1610623510823422e-05,0.0005073719324138341,1.8117463542774948e-05,0.00035876586265776286,1.792023655929325e-05,0.0006621658014423686,2.2564188089466653e-05,0.0012150781764270495,3.3454507030895432e-06,0.00011073831399377031,8.25491271138549e-06,0.0012150781764270495
K004,N15_M07_F04,1500.0,25.0,0,N15_M07_F04_K004_10.mat,1.162033618216619e-05,0.0004988693448451148,1.7038092439737917e-05,0.000400976678545583,1.8265525628774463e-05,0.0005287013870531823,2.548356412037196e-05,0.0008386329507763756,3.4126879435494965e-06,0.00017018388063386116,8.714551031127931e-06,0.0008386329507763756
K004,N15_M07_F04,1500.0,25.0,0,N15_M07_F04_K004_11.mat,1.1491882127675231e-05,0.0004371763843979798,1.701941807305373e-05,0.0004579340669037632,1.778397432657472e-05,0.0004678604265155503,2.463009644715405e-05,0.0009147261585375802,3.4238413663188203e-06,0.00014669484281393166,8.501808995202932e-06,0.0009147261585375802
K004,N15_M07_F04,1500.0,25.0,0,N15_M07_F04_K004_12.mat,1.1365494185289555e-05,0.0004596361558316484,1.6322054406748194e-05,0.0003411410713097167,1.846861998111595e-05,0.0004959594068926625,2.5162590571849423e-05,0.000841584599839925,3.4506886246862564e-06,0.0001553130702422209,8.62423411941831e-06,0.000841584599839925
K004,N15_M07_F04,1500.0,25.0,0,N15_M07_F04_K004_13.mat,1.1723034259068722e-05,0.00045046192223579097,1.6724751528573725e-05,0.00044764384718982357,1.864724061484686e-05,0.0005584083048352533,2.5731643282487115e-05,0.0010474437221657767,3.410323061592989e-06,0.00015333541669205046,8.746452450999647e-06,0.0010474437221657767
K004,N15_M07_F04,1500.0,25.0,0,N15_M07_F04_K004_14.mat,1.1745590069838018e-05,0.00047071026951071246,1.6834414994272374e-05,0.0005068026590272226,1.864868944575394e-05,0.0005433242742626666,2.4982163605793923e-05,0.0012911835275139266,3.505666407985466e-06,0.00018847318155801418,8.704558807937301e-06,0.0012911835275139266
K004,N15_M07_F04,1500.0,25.0,0,N15_M07_F04_K004_15.mat,1.0786770091353682e-05,0.00044190983956320253,1.7120505999066515e-05,0.0004986778803292948,1.765149572162389e-05,0.000490241366632181,2.5288561149543406e-05,0.001032834133015328,3.283041624647466e-06,0.00013148309353263682,8.528455694656862e-06,0.001032834133015328
K004,N15_M07_F04,1500.0,25.0,0,N15_M07_F04_K004_16.mat,1.1000644104465242e-05,0.00040342789873791047,1.6501492680595997e-05,0.0003602481664774213,1.7972592220729874e-05,0.0004484240553918748,2.55034860095361e-05,0.0009499855671599089,3.474560405877759e-06,0.000142406491877161,8.66553388931144e-06,0.0009499855671599089
K004,N15_M07_F04,1500.0,25.0,0,N15_M07_F04_K004_17.mat,1.124895211547656e-05,0.0004406887905899002,1.6574176118269868e-05,0.0003970323640925304,1.7939336134893468e-05,0.0005561635234421876,2.5205052495446904e-05,0.0010528078411956418,3.363121890627292e-06,0.000151656669305377,8.568588614555422e-06,0.0010528078411956418
K004,N15_M07_F04,1500.0,25.0,0,N15_M07_F04_K004_18.mat,1.0619988222293132e-05,0.00044841109790437657,1.6448843643953917e-05,0.00037919649569909445,1.82104859026825e-05,0.0004508510805062215,2.510689164168344e-05,0.000821719644942048,3.4233112115096127e-06,0.00013898283246486872,8.585830889900396e-06,0.000821719644942048
K004,N15_M07_F04,1500.0,25.0,0,N15_M07_F04_K004_19.mat,1.091198013092495e-05,0.00042634800738503736,1.6832658166169396e-05,0.0004767291509813427,1.8815729559549612e-05,0.0006420826333469622,2.5038748722834464e-05,0.0009632414439351222,3.3489456553387246e-06,0.00017139920610277688,8.607126219805807e-06,0.0009632414439351222
K004,N15_M07_F04,1500.0,25.0,0,N15_M07_F04_K004_2.mat,1.1855587539670163e-05,0.0005047722144200766,1.7732009103614596e-05,0.0004117571818265053,1.839728119237586e-05,0.000424213758059194,2.239166776782054e-05,0.0007057983114770237,3.27731582437794e-06,0.0001907863743979876,8.187456061907645e-06,0.0007057983114770237
K004,N15_M07_F04,1500.0,25.0,0,N15_M07_F04_K004_20.mat,1.1280975547751317e-05,0.0005198619402440658,1.6705621387850883e-05,0.000472718661453456,1.818305883763604e-05,0.0004313868156991134,2.463766509368441e-05,0.0011653494258484056,3.41273020792272e-06,0.00017559765578444256,8.530009744702256e-06,0.0011653494258484056
K004,N15_M07_F04,1500.0,25.0,0,N15_M07_F04_K004_3.mat,1.174576677610744e-05,0.00044607403201076657,1.731099667616e-05,0.00036522609556548377,1.7300314321018768e-05,0.0005866728266307422,2.3411886163266275e-05,0.0008999538020823529,3.436549919783343e-06,0.00020547189647536135,8.369824565447296e-06,0.0008999538020823529
K004,N15_M07_F04,1500.0,25.0,0,N15_M07_F04_K004_4.mat,1.1296636619243148e-05,0.0005600501398521819,1.7117367489677563e-05,0.00040003824235991254,1.7882730707264667e-05,0.00043260459918663787,2.4105350728490796e-05,0.0010647811469277164,3.323469596005196e-06,0.000148142407889641,8.414803909416676e-06,0.0010647811469277164
K004,N15_M07_F04,1500.0,25.0,0,N15_M07_F04_K004_5.mat,1.1494761234049854e-05,0.00047997683806210367,1.700223204978339e-05,0.00034167857170428075,1.8214781323302673e-05,0.0004280956635711728,2.520952136503889e-05,0.0009782055805068826,3.5392163976741264e-06,0.00017983997472905525,8.725392311864844e-06,0.0009782055805068826
K004,N15_M07_F04,1500.0,25.0,0,N15_M07_F04_K004_6.mat,1.1799824948753931e-05,0.000477819763599302,1.660576304794834e-05,0.0005645601335841187,1.7995957890691347e-05,0.0005287926498366087,2.530281694453491e-05,0.00126733186579806,3.505055015214406e-06,0.0001947748781155585,8.701475032309473e-06,0.00126733186579806
K004,N15_M07_F04,1500.0,25.0,0,N15_M07_F04_K004_7.mat,1.1241781658480877e-05,0.0005233844223637163,1.657559221091935e-05,0.0004196150739061449,1.8044459529812472e-05,0.00042722650199123597,2.5415778678698157e-05,0.001091801789037984,3.459377635808453e-06,0.00020423328745135995,8.676173955721738e-06,0.001091801789037984
K004,N15_M07_F04,1500.0,25.0,0,N15_M07_F04_K004_8.mat,1.160147805405436e-05,0.0005129874433550981,1.673526651632793e-05,0.0004724883143155094,1.7621633729475343e-05,0.0004742346117856245,2.5185128774995452e-05,0.0008249839068935227,3.3726167209783643e-06,0.00018201956991169225,8.561061579635202e-06,0.0008249839068935227
K004,N15_M07_F04,1500.0,25.0,0,N15_M07_F04_K004_9.mat,1.1437778552475299e-05,0.0004541390319099214,1.690623956425195e-05,0.000381917703534805,1.8187330683513365e-05,0.000516270825030055,2.5816383439524996e-05,0.0009303940370087748,3.406554352116231e-06,0.0001571747945364022,8.742724496669807e-06,0.0009303940370087748
K004,N15_M07_F10,1500.0,25.0,0,N15_M07_F10_K004_1.mat,1.2345782151967427e-05,0.0005967390712329834,1.61424526997453e-05,0.00037148987324750525,2.204105456019118e-05,0.0008098085895149378,3.776893299333884e-05,0.004631129435212673,3.296947991923922e-06,0.00012542934361722453,1.078735494963402e-05,0.004631129435212673
K004,N15_M07_F10,1500.0,25.0,0,N15_M07_F10_K004_10.mat,1.2139936665552563e-05,0.0006031488991179404,1.5634390644567136e-05,0.00038207854310663513,2.1537280054677122e-05,0.0007700599172440865,3.8201732936766986e-05,0.004557420920986254,3.1966647958480347e-06,0.00010536204244480972,1.0720526908650802e-05,0.004557420920986254
K004,N15_M07_F10,1500.0,25.0,0,N15_M07_F10_K004_11.mat,1.18164873150459e-05,0.0005838622185695368,1.580606563455744e-05,0.0003055278867087311,2.2044137489826674e-05,0.0006537427192470307,3.7002695295823245e-05,0.00285186843440231,3.3901875272015074e-06,0.00010425804421225025,1.0683247281882417e-05,0.00285186843440231
K004,N15_M07_F10,1500.0,25.0,0,N15_M07_F10_K004_12.mat,1.1722224209182235e-05,0.0005539954597407521,1.5433998411088003e-05,0.0003383261615090955,2.2267542671811332e-05,0.0007927916085398437,3.709502575978608e-05,0.002618987368832208,3.2664732093971938e-06,8.32613368605697e-05,1.0628199521202994e-05,0.002618987368832208
K004,N15_M07_F10,1500.0,25.0,0,N15_M07_F10_K004_13.mat,1.1472507592956175e-05,0.0005349935858523061,1.590956374741641e-05,0.00039234358546012815,2.1347386504067074e-05,0.0009463263918788144,3.8087900187608126e-05,0.00386865646531035,3.064368036405391e-06,0.00011460391521768992,1.0614582616649626e-05,0.00386865646531035
K004,N15_M07_F10,1500.0,25.0,0,N15_M07_F10_K004_14.mat,1.1428329204915898e-05,0.0005395293855122071,1.6038655588036052e-05,0.0003715925260295159,2.159293593714054e-05,0.0006265126047218117,3.710490765819164e-05,0.003135232324046181,3.342477783092415e-06,0.00015223016576108026,1.0651930297432325e-05,0.003135232324046181
K004,N15_M07_F10,1500.0,25.0,0,N15_M07_F10_K004_15.mat,1.2124315373304668e-05,0.0006175536804114747,1.555490936196003e-05,0.00026450426579502226,2.1697055793326772e-05,0.0006631461801300564,3.6804490891945435e-05,0.0037976435840576944,3.242612766492578e-06,9.296393457337536e-05,1.053677416712269e-05,0.0037976435840576944
K004,N15_M07_F10,1500.0,25.0,0,N15_M07_F10_K004_16.mat,1.1685204379506506e-05,0.0005629517994173068,1.5501456865682936e-05,0.0002655664377714012,2.2359816202692856e-05,0.000978044081290302,3.650935349883073e-05,0.002339026677154539,3.408242233550861e-06,7.462395147839661e-05,1.0633470938752362e-05,0.002339026677154539
K004,N15_M07_F10,1500.0,25.0,0,N15_M07_F10_K004_17.mat,1.1098319342735669e-05,0.0004870006407307955,1.5671768812343442e-05,0.00033411443471900384,2.2027147335702254e-05,0.0007678390779786107,3.647395706352162e-05,0.002929166451676967,3.3721030556200985e-06,9.622505786801144e-05,1.0579826661953422e-05,0.002929166451676967
K004,N15_M07_F10,1500.0,25.0,0,N15_M07_F10_K004_18.mat,1.11058262111133e-05,0.0005579279843398212,1.5810994601425622e-05,0.00030762363125503124,2.104670151390451e-05,0.0006519672963934585,3.6346697802638454e-05,0.003041212027345343,3.3618871495449986e-06,9.573677528083442e-05,1.047502198489641e-05,0.003041212027345343
K004,N15_M07_F10,1500.0,25.0,0,N15_M07_F10_K004_19.mat,1.1280225255286636e-05,0.0005575956364324456,1.624417564880507e-05,0.00030368644423974526,2.1876107203212902e-05,0.0006667544883604728,3.7072307796264245e-05,0.003221466698386377,3.2889272954198746e-06,0.00013008141038783227,1.0633122246945817e-05,0.003221466698386377
K004,N15_M07_F10,1500.0,25.0,0,N15_M07_F10_K004_2.mat,1.2629667267026857e-05,0.0005699602979791728,1.5365262802157155e-05,0.00036474143624389157,2.1505500087831187e-05,0.001194964413452255,3.984628807579523e-05,0.004010932443924513,3.267403689548249e-06,0.0001242604335087091,1.10268158280983e-05,0.004010932443924513
K004,N15_M07_F10,1500.0,25.0,0,N15_M07_F10_K004_20.mat,1.144602545537652e-05,0.0005040445495122015,1.625064120415495e-05,0.00035466292507592526,2.1864632122875236e-05,0.0007529054337339463,3.737724999735246e-05,0.003165132652695475,3.3430593342025848e-06,9.578149182302471e-05,1.071866589640151e-05,0.003165132652695475
K004,N15_M07_F10,1500.0,25.0,0,N15_M07_F10_K004_3.mat,1.2637254163553918e-05,0.0006374213572540798,1.5595792100988217e-05,0.0003180294264552076,2.2108593565635363e-05,0.0009128032481479834,3.750991620878605e-05,0.0028924287319349496,3.249332557759551e-06,9.424347289240023e-05,1.067468366223372e-05,0.0028924287319349496
K004,N15_M07_F10,1500.0,25.0,0,N15_M07_F10_K004_4.mat,1.2425309401966701e-05,0.0006145306423347305,1.5749125327004787e-05,0.0003716849051836176,2.184039000590958e-05,0.0007830104517950677,3.718060042294626e-05,0.003796602421672086,3.317030040364764e-06,9.039134324013137e-05,1.0674510475296184e-05,0.003796602421672086
K004,N15_M07_F10,1500.0,25.0,0,N15_M07_F10_K004_5.mat,1.2560930928433834e-05,0.0005804967200277685,1.5947668571828113e-05,0.00032707232556566257,2.1525100894515874e-05,0.0007681800848277067,3.7588749509420524e-05,0.0028638504748897927,3.3961752371975383e-06,0.00010978871013692862,1.0798460901957671e-05,0.0028638504748897927
K004,N15_M07_F10,1500.0,25.0,0,N15_M07_F10_K004_6.mat,1.2596794350331673e-05,0.0006452221267398027,1.5749655703022052e-05,0.0004329446963330208,2.1621626194221535e-05,0.0009248166447074954,3.719842727087442e-05,0.003208665704143187,3.3306598067469245e-06,9.328155872348565e-05,1.0671578718309748e-05,0.003208665704143187
K004,N15_M07_F10,1500.0,25.0,0,N15_M07_F10_K004_7.mat,1.2151473195870257e-05,0.000596422353807169,1.534842952606833e-05,0.0002906116809749094,2.2429935732329236e-05,0.0006677937882462067,3.6305824624257264e-05,0.0033451594538950703,3.1779563231316615e-06,9.844986939751312e-05,1.0439152422212031e-05,0.0033451594538950703
K004,N15_M07_F10,1500.0,25.0,0,N15_M07_F10_K004_8.mat,1.1939566913502577e-05,0.0005826931141152028,1.5818299044350365e-05,0.0004260659014758764,2.2035016268135007e-05,0.0008275302571130817,3.817521957333768e-05,0.004168979469419314,3.2155472638699625e-06,0.00010988140561777472,1.0752646355081575e-05,0.004168979469419314
K004,N15_M07_F10,1500.0,25.0,0,N15_M07_F10_K004_9.mat,1.2462490063844935e-05,0.000667787881601786,1.5694493328772353e-05,0.0003287446492050744,2.121895460218481e-05,0.0007564556738759075,3.7967225504296684e-05,0.0036337041812994596,3.2380636452342937e-06,0.00010089652968214182,1.0713860442561713e-05,0.0036337041812994596
K005,N09_M07_F10,900.0,15.0,0,N09_M07_F10_K005_1.mat,1.1756836386869074e-05,0.0006353347852859259,7.081144956350897e-06,0.00013106293738912646,9.554090447565045e-06,0.0005063460711486747,8.99471437175347e-06,0.00034709983607236273,3.1319671013177693e-06,6.506094262871794e-05,4.955047121304917e-06,0.0006353347852859259
K005,N09_M07_F10,900.0,15.0,0,N09_M07_F10_K005_10.mat,1.1456056601706702e-05,0.0005806377192754538,6.750541460098727e-06,0.00014579731999133768,8.959522659564742e-06,0.00042263553126172453,9.348269668734896e-06,0.000399979326575389,3.0025671673352017e-06,4.4767645558910595e-05,4.829537570475597e-06,0.0005806377192754538
K005,N09_M07_F10,900.0,15.0,0,N09_M07_F10_K005_11.mat,1.1681179818554956e-05,0.0006352231019962787,6.811479436878128e-06,0.00017726108217118553,8.844104347696222e-06,0.0006407673673668842,9.562020787540576e-06,0.00046654701687342333,2.982730564534535e-06,3.913656066200595e-05,4.8607417398530806e-06,0.0006407673673668842
K005,N09_M07_F10,900.0,15.0,0,N09_M07_F10_K005_12.mat,1.1470642753050317e-05,0.000541812413759441,6.988930709604552e-06,0.00020030799333477773,9.017156254023399e-06,0.0005615034106367991,9.237597466575478e-06,0.0004291385412864737,3.0112963157209573e-06,3.8013785941447045e-05,4.847262865561411e-06,0.0005615034106367991
K005,N09_M07_F10,900.0,15.0,0,N09_M07_F10_K005_13.mat,1.1815920672114502e-05,0.0006009621481044798,7.017961845933859e-06,0.00015938855256338673,9.022343624316414e-06,0.00044827286266252686,9.243215995211669e-06,0.00035830253421196455,3.0656212164775214e-06,4.0114030247732774e-05,4.896227569782988e-06,0.0006009621481044798
K005,N09_M07_F10,900.0,15.0,0,N09_M07_F10_K005_14.mat,1.1554459108339951e-05,0.0006279748185799431,7.0743364258724936e-06,0.00017241564093469202,9.07173407466284e-06,0.00043529641569268096,9.285730207354348e-06,0.0005543656800430585,3.137339889300237e-06,6.278662922298875e-05,4.931022683450109e-06,0.0006279748185799431
K005,N09_M07_F10,900.0,15.0,0,N09_M07_F10_K005_15.mat,1.162995618203631e-05,0.0005913780297967193,6.860065725224463e-06,0.00017842115914034094,8.930667060896096e-06,0.00045365846377455854,9.07420642514549e-06,0.00033827458567352916,3.0223377350468736e-06,5.219938333414592e-05,4.813354099721418e-06,0.0005913780297967193
K005,N09_M07_F10,900.0,15.0,0,N09_M07_F10_K005_16.mat,1.1049258127641166e-05,0.0005769222049730153,6.773227141872354e-06,0.0002069657376884235,8.81068107349916e-06,0.0005305121841550971,9.183628178811856e-06,0.0004067989787645682,3.033740285752672e-06,3.946293357996418e-05,4.794340780040848e-06,0.0005769222049730153
K005,N09_M07_F10,900.0,15.0,0,N09_M07_F10_K005_17.mat,1.1048457636043759e-05,0.0006190522468929547,6.534157324619626e-06,0.00019512536727203785,8.514401076726456e-06,0.0005597613010451994,9.148690014835672e-06,0.000388735338479338,3.0095518027439836e-06,4.167806326957655e-05,4.750449739883793e-06,0.0006190522468929547
K005,N09_M07_F10,900.0,15.0,0,N09_M07_F10_K005_18.mat,1.1015651920528091e-05,0.0005781273169264055,6.87783824389561e-06,0.00024266699642869032,8.309800727853412e-06,0.00039034074950778096,9.121945399356019e-06,0.0004421518207533654,3.0015035610132125e-06,4.885917589667969e-05,4.742360573628326e-06,0.0005781273169264055
K005,N09_M07_F10,900.0,15.0,0,N09_M07_F10_K005_19.mat,1.0835623146634017e-05,0.0005680628563364714,6.687177481695198e-06,0.00014434494216994902,8.764569970342761e-06,0.0005317065206567054,8.806548967903692e-06,0.0003344772330025512,3.0280258994244644e-06,4.714043678319143e-05,4.727774783164986e-06,0.0005680628563364714
K005,N09_M07_F10,900.0,15.0,0,N09_M07_F10_K005_2.mat,1.221272072816951e-05,0.0006353268014748911,7.137986109061079e-06,0.00013931475748788175,9.59704958849509e-06,0.0004279703099344851,9.115911245712097e-06,0.00043412769821839984,3.0698557658371857e-06,4.248927433025884e-05,4.941563194219861e-06,0.0006353268014748911
K005,N09_M07_F10,900.0,15.0,0,N09_M07_F10_K005_20.mat,1.1117590705870313e-05,0.0005773996116671633,6.848567066375026e-06,0.0001608078186247015,8.707682393926533e-06,0.00046431849933603034,9.160458751533118e-06,0.00037895526695147036,3.0770706855622025e-06,4.8833785804705476e-05,4.843493211860503e-06,0.0005773996116671633
K005,N09_M07_F10,900.0,15.0,0,N09_M07_F10_K005_3.mat,1.2199670665322477e-05,0.0007068640571485195,7.174153521580671e-06,0.00015413994837986774,1.0164279168178859e-05,0.0005008823556438833,9.080748273392902e-06,0.00039931685208887644,3.136370410807463e-06,3.895404172727163e-05,5.019600993213714e-06,0.0007068640571485195
K005,N09_M07_F10,900.0,15.0,0,N09_M07_F10_K005_4.mat,1.195816221708571e-05,0.0006396146037447127,7.1674626622647315e-06,0.00018764685099687654,9.299025497217505e-06,0.00038339428380154786,9.33396540748034e-06,0.0003578276835150402,3.141374693268644e-06,4.669602725334563e-05,4.962114581117386e-06,0.0006396146037447127
K005,N09_M07_F10,900.0,15.0,0,N09_M07_F10_K005_5.mat,1.1156880907499755e-05,0.0005593028782180619,7.490192853237188e-06,0.00021365202990242992,9.739269511130779e-06,0.0005341144412930932,9.347335924892373e-06,0.0003835451654331503,3.0978574283825503e-06,4.636465455042057e-05,4.998728444254911e-06,0.0005593028782180619
K005,N09_M07_F10,900.0,15.0,0,N09_M07_F10_K005_6.mat,1.1294038886196144e-05,0.0006301368820055614,7.377543293842081e-06,0.00023021470166883622,9.290508468209158e-06,0.00040760052636624436,9.318711332447475e-06,0.0003956424247007801,3.124628931139534e-06,5.8527384416369055e-05,4.960985304679504e-06,0.0006301368820055614
K005,N09_M07_F10,900.0,15.0,0,N09_M07_F10_K005_7.mat,1.2044995112594459e-05,0.0006322043326843613,6.881462685706146e-06,0.00015084851975761992,9.463368930256666e-06,0.00037043515813828357,9.256642549675597e-06,0.0002910320876114172,2.9303570183983156e-06,4.1099638111530054e-05,4.8564582884542675e-06,0.0006322043326843613
K005,N09_M07_F10,900.0,15.0,0,N09_M07_F10_K005_8.mat,1.314496974167705e-05,0.000653214010358565,8.770063793097169e-06,0.0002006654457219877,1.1038498914508126e-05,0.0004700660107105016,1.1225423189914442e-05,0.0003659788707715621,4.8764766976997e-06,8.150840403574996e-05,6.727036373178968e-06,0.000653214010358565
K005,N09_M07_F10,900.0,15.0,0,N09_M07_F10_K005_9.mat,1.0924943034627902e-05,0.0005753518197783567,7.123261590205113e-06,0.00014559187509319703,9.259661856722678e-06,0.0005656788727053843,9.243586848832237e-06,0.0003608690807578612,3.011514290229213e-06,4.431221606808929e-05,4.83593763181831e-06,0.0005753518197783567
K005,N15_M01_F10,1500.0,25.0,0,N15_M01_F10_K005_1.mat,1.2519163192746393e-05,0.0006321640945156479,3.8965421646195556e-05,0.00173076430692041,4.644960973503475e-05,0.0027575123024864284,3.988699339234826e-05,0.002402885238483221,3.1636828576227605e-06,8.030207910813591e-05,1.4014639749388261e-05,0.0027575123024864284
K005,N15_M01_F10,1500.0,25.0,0,N15_M01_F10_K005_10.mat,1.2829944995683461e-05,0.0006227546076219299,3.825679693784504e-05,0.0016161314604284439,5.074105214528104e-05,0.0026862473495991965,4.133512492760744e-05,0.0035807732197789027,3.1545271059812656e-06,6.248825239076241e-05,1.4526829797903651e-05,0.0035807732197789027
K005,N15_M01_F10,1500.0,25.0,0,N15_M01_F10_K005_11.mat,1.2501124233350195e-05,0.0006369759153743151,3.8213912881021326e-05,0.0016157442155573464,4.987279776236505e-05,0.003428177127170885,4.24645802827305e-05,0.0027806293143593686,3.110108543005551e-06,8.083180580195787e-05,1.4591347636809967e-05,0.003428177127170885
K005,N15_M01_F10,1500.0,25.0,0,N15_M01_F10_K005_12.mat,1.2953825803855298e-05,0.0006627360403844129,3.71075512060955e-05,0.0015351872723130102,5.0981291460513864e-05,0.0025513841230546883,4.236336075870169e-05,0.0027539990308967427,3.1571958303114616e-06,5.724323004010804e-05,1.4628021769760724e-05,0.0027539990308967427
K005,N15_M01_F10,1500.0,25.0,0,N15_M01_F10_K005_13.mat,1.266503206832777e-05,0.0006162735408634459,3.7741634155749766e-05,0.0015623463371636133,5.1519767986616134e-05,0.002831974638602542,4.2353102996267134e-05,0.0024224515929019614,3.043155467145964e-06,6.442042353468678e-05,1.464757851682781e-05,0.002831974638602542
K005,N15_M01_F10,1500.0,25.0,0,N15_M01_F10_K005_14.mat,1.2539603013489502e-05,0.0005711038950076766,3.878875718246005e-05,0.0015454037759530556,4.9317181801562854e-05,0.002418884577606346,4.294076367522464e-05,0.0024441747454362196,3.1653367292023648e-06,7.402773618464273e-05,1.4726876208495929e-05,0.0024441747454362196
K005,N15_M01_F10,1500.0,25.0,0,N15_M01_F10_K005_15.mat,1.2376116514720692e-05,0.0006004310068502422,3.7846380937201335e-05,0.0015567927453238079,4.973650033482549e-05,0.00256004879871764,4.3177254687974436e-05,0.002390479451458859,3.174605369872099e-06,5.247890329545693e-05,1.4704274469448407e-05,0.00256004879871764
K005,N15_M01_F10,1500.0,25.0,0,N15_M01_F10_K005_16.mat,1.1938423952867143e-05,0.0005427269869779509,3.681876689245683e-05,0.001639775662112816,4.965018874843369e-05,0.0022005925555845813,4.325285842848131e-05,0.0026609024524913653,3.095198050412389e-06,9.438659659662461e-05,1.4593361030889482e-05,0.0026609024524913653
K005,N15_M01_F10,1500.0,25.0,0,N15_M01_F10_K005_17.mat,1.2747584832134565e-05,0.0006225604489449106,3.771482111592547e-05,0.0014089230336012234,4.889756809726658e-05,0.002426539216804413,4.3654287514010266e-05,0.00278149379949977,3.1663820508421864e-06,6.003379832816267e-05,1.4757092182108185e-05,0.00278149379949977
K005,N15_M01_F10,1500.0,25.0,0,N15_M01_F10_K005_18.mat,1.2347625213165506e-05,0.0005994595357886988,3.6571556679760325e-05,0.0015500863479841497,5.286488925033127e-05,0.0024407011262202543,4.418768960298285e-05,0.0025223391555231726,3.2827033610535343e-06,5.102334110551338e-05,1.5058880218718955e-05,0.0025223391555231726
K005,N15_M01_F10,1500.0,25.0,0,N15_M01_F10_K005_19.mat,1.4334268962294497e-05,0.0006659334188429314,3.8944736615557435e-05,0.0015576097411412013,5.251868192948237e-05,0.002207285169300394,4.503045657262726e-05,0.003949935991295778,5.059855526823733e-06,7.78525008758001e-05,1.6592276851282374e-05,0.003949935991295778
K005,N15_M01_F10,1500.0,25.0,0,N15_M01_F10_K005_2.mat,1.2031997849435849e-05,0.0006476694080630356,4.063565535068557e-05,0.0016446326885837222,4.813095286152451e-05,0.0031679795082338634,3.995361829526795e-05,0.0031425407354995355,3.08968678640771e-06,7.387848576196947e-05,1.4208168384234595e-05,0.0031679795082338634
K005,N15_M01_F10,1500.0,25.0,0,N15_M01_F10_K005_20.mat,1.239595207102025e-05,0.0006052688093830817,3.7749050397672425e-05,0.0015620622791931691,4.90388929023075e-05,0.00244627251038921,4.400304644136541e-05,0.0026478215959060128,3.183469493485322e-06,6.57035153098812e-05,1.4798499350723036e-05,0.0026478215959060128
K005,N15_M01_F10,1500.0,25.0,0,N15_M01_F10_K005_3.mat,1.1588223230674486e-05,0.0005884961293524195,4.0476471013737795e-05,0.001756593111872681,5.0594758339565416e-05,0.0030047004666029845,3.941747579867102e-05,0.002584727571525322,3.2625783831772886e-06,8.125680074670266e-05,1.4343334916865018e-05,0.0030047004666029845
K005,N15_M01_F10,1500.0,25.0,0,N15_M01_F10_K005_4.mat,1.197354317825404e-05,0.0005787130723578375,4.2167089694559497e-05,0.001768200205487194,5.0187280902179446e-05,0.0037929149095064438,4.110343331502431e-05,0.002888240081645553,3.094331009248154e-06,7.134481616142761e-05,1.4622179501076775e-05,0.0037929149095064438
K005,N15_M01_F10,1500.0,25.0,0,N15_M01_F10_K005_5.mat,1.2091542851466436e-05,0.0005889846631841757,4.19930158435701e-05,0.001945786062068049,5.1223488175125325e-05,0.0036834016333611047,4.1704646620295136e-05,0.0027476237350546793,3.2136758663000984e-06,6.688350544756183e-05,1.4844056023777531e-05,0.0036834016333611047
K005,N15_M01_F10,1500.0,25.0,0,N15_M01_F10_K005_6.mat,1.2509635766442045e-05,0.0007711618467461071,4.0012334043185815e-05,0.0015449137933263057,4.9731156667851254e-05,0.0028874698956527717,4.1420896456356494e-05,0.0022815983847856414,2.9858034856098905e-06,8.24588662395627e-05,1.4449518096326374e-05,0.0028874698956527717
K005,N15_M01_F10,1500.0,25.0,0,N15_M01_F10_K005_7.mat,1.257646284763656e-05,0.0006278158802227587,3.895391826214946e-05,0.0015898932756829923,4.8683746733218365e-05,0.0022100586005927756,4.1626391759598236e-05,0.003017322209100494,3.0838638933281524e-06,6.817272029520413e-05,1.4420587348985489e-05,0.003017322209100494
K005,N15_M01_F10,1500.0,25.0,0,N15_M01_F10_K005_8.mat,1.2522333125825329e-05,0.0006011288425097057,3.7683566763356344e-05,0.0016185661364479485,4.8733107414797505e-05,0.0024631445209934277,4.1330900429991086e-05,0.003012416967907202,3.0761310398474617e-06,7.027906558381497e-05,1.4314981855809185e-05,0.003012416967907202
K005,N15_M01_F10,1500.0,25.0,0,N15_M01_F10_K005_9.mat,1.2612992928606458e-05,0.0005993737829012841,3.8201944691216545e-05,0.0015685113500812278,5.1399434826352334e-05,0.003937452484430507,4.2006574464684234e-05,0.00336004073810162,3.1141634578120218e-06,0.00015155233242400616,1.4603480704519783e-05,0.003937452484430507
K005,N15_M07_F04,1500.0,25.0,0,N15_M07_F04_K005_1.mat,1.1470240776641799e-05,0.000499194041566049,2.5657086120746316e-05,0.0011099288326253027,2.4924809650513027e-05,0.0011548423812849976,3.39625575344034e-05,0.0016340972155299976,3.6521203243694713e-06,0.00012902756147697603,1.1016244572842316e-05,0.0016340972155299976
K005,N15_M07_F04,1500.0,25.0,0,N15_M07_F04_K005_10.mat,1.1312290294087177e-05,0.0006054322033759553,2.613911892560086e-05,0.0008687603125411968,2.8767469331515574e-05,0.0010599601681371023,3.432133228890371e-05,0.001680338598909441,3.8275245908089485e-06,0.00017883669972990654,1.1418115629271293e-05,0.001680338598909441
K005,N15_M07_F04,1500.0,25.0,0,N15_M07_F04_K005_11.mat,1.3081490394535019e-05,0.0006728040772187743,2.818739944476585e-05,0.0009566416275054902,3.175741507603503e-05,0.001102738353530063,3.655329214854121e-05,0.0012943840401963536,5.754116227242756e-06,0.00017929061690584759,1.3450103778065678e-05,0.0012943840401963536
K005,N15_M07_F04,1500.0,25.0,0,N15_M07_F04_K005_12.mat,1.3268438737492562e-05,0.0006598518030054243,2.833312065515713e-05,0.001142201946882608,3.2472892945731954e-05,0.0015035854055650442,3.635335532762248e-05,0.0013408999922835704,5.782687806696825e-06,0.00018319087751349322,1.347351070789197e-05,0.0015035854055650442
K005,N15_M07_F04,1500.0,25.0,0,N15_M07_F04_K005_13.mat,1.3241338746396978e-05,0.0006250092298985306,2.66449502680882e-05,0.0008692744191866696,3.0977684409518213e-05,0.0012149732107864723,3.618781271930929e-05,0.0016307554280351802,5.759821579132045e-06,0.0001612473864740383,1.324028306182317e-05,0.0016307554280351802
K005,N15_M07_F04,1500.0,25.0,0,N15_M07_F04_K005_14.mat,1.3314894247745569e-05,0.0006081542033863459,2.9312340067035133e-05,0.001232063350736498,3.273107892809116e-05,0.0014599032765676815,3.731069056990532e-05,0.0020390749953043967,5.919622312890784e-06,0.0001479246158161071,1.3765729068682248e-05,0.0020390749953043967
K005,N15_M07_F04,1500.0,25.0,0,N15_M07_F04_K005_15.mat,1.376473680882802e-05,0.0006683424014316545,2.8551327084940148e-05,0.0013117232671299719,3.0989281229149876e-05,0.0012421882390053444,3.5560903492654984e-05,0.0018856458552056333,6.058809376861474e-06,0.00019658349630843062,1.3472368430242167e-05,0.0018856458552056333
K005,N15_M07_F04,1500.0,25.0,0,N15_M07_F04_K005_16.mat,1.2896881306970844e-05,0.0005234311396328766,2.8135704532350114e-05,0.0009058717577204002,3.098542521913375e-05,0.0008899439636839731,3.50452674538579e-05,0.001735727536688205,5.5843663108875044e-06,0.00016107535547277716,1.3033253766358569e-05,0.001735727536688205
K005,N15_M07_F04,1500.0,25.0,0,N15_M07_F04_K005_17.mat,1.3331211854796264e-05,0.0007335523110992589,2.728858362095164e-05,0.001265767457163213,3.166893885543185e-05,0.0011471824654849722,3.606089162837301e-05,0.0017129449347400758,5.566891605839565e-06,0.00016148103105443292,1.31806609164087e-05,0.0017129449347400758
K005,N15_M07_F04,1500.0,25.0,0,N15_M07_F04_K005_18.mat,1.5029095684619944e-05,0.0007428127924326376,2.951110017402104e-05,0.0008702853569002748,3.3729574853441794e-05,0.0009891672871329216,3.748109193928706e-05,0.001651000128031869,7.692282252585308e-06,0.00022774560104149347,1.5152083999146e-05,0.001651000128031869
K005,N15_M07_F04,1500.0,25.0,0,N15_M07_F04_K005_19.mat,1.5350512166950313e-05,0.0006427877670771737,3.1123713640680445e-05,0.0010288261088333636,3.4977263621277024e-05,0.0012444138841966445,3.893059978270656e-05,0.0017767653997830886,7.96220382823955e-06,0.00026210857523578483,1.5827740340577403e-05,0.0017767653997830886
K005,N15_M07_F04,1500.0,25.0,0,N15_M07_F04_K005_2.mat,1.1680124271364293e-05,0.00056460028650032,2.5527108279720773e-05,0.0009941588340863967,2.4688474460216383e-05,0.0009236416509831893,3.311697922532551e-05,0.0015663640354171126,3.681143552604505e-06,0.00011609533442298314,1.0895760747088549e-05,0.0015663640354171126
K005,N15_M07_F04,1500.0,25.0,0,N15_M07_F04_K005_20.mat,1.4999757654928315e-05,0.0006682518038138064,2.9588622678398154e-05,0.001288958331204525,3.355382678146936e-05,0.0018605330744979668,3.689743989842124e-05,0.0014300320145154864,7.168036833374185e-06,0.00025513298906388985,1.4701749723700653e-05,0.0018605330744979668
K005,N15_M07_F04,1500.0,25.0,0,N15_M07_F04_K005_3.mat,1.189407228322819e-05,0.0005974808132270173,2.5908392414218233e-05,0.0011012263948267816,2.6009955486552906e-05,0.0009883657874897064,3.385609897721402e-05,0.0017022409187427206,3.6849583485684713e-06,0.00018776225320140186,1.112775934488443e-05,0.0017022409187427206
K005,N15_M07_F04,1500.0,25.0,0,N15_M07_F04_K005_4.mat,1.1928278487178774e-05,0.0006586335156903739,2.6099776678164032e-05,0.0011337014768556433,2.678944840358005e-05,0.0009826193335231955,3.40818059773002e-05,0.0023030341278390265,3.81870648257745e-06,0.00014193509486327532,1.1292688846542361e-05,0.0023030341278390265
K005,N15_M07_F04,1500.0,25.0,0,N15_M07_F04_K005_5.mat,1.2079742348420149e-05,0.0005532623424114562,2.5579060374786063e-05,0.0009431192707085148,2.7589501921610807e-05,0.0012219313452910732,3.3969084083606607e-05,0.0016721060908760008,3.882851871000068e-06,0.00016165148968682154,1.1347696596932931e-05,0.0016721060908760008
K005,N15_M07_F04,1500.0,25.0,0,N15_M07_F04_K005_6.mat,1.2153601963558256e-05,0.0005827618486967188,2.6255072783001287e-05,0.000901499124185996,2.8001133345803554e-05,0.0009328527185865424,3.365506027169135e-05,0.0017972808950991405,3.963296653145262e-06,0.0002246194565683261,1.1369465533850048e-05,0.0017972808950991405
K005,N15_M07_F04,1500.0,25.0,0,N15_M07_F04_K005_7.mat,1.1632917514239069e-05,0.0004905973152132835,2.6973823114890192e-05,0.000820361338096698,2.8546108804213473e-05,0.0011918648610782863,3.374117910722215e-05,0.0014543528062541343,3.9710230191255366e-06,0.0002074365605406484,1.1461933381662668e-05,0.0014543528062541343
K005,N15_M07_F04,1500.0,25.0,0,N15_M07_F04_K005_8.mat,1.1187128496842869e-05,0.000545323082280194,2.6404791257377978e-05,0.0011842639093339947,2.898491194961752e-05,0.0011435002858371103,3.490630696863892e-05,0.0021289007641829344,3.921006302085156e-06,0.00018727963942754284,1.1568254706100981e-05,0.0021289007641829344
K005,N15_M07_F04,1500.0,25.0,0,N15_M07_F04_K005_9.mat,1.1601611950355928e-05,0.000513899469683843,2.5982745661319023e-05,0.0009439679429350306,2.9821958710229722e-05,0.0011850153818352214,3.503170311096345e-05,0.0019080285149762092,3.85244653088758e-06,0.00012472024609715948,1.162481079099486e-05,0.0019080285149762092
K005,N15_M07_F10,1500.0,25.0,0,N15_M07_F10_K005_1.mat,1.77248894926845e-05,0.0010429159467146003,4.5066948561307814e-05,0.0016870073512577767,5.210611795723905e-05,0.0025852852010720584,3.6637098654315574e-05,0.0016588576516718913,3.5575431803586153e-06,5.491712420490793e-05,1.4716983714515524e-05,0.0025852852010720584
K005,N15_M07_F10,1500.0,25.0,0,N15_M07_F10_K005_10.mat,1.5048194530753523e-05,0.0008490826911312024,4.5602403421816814e-05,0.0016930051664205514,5.26739491701365e-05,0.0025951443058109575,3.71357967190617e-05,0.0015570208297325163,3.3599176546934736e-06,5.422442353679141e-05,1.464318273746657e-05,0.0025951443058109575
K005,N15_M07_F10,1500.0,25.0,0,N15_M07_F10_K005_11.mat,1.4074004687402308e-05,0.0007714251831338712,4.427784186877418e-05,0.0016918292007505455,5.2541130700821474e-05,0.0028390152743361314,3.724951693005336e-05,0.0015581713079753957,3.1966252057283677e-06,4.867611385428837e-05,1.446213831815751e-05,0.0028390152743361314
K005,N15_M07_F10,1500.0,25.0,0,N15_M07_F10_K005_12.mat,1.4280435727910537e-05,0.0007571625088234361,4.51889755930814e-05,0.0015708337871632027,5.210200982444658e-05,0.002585678957304882,3.828008634866892e-05,0.0019196822619551976,3.228308831873979e-06,4.3956864016979223e-05,1.4639284714453441e-05,0.002585678957304882
K005,N15_M07_F10,1500.0,25.0,0,N15_M07_F10_K005_13.mat,1.428113887681749e-05,0.0007287702209438997,4.235202539987826e-05,0.0017347411470533076,5.243817353135906e-05,0.0027949792590181094,3.888506213954818e-05,0.002340976638687796,3.2100316340218534e-06,5.453855615579996e-05,1.4572489922103783e-05,0.0027949792590181094
K005,N15_M07_F10,1500.0,25.0,0,N15_M07_F10_K005_14.mat,1.3558094951322612e-05,0.0006804611637561788,4.246741988983019e-05,0.0017769151823119945,5.2849220922921905e-05,0.0025367530403383313,3.738995214582309e-05,0.001704734467841587,3.246827832760923e-06,5.439569633080827e-05,1.435913121267085e-05,0.0025367530403383313
K005,N15_M07_F10,1500.0,25.0,0,N15_M07_F10_K005_15.mat,1.403941432140269e-05,0.0006939055808306766,4.274013224132711e-05,0.00151296158527175,5.0375144831859916e-05,0.004143793120359522,3.869776774319475e-05,0.0021852402569145116,3.391112731026228e-06,5.36773759880736e-05,1.4525470612326014e-05,0.004143793120359522
K005,N15_M07_F10,1500.0,25.0,0,N15_M07_F10_K005_16.mat,1.3538748344889972e-05,0.0008046000034668462,4.2233495593402275e-05,0.00164253354286061,5.242434599308276e-05,0.0023524900294996267,3.844077467636935e-05,0.0017291871163570293,3.3157436947753606e-06,6.394245466334151e-05,1.4558350892377397e-05,0.0023524900294996267
K005,N15_M07_F10,1500.0,25.0,0,N15_M07_F10_K005_17.mat,1.4646809164818637e-05,0.0007776379676717061,4.435311564801469e-05,0.0016559894315403758,5.3606437833012895e-05,0.0030119637604111996,3.912656892714196e-05,0.002330101464724618,3.434139364672501e-06,4.95708284491525e-05,1.4961321301734186e-05,0.0030119637604111996
K005,N15_M07_F10,1500.0,25.0,0,N15_M07_F10_K005_18.mat,1.3826211280668912e-05,0.0007219240216303709,4.4116420667551834e-05,0.0017759511939392663,5.0967429105333855e-05,0.0020521487333746632,3.8650536693294025e-05,0.0022784787426104376,3.3413600695025076e-06,5.32757367234881e-05,1.4635221607679735e-05,0.0022784787426104376
K005,N15_M07_F10,1500.0,25.0,0,N15_M07_F10_K005_19.mat,1.5652808696380252e-05,0.0007930902693656368,4.142892867603167e-05,0.0015974635544244017,5.4112242030461394e-05,0.005228592745046121,3.935113727656465e-05,0.002730642477887827,3.3945663089461496e-06,6.258918808019793e-05,1.4874570967852784e-05,0.005228592745046121
K005,N15_M07_F10,1500.0,25.0,0,N15_M07_F10_K005_2.mat,1.5912712664800626e-05,0.0008473181526575432,4.5068518252040826e-05,0.001593035676724725,5.354895134628112e-05,0.0030893415728508182,3.536410785201296e-05,0.0018024345055296523,3.243071063891501e-06,6.578010957297439e-05,1.4333109831171604e-05,0.0030893415728508182
K005,N15_M07_F10,1500.0,25.0,0,N15_M07_F10_K005_20.mat,1.2465667286235164e-05,0.0006932934523319697,4.118429569979371e-05,0.001657611053111186,5.298790828124523e-05,0.003377116250968812,3.8610729416924455e-05,0.002086967967998752,3.324313356350095e-06,4.6637120857944394e-05,1.4518981762262946e-05,0.003377116250968812
K005,N15_M07_F10,1500.0,25.0,0,N15_M07_F10_K005_3.mat,1.5476253020417124e-05,0.000789507869228766,4.485947307301543e-05,0.0015685987202260871,5.0790505810119354e-05,0.002046491355193641,3.641380854568641e-05,0.0018846838024801642,3.3621759933762756e-06,5.8969776486640276e-05,1.4362740191753943e-05,0.002046491355193641
K005,N15_M07_F10,1500.0,25.0,0,N15_M07_F10_K005_4.mat,1.512922554945768e-05,0.0008977419359510679,4.377162118220178e-05,0.00166802654742028,5.093549481943375e-05,0.002181563436848133,3.5885555399280683e-05,0.0017454110338129812,3.3072682269965425e-06,4.700257710044782e-05,1.420000541824963e-05,0.002181563436848133
K005,N15_M07_F10,1500.0,25.0,0,N15_M07_F10_K005_5.mat,1.4398895758155376e-05,0.0007536854014419969,4.3094178939094896e-05,0.0017367474531706135,4.945572871684506e-05,0.001805411479300624,3.545308103452009e-05,0.002084933670583975,3.226538487641792e-06,5.396018137296837e-05,1.3902273541216687e-05,0.002084933670583975
K005,N15_M07_F10,1500.0,25.0,0,N15_M07_F10_K005_6.mat,1.4549056109345737e-05,0.0007886054026143616,4.4366528596886906e-05,0.0017393554142875404,5.038972258968954e-05,0.003129851361986684,3.647999821137945e-05,0.001446797138336165,3.2350752346914147e-06,5.347379665887502e-05,1.4224801598617295e-05,0.003129851361986684
K005,N15_M07_F10,1500.0,25.0,0,N15_M07_F10_K005_7.mat,1.5066808092812624e-05,0.0008524783817879554,4.3082274079536565e-05,0.0016907436825342106,5.221605035495944e-05,0.0027312266136165866,3.6631682330155e-05,0.002142704106185864,3.1658287822525122e-06,6.224084717717649e-05,1.4246879791033666e-05,0.0027312266136165866
K005,N15_M07_F10,1500.0,25.0,0,N15_M07_F10_K005_8.mat,1.5188376909285428e-05,0.000811076065637742,4.4953580143565716e-05,0.0016513373478296053,5.234404363594358e-05,0.0021897082669928613,3.694327273648205e-05,0.0018305828609347047,3.2780016624947084e-06,4.835533215800305e-05,1.4536957469408797e-05,0.0021897082669928613
K005,N15_M07_F10,1500.0,25.0,0,N15_M07_F10_K005_9.mat,1.3583201286106998e-05,0.0006893739864479716,4.294309945007628e-05,0.0016342446150397099,5.288865585765515e-05,0.00225338104836703,3.8027500676502983e-05,0.00201394849274358,3.2460030797285497e-06,5.20157696652998e-05,1.4516545257851665e-05,0.00225338104836703
K006,N09_M07_F10,900.0,15.0,0,N09_M07_F10_K006_1.mat,5.0979829743457374e-05,0.0014345938700195714,4.7623220118709624e-05,0.000484422263785109,4.908152290713213e-05,0.0007213537334187407,5.3612972198036574e-05,0.0010089339158174618,4.5125725318122565e-05,0.0005500855914660484,4.704133513015655e-05,0.0014345938700195714
K006,N09_M07_F10,900.0,15.0,0,N09_M07_F10_K006_10.mat,5.877401405911542e-05,0.001433152613936786,5.997094123259167e-05,0.0007254811879569629,5.8416848545260645e-05,0.0010821421558191656,6.276242149984611e-05,0.00102952470862916,5.59096488442524e-05,0.0007721799037785445,5.718486836809216e-05,0.001433152613936786
K006,N09_M07_F10,900.0,15.0,0,N09_M07_F10_K006_11.mat,6.0888300009495535e-05,0.0013760494656817612,5.926992433356881e-05,0.0007737897954807608,6.036395922370584e-05,0.001138348834296535,6.225780761776541e-05,0.0009679464820036734,5.541481009477807e-05,0.0010964371611126256,5.735452597571825e-05,0.0013760494656817612
K006,N09_M07_F10,900.0,15.0,0,N09_M07_F10_K006_12.mat,5.6658829087771485e-05,0.0011243015044674314,5.20342597052215e-05,0.0005033327532605646,5.276317738137504e-05,0.000756571852930218,5.614524138958386e-05,0.0008412670432570216,5.0504410410580943e-05,0.0007709354208422223,5.124508188114224e-05,0.0011243015044674314
K006,N09_M07_F10,900.0,15.0,0,N09_M07_F10_K006_13.mat,5.1551787216105414e-05,0.0012368843398932506,5.0555057550587e-05,0.000581849390693174,5.0601318092515685e-05,0.0006002865913321823,5.488124140027567e-05,0.001059923661029831,4.823368927523648e-05,0.0006976700037581356,4.9361152452885945e-05,0.0012368843398932506
K006,N09_M07_F10,900.0,15.0,0,N09_M07_F10_K006_14.mat,4.880399858799014e-05,0.0011006577569172987,4.766232050270691e-05,0.0004705847993439054,4.53372911617453e-05,0.0006464664130277693,4.838693099121361e-05,0.0007401809791761496,4.20936008012962e-05,0.000606520146330444,4.378680794157792e-05,0.0011006577569172987
K006,N09_M07_F10,900.0,15.0,0,N09_M07_F10_K006_15.mat,4.862832314298492e-05,0.001138390236004293,4.6099345361399296e-05,0.0006713475798552789,4.485329971087708e-05,0.0006560315624027118,4.8423301739357953e-05,0.0007760105176780622,4.308117448689526e-05,0.0006884923994688873,4.392591785934428e-05,0.001138390236004293
K006,N09_M07_F10,900.0,15.0,0,N09_M07_F10_K006_16.mat,4.713742689935406e-05,0.001109425609391146,4.724495451268929e-05,0.0006108983431026409,4.6369374395602014e-05,0.0005253139383624833,5.02480091839818e-05,0.0007223071280853473,4.266057044500993e-05,0.0005383683953580199,4.4680151763821744e-05,0.001109425609391146
K006,N09_M07_F10,900.0,15.0,0,N09_M07_F10_K006_17.mat,4.787049259329172e-05,0.0008675519684415723,4.661015445911932e-05,0.0004948001696090243,4.628748132620039e-05,0.0006927923042236155,4.789791684197739e-05,0.0007944896233870017,4.3052505669045936e-05,0.0005396272590453564,4.3970651606456246e-05,0.0008675519684415723
K006,N09_M07_F10,900.0,15.0,0,N09_M07_F10_K006_18.mat,5.738025082426015e-05,0.0012059681682084105,5.293919104272566e-05,0.0006281465436579933,5.405879024379891e-05,0.0005373310262979575,5.6047776010140085e-05,0.000904515657084086,5.0338555201447884e-05,0.000651754918164562,5.168379324032447e-05,0.0012059681682084105
K006,N09_M07_F10,900.0,15.0,0,N09_M07_F10_K006_19.mat,5.4320839619470604e-05,0.001161834056897622,5.4024403049654656e-05,0.0005254538071846958,5.191848975062168e-05,0.0007342013806511714,5.3142095739927664e-05,0.0007878862637379376,4.9611611342128e-05,0.0008707883236508692,5.008592991802423e-05,0.001161834056897622
K006,N09_M07_F10,900.0,15.0,0,N09_M07_F10_K006_2.mat,5.2251168061607e-05,0.0010657792130172278,5.0353751742671e-05,0.0005578068451865679,5.078241471269934e-05,0.0007371237972445939,5.270412391074109e-05,0.0008494367088148827,4.562857502328782e-05,0.0005375949360437757,4.746394655908382e-05,0.0010657792130172278
K006,N09_M07_F10,900.0,15.0,0,N09_M07_F10_K006_20.mat,4.8413023942340744e-05,0.000877192074135029,4.472448936231909e-05,0.0004720619739747092,4.4741946464675904e-05,0.0007518067875414308,4.73492208053008e-05,0.0007799170597180338,4.1959319494732424e-05,0.0005418568526510657,4.318219169363347e-05,0.000877192074135029
K006,N09_M07_F10,900.0,15.0,0,N09_M07_F10_K006_3.mat,4.975757240809304e-05,0.0009830885518275238,4.6681261334738926e-05,0.00044338374983252414,4.7464732143338155e-05,0.0006358310575139972,5.094437744478825e-05,0.0010579729111659635,4.350901782522524e-05,0.0005267145839420678,4.509116525368614e-05,0.0010579729111659635
K006,N09_M07_F10,900.0,15.0,0,N09_M07_F10_K006_4.mat,4.8961059285800045e-05,0.0012775503828341798,4.5958081848255715e-05,0.0005039062099699175,4.7961618595287255e-05,0.0005957747813595773,5.0498605735084965e-05,0.0009065759448922942,4.242227954886075e-05,0.0005835854031409238,4.4593589878794815e-05,0.0012775503828341798
K006,N09_M07_F10,900.0,15.0,0,N09_M07_F10_K006_5.mat,5.041545972339028e-05,0.0013226467442069966,4.663682553278465e-05,0.0006043410744182462,4.5458841274217855e-05,0.0004891128672929535,4.906379525568177e-05,0.0008695920520260695,4.304097423700937e-05,0.00048353557237930416,4.418443531904994e-05,0.0013226467442069966
K006,N09_M07_F10,900.0,15.0,0,N09_M07_F10_K006_6.mat,4.7676495078015146e-05,0.0011980132966943396,4.634247999296427e-05,0.0004538039977754583,4.415401786833459e-05,0.0006335222300754023,4.934494666752813e-05,0.0007980196904582171,4.3247280452684006e-05,0.0006779062090767548,4.412573311755761e-05,0.0011980132966943396
K006,N09_M07_F10,900.0,15.0,0,N09_M07_F10_K006_7.mat,5.0248155228817475e-05,0.0010602392595882896,4.69650110570342e-05,0.0005050209575697361,4.7120373538524164e-05,0.0005546462864987749,4.9784777482090444e-05,0.000695310698756792,4.345976746287188e-05,0.000577868933862668,4.472594099320091e-05,0.0010602392595882896
K006,N09_M07_F10,900.0,15.0,0,N09_M07_F10_K006_8.mat,5.635686037453627e-05,0.0010376742719339933,5.597379955984877e-05,0.0005993564441448248,5.554985810083504e-05,0.0006503852223107542,5.843101762343381e-05,0.0008425982608688739,5.301414697026404e-05,0.0007589589791009811,5.385696396620221e-05,0.0010376742719339933
K006,N09_M07_F10,900.0,15.0,0,N09_M07_F10_K006_9.mat,5.718326230814546e-05,0.001605396376409287,5.291273687947622e-05,0.0005626235471814595,5.48598208741021e-05,0.0007984975662863683,5.843728374285243e-05,0.0008810875983104793,5.010948708985762e-05,0.0007222817095362424,5.2289051122917443e-05,0.001605396376409287
K006,N15_M01_F10,1500.0,25.0,0,N15_M01_F10_K006_1.mat,5.397871103830691e-05,0.0009643568119701522,5.938305410967604e-05,0.0006940956400288321,8.014522627869546e-05,0.0021587072192046845,8.844463563223426e-05,0.004737120527038973,4.7861400492037714e-05,0.000559709527620538,5.686990171100882e-05,0.004737120527038973
K006,N15_M01_F10,1500.0,25.0,0,N15_M01_F10_K006_10.mat,5.072610095805398e-05,0.001132441746115327,5.528749534294694e-05,0.0008891323985347145,8.079903235390959e-05,0.002298908317223302,7.971844792994956e-05,0.004936244331433731,4.406638779122821e-05,0.0006176155693299224,5.228701035809119e-05,0.004936244331433731
K006,N15_M01_F10,1500.0,25.0,0,N15_M01_F10_K006_11.mat,6.771386689727037e-05,0.0010354387470518616,7.396814087851954e-05,0.0009912639923792287,9.553159412509351e-05,0.001894068382023991,9.934824663961446e-05,0.005691463543177011,6.231873064721326e-05,0.0010490079124327368,7.080260030526915e-05,0.005691463543177011
K006,N15_M01_F10,1500.0,25.0,0,N15_M01_F10_K006_12.mat,6.170512284786757e-05,0.0010571909715460738,6.376631362705369e-05,0.0008466452147997055,8.672038871259888e-05,0.0019313277629064898,8.866390656009568e-05,0.005615583515504096,5.3162938363689076e-05,0.0006816914333051887,6.13039560933875e-05,0.005615583515504096
K006,N15_M01_F10,1500.0,25.0,0,N15_M01_F10_K006_13.mat,6.131783288868159e-05,0.0011856338799140895,6.649909140271062e-05,0.0007597254190024205,8.894690406337208e-05,0.002121138671150692,8.983879338287593e-05,0.0049617641728888625,5.4725201708337575e-05,0.000737455329597711,6.28526313888471e-05,0.0049617641728888625
K006,N15_M01_F10,1500.0,25.0,0,N15_M01_F10_K006_14.mat,6.0268436032382285e-05,0.0010888729898574962,6.484169923078045e-05,0.0007144901997652748,8.647088207446862e-05,0.0019373922768890863,9.011107062899529e-05,0.006427480512874803,5.352478008189512e-05,0.0006954327379630146,6.176206012456702e-05,0.006427480512874803
K006,N15_M01_F10,1500.0,25.0,0,N15_M01_F10_K006_15.mat,5.6855124553872455e-05,0.0011387940501904254,6.307836037456624e-05,0.000800081737222279,8.675317033997422e-05,0.0023175500951920203,8.833548265609314e-05,0.0058575196021943285,5.155148584905665e-05,0.0005333637461424887,5.9867703115736486e-05,0.0058575196021943285
K006,N15_M01_F10,1500.0,25.0,0,N15_M01_F10_K006_16.mat,5.087353090752619e-05,0.001165356276249736,5.4327062347168325e-05,0.0007073250322799763,8.020702478289913e-05,0.0021014336658281493,8.238683005552477e-05,0.00415772262761076,4.5497265268415396e-05,0.0006154356738229161,5.383414590470673e-05,0.00415772262761076
K006,N15_M01_F10,1500.0,25.0,0,N15_M01_F10_K006_17.mat,4.99497918225664e-05,0.0009343516223050675,5.2783610474874244e-05,0.0007418849439066273,7.58463820585757e-05,0.0024136955081778826,7.90707885773645e-05,0.004417775418017194,4.3443617159490854e-05,0.0005395544558537087,5.0913782661486685e-05,0.004417775418017194
K006,N15_M01_F10,1500.0,25.0,0,N15_M01_F10_K006_18.mat,4.889136445563331e-05,0.0011028690444012657,5.6364661800989875e-05,0.0008049901615098755,8.197429196794514e-05,0.001868636976288721,8.128651957079777e-05,0.006470052196820645,4.5320952548658663e-05,0.0006501684237435162,5.3438273119644955e-05,0.006470052196820645
K006,N15_M01_F10,1500.0,25.0,0,N15_M01_F10_K006_19.mat,5.492928450630858e-05,0.0013327689700295552,5.7522945836042255e-05,0.0008125303698900462,7.895647690325444e-05,0.0018922597360401846,8.377168257109984e-05,0.00587107884405822,4.514170781242011e-05,0.0006523604406073631,5.416721300704608e-05,0.00587107884405822
K006,N15_M01_F10,1500.0,25.0,0,N15_M01_F10_K006_2.mat,5.4651277855389713e-05,0.000898731456005015,5.673734020281881e-05,0.0009753340022329637,7.622100080746485e-05,0.0018741254147996678,8.642239247614713e-05,0.004993465945309926,4.6411573393465046e-05,0.0008565666827460069,5.490634736339915e-05,0.004993465945309926
K006,N15_M01_F10,1500.0,25.0,0,N15_M01_F10_K006_20.mat,4.830569411333804e-05,0.0013054310276352664,5.308074101311038e-05,0.0007027003971743142,7.628201972954727e-05,0.0019335490366597808,7.733653509185184e-05,0.005671844852043891,4.211028129975165e-05,0.0006675296920970146,4.9955491813701796e-05,0.005671844852043891
K006,N15_M01_F10,1500.0,25.0,0,N15_M01_F10_K006_3.mat,5.1040936839642205e-05,0.0012392988064642892,5.454215828581249e-05,0.0006311464652193504,7.635744672129681e-05,0.0027068334345588868,8.525080909106049e-05,0.005462700884084033,4.5257065189563604e-05,0.0006208592051741388,5.359854468709041e-05,0.005462700884084033
K006,N15_M01_F10,1500.0,25.0,0,N15_M01_F10_K006_4.mat,5.461623802195024e-05,0.0011338486380223813,5.927585024235632e-05,0.0008653766046918165,7.726565755869476e-05,0.002002691742084545,8.624475929283082e-05,0.0062285480027362145,4.817265616402525e-05,0.0005566182184764825,5.616009597938047e-05,0.0062285480027362145
K006,N15_M01_F10,1500.0,25.0,0,N15_M01_F10_K006_5.mat,5.7274879813860174e-05,0.0017006694903206594,5.7724635909340354e-05,0.0010084031145726042,8.053724323914466e-05,0.0017147010753525386,8.648832792691413e-05,0.004844694806430143,4.901430660460442e-05,0.0010250412721475313,5.6900726216759506e-05,0.004844694806430143
K006,N15_M01_F10,1500.0,25.0,0,N15_M01_F10_K006_6.mat,5.892563578370289e-05,0.0010497845239039005,6.289869317811722e-05,0.0008612368960698765,8.724279662845023e-05,0.0017168853238954133,9.245422503407444e-05,0.00565152699887772,5.291072413785592e-05,0.0007924787515421053,6.15392450689309e-05,0.00565152699887772
K006,N15_M01_F10,1500.0,25.0,0,N15_M01_F10_K006_7.mat,5.27528436350479e-05,0.0009757341210933271,5.601389378466216e-05,0.0006887628072463175,7.918393220060266e-05,0.002187291376211742,8.422797961006664e-05,0.005126136060657036,4.628784498606678e-05,0.000690082422323079,5.451530756343795e-05,0.005126136060657036
K006,N15_M01_F10,1500.0,25.0,0,N15_M01_F10_K006_8.mat,4.908313987577769e-05,0.0008414017697208636,5.5433901480275956e-05,0.0005998447948109692,7.863161688928236e-05,0.001910437640604298,8.196018520821811e-05,0.006603153823600136,4.4941977700328265e-05,0.0005865300381668617,5.28674801784473e-05,0.006603153823600136
K006,N15_M01_F10,1500.0,25.0,0,N15_M01_F10_K006_9.mat,4.944249962820467e-05,0.0011982883455693035,5.3457054674412906e-05,0.0005999172181504478,7.359640874371424e-05,0.0023912251393567474,8.066287955897925e-05,0.005016277117338057,4.249730941296435e-05,0.0005661404990431199,5.09051152603153e-05,0.005016277117338057
K006,N15_M07_F04,1500.0,25.0,0,N15_M07_F04_K006_1.mat,6.052958554522085e-05,0.001139115515965571,8.229172990253353e-05,0.001127113743873919,7.989584158084204e-05,0.0014652596668037142,8.246937398113263e-05,0.002014770292897191,5.697846758830324e-05,0.0012788107627429003,6.313977033430685e-05,0.002014770292897191
K006,N15_M07_F04,1500.0,25.0,0,N15_M07_F04_K006_10.mat,4.860854676902228e-05,0.001100195591794534,7.025554345238945e-05,0.0008901007927152602,7.285870082423096e-05,0.0017727661243809292,6.795565617230771e-05,0.0017096705444321408,4.500261984440286e-05,0.0010231283577383202,5.076205340794921e-05,0.0017727661243809292
K006,N15_M07_F04,1500.0,25.0,0,N15_M07_F04_K006_11.mat,4.6911506881058426e-05,0.0010537199117987576,6.588298090237643e-05,0.0010375571306965928,7.004924494455407e-05,0.0017995082569315232,6.781691700402483e-05,0.0015717896082010489,4.230044644293263e-05,0.0013803865406620218,4.876270792552558e-05,0.0017995082569315232
K006,N15_M07_F04,1500.0,25.0,0,N15_M07_F04_K006_12.mat,4.68755352830556e-05,0.0009474761960777424,6.6926159698562e-05,0.0009335898305812783,7.205827756718585e-05,0.002101766852371683,6.81120871836057e-05,0.0017568369484874326,4.3167526530753326e-05,0.0008673481381952568,4.951444827918977e-05,0.002101766852371683
K006,N15_M07_F04,1500.0,25.0,0,N15_M07_F04_K006_13.mat,4.984897772541784e-05,0.0014365060064068526,7.011831050531097e-05,0.001341168283857146,7.55241785206129e-05,0.001916203998361638,6.970395560149368e-05,0.0017210279391593575,4.572607946481512e-05,0.0009113090368978164,5.178333519236808e-05,0.001916203998361638
K006,N15_M07_F04,1500.0,25.0,0,N15_M07_F04_K006_14.mat,4.834739566376651e-05,0.0011525955255708973,6.828029723921858e-05,0.0013022185071987888,7.201134597817226e-05,0.001943243210062756,6.773555707886427e-05,0.0016492363072433671,4.3212652823396556e-05,0.0011240955997939518,4.964689486986131e-05,0.001943243210062756
K006,N15_M07_F04,1500.0,25.0,0,N15_M07_F04_K006_15.mat,4.781250047664062e-05,0.001005295751267822,6.693436442603744e-05,0.0009961994772536126,7.303800983821945e-05,0.0018232207353596893,6.811136649369947e-05,0.001641824007772362,4.412895342067929e-05,0.0009495509161406801,5.0100914509257626e-05,0.0018232207353596893
K006,N15_M07_F04,1500.0,25.0,0,N15_M07_F04_K006_16.mat,4.936915850670958e-05,0.0011034350673881808,6.766765165466411e-05,0.0008782927220621151,6.938727156903932e-05,0.0015215658539436266,6.767860761636091e-05,0.0016657646996587718,4.3989962206388936e-05,0.000949393683227825,4.960456618935105e-05,0.0016657646996587718
K006,N15_M07_F04,1500.0,25.0,0,N15_M07_F04_K006_17.mat,4.8889755890783044e-05,0.0011219366351751276,6.979996197343396e-05,0.0011765956350659498,7.182143735765513e-05,0.0014116428124525268,7.000120483746171e-05,0.0017135762521442567,4.478882003439471e-05,0.0009766592110970512,5.0959337814932275e-05,0.0017135762521442567
K006,N15_M07_F04,1500.0,25.0,0,N15_M07_F04_K006_18.mat,5.075147734496058e-05,0.0007379331031728729,6.958834244885001e-05,0.0010802588579016015,7.863277853440922e-05,0.0018664238850793133,7.10941735406188e-05,0.0016078627889371396,4.559841319271567e-05,0.0009847152030117076,5.2497178223389255e-05,0.0018664238850793133
K006,N15_M07_F04,1500.0,25.0,0,N15_M07_F04_K006_19.mat,4.871393836649346e-05,0.0009911146907482858,6.811899655691639e-05,0.001068632886227816,7.02814187032894e-05,0.0018230464594259882,6.756568806587809e-05,0.001303786386588862,4.3064624153118945e-05,0.0008317141768076092,4.932922389952165e-05,0.0018230464594259882
K006,N15_M07_F04,1500.0,25.0,0,N15_M07_F04_K006_2.mat,4.7441584083464634e-05,0.0013218499360692039,6.821016030200682e-05,0.0010225869495415138,6.964533108859499e-05,0.0016122687733624256,6.690626323436855e-05,0.0015524013390763893,4.2247434536640595e-05,0.0009356045759983666,4.8726638655940294e-05,0.0016122687733624256
K006,N15_M07_F04,1500.0,25.0,0,N15_M07_F04_K006_20.mat,4.968974157243882e-05,0.0009908117353199526,7.061421851239673e-05,0.001042976894500097,7.600787447675562e-05,0.0016660672637489086,7.00567692542815e-05,0.0020431128119814215,4.49407795344656e-05,0.0008902335016513602,5.186795629620864e-05,0.0020431128119814215
K006,N15_M07_F04,1500.0,25.0,0,N15_M07_F04_K006_3.mat,5.219173116604336e-05,0.0013388667077589187,7.102495168568905e-05,0.001244754998047583,7.454199370700317e-05,0.0018778429310118677,7.137924741543281e-05,0.001949291545771333,4.649805400987014e-05,0.0008571638810435403,5.277242180336817e-05,0.001949291545771333
K006,N15_M07_F04,1500.0,25.0,0,N15_M07_F04_K006_4.mat,5.252754233706901e-05,0.0010664094394572635,7.037003981511861e-05,0.001009380165185823,7.223943063265689e-05,0.0013974066573248843,7.292515666690688e-05,0.0014263708563665477,4.739376353658522e-05,0.0019374436772216397,5.348993804193219e-05,0.0019374436772216397
K006,N15_M07_F04,1500.0,25.0,0,N15_M07_F04_K006_5.mat,4.894709643404637e-05,0.0008025557232027886,6.651179704852362e-05,0.0009208840801561252,6.918661608486966e-05,0.0020205403656736163,6.880190922385236e-05,0.0014925386300366859,4.242818099604905e-05,0.0013205085820075847,4.891849591690071e-05,0.0020205403656736163
K006,N15_M07_F04,1500.0,25.0,0,N15_M07_F04_K006_6.mat,5.195330568346836e-05,0.0012708802798835175,6.845348187559088e-05,0.001063980408668857,7.040356167544552e-05,0.001982349499351368,7.147072890832707e-05,0.001478404642323935,4.348841319701784e-05,0.001188123617885895,5.082073342681603e-05,0.001982349499351368
K006,N15_M07_F04,1500.0,25.0,0,N15_M07_F04_K006_7.mat,5.1727233735685986e-05,0.0007807960913502109,6.852036685949402e-05,0.0012197763962411667,7.075511851472089e-05,0.0016257991543956402,7.009010224948186e-05,0.0014276257391215047,4.482101148261454e-05,0.0009614007231887474,5.113327135898472e-05,0.0016257991543956402
K006,N15_M07_F04,1500.0,25.0,0,N15_M07_F04_K006_8.mat,4.5892402471244646e-05,0.001244427247479957,6.855052164782263e-05,0.0009755801747480433,7.206366039325242e-05,0.0017736854774834318,6.93545211595183e-05,0.0022455003354024203,4.282788091137695e-05,0.0009233494364213067,4.940410243715178e-05,0.0022455003354024203
K006,N15_M07_F04,1500.0,25.0,0,N15_M07_F04_K006_9.mat,5.1018773683247614e-05,0.0017105978156703953,6.927350451320106e-05,0.0010387019705627252,7.092206261457861e-05,0.0015038125890296516,6.890161618207411e-05,0.0015969610333552216,4.6069392164584764e-05,0.0009546788201220334,5.1216731049524036e-05,0.0017105978156703953
K006,N15_M07_F10,1500.0,25.0,0,N15_M07_F10_K006_1.mat,5.256847112834403e-05,0.001018549997220908,5.661324603519338e-05,0.0007432449990516922,8.21236154720407e-05,0.0015830580613735437,8.794773876734434e-05,0.007159732013425048,4.630336769433765e-05,0.0008549614254619599,5.5475298760430905e-05,0.007159732013425048
K006,N15_M07_F10,1500.0,25.0,0,N15_M07_F10_K006_10.mat,5.5940369288147164e-05,0.0011400064000491085,5.914689347398834e-05,0.0009789763272349424,8.346755479469081e-05,0.0020028644319616032,9.162798513059638e-05,0.006968808681449287,4.6509633266806274e-05,0.0005860558983927097,5.688749045631373e-05,0.006968808681449287
K006,N15_M07_F10,1500.0,25.0,0,N15_M07_F10_K006_11.mat,4.927560848169153e-05,0.001418167863449007,5.425140468503842e-05,0.0005936069212587326,7.836396702869106e-05,0.0024397287854751658,8.561129861096282e-05,0.0074945284171915524,4.2863912978513495e-05,0.0005750354223434379,5.228020733262021e-05,0.0074945284171915524
K006,N15_M07_F10,1500.0,25.0,0,N15_M07_F10_K006_12.mat,4.9206560650374206e-05,0.0011139719343273898,5.3236227849364095e-05,0.0007387503987190051,7.737826305866105e-05,0.0020052793650864164,8.326681832960682e-05,0.006116580072624702,4.1174190638747006e-05,0.000719046918910154,5.100695621187535e-05,0.006116580072624702
K006,N15_M07_F10,1500.0,25.0,0,N15_M07_F10_K006_13.mat,4.889659214638817e-05,0.0012596396585687437,5.224983538845163e-05,0.0005999097461781688,7.728090320898686e-05,0.0021482173666067463,8.368798226797711e-05,0.006168194101644819,4.230830078414947e-05,0.00054193527768574,5.138345386074259e-05,0.006168194101644819
K006,N15_M07_F10,1500.0,25.0,0,N15_M07_F10_K006_14.mat,4.912634786005947e-05,0.0011161559185179383,5.5024743775735703e-05,0.0007793457402221591,7.856582169065866e-05,0.0018014824693750313,8.46139306241572e-05,0.004854470703043489,4.305473398109488e-05,0.0006701254000859725,5.2231361845693716e-05,0.004854470703043489
K006,N15_M07_F10,1500.0,25.0,0,N15_M07_F10_K006_15.mat,5.148165842849686e-05,0.0008978002591570073,5.4900728431151416e-05,0.0006454323840236145,7.772260053954904e-05,0.0020277444417624237,8.39296247946894e-05,0.00465902073621964,4.246342264228451e-05,0.0005966294396701414,5.197082420315151e-05,0.00465902073621964
K006,N15_M07_F10,1500.0,25.0,0,N15_M07_F10_K006_16.mat,5.062927592900709e-05,0.0013523708941793153,5.173460013146052e-05,0.0006201970912133052,7.41999186301348e-05,0.0015939241331685797,8.250308145869113e-05,0.004607666898290475,4.080333069999462e-05,0.0005421973072902678,5.0143312381727674e-05,0.004607666898290475
K006,N15_M07_F10,1500.0,25.0,0,N15_M07_F10_K006_17.mat,5.297634294489662e-05,0.0013718888449724559,5.663981330674631e-05,0.0010318144553649114,7.840372712864389e-05,0.002204520157452254,8.718140490611522e-05,0.0076613075840479,4.426227982016888e-05,0.0007067257721286431,5.350246346486133e-05,0.0076613075840479
K006,N15_M07_F10,1500.0,25.0,0,N15_M07_F10_K006_18.mat,5.273283267077845e-05,0.0009888192700733412,5.4379271946173224e-05,0.0006778906444976523,7.941732868961154e-05,0.0025317918501521165,8.244616575224062e-05,0.004965569590104363,4.357428838892989e-05,0.0006096803104410611,5.234524383147197e-05,0.004965569590104363
K006,N15_M07_F10,1500.0,25.0,0,N15_M07_F10_K006_19.mat,5.155738022533722e-05,0.001098001482712464,5.510309317649533e-05,0.0006327643023491017,7.670310768386768e-05,0.002425243624613769,8.438822700369663e-05,0.006965891868874561,4.440334112208733e-05,0.0007362720097370943,5.289873799452025e-05,0.006965891868874561
K006,N15_M07_F10,1500.0,25.0,0,N15_M07_F10_K006_2.mat,5.224434853838638e-05,0.0008362986344343335,5.5167215020451174e-05,0.000804229424658803,8.070710647662263e-05,0.0020079766764387486,8.533979609804536e-05,0.009079398748277333,4.572271515947622e-05,0.0006375629603915092,5.4354542277966436e-05,0.009079398748277333
K006,N15_M07_F10,1500.0,25.0,0,N15_M07_F10_K006_20.mat,4.777591575037554e-05,0.001352642907795533,5.35245127731988e-05,0.0005908613928680293,7.793993974610534e-05,0.0016246212237544864,8.403550957731122e-05,0.005883601045154568,4.251416462964253e-05,0.00053805204278315,5.1630772348325004e-05,0.005883601045154568
K006,N15_M07_F10,1500.0,25.0,0,N15_M07_F10_K006_3.mat,5.336800024452085e-05,0.0009334129387087201,5.595129999791197e-05,0.0007186576571202706,7.940662536548222e-05,0.0019085098118271874,8.751714674336859e-05,0.006387411432992156,4.5347167419509765e-05,0.0007215545486068788,5.480398546186503e-05,0.006387411432992156
K006,N15_M07_F10,1500.0,25.0,0,N15_M07_F10_K006_4.mat,5.2942126122938545e-05,0.0016334447034543414,5.5779086986628576e-05,0.0008567190369929815,7.879395689914315e-05,0.002155217701148715,8.811105530100855e-05,0.006831937758411054,4.494699489675231e-05,0.0007109579207065842,5.4076756962862084e-05,0.006831937758411054
K006,N15_M07_F10,1500.0,25.0,0,N15_M07_F10_K006_5.mat,5.160862919633328e-05,0.0008414921855212516,5.308035858018439e-05,0.0007576586172623432,8.105228149683417e-05,0.0019467566615803818,8.50131397528868e-05,0.009616274558320289,4.394338065912422e-05,0.000686345214634336,5.2867083263953885e-05,0.009616274558320289
K006,N15_M07_F10,1500.0,25.0,0,N15_M07_F10_K006_6.mat,4.863408129805175e-05,0.0012034019131343249,5.3216108194400765e-05,0.0008005310236481671,7.766596018907344e-05,0.0022627179635822544,8.580985698806666e-05,0.007778584389644079,4.268269184168469e-05,0.000738456019736892,5.187643355386697e-05,0.007778584389644079
K006,N15_M07_F10,1500.0,25.0,0,N15_M07_F10_K006_7.mat,4.953052003721183e-05,0.0011726349984461512,5.5398299998741134e-05,0.000549763149567791,8.155108320605212e-05,0.002574717036272119,8.650110870228958e-05,0.006649833737807167,4.408396480931752e-05,0.0006089747292148812,5.331836636607444e-05,0.006649833737807167
K006,N15_M07_F10,1500.0,25.0,0,N15_M07_F10_K006_8.mat,5.1253372134532505e-05,0.001126351543803986,5.3034328870259585e-05,0.0006663098864900842,7.843804558085487e-05,0.0032763140918624146,8.813999279259647e-05,0.00818950830623255,4.192715607854105e-05,0.0006043891583053994,5.2284894786902114e-05,0.00818950830623255
K006,N15_M07_F10,1500.0,25.0,0,N15_M07_F10_K006_9.mat,5.0253519949521265e-05,0.001153136988509495,5.630762908849467e-05,0.0006718006340021832,7.952785491449263e-05,0.002116133500061479,8.433731754938948e-05,0.006755109065533807,4.3081098698810257e-05,0.0005797145615101425,5.2633373547505105e-05,0.006755109065533807
KA01,N09_M07_F10,900.0,15.0,1,N09_M07_F10_KA01_1.mat,5.3177739152256785e-05,0.0004830474485096253,2.657508984697428e-05,0.0005094563262581939,3.550800781886887e-05,0.0004902381671482574,6.872331351681166e-05,0.0017989667480211246,4.171285777845952e-06,0.00014631468434273757,1.894886665165543e-05,0.0017989667480211246
KA01,N09_M07_F10,900.0,15.0,1,N09_M07_F10_KA01_10.mat,5.600774169569478e-05,0.0004611114295147026,2.8183838511454807e-05,0.0005247920106435007,3.627221127221364e-05,0.0004970184806154303,7.154415448019642e-05,0.00233952327267476,4.299324546043314e-06,0.00013291364284323626,1.9715404101348345e-05,0.00233952327267476
KA01,N09_M07_F10,900.0,15.0,1,N09_M07_F10_KA01_11.mat,5.7034406456337015e-05,0.00048199524551834706,2.751847450793782e-05,0.000549305502373427,3.560924760680888e-05,0.0005299732117180046,7.145895998240346e-05,0.0018785167327952318,4.34637595652054e-06,0.00014188742576818158,1.965928196980847e-05,0.0018785167327952318
KA01,N09_M07_F10,900.0,15.0,1,N09_M07_F10_KA01_12.mat,5.5995566256488844e-05,0.0005782126793461693,2.7390091446265884e-05,0.000578335658886231,3.692491428398088e-05,0.0007152494367665775,7.145538150255215e-05,0.001977673703648918,4.379115134242301e-06,0.00017564986944492298,1.9718323079447564e-05,0.001977673703648918
KA01,N09_M07_F10,900.0,15.0,1,N09_M07_F10_KA01_13.mat,5.64882504170664e-05,0.0005711689296958478,2.7279466533755442e-05,0.0005220247568202361,3.183692170831595e-05,0.0004265575045271671,7.028751896295802e-05,0.002201546374835988,4.314251986916379e-06,0.0001402407751803424,1.9225378716311268e-05,0.002201546374835988
KA01,N09_M07_F10,900.0,15.0,1,N09_M07_F10_KA01_14.mat,5.607966545122465e-05,0.0004884766364264865,2.694103541971621e-05,0.0005728584896682391,3.13316164947089e-05,0.00044887416543466937,7.016603741430216e-05,0.00179932681638847,4.311767782929139e-06,0.00016381236659965146,1.9111833783352813e-05,0.00179932681638847
KA01,N09_M07_F10,900.0,15.0,1,N09_M07_F10_KA01_15.mat,5.6921137044236974e-05,0.00047579454360116406,2.740845031773434e-05,0.0005384931929198803,3.533144590313092e-05,0.0005103331294751988,7.131836408853589e-05,0.001782074683890739,4.4042203968997734e-06,0.0001664478818205157,1.9636941034165278e-05,0.001782074683890739
KA01,N09_M07_F10,900.0,15.0,1,N09_M07_F10_KA01_16.mat,5.636888013364899e-05,0.00048461921107630145,2.7586049433785183e-05,0.0005195520974753459,3.5383018141486357e-05,0.000457370554180945,7.000401306715203e-05,0.0021503805752009957,4.345294602217301e-06,0.000163489185032588,1.9408532893137672e-05,0.0021503805752009957
KA01,N09_M07_F10,900.0,15.0,1,N09_M07_F10_KA01_17.mat,5.6812284762997116e-05,0.0005381629455127308,2.7192974453574452e-05,0.0005144723589594023,3.549398456850541e-05,0.0004897648442112754,7.131445231968015e-05,0.002671785401337036,4.3751852376925525e-06,0.00014633041126742297,1.9621307644192596e-05,0.002671785401337036
KA01,N09_M07_F10,900.0,15.0,1,N09_M07_F10_KA01_18.mat,5.5826512043185e-05,0.00042986038958086036,2.7216584380962964e-05,0.0005185786866341066,3.143838052859131e-05,0.0004158350935675693,6.966795239060603e-05,0.0018456594299206442,4.2560813063213435e-06,0.00011952054803486768,1.902252654201359e-05,0.0018456594299206442
KA01,N09_M07_F10,900.0,15.0,1,N09_M07_F10_KA01_19.mat,5.6421424838263934e-05,0.00046498106899016617,2.739079553843712e-05,0.0004939002759379971,3.6094594229490934e-05,0.0005393436964793857,7.072082396476473e-05,0.002011047107960648,4.312205132176983e-06,0.00014777935994742428,1.9564328252684563e-05,0.002011047107960648
KA01,N09_M07_F10,900.0,15.0,1,N09_M07_F10_KA01_2.mat,5.452153696070361e-05,0.00047269821132065414,2.6955796923006198e-05,0.0004371224527183148,3.8236845483815444e-05,0.0006592858507151817,7.00243970517294e-05,0.0018836239706498822,4.303997615935679e-06,0.00015403085701641382,1.9473670025396952e-05,0.0018836239706498822
KA01,N09_M07_F10,900.0,15.0,1,N09_M07_F10_KA01_20.mat,5.5702626456845576e-05,0.0004135004885490129,2.7733459080259176e-05,0.0005319718822254645,3.543522027079121e-05,0.0005092376016536324,7.062334064055434e-05,0.0020835257007441772,4.249708684805689e-06,0.0001228930847716353,1.948819148586772e-05,0.0020835257007441772
KA01,N09_M07_F10,900.0,15.0,1,N09_M07_F10_KA01_3.mat,5.480273699704905e-05,0.00043171532840717683,2.7744302644385092e-05,0.0005250517460041117,3.6614706997288335e-05,0.000579245257109338,6.685669884016123e-05,0.0019764905680651696,4.283809027860368e-06,0.00013409011094758045,1.8900877576780117e-05,0.0019764905680651696
KA01,N09_M07_F10,900.0,15.0,1,N09_M07_F10_KA01_4.mat,5.579928733396315e-05,0.00046774481040362894,2.7276883994066804e-05,0.0005251722260153247,3.2781145750689855e-05,0.000556726998140594,6.533054894048808e-05,0.0017069599428449407,4.234126908397043e-06,0.0001233943453981182,1.8399953901962852e-05,0.0017069599428449407
KA01,N09_M07_F10,900.0,15.0,1,N09_M07_F10_KA01_5.mat,5.4639968605998024e-05,0.0004976467293846928,2.7544690306132954e-05,0.0004962574121656818,3.6173357507299685e-05,0.0005290696316972102,6.598303250113904e-05,0.002117624052580909,4.267752292580148e-06,0.00014726548394236938,1.873366170861704e-05,0.002117624052580909
KA01,N09_M07_F10,900.0,15.0,1,N09_M07_F10_KA01_6.mat,5.5419138439183266e-05,0.0005047649097921699,2.7303200700665586e-05,0.00045364366092547434,3.231967274822705e-05,0.00042344831746647747,6.464851396460932e-05,0.001762123358168883,4.328090940415295e-06,0.00016298815026832706,1.832052394294174e-05,0.001762123358168883
KA01,N09_M07_F10,900.0,15.0,1,N09_M07_F10_KA01_7.mat,5.5756436063234186e-05,0.00045039621180610286,2.7934342420674515e-05,0.000546547546923847,3.797281061800872e-05,0.0008097466691139237,6.995317828536893e-05,0.0023182310006194247,4.328263901605449e-06,0.0001571086145332802,1.955164024920023e-05,0.0023182310006194247
KA01,N09_M07_F10,900.0,15.0,1,N09_M07_F10_KA01_8.mat,5.4515130111111415e-05,0.0004425148444911385,2.7463601162638598e-05,0.00048274226182894896,3.611521768157294e-05,0.0005250511762504038,6.997560401671798e-05,0.0020390706066564326,4.210892428468906e-06,0.00015186035286843255,1.9348264704558584e-05,0.0020390706066564326
KA01,N09_M07_F10,900.0,15.0,1,N09_M07_F10_KA01_9.mat,5.547835101474574e-05,0.00047205999113594354,2.6930349020271768e-05,0.0005413065597925758,3.122989126294677e-05,0.0004239501400902391,6.908277924990627e-05,0.0018796817554518812,4.245042132765735e-06,0.0001157702073152926,1.8881949344581806e-05,0.0018796817554518812
KA01,N15_M01_F10,1500.0,25.0,1,N15_M01_F10_KA01_1.mat,7.321249803424723e-05,0.0007307518659547762,0.00015345318966916496,0.005608727323701712,0.0009877790779954357,0.012821479894764865,0.00013942487575573383,0.0059392849641733605,1.1016206095725786e-05,0.0017679853331507955,0.00010022555243868898,0.012821479894764865
KA01,N15_M01_F10,1500.0,25.0,1,N15_M01_F10_KA01_10.mat,7.333210442127802e-05,0.0009113188971026519,0.00015985817621197717,0.0062316680354904085,0.0010086798441738076,0.012847720162853649,0.00014199759207765835,0.006034007023881903,1.0984561269234633e-05,0.001575980215974666,0.00010234432414877905,0.012847720162853649
KA01,N15_M01_F10,1500.0,25.0,1,N15_M01_F10_KA01_11.mat,7.23781962142369e-05,0.0007826078614629262,0.00015116350684419363,0.005584294756086347,0.0009989786666740725,0.013378313494653984,0.0001442169594363396,0.005471108547996356,1.1015428508755006e-05,0.001343570533009847,0.00010151050049080258,0.013378313494653984
KA01,N15_M01_F10,1500.0,25.0,1,N15_M01_F10_KA01_12.mat,7.290328518951804e-05,0.0007645837937028192,0.0001542486212216591,0.005497743573310158,0.0009955281779661152,0.014366760181067292,0.0001445485368894375,0.00493554386926174,1.0681533017336943e-05,0.0018809174642996991,0.00010145802669403948,0.014366760181067292
KA01,N15_M01_F10,1500.0,25.0,1,N15_M01_F10_KA01_13.mat,7.338376514415992e-05,0.0007926558605382852,0.00015996438499617927,0.005512960843413009,0.0009926767170068906,0.01319151977321649,0.00014729357763426212,0.004701237651255685,1.0747062000074268e-05,0.0015509805379414691,0.00010207974047514121,0.01319151977321649
KA01,N15_M01_F10,1500.0,25.0,1,N15_M01_F10_KA01_14.mat,7.175031096191873e-05,0.0007692757137143625,0.0001596515850062264,0.006489995308333058,0.0010064295805477374,0.01223864752017133,0.00014891151588983175,0.005418431110870698,1.0770142325747203e-05,0.0018599468231377957,0.0001031636839315656,0.01223864752017133
KA01,N15_M01_F10,1500.0,25.0,1,N15_M01_F10_KA01_15.mat,7.250055209569342e-05,0.0008465238374993819,0.0001604848676577339,0.006437124636502242,0.001013195316203434,0.013394279100962058,0.00014936771886809913,0.004655219390828314,1.0313051347327968e-05,0.0013425874232511111,0.00010356573524518662,0.013394279100962058
KA01,N15_M01_F10,1500.0,25.0,1,N15_M01_F10_KA01_16.mat,7.233186086834248e-05,0.0008217725571968478,0.00016045456069471178,0.005193611872215748,0.0010063322633134585,0.013169226817442375,0.00015217521724159914,0.005805046036945229,1.0343777577712116e-05,0.001538838090657821,0.0001035469223238644,0.013169226817442375
KA01,N15_M01_F10,1500.0,25.0,1,N15_M01_F10_KA01_17.mat,7.229966210996857e-05,0.0008101718855589822,0.00015779286575510766,0.005421115341593488,0.0010199711633147124,0.012353188791051878,0.00014838836907477078,0.0044401992371481186,1.0419790496433241e-05,0.001441535783851278,0.0001037364430121163,0.012353188791051878
KA01,N15_M01_F10,1500.0,25.0,1,N15_M01_F10_KA01_18.mat,7.278382248994696e-05,0.0008254316851147919,0.00015636855887796617,0.006005058816614114,0.0010123674612079426,0.013315494819297155,0.00015197386776985908,0.004665950455676311,1.0265970209852824e-05,0.0013158222046999644,0.00010362306756968506,0.013315494819297155
KA01,N15_M01_F10,1500.0,25.0,1,N15_M01_F10_KA01_19.mat,7.267129786617003e-05,0.0008607767202914019,0.00015863334653780812,0.006208472276870653,0.0010252466978305122,0.013177037284663044,0.00014922601892397138,0.007359557798027456,1.0464800775558564e-05,0.0013675730807080314,0.00010428173137449401,0.013177037284663044
KA01,N15_M01_F10,1500.0,25.0,1,N15_M01_F10_KA01_2.mat,7.203538995309573e-05,0.0008988207668093153,0.0001673497292561357,0.006575527776746095,0.0009657199329575223,0.01211745711958587,0.00013960517015684662,0.005112308705875564,1.0807033167762633e-05,0.0015481365733004304,9.966591842722484e-05,0.01211745711958587
KA01,N15_M01_F10,1500.0,25.0,1,N15_M01_F10_KA01_20.mat,7.227827017721343e-05,0.0008261692372377393,0.00015579921061197554,0.005196458876377907,0.0010188863766360666,0.013040374370631658,0.00014872674138902386,0.00571642585219122,1.0353906733110362e-05,0.0014981037970843605,0.00010351086744574374,0.013040374370631658
KA01,N15_M01_F10,1500.0,25.0,1,N15_M01_F10_KA01_3.mat,7.283818542260988e-05,0.000984066436127016,0.00015426792660955014,0.005026319784345641,0.0009968643561278454,0.014664580819540177,0.00014371639391756171,0.005592556098428081,1.0791734485898719e-05,0.0017861357462265798,0.0001014712419664146,0.014664580819540177
KA01,N15_M01_F10,1500.0,25.0,1,N15_M01_F10_KA01_4.mat,7.202522005794793e-05,0.0007512542437089165,0.00016111476008772132,0.006364939607892511,0.000987163187829264,0.013114415208739646,0.00014084065733547296,0.004767570404116573,1.0943868221401368e-05,0.001618014438250056,0.00010085797329402217,0.013114415208739646
KA01,N15_M01_F10,1500.0,25.0,1,N15_M01_F10_KA01_5.mat,7.243989549808081e-05,0.0008170668708553079,0.00015677700780231766,0.006458797685009134,0.000969904108377369,0.012753311233971044,0.00013885252516387424,0.007284048299268767,1.0837806391007782e-05,0.001575719400529728,9.911772054889008e-05,0.012753311233971044
KA01,N15_M01_F10,1500.0,25.0,1,N15_M01_F10_KA01_6.mat,7.366914446126499e-05,0.0007228884251243005,0.00015347310798383002,0.005993345302061193,0.0009948932494850007,0.013826459244571624,0.0001404866584747344,0.005949365761306139,1.0748623658167164e-05,0.0014276986138017599,0.00010072363695903314,0.013826459244571624
KA01,N15_M01_F10,1500.0,25.0,1,N15_M01_F10_KA01_7.mat,7.333230694936424e-05,0.0007962643725935533,0.00015657127362762193,0.006047369092832177,0.0010019860223781374,0.013660678017653865,0.00014087132697024465,0.0050448128671482795,1.1049950764477238e-05,0.0015882604916503038,0.00010152699044232542,0.013660678017653865
KA01,N15_M01_F10,1500.0,25.0,1,N15_M01_F10_KA01_8.mat,7.297940544007021e-05,0.0007381729770047905,0.0001561180835440301,0.005731300162794186,0.0010050903928428357,0.01307173346381171,0.000143026343310333,0.0052742699889503685,1.1172790463383482e-05,0.0017790948930830434,0.00010204254584793301,0.01307173346381171
KA01,N15_M01_F10,1500.0,25.0,1,N15_M01_F10_KA01_9.mat,7.376410343778825e-05,0.0007894709322861399,0.000162226902170888,0.005895220296261115,0.000997998207695462,0.014793228523757343,0.00014098776799814373,0.005173548141002511,1.1285793933144892e-05,0.0016186477411182668,0.00010173714256337069,0.014793228523757343
KA01,N15_M07_F04,1500.0,25.0,1,N15_M07_F04_KA01_1.mat,0.00011248700853659395,0.0014648639179422505,9.045877842211631e-05,0.0017765109408397228,0.0005349000332099186,0.00841527771868618,0.00025855090900196964,0.009731230609073983,3.7875409363751656e-05,0.004649122252758312,9.618357640665637e-05,0.009731230609073983
KA01,N15_M07_F04,1500.0,25.0,1,N15_M07_F04_KA01_10.mat,0.00011778143587708173,0.0013179219126845739,9.033157868847004e-05,0.0018148693195574076,0.0005350076177380917,0.008665140047963817,0.0002601089616266257,0.008140217232446744,4.2682331611601144e-05,0.007165824328635081,9.81013218007341e-05,0.008665140047963817
KA01,N15_M07_F04,1500.0,25.0,1,N15_M07_F04_KA01_11.mat,0.00012061613144662233,0.0012978494195863197,9.059467012337452e-05,0.0017755821036659974,0.0005430700545294313,0.008784194061264608,0.00026454505974649354,0.009342915647410676,4.3225369795966716e-05,0.00593132672030558,9.957683920333983e-05,0.009342915647410676
KA01,N15_M07_F04,1500.0,25.0,1,N15_M07_F04_KA01_12.mat,0.00011948976850955368,0.0012595882437173337,9.000455345842406e-05,0.0015070457263264545,0.0005388836965824009,0.009400007506096797,0.00026156415422521077,0.009102679753786678,4.345590406229074e-05,0.00645681404582957,9.885913059086246e-05,0.009400007506096797
KA01,N15_M07_F04,1500.0,25.0,1,N15_M07_F04_KA01_13.mat,0.00011944776768611009,0.0012516250579649398,8.880011411900674e-05,0.0016660120214236746,0.0005352311922828036,0.008225248168372265,0.00026184986774156397,0.009312474159583794,4.285194423273436e-05,0.006182884494821057,9.841916389055962e-05,0.009312474159583794
KA01,N15_M07_F04,1500.0,25.0,1,N15_M07_F04_KA01_14.mat,0.0001191170421345087,0.0013197610785674356,8.93511577185362e-05,0.0014029102188936587,0.0005331336157103784,0.009984911073628217,0.0002613338659108537,0.010898387266931656,4.355671341090057e-05,0.006517443378474175,9.843054514751538e-05,0.010898387266931656
KA01,N15_M07_F04,1500.0,25.0,1,N15_M07_F04_KA01_15.mat,0.00012071346618140203,0.0013940094286119444,8.890976075399052e-05,0.0015420378145579085,0.0005372858697791571,0.008404106657928666,0.00026006646246657316,0.009766075510642009,4.3015010764886724e-05,0.006663156849838994,9.841709009725293e-05,0.009766075510642009
KA01,N15_M07_F04,1500.0,25.0,1,N15_M07_F04_KA01_16.mat,0.0001198629188199086,0.0012252327368509966,8.854190930735889e-05,0.0018760106127893358,0.0005315962379050444,0.009350244987223786,0.00026647555252539253,0.008752587276899568,4.276166879012258e-05,0.0070762951156912,9.890147518681955e-05,0.009350244987223786
KA01,N15_M07_F04,1500.0,25.0,1,N15_M07_F04_KA01_17.mat,0.00012067942291837705,0.0012634565150578861,8.976722154198839e-05,0.001411990972639221,0.0005362309827937176,0.009029583082416751,0.00026642015719829725,0.009516167245597283,4.2597854042709144e-05,0.006708892334721685,9.922663438516673e-05,0.009516167245597283
KA01,N15_M07_F04,1500.0,25.0,1,N15_M07_F04_KA01_18.mat,0.00012068855307966725,0.0013052572867792006,8.943600305472957e-05,0.0016887924138468508,0.0005380957326087185,0.009342768292417642,0.00026283975722748553,0.007603836587097359,4.3519026203169965e-05,0.0059160657997204815,9.903401838532102e-05,0.009342768292417642
KA01,N15_M07_F04,1500.0,25.0,1,N15_M07_F04_KA01_19.mat,0.00012086302048167716,0.0012872070881043793,9.066431456283297e-05,0.0016554160707640006,0.0005413798476794879,0.00862934740675076,0.00026491454169327654,0.008836923665150856,4.278379821494041e-05,0.006729266424844497,9.941798266851037e-05,0.008836923665150856
KA01,N15_M07_F04,1500.0,25.0,1,N15_M07_F04_KA01_2.mat,0.00011285398602260261,0.0012256853638305894,9.411652589482091e-05,0.0017266157983400368,0.0005262828078136933,0.007905289498262155,0.00025731680793638213,0.008963291356325434,3.8637943605152304e-05,0.005593751681795816,9.591964034395415e-05,0.008963291356325434
KA01,N15_M07_F04,1500.0,25.0,1,N15_M07_F04_KA01_20.mat,0.00012028662564940286,0.001276598642599977,8.795476999011745e-05,0.0017360739120113164,0.0005457476861857952,0.010485516747947897,0.00026443720614607885,0.008306584134333416,4.192456092328241e-05,0.005257801724102468,9.912244481154994e-05,0.010485516747947897
KA01,N15_M07_F04,1500.0,25.0,1,N15_M07_F04_KA01_3.mat,0.00011423559077501282,0.0012604695519047816,9.634109937420768e-05,0.00166772460035239,0.0005341112486783659,0.009216754865528056,0.00025859469722124874,0.009171422482243606,4.0885984623739e-05,0.006994659298987023,9.748003177457029e-05,0.009216754865528056
KA01,N15_M07_F04,1500.0,25.0,1,N15_M07_F04_KA01_4.mat,0.00011445434491031278,0.001383276977791584,9.150901166552566e-05,0.001552538520297865,0.0005254001497829425,0.008113892762968797,0.0002551600868933207,0.00898077697506234,4.1239847385405276e-05,0.006020631505788795,9.622589106689976e-05,0.00898077697506234
KA01,N15_M07_F04,1500.0,25.0,1,N15_M07_F04_KA01_5.mat,0.00011633151931725534,0.0013777612293557626,9.229638707383337e-05,0.0016640646660032886,0.0005307758279736609,0.00871312426629854,0.0002533883917448719,0.008427420996318456,4.0877812713276785e-05,0.005321928971247245,9.629667386607926e-05,0.00871312426629854
KA01,N15_M07_F04,1500.0,25.0,1,N15_M07_F04_KA01_6.mat,0.00011662965975421404,0.0013092638247764546,9.18336300970592e-05,0.0017885601152780204,0.0005159156000806315,0.007929811720030263,0.00025706508172209584,0.008627110565074602,4.2986913156778794e-05,0.007751900075446483,9.659857641067634e-05,0.008627110565074602
KA01,N15_M07_F04,1500.0,25.0,1,N15_M07_F04_KA01_7.mat,0.00011778843551315075,0.0013337035600803507,8.830572433611886e-05,0.0013627980530743022,0.0005388723535306543,0.009600414362956493,0.0002604583888587128,0.008901747762754115,4.270700198872394e-05,0.004728620021017798,9.828878058030999e-05,0.009600414362956493
KA01,N15_M07_F04,1500.0,25.0,1,N15_M07_F04_KA01_8.mat,0.00011748085557823132,0.0012908595304285241,9.128823814167902e-05,0.0016260735758221825,0.0005379417263408408,0.008759728034123972,0.00025892123865022416,0.00907832880304309,4.250532367074589e-05,0.009368094124580282,9.815705899001767e-05,0.009368094124580282
KA01,N15_M07_F04,1500.0,25.0,1,N15_M07_F04_KA01_9.mat,0.00011837139830895686,0.0012336099632227636,9.197069569870763e-05,0.0014946536000238354,0.000532439824540317,0.010311793326599995,0.0002577384753169258,0.008655950466365348,4.381844934029245e-05,0.0064218863880323345,9.804735567099384e-05,0.010311793326599995
KA01,N15_M07_F10,1500.0,25.0,1,N15_M07_F10_KA01_1.mat,7.482855566763167e-05,0.0008220030266662326,0.00014478663523330752,0.004565268074655462,0.0010457058940679662,0.012495972969619568,0.0001525348481315607,0.005441462006082734,1.1711347017524157e-05,0.0013229338350060206,0.00010598729877661681,0.012495972969619568
KA01,N15_M07_F10,1500.0,25.0,1,N15_M07_F10_KA01_10.mat,7.60855269034883e-05,0.0008408633462347723,0.00014853607028515574,0.00483921340810336,0.0010527459812232777,0.013577908981806107,0.00014956476956528886,0.007091118386335292,1.173674101350303e-05,0.002006757821129152,0.00010615825542035518,0.013577908981806107
KA01,N15_M07_F10,1500.0,25.0,1,N15_M07_F10_KA01_11.mat,7.531422142881686e-05,0.0009165213148707385,0.00014710285972668327,0.004724360823902341,0.001070557026244948,0.013759382167571698,0.0001468696712332786,0.005105736058054583,1.1334718245085495e-05,0.0015701758582780075,0.00010655681355624817,0.013759382167571698
KA01,N15_M07_F10,1500.0,25.0,1,N15_M07_F10_KA01_12.mat,7.398154489004661e-05,0.000835943956746272,0.00015319106180453553,0.005199130451119668,0.0010407356026808407,0.013341176052224605,0.00014839242975087883,0.004962859916701282,1.144901466652855e-05,0.001651102943302724,0.00010539402029346828,0.013341176052224605
KA01,N15_M07_F10,1500.0,25.0,1,N15_M07_F10_KA01_13.mat,7.54146064531837e-05,0.000887928820825187,0.0001497137678292106,0.005196879530321229,0.0010516232845918926,0.014073869363144325,0.00014956390908942623,0.0049985933390022715,1.1367166292434438e-05,0.001514821063133177,0.00010600448980498048,0.014073869363144325
KA01,N15_M07_F10,1500.0,25.0,1,N15_M07_F10_KA01_14.mat,7.579140701529577e-05,0.0008412405616741604,0.00014744135637391283,0.005557818117854751,0.0010675460459485932,0.014107378442179458,0.0001495119891811474,0.004865692509702619,1.1369475456337337e-05,0.0017443537235148148,0.00010685608134852006,0.014107378442179458
KA01,N15_M07_F10,1500.0,25.0,1,N15_M07_F10_KA01_15.mat,7.404400451334536e-05,0.0009298164235541582,0.00014726241869563895,0.005458589013505389,0.00106022090814349,0.01330625344894476,0.00015036503510016855,0.005169147165097243,1.142628216211571e-05,0.0017277590107112064,0.0001065290547215688,0.01330625344894476
KA01,N15_M07_F10,1500.0,25.0,1,N15_M07_F10_KA01_16.mat,7.586915259803175e-05,0.0009093953248479975,0.00014533296500080856,0.005464599395764603,0.0010562523475604261,0.014081977227182671,0.00014958168481980875,0.005469290094421672,1.1428575150950307e-05,0.0013704770323792676,0.0001060089598142552,0.014081977227182671
KA01,N15_M07_F10,1500.0,25.0,1,N15_M07_F10_KA01_17.mat,7.395375327629952e-05,0.000849232252896908,0.0001482611599897044,0.005386758275668521,0.0010508071245818782,0.01319984963806605,0.00014769054823958553,0.004961764248742284,1.120959236668439e-05,0.0017113111915290132,0.00010535949945355721,0.01319984963806605
KA01,N15_M07_F10,1500.0,25.0,1,N15_M07_F10_KA01_18.mat,7.56679712560624e-05,0.0008431615911015893,0.00015025432268096845,0.005538364899203318,0.0010493712886350702,0.013916077593510498,0.0001508603013080422,0.005366874440642602,1.1082769511127163e-05,0.001555234896250826,0.00010590880905328311,0.013916077593510498
KA01,N15_M07_F10,1500.0,25.0,1,N15_M07_F10_KA01_19.mat,7.397701121843106e-05,0.0009081696860139293,0.00014710710821326864,0.005014909190258785,0.0010501249521333476,0.01386719522630301,0.00014676740089617602,0.0045003557502779476,1.112928090922702e-05,0.0015290557907004934,0.00010500447773552689,0.01386719522630301
KA01,N15_M07_F10,1500.0,25.0,1,N15_M07_F10_KA01_2.mat,7.440852271464468e-05,0.0008776486920628016,0.0001480495916821014,0.004746798519200474,0.00103068855703725,0.014345688105385638,0.00014589603934841137,0.005325894743745987,1.1142120952345525e-05,0.0016480142637176234,0.00010392284918046761,0.014345688105385638
KA01,N15_M07_F10,1500.0,25.0,1,N15_M07_F10_KA01_20.mat,7.41937547649166e-05,0.0009256980706379118,0.0001524588566223549,0.0059091830969579566,0.0010614950092771383,0.013544686620700136,0.00014977349976864538,0.005400463093516635,1.1113877212747438e-05,0.0015892711310295338,0.00010650578183021095,0.013544686620700136
KA01,N15_M07_F10,1500.0,25.0,1,N15_M07_F10_KA01_3.mat,7.387943002060227e-05,0.0007609148773606551,0.0001454880198349172,0.005124601028086219,0.0010512882753464473,0.012746652142001531,0.00014780416241312141,0.005328035359947403,1.1531648807891492e-05,0.0014798675160088365,0.00010542374043038444,0.012746652142001531
KA01,N15_M07_F10,1500.0,25.0,1,N15_M07_F10_KA01_4.mat,7.528799775420754e-05,0.0008378528291236336,0.000149978492476718,0.0047316514815630584,0.0010512441208774081,0.014893680139648357,0.00015183720013054974,0.00511114309244777,1.1514422008925706e-05,0.0015632850807977647,0.00010637298061724981,0.014893680139648357
KA01,N15_M07_F10,1500.0,25.0,1,N15_M07_F10_KA01_5.mat,7.453644823659822e-05,0.0007788010798954804,0.00014689348057615989,0.004806212191745599,0.0010463905574208065,0.013591855259306894,0.0001476262736666828,0.004317911475847457,1.1254886566604197e-05,0.00169929314936024,0.00010505062409894427,0.013591855259306894
KA01,N15_M07_F10,1500.0,25.0,1,N15_M07_F10_KA01_6.mat,7.511121987968178e-05,0.0009665634726503219,0.000149285585354285,0.0049514890731767345,0.0010485095130888028,0.013259166413100147,0.00014975019908231789,0.004998619767819376,1.160091195970026e-05,0.0016382542225084227,0.00010589076980969814,0.013259166413100147
KA01,N15_M07_F10,1500.0,25.0,1,N15_M07_F10_KA01_7.mat,7.411483612090221e-05,0.0007570841268931927,0.0001469255395383257,0.00522368141374971,0.0010484562671746371,0.013490908655051464,0.00015128335708494283,0.005207191585854066,1.1637457831780512e-05,0.0016740674655062828,0.00010594101091647738,0.013490908655051464
KA01,N15_M07_F10,1500.0,25.0,1,N15_M07_F10_KA01_8.mat,7.48969594335328e-05,0.000817956975657797,0.0001488080624207412,0.004354422330756347,0.001048340809066342,0.018144656511624117,0.0001491018214283442,0.006294611632640739,1.1478314118564785e-05,0.0015842223731683883,0.00010566686797958694,0.018144656511624117
KA01,N15_M07_F10,1500.0,25.0,1,N15_M07_F10_KA01_9.mat,7.557352992824911e-05,0.000842418931814297,0.0001522992690356384,0.004719564157115879,0.0010512004135773319,0.013307115782458781,0.00014814323865957924,0.005114958469509521,1.1614686308857688e-05,0.0015204621021972116,0.0001060347920948704,0.013307115782458781
KA03,N09_M07_F10,900.0,15.0,1,N09_M07_F10_KA03_1.mat,3.502809972761109e-05,0.0019065728722489344,4.787754746364789e-06,8.00045040141489e-05,4.481715230408662e-05,0.0020596041043489206,2.1259771448763097e-05,0.0014927661743171516,1.5520676959595163e-06,7.354587180298037e-05,8.509263847811966e-06,0.0020596041043489206
KA03,N09_M07_F10,900.0,15.0,1,N09_M07_F10_KA03_10.mat,3.462450220957792e-05,0.0018555929093254317,5.18138084819003e-06,9.91128995062667e-05,3.5258392251262884e-05,0.0010232519402236715,2.0124601274284474e-05,0.0012379458476509955,1.6389913973798574e-06,4.5762619320800935e-05,7.786528777657023e-06,0.0018555929093254317
KA03,N09_M07_F10,900.0,15.0,1,N09_M07_F10_KA03_11.mat,3.639665208998199e-05,0.001997420918284924,5.2356682760783305e-06,9.148994801361016e-05,3.594285265969352e-05,0.001179455047358933,1.95922386723689e-05,0.0014128318676601074,1.5699291585830216e-06,3.808745069687617e-05,7.755024558692835e-06,0.001997420918284924
KA03,N09_M07_F10,900.0,15.0,1,N09_M07_F10_KA03_12.mat,3.5311266612936916e-05,0.0019081316980870244,5.12763155191446e-06,0.0001113931783673106,3.5184624697096285e-05,0.0011391690262320597,2.044310711197028e-05,0.0014159933041452003,1.5694807879207924e-06,5.337907154977935e-05,7.817202827055705e-06,0.0019081316980870244
KA03,N09_M07_F10,900.0,15.0,1,N09_M07_F10_KA03_13.mat,3.650773654056309e-05,0.002041836602152137,5.0741972532331566e-06,9.723472425865869e-05,3.503170610651242e-05,0.0012160621919691454,1.9346338785294524e-05,0.0012620352517102578,1.5835936751602061e-06,4.921227811497062e-05,7.678616191305505e-06,0.002041836602152137
KA03,N09_M07_F10,900.0,15.0,1,N09_M07_F10_KA03_14.mat,3.4002774053240894e-05,0.0018827682813859162,5.0631995242321764e-06,0.00012117912808956948,3.500921081232284e-05,0.001040644611583539,1.9775166139542502e-05,0.0011170687943713744,1.5730842369580756e-06,4.2400866919460115e-05,7.656510387540688e-06,0.0018827682813859162
KA03,N09_M07_F10,900.0,15.0,1,N09_M07_F10_KA03_15.mat,3.477436237461433e-05,0.001867911025976784,5.189852430178511e-06,9.62210075998534e-05,3.484896361171737e-05,0.001087916876906948,1.910854737908215e-05,0.0017963681448682556,1.5743938456145674e-06,3.307449012127305e-05,7.570433802086018e-06,0.001867911025976784
KA03,N09_M07_F10,900.0,15.0,1,N09_M07_F10_KA03_16.mat,3.645773479058025e-05,0.0020126793411537522,5.078457767231164e-06,7.901245739198438e-05,3.252513967174372e-05,0.0010508463050243563,1.8340566814606533e-05,0.0010991743836981668,1.5405504004886255e-06,4.788153050480414e-05,7.339668877706909e-06,0.0020126793411537522
KA03,N09_M07_F10,900.0,15.0,1,N09_M07_F10_KA03_17.mat,3.535926468044022e-05,0.0020004563944244123,5.217837898739533e-06,0.00012696340393713584,3.2756370327276504e-05,0.0011781791939592722,1.8582548040868074e-05,0.0010652750328046148,1.6085510005648794e-06,3.287043856895521e-05,7.3977655315895605e-06,0.0020004563944244123
KA03,N09_M07_F10,900.0,15.0,1,N09_M07_F10_KA03_18.mat,3.665362084745928e-05,0.002075307254497641,5.1753789959586725e-06,9.394478930704151e-05,3.344541285914203e-05,0.00085487406255634,1.8127130746029727e-05,0.001212422590300521,1.5713865984540581e-06,5.643813077903458e-05,7.392565105038014e-06,0.002075307254497641
KA03,N09_M07_F10,900.0,15.0,1,N09_M07_F10_KA03_19.mat,3.436502616294593e-05,0.0018823271196059675,5.103594841225884e-06,8.959486078056642e-05,3.2533931016569315e-05,0.0009663924451423431,1.7920555620523004e-05,0.0015877942545469625,1.5655871969925047e-06,7.51872353969375e-05,7.219396443212429e-06,0.0018823271196059675
KA03,N09_M07_F10,900.0,15.0,1,N09_M07_F10_KA03_2.mat,3.534695323382259e-05,0.001946241047010257,4.918866836022529e-06,8.639443373319407e-05,4.424695783491487e-05,0.0013304216119165142,2.126897975853391e-05,0.001481515799242639,1.6063742465344168e-06,5.097651713259303e-05,8.50104110904615e-06,0.001946241047010257
KA03,N09_M07_F10,900.0,15.0,1,N09_M07_F10_KA03_20.mat,3.4273127834563466e-05,0.0018722152452485617,5.0939388731308254e-06,7.5664715748408e-05,3.315004131875035e-05,0.000792457393826887,1.8369569901658478e-05,0.0012809622823274993,1.534639193442303e-06,4.455518485580893e-05,7.3230681777650295e-06,0.0018722152452485617
KA03,N09_M07_F10,900.0,15.0,1,N09_M07_F10_KA03_3.mat,3.514005901399909e-05,0.0019985487479257154,4.781632548089513e-06,9.373483174802781e-05,4.242175510860232e-05,0.001547434109979369,2.0794608278291653e-05,0.001937081481912321,1.5878973827087246e-06,5.210654815286153e-05,8.302664634529414e-06,0.0019985487479257154
KA03,N09_M07_F10,900.0,15.0,1,N09_M07_F10_KA03_4.mat,3.570443308084909e-05,0.002000496772365589,4.886742998779909e-06,9.171707895718494e-05,4.1012538063934106e-05,0.0013533053081834162,2.1238022615627055e-05,0.0012287139547407973,1.549771525607985e-06,5.4646675609729706e-05,8.292999021810535e-06,0.002000496772365589
KA03,N09_M07_F10,900.0,15.0,1,N09_M07_F10_KA03_5.mat,3.499249665936997e-05,0.0019175665432981535,4.9257714525129374e-06,8.506989266154595e-05,3.961481776734978e-05,0.001247841238100648,2.0990082561633217e-05,0.0019242197115475106,1.5819226557604513e-06,4.6677911690970724e-05,8.159190385070498e-06,0.0019242197115475106
KA03,N09_M07_F10,900.0,15.0,1,N09_M07_F10_KA03_6.mat,3.437556864504007e-05,0.0018606397851592467,4.8885988266920054e-06,7.323915957597435e-05,3.9231977507262435e-05,0.0010874010597169091,2.091544248615153e-05,0.0015179098537114355,1.5397200297867763e-06,4.360980977772179e-05,8.078272653929888e-06,0.0018606397851592467
KA03,N09_M07_F10,900.0,15.0,1,N09_M07_F10_KA03_7.mat,3.313359044707777e-05,0.0018474376866216978,4.897686214828328e-06,8.60101597477642e-05,3.759263951333214e-05,0.001297336996068009,2.040016731608303e-05,0.0011989844355813364,1.5891842574266572e-06,4.201664317315647e-05,7.887606567877986e-06,0.0018474376866216978
KA03,N09_M07_F10,900.0,15.0,1,N09_M07_F10_KA03_8.mat,3.4623260030117444e-05,0.001891378008783679,4.994450400714458e-06,8.711710038332135e-05,3.590038865967628e-05,0.0015107391036762023,2.0170733166057103e-05,0.0016856001227227811,1.5412144077305981e-06,4.636958055163608e-05,7.769001849538458e-06,0.001891378008783679
KA03,N09_M07_F10,900.0,15.0,1,N09_M07_F10_KA03_9.mat,3.5032196336913415e-05,0.0019130521622417976,5.0853873009034095e-06,8.148490087974477e-05,3.66413713926141e-05,0.0012798415334166545,2.010633268482346e-05,0.0011971403660462822,1.553773119724143e-06,4.097499477640331e-05,7.834654145988775e-06,0.0019130521622417976
KA03,N15_M01_F10,1500.0,25.0,1,N15_M01_F10_KA03_1.mat,3.764573731234861e-05,0.0019469771436303324,3.052289949282078e-05,0.0009800823544855745,0.00014659575779253636,0.004272670273677196,0.00013943526566007302,0.01505365044032758,4.550768279084809e-06,0.0008788983890510047,3.595329083166994e-05,0.01505365044032758
KA03,N15_M01_F10,1500.0,25.0,1,N15_M01_F10_KA03_10.mat,3.75757852893456e-05,0.0018545051914166364,3.5363592902849755e-05,0.0015164735490353954,0.0001474039645525838,0.004982773045479822,0.0001449938600887513,0.009035451503279517,5.261965548404485e-06,0.0007675452878513204,3.740052280492781e-05,0.009035451503279517
KA03,N15_M01_F10,1500.0,25.0,1,N15_M01_F10_KA03_11.mat,3.735998557053832e-05,0.001958744825808457,3.547432616624085e-05,0.0013718123097354925,0.00014968061352478007,0.006126688610692415,0.00014659577873392992,0.007893644912323475,5.096342205768192e-06,0.0008866962896372546,3.7702793931041656e-05,0.007893644912323475
KA03,N15_M01_F10,1500.0,25.0,1,N15_M01_F10_KA03_12.mat,3.6564239610430914e-05,0.0018814580314056065,3.4733852140182725e-05,0.0014200865833274151,0.0001486393998457369,0.005853059652105482,0.0001430341787964486,0.013059193815143127,5.045765833082002e-06,0.001085585272657907,3.7018251476157e-05,0.013059193815143127
KA03,N15_M01_F10,1500.0,25.0,1,N15_M01_F10_KA03_13.mat,3.728938880668142e-05,0.0018945868932838679,3.478971651201326e-05,0.0015020453765983081,0.0001524608746989194,0.005854059867827122,0.00014398298857249935,0.006931736264466553,5.148965835546567e-06,0.0006891023975032737,3.7477325041114745e-05,0.006931736264466553
KA03,N15_M01_F10,1500.0,25.0,1,N15_M01_F10_KA03_14.mat,3.671605159901589e-05,0.0019042818262385514,3.476240386795385e-05,0.0013644165557189399,0.00015146290932618455,0.006162667791346752,0.00014491917490502598,0.010885427092597471,5.037129713189331e-06,0.0007484346413711491,3.748791898413313e-05,0.010885427092597471
KA03,N15_M01_F10,1500.0,25.0,1,N15_M01_F10_KA03_15.mat,3.826050220127508e-05,0.0019337148812345003,3.39963472216055e-05,0.001459824577973261,0.00015462510369290006,0.007025069123443467,0.0001422306324255252,0.008868935689077605,5.145605632627142e-06,0.0007992375209371408,3.7302213656136955e-05,0.008868935689077605
KA03,N15_M01_F10,1500.0,25.0,1,N15_M01_F10_KA03_16.mat,4.0150192568364405e-05,0.0020514141550613063,3.435104621452818e-05,0.0013972703329021457,0.00014480087610495242,0.004165376523551354,0.00014483015946018023,0.007782744563920001,5.0881790431527075e-06,0.0008826714379864249,3.717117794324259e-05,0.007782744563920001
KA03,N15_M01_F10,1500.0,25.0,1,N15_M01_F10_KA03_17.mat,3.876065112707747e-05,0.002013232674294979,3.476400959581255e-05,0.0013629467650834591,0.00014739257529385887,0.006353516791096727,0.00014401531736968175,0.007963778380222906,5.1106773186643e-06,0.0008430082493308679,3.718915593284809e-05,0.007963778380222906
KA03,N15_M01_F10,1500.0,25.0,1,N15_M01_F10_KA03_18.mat,4.0557991278073126e-05,0.0020383001123178307,3.437770229339418e-05,0.0012537015908833135,0.00014911194744106834,0.0043216519392973605,0.00014144803315619078,0.008748658034084516,5.2020249122857195e-06,0.000974737131554061,3.695687731468432e-05,0.008748658034084516
KA03,N15_M01_F10,1500.0,25.0,1,N15_M01_F10_KA03_19.mat,3.8114114447215195e-05,0.0020056319083532758,3.40230482471123e-05,0.0014012474707106753,0.0001470025455141348,0.00533654489049286,0.00013921701768821376,0.010995355886829034,5.111475936480924e-06,0.0010312309084258397,3.63372748582887e-05,0.010995355886829034
KA03,N15_M01_F10,1500.0,25.0,1,N15_M01_F10_KA03_2.mat,3.9163712075795224e-05,0.0020092019839242936,3.3423866204203425e-05,0.0013367793112008615,0.0001503118438078645,0.005927003542271709,0.0001409804874283698,0.009129953266239846,4.917784112064572e-06,0.0007572346655318416,3.676715075894756e-05,0.009129953266239846
KA03,N15_M01_F10,1500.0,25.0,1,N15_M01_F10_KA03_20.mat,3.908618910407821e-05,0.0019864449025668394,3.403961929114427e-05,0.0013068083597680559,0.00014908485102050828,0.008653339403871056,0.00014435976638131894,0.01231289182468386,5.233673501651319e-06,0.0007857408117339063,3.733790675429687e-05,0.01231289182468386
KA03,N15_M01_F10,1500.0,25.0,1,N15_M01_F10_KA03_3.mat,3.703440453296826e-05,0.0019169818745374484,3.395742613232526e-05,0.0013577403818011116,0.00014921352435578398,0.0075230580747617576,0.00014286229420255446,0.008315715080417493,5.029185235418046e-06,0.0005886471063982469,3.697376870919765e-05,0.008315715080417493
KA03,N15_M01_F10,1500.0,25.0,1,N15_M01_F10_KA03_4.mat,3.682785411907068e-05,0.0019939827836826765,3.49215574997177e-05,0.0013155553953368977,0.00015299968886774406,0.006236604949832656,0.00014533342255960285,0.008174922177262501,5.045656051502438e-06,0.0008659784247171587,3.7676982763836446e-05,0.008174922177262501
KA03,N15_M01_F10,1500.0,25.0,1,N15_M01_F10_KA03_5.mat,3.665160260585969e-05,0.0019176929175182113,3.539974294134809e-05,0.001378530583032507,0.00015004942426862154,0.007058212259319545,0.00014268653396490798,0.008312423067692505,5.281333581890559e-06,0.0007349779699735526,3.715242186471862e-05,0.008312423067692505
KA03,N15_M01_F10,1500.0,25.0,1,N15_M01_F10_KA03_6.mat,3.7091505615219914e-05,0.0018818514067750723,3.569358078863743e-05,0.0014277879713302608,0.00015034082365001405,0.004520636511002109,0.0001437154879883004,0.007941664556523738,5.357803130868675e-06,0.0008859203511256327,3.739453790952491e-05,0.007941664556523738
KA03,N15_M01_F10,1500.0,25.0,1,N15_M01_F10_KA03_7.mat,3.973878662178006e-05,0.0020026752288323404,3.5850450534494854e-05,0.0014923079513920843,0.00014742771984194524,0.0045424953739559805,0.00014110900591464393,0.007051994582166533,5.361429816086417e-06,0.0007854932843195804,3.6935717426518425e-05,0.007051994582166533
KA03,N15_M01_F10,1500.0,25.0,1,N15_M01_F10_KA03_8.mat,3.785177933218017e-05,0.0018724587132658464,3.541685056083294e-05,0.0013772100132967452,0.00015158599300963798,0.005898098602498745,0.00014387705284213664,0.007979151367516072,5.278131254210079e-06,0.0007613369144356629,3.749077222659851e-05,0.007979151367516072
KA03,N15_M01_F10,1500.0,25.0,1,N15_M01_F10_KA03_9.mat,3.949547051134519e-05,0.002026013908298551,3.5708412283650265e-05,0.0016843604885838825,0.00014963878716512023,0.005652223837979294,0.00014836185613524818,0.008846426230401062,5.259061305344921e-06,0.0008900099534754287,3.8150430843957935e-05,0.008846426230401062
KA03,N15_M07_F04,1500.0,25.0,1,N15_M07_F04_KA03_1.mat,3.750720451447769e-05,0.0020257573825457984,2.5767439863803735e-05,0.001105362571690825,0.00018219536190495,0.008147839761991588,0.0002162827851472401,0.01374229112321629,1.4601193502983052e-05,0.006393752673523041,5.302249423519423e-05,0.01374229112321629
KA03,N15_M07_F04,1500.0,25.0,1,N15_M07_F04_KA03_10.mat,3.7654236819309696e-05,0.002059139838865209,2.6971328052339088e-05,0.0010043573971565993,0.00019171904574423053,0.008846358646632071,0.00020052126514760602,0.015117775892235855,1.3414901449626104e-05,0.004369146778185904,5.0864863239146295e-05,0.015117775892235855
KA03,N15_M07_F04,1500.0,25.0,1,N15_M07_F04_KA03_11.mat,3.800502862166583e-05,0.002062283101510149,2.5872908159324955e-05,0.000894203838289224,0.00019061575404185588,0.00645248765553016,0.00020403726335262097,0.0156698936954136,1.4169622028332751e-05,0.007533960044820028,5.153093515847939e-05,0.0156698936954136
KA03,N15_M07_F04,1500.0,25.0,1,N15_M07_F04_KA03_12.mat,3.8123088400388254e-05,0.002010500253199084,2.7520153625254473e-05,0.001179103770595895,0.00019244325831090583,0.008035461034194533,0.0002005056299638973,0.011323825586219298,1.3344017558258778e-05,0.004520157199113908,5.094032884554088e-05,0.011323825586219298
KA03,N15_M07_F04,1500.0,25.0,1,N15_M07_F04_KA03_13.mat,3.667633723130488e-05,0.002002186297131043,2.7328537999014503e-05,0.0009413872080687247,0.00018233013231392205,0.00850173556666418,0.00019988056855366746,0.012797731712579767,1.3054130257203646e-05,0.005148556382737342,5.0045315396002656e-05,0.012797731712579767
KA03,N15_M07_F04,1500.0,25.0,1,N15_M07_F04_KA03_14.mat,3.7615195162829844e-05,0.0019760595241029794,2.605661081168685e-05,0.0012308328001316838,0.0001841282811616838,0.008375262520655027,0.00020129926115708486,0.00958649732480063,1.2480944910143115e-05,0.005532175874787643,5.017723364401744e-05,0.00958649732480063
KA03,N15_M07_F04,1500.0,25.0,1,N15_M07_F04_KA03_15.mat,3.7229442988289265e-05,0.0020201827346943125,2.7060170904380625e-05,0.0012379565615669834,0.0001881506636981936,0.007858317045822736,0.0001941302956441327,0.010149252947651878,1.2806894094555555e-05,0.005731070476278628,4.9442778590919214e-05,0.010149252947651878
KA03,N15_M07_F04,1500.0,25.0,1,N15_M07_F04_KA03_16.mat,3.587963265686983e-05,0.001834735931015681,2.699068637626381e-05,0.0010045796169796677,0.00018375976658829908,0.008482566687498899,0.00019358908475515906,0.011426944590262283,1.2323463808776593e-05,0.0043645391502754195,4.8886003952864544e-05,0.011426944590262283
KA03,N15_M07_F04,1500.0,25.0,1,N15_M07_F04_KA03_17.mat,3.708579501977033e-05,0.0019395766641311122,2.6095699200222626e-05,0.001193059666759203,0.0001819166240865662,0.0067349198248828615,0.00020102114467209208,0.012719842649419607,1.3212698224525603e-05,0.0037878932480853015,5.016897766592133e-05,0.012719842649419607
KA03,N15_M07_F04,1500.0,25.0,1,N15_M07_F04_KA03_18.mat,3.730938580896554e-05,0.002013338630351585,2.6702250622769448e-05,0.0008245109310771104,0.00018411635923296654,0.009990558620916941,0.00019959200606502694,0.011368156097980264,1.2423002024181964e-05,0.0058578822360317966,4.988632787704564e-05,0.011368156097980264
KA03,N15_M07_F04,1500.0,25.0,1,N15_M07_F04_KA03_19.mat,3.7008070156903584e-05,0.002037096435282427,2.706178533564809e-05,0.0011294033943844012,0.00017913335686190455,0.007597142621790532,0.0001923989592346434,0.010336960949055547,1.277027289682475e-05,0.004675572091578762,4.861679332651234e-05,0.010336960949055547
KA03,N15_M07_F04,1500.0,25.0,1,N15_M07_F04_KA03_2.mat,3.823137336689947e-05,0.0020264750914270515,2.8182041161539992e-05,0.0009455077718740322,0.00018266921176922335,0.007461153921514883,0.00021511419361389133,0.015121571539397444,1.5424291649833244e-05,0.006473235963507851,5.3280363755044476e-05,0.015121571539397444
KA03,N15_M07_F04,1500.0,25.0,1,N15_M07_F04_KA03_20.mat,3.72837133860012e-05,0.002048609996080883,2.6508424313195617e-05,0.0010855296317068836,0.00018656556488305694,0.006976044558953461,0.0001903237557497021,0.008707549219734007,1.2858433577257804e-05,0.00470878525829737,4.872212658191789e-05,0.008707549219734007
KA03,N15_M07_F04,1500.0,25.0,1,N15_M07_F04_KA03_3.mat,3.758344414630365e-05,0.0019618264157849658,2.728127500214563e-05,0.0009201551822925975,0.00018307574348272853,0.008646044373102625,0.0002202701471991619,0.012081006951848678,1.5279746124373068e-05,0.00810431990597906,5.399557612967738e-05,0.012081006951848678
KA03,N15_M07_F04,1500.0,25.0,1,N15_M07_F04_KA03_4.mat,3.6108493297915646e-05,0.0018976643884290971,2.7501758074407416e-05,0.0014729591101216273,0.00017937322814096633,0.0057171147602565215,0.0002170571318904138,0.012167550454559722,1.3895568209974325e-05,0.0047267791036094955,5.282565712560375e-05,0.012167550454559722
KA03,N15_M07_F04,1500.0,25.0,1,N15_M07_F04_KA03_5.mat,3.7196187012655213e-05,0.001953756562770182,2.645068466939098e-05,0.0008446156429569298,0.00018644496065658818,0.010746899707423022,0.00020736773712216327,0.013056191832520403,1.3583791889234459e-05,0.0045416799597935735,5.160197954685462e-05,0.013056191832520403
KA03,N15_M07_F04,1500.0,25.0,1,N15_M07_F04_KA03_6.mat,3.719338530423245e-05,0.0019737342062872264,2.6256127360452927e-05,0.001044677761651362,0.00018645317146061472,0.008286821521776214,0.000213505102182956,0.011482910742697723,1.4903587979982356e-05,0.005401970176863573,5.296649302262146e-05,0.011482910742697723
KA03,N15_M07_F04,1500.0,25.0,1,N15_M07_F04_KA03_7.mat,3.6045347835352546e-05,0.0018875374093591875,2.6961785805093177e-05,0.0007978673451434541,0.0001862274330387191,0.009529706613015757,0.000212081195705214,0.012111266858189192,1.367161276342292e-05,0.004444190645477359,5.2341648599573144e-05,0.012111266858189192
KA03,N15_M07_F04,1500.0,25.0,1,N15_M07_F04_KA03_8.mat,3.6144506566731004e-05,0.0019197361706576955,2.6184923416018555e-05,0.0008815549135611607,0.00018317128440671255,0.0068263833789307905,0.00021138941782754609,0.013043555820896963,1.3113977738896341e-05,0.003894936655300558,5.183507602462792e-05,0.013043555820896963
KA03,N15_M07_F04,1500.0,25.0,1,N15_M07_F04_KA03_9.mat,3.786638913163971e-05,0.0020042298214755713,2.6142718824451478e-05,0.0007655240143910279,0.0001866802773383391,0.007825596220509731,0.00020355265651212826,0.014455800867634015,1.3838948046103035e-05,0.005686330123633784,5.110455576522081e-05,0.014455800867634015
KA03,N15_M07_F10,1500.0,25.0,1,N15_M07_F10_KA03_1.mat,3.7887451679648726e-05,0.002023480133481689,3.706780563219805e-05,0.0016203944657014466,0.0001743850711390483,0.00871312233354191,0.00017198274501097353,0.013815509403235197,4.258929091673593e-06,0.0005081194360012439,4.3109167217684296e-05,0.013815509403235197
KA03,N15_M07_F10,1500.0,25.0,1,N15_M07_F10_KA03_10.mat,3.865230212126643e-05,0.001976242550613076,3.615094547155476e-05,0.0015094491216519651,0.00015946896319573797,0.005912514314631408,0.00017255433029058715,0.011597074799368633,4.515046476413831e-06,0.0006277644001348645,4.2302790981299775e-05,0.011597074799368633
KA03,N15_M07_F10,1500.0,25.0,1,N15_M07_F10_KA03_11.mat,3.6744711328305055e-05,0.001853955989340681,3.7775888465526685e-05,0.0015182929116504505,0.00016561429510866257,0.005285579851194911,0.00017566924374657852,0.014277323634535368,4.5849970309917415e-06,0.0007669819200847362,4.323737782891811e-05,0.014277323634535368
KA03,N15_M07_F10,1500.0,25.0,1,N15_M07_F10_KA03_12.mat,3.701855615943178e-05,0.0018339706945990433,3.579211389822551e-05,0.0015339100888238223,0.00016145647957297842,0.005639579959370494,0.00016841563847127102,0.013601417861055218,4.4687017814724314e-06,0.0004999115522670272,4.168761896342799e-05,0.013601417861055218
KA03,N15_M07_F10,1500.0,25.0,1,N15_M07_F10_KA03_13.mat,3.679286177731409e-05,0.0019391484466027755,3.6194355336829784e-05,0.0014475060756636308,0.00016488985790264466,0.004974212051995986,0.00016951312741411917,0.015459809757261361,4.443567225741688e-06,0.0007265465679511655,4.2069325677393304e-05,0.015459809757261361
KA03,N15_M07_F10,1500.0,25.0,1,N15_M07_F10_KA03_14.mat,3.6785230002943314e-05,0.0020199960241009543,3.590358324244701e-05,0.0013390738806325526,0.0001671124223743354,0.005243268980677657,0.00016602462072113548,0.010472677991711803,4.5452045369398166e-06,0.0006632649138730301,4.1697012709282354e-05,0.010472677991711803
KA03,N15_M07_F10,1500.0,25.0,1,N15_M07_F10_KA03_15.mat,3.533290912149778e-05,0.0018259413038634938,3.57526716811958e-05,0.0014823829124430284,0.0001641574861953206,0.004423039652590172,0.00017078699031494312,0.009791460636915182,4.7008398732998565e-06,0.0006053953503047907,4.224298913129049e-05,0.009791460636915182
KA03,N15_M07_F10,1500.0,25.0,1,N15_M07_F10_KA03_16.mat,3.687799285048979e-05,0.0019637441265110455,3.654442651205703e-05,0.0015117700794014036,0.000166018729112195,0.00614583129627444,0.000168219213779788,0.010588288869214375,4.555016438060292e-06,0.0005191056405183056,4.200571085555596e-05,0.010588288869214375
KA03,N15_M07_F10,1500.0,25.0,1,N15_M07_F10_KA03_17.mat,3.739071129686451e-05,0.0019351286187337471,3.594571667310419e-05,0.0016437602411261607,0.00015589712414350147,0.007508965100441644,0.00016480582670487336,0.00814942334924727,4.560945310143964e-06,0.0005855722385518408,4.0816242921377875e-05,0.00814942334924727
KA03,N15_M07_F10,1500.0,25.0,1,N15_M07_F10_KA03_18.mat,3.7420675624836e-05,0.002026798188371434,3.696908742670013e-05,0.0016046882274226898,0.00015999724420602494,0.005742247025224597,0.00016787699104952293,0.01136443266527164,4.536586204949984e-06,0.0011813268307400155,4.161460275993511e-05,0.01136443266527164
KA03,N15_M07_F10,1500.0,25.0,1,N15_M07_F10_KA03_19.mat,3.698530265069314e-05,0.0018663111449738147,3.5753303439331524e-05,0.0014913532173285746,0.0001655344607187216,0.007901851516206858,0.00016504840413714906,0.008577852242171922,4.5467296242438615e-06,0.0005529671682284898,4.1456196488923863e-05,0.008577852242171922
KA03,N15_M07_F10,1500.0,25.0,1,N15_M07_F10_KA03_2.mat,3.733768331546907e-05,0.0018776374386083945,3.685028952191721e-05,0.001439782774766855,0.00017323175019480884,0.0074274269205277,0.00016698018809729453,0.015863035097316815,4.229131968405378e-06,0.0006061473393607221,4.2181372768116445e-05,0.015863035097316815
KA03,N15_M07_F10,1500.0,25.0,1,N15_M07_F10_KA03_20.mat,3.83589234960363e-05,0.001960342690915841,3.643172276294057e-05,0.0016531489728466593,0.00015894582353074603,0.00562483515142954,0.00016493176990082977,0.007818924436373989,4.481207818344588e-06,0.0008160237869662753,4.105860612562422e-05,0.007818924436373989
KA03,N15_M07_F10,1500.0,25.0,1,N15_M07_F10_KA03_3.mat,3.725663276841281e-05,0.001856961973270872,3.6581296635151956e-05,0.001457685994095608,0.00017416574422314017,0.005684992760022397,0.00016912152548304068,0.01222531447134993,4.205214217010474e-06,0.0007278434929409058,4.254457837048115e-05,0.01222531447134993
KA03,N15_M07_F10,1500.0,25.0,1,N15_M07_F10_KA03_4.mat,3.749174517464396e-05,0.0019977365534529445,3.710270827189581e-05,0.001472160858928834,0.00016845897869311656,0.005583000067802289,0.00017318445182798198,0.012099417399873101,4.339127455337282e-06,0.0007338897169714726,4.2938209509743384e-05,0.012099417399873101
KA03,N15_M07_F10,1500.0,25.0,1,N15_M07_F10_KA03_5.mat,3.759723904985255e-05,0.0019277668206858836,3.703751792878067e-05,0.0017282290702177881,0.00017283136171383813,0.006750391697489913,0.00017095475979779067,0.013695044990202854,4.2928819725804355e-06,0.0006253622672246178,4.283303666193891e-05,0.013695044990202854
KA03,N15_M07_F10,1500.0,25.0,1,N15_M07_F10_KA03_6.mat,3.8368046536119585e-05,0.0020395045379327007,3.745135335268902e-05,0.0016572671584390078,0.0001690802114391892,0.008987403111268364,0.000176716853517713,0.014475087946502629,4.407886896232226e-06,0.0008071586584594763,4.357483592720704e-05,0.014475087946502629
KA03,N15_M07_F10,1500.0,25.0,1,N15_M07_F10_KA03_7.mat,3.759950385649556e-05,0.0018948486766239953,3.7036076749054814e-05,0.0016752192198100583,0.00016753108991654432,0.005471511323217546,0.00017057176940945022,0.014445293979966897,4.479551133399605e-06,0.0009657809046252372,4.250419710626958e-05,0.014445293979966897
KA03,N15_M07_F10,1500.0,25.0,1,N15_M07_F10_KA03_8.mat,3.789182800277432e-05,0.0018772923846460574,3.776569077330032e-05,0.001589780535372741,0.00016640177942869432,0.007863384946099233,0.000173218294726843,0.011747138240611094,4.59372173751355e-06,0.0006213880913389575,4.29303602313495e-05,0.011747138240611094
KA03,N15_M07_F10,1500.0,25.0,1,N15_M07_F10_KA03_9.mat,3.8032405041323674e-05,0.0019092573871380125,3.8073344859624973e-05,0.0015070669430171206,0.00016112157991967935,0.004746498738990212,0.00017370278441713603,0.01081450895757258,4.422386614482309e-06,0.0006721532059114518,4.264487491679845e-05,0.01081450895757258
KA04,N09_M07_F10,900.0,15.0,1,N09_M07_F10_KA04_1.mat,0.00027946748819075024,0.002020213193838914,1.8562604131824336e-05,0.0003834725774934876,2.7245677103628934e-05,0.0008926019085485384,2.960043549002631e-05,0.0012568504716024356,2.6312027373031908e-06,0.0004962532647186801,1.754023176438717e-05,0.002020213193838914
KA04,N09_M07_F10,900.0,15.0,1,N09_M07_F10_KA04_10.mat,0.00027144604085319035,0.002351128161180416,2.1849215012961327e-05,0.000568516105561279,2.696328950916259e-05,0.0008325106619520918,3.226208723714006e-05,0.0011453497702888363,2.72528151797315e-06,0.00037902298408058375,1.7847639164458218e-05,0.002351128161180416
KA04,N09_M07_F10,900.0,15.0,1,N09_M07_F10_KA04_11.mat,0.0002670309997498711,0.0022723666056796714,2.1570198772906492e-05,0.0005036029307489182,2.6737451185476948e-05,0.0009513842154679674,3.227426781205936e-05,0.001279120841198203,2.688213863651541e-06,0.00045708567216687677,1.764640861392475e-05,0.0022723666056796714
KA04,N09_M07_F10,900.0,15.0,1,N09_M07_F10_KA04_12.mat,0.0002710472027841231,0.002391189112745851,2.2624131416688843e-05,0.0004976243117613877,2.6655706631379622e-05,0.0008598367703707935,3.359691964610834e-05,0.001223618973718073,2.6829199896731165e-06,0.0004062595702401235,1.8065699960613827e-05,0.002391189112745851
KA04,N09_M07_F10,900.0,15.0,1,N09_M07_F10_KA04_13.mat,0.0003198965247247561,0.007397135566199348,2.7687907492569156e-05,0.001278796637141707,4.0843370946324555e-05,0.003279223218906293,5.0953989288995665e-05,0.004886106591060335,3.6921446705605633e-06,0.0014327666259034782,2.3834373952645145e-05,0.007397135566199348
KA04,N09_M07_F10,900.0,15.0,1,N09_M07_F10_KA04_14.mat,0.00028885273156457295,0.0024348765051856827,2.0206615207661042e-05,0.00048269216629312186,2.576314606971197e-05,0.0007641781799108576,3.3577505958793593e-05,0.0012404883341656362,2.8561596441069362e-06,0.0003779382956046646,1.844683116950127e-05,0.0024348765051856827
KA04,N09_M07_F10,900.0,15.0,1,N09_M07_F10_KA04_15.mat,0.00028816773170949083,0.0022812364970428984,2.0277413751320185e-05,0.0004544905186500694,2.722986516919097e-05,0.0008416826038769715,3.3004936296842064e-05,0.0011021810976466562,2.9356665155913043e-06,0.0006235528868872603,1.848672444565449e-05,0.0022812364970428984
KA04,N09_M07_F10,900.0,15.0,1,N09_M07_F10_KA04_16.mat,0.00031006053256518745,0.002316140563581826,1.854113957755947e-05,0.0003523525506465099,2.8219265217654084e-05,0.0008379223229154498,3.807278203433049e-05,0.0014805905801087745,3.226258617813761e-06,0.000692981828772303,2.0058863212562868e-05,0.002316140563581826
KA04,N09_M07_F10,900.0,15.0,1,N09_M07_F10_KA04_17.mat,0.00031754752521137065,0.0022279246189195654,1.8225071781127194e-05,0.00034929471206533263,2.758793488536687e-05,0.001018470878629895,3.7907031783690705e-05,0.0012362614064733758,3.3947641214590155e-06,0.0005324438601641898,2.02723629014954e-05,0.0022279246189195654
KA04,N09_M07_F10,900.0,15.0,1,N09_M07_F10_KA04_18.mat,0.00031754752521137065,0.0022279246189195654,1.8225071781127194e-05,0.00034929471206533263,2.758793488536687e-05,0.001018470878629895,3.7907031783690705e-05,0.0012362614064733758,3.3947641214590155e-06,0.0005324438601641898,2.02723629014954e-05,0.0022279246189195654
KA04,N09_M07_F10,900.0,15.0,1,N09_M07_F10_KA04_19.mat,0.0003138208145819262,0.0021293130856346234,1.845872875645995e-05,0.0003201749758523192,2.7663384233216566e-05,0.000772572236473931,3.734788153298358e-05,0.0018060667693899914,3.504852007975975e-06,0.0006370424299377165,2.0115571270973648e-05,0.0021293130856346234
KA04,N09_M07_F10,900.0,15.0,1,N09_M07_F10_KA04_2.mat,0.00027113254797486047,0.00236953898301882,2.1393902366458556e-05,0.0005100589661394281,2.644162041737117e-05,0.001073406028576556,2.8932534448340852e-05,0.0009424228300796479,2.5128135827818947e-06,0.0005069835273578577,1.717752795864713e-05,0.00236953898301882
KA04,N09_M07_F10,900.0,15.0,1,N09_M07_F10_KA04_20.mat,0.00031747394507145455,0.00243752584408625,1.7947072517817722e-05,0.0003164819038490573,2.8156522155769224e-05,0.0008285371520544822,3.7866427020754416e-05,0.001676928045165628,3.4673104536303017e-06,0.0005759010456390184,2.0308484016870945e-05,0.00243752584408625
KA04,N09_M07_F10,900.0,15.0,1,N09_M07_F10_KA04_3.mat,0.000280731598505043,0.0022626522170245225,1.9725724968053185e-05,0.0004312372224725628,2.73168747844665e-05,0.001199849057033975,2.7274708216917687e-05,0.000826044169196255,2.3241377861816995e-06,0.0003697730109654321,1.7143495423349556e-05,0.0022626522170245225
KA04,N09_M07_F10,900.0,15.0,1,N09_M07_F10_KA04_4.mat,0.00027206836529647914,0.002323382657001973,2.1922256179507998e-05,0.0004732087343254728,2.673374481360518e-05,0.000943617426050682,2.902667673422854e-05,0.0009972432084971155,2.4793205626147214e-06,0.00042274351532406044,1.7252624812903507e-05,0.002323382657001973
KA04,N09_M07_F10,900.0,15.0,1,N09_M07_F10_KA04_5.mat,0.00026744476296282913,0.0021779518893995362,2.2507674591971273e-05,0.0005051427861294328,2.6085709945092384e-05,0.0008834477587643482,2.8980379607521524e-05,0.0010448263327889227,2.463123227556602e-06,0.0004820496095038664,1.70922526323295e-05,0.0021779518893995362
KA04,N09_M07_F10,900.0,15.0,1,N09_M07_F10_KA04_6.mat,0.00026915405610566527,0.002217531624077346,2.184046953760903e-05,0.000498840107376648,2.5040455082024904e-05,0.0008490091688992246,2.8312794662061454e-05,0.000938039914890239,2.381931181215268e-06,0.00045097301396567765,1.6906721816368667e-05,0.002217531624077346
KA04,N09_M07_F10,900.0,15.0,1,N09_M07_F10_KA04_7.mat,0.00027034705342605773,0.0023274807494246363,2.2489114857194276e-05,0.0005449302759324967,2.5524505894622693e-05,0.0010506588959688255,3.10891308249215e-05,0.001438616246186331,2.4596087731254795e-06,0.00063998283631202,1.7481722723164414e-05,0.0023274807494246363
KA04,N09_M07_F10,900.0,15.0,1,N09_M07_F10_KA04_8.mat,0.00025913280723369886,0.002074956340516953,2.2489342611213615e-05,0.00047930975150698476,2.6412652145746182e-05,0.000792615902048287,3.0618378561027425e-05,0.001973484676894747,2.4823661354813576e-06,0.00034339542078172796,1.715083861391512e-05,0.002074956340516953
KA04,N09_M07_F10,900.0,15.0,1,N09_M07_F10_KA04_9.mat,0.0002663755764638651,0.0021929174429130872,2.1767229278440397e-05,0.0005236196688838794,2.652003454988326e-05,0.0007989560260003308,3.105866634953151e-05,0.001087073759991914,2.6414886660605597e-06,0.00042544577905388216,1.7424265509299792e-05,0.0021929174429130872
KA04,N15_M01_F10,1500.0,25.0,1,N15_M01_F10_KA04_1.mat,0.0010338615554273025,0.012279241471559638,7.854919849903185e-05,0.0021504192059965377,0.0002582396572632773,0.007731905556403764,0.0002786074089375465,0.010525793256310494,1.78041671385609e-05,0.005162176624111799,0.00010292223452642217,0.012279241471559638
KA04,N15_M01_F10,1500.0,25.0,1,N15_M01_F10_KA04_10.mat,0.001105289453063595,0.011545468769345356,6.833112537768212e-05,0.002113254893350589,0.0002961653597772145,0.014951656664334984,0.0002820261302604869,0.011643048009049457,2.3282340518561616e-05,0.006031665092934444,0.0001091249308292954,0.014951656664334984
KA04,N15_M01_F10,1500.0,25.0,1,N15_M01_F10_KA04_11.mat,0.0011115751493625187,0.012181196730365317,6.866419190699501e-05,0.0022526015589509414,0.0003101870916293121,0.013024097496805076,0.00029789519887239707,0.009561892690932109,2.701425903354799e-05,0.006951023297763618,0.00011387248712789872,0.013024097496805076
KA04,N15_M01_F10,1500.0,25.0,1,N15_M01_F10_KA04_12.mat,0.0011144909434818021,0.011769751029669647,7.033189484325126e-05,0.0024947599071582457,0.0003348507358412568,0.012918344533311737,0.0003074296944926755,0.011334993313303269,2.7833334043766907e-05,0.004960519380005258,0.00011733618967670617,0.012918344533311737
KA04,N15_M01_F10,1500.0,25.0,1,N15_M01_F10_KA04_13.mat,0.0011149242529132507,0.012609723193045985,6.930694903561139e-05,0.0024441912254609126,0.000305848248518135,0.011618602498018025,0.0003054558630883217,0.009591886745587584,2.6839963973823496e-05,0.006061773760766267,0.00011487177090813874,0.012609723193045985
KA04,N15_M01_F10,1500.0,25.0,1,N15_M01_F10_KA04_14.mat,0.0011082117714102096,0.01219794030344891,6.96523526287159e-05,0.0024257345918187187,0.0003205615273661094,0.012638666941181239,0.00029871783368991137,0.012371864306834365,2.6383202030613326e-05,0.005941410552578268,0.00011439118656970186,0.012638666941181239
KA04,N15_M01_F10,1500.0,25.0,1,N15_M01_F10_KA04_15.mat,0.0011130829347974613,0.012013470782952748,6.913896963640116e-05,0.002449773684100673,0.0003265349646298125,0.015447445342627458,0.00031084569844444813,0.010067246974501471,2.670915547102414e-05,0.005872765505192553,0.00011687533481347071,0.015447445342627458
KA04,N15_M01_F10,1500.0,25.0,1,N15_M01_F10_KA04_16.mat,0.0011136558115059545,0.012263765985889019,6.862619997508817e-05,0.002450898878764242,0.00030602649156241527,0.01137075082625981,0.00031443914912371334,0.011255829092341758,2.569097025360939e-05,0.006231815395866673,0.0001158120713846021,0.012263765985889019
KA04,N15_M01_F10,1500.0,25.0,1,N15_M01_F10_KA04_17.mat,0.0011141778762544627,0.012428923185147333,6.987707472445328e-05,0.0023803296572390414,0.0003012241269642383,0.011347974565100368,0.0003027003080917164,0.00942791242812357,2.47250186299532e-05,0.005795521332523287,0.00011346896442075108,0.012428923185147333
KA04,N15_M01_F10,1500.0,25.0,1,N15_M01_F10_KA04_18.mat,0.001106067605785557,0.012615965524388342,6.876203454416823e-05,0.0020459528179387226,0.0003208314091925741,0.013515237540471839,0.00030952747592110025,0.009266766657958609,2.6000617307270922e-05,0.005173954128842341,0.00011584963733145432,0.013515237540471839
KA04,N15_M01_F10,1500.0,25.0,1,N15_M01_F10_KA04_19.mat,0.001094277148949731,0.012212176042972213,6.886488637147718e-05,0.0021557067514276344,0.0003108656731762017,0.013996749925894263,0.0002880464385179566,0.010026139965207898,2.4117184665640008e-05,0.005784594753887278,0.00011092845690865737,0.013996749925894263
KA04,N15_M01_F10,1500.0,25.0,1,N15_M01_F10_KA04_2.mat,0.0010598910902272487,0.011515262899274792,7.089189397310507e-05,0.0021115299526612515,0.000301816327102254,0.014409944743896704,0.00026690814391475994,0.008861273420744347,1.6088372682908015e-05,0.003269001741484914,0.00010359491023402578,0.014409944743896704
KA04,N15_M01_F10,1500.0,25.0,1,N15_M01_F10_KA04_20.mat,0.0010909821040902083,0.013134187923842962,7.029049925021653e-05,0.0023050691085644156,0.0003136374165953192,0.010424976579903057,0.000288780357299669,0.008948369130076012,2.358425839600025e-05,0.005601104805725876,0.00011102125194767627,0.013134187923842962
KA04,N15_M01_F10,1500.0,25.0,1,N15_M01_F10_KA04_3.mat,0.0010222166899925575,0.012068100779580019,7.518515698534845e-05,0.0023124985643552124,0.0002702495537329649,0.009523960149859154,0.0002757996848844224,0.010325354261297088,1.6738030845801897e-05,0.003833096505672166,0.0001022956695555398,0.012068100779580019
KA04,N15_M01_F10,1500.0,25.0,1,N15_M01_F10_KA04_4.mat,0.001074398691916478,0.01158396487035163,7.105345562871259e-05,0.002268173457233484,0.00030766256890278246,0.011248881956690077,0.00026899649433994384,0.01004802698831819,1.8427379474783395e-05,0.004960601409955061,0.00010549036390365669,0.01158396487035163
KA04,N15_M01_F10,1500.0,25.0,1,N15_M01_F10_KA04_5.mat,0.0010980806209648867,0.011403224902885912,6.686255170707193e-05,0.0020013250357613873,0.0002991116266727475,0.010731363387231985,0.00027764520234928764,0.010642914408119913,2.1348320508335563e-05,0.004222565056953081,0.00010768947141495435,0.011403224902885912
KA04,N15_M01_F10,1500.0,25.0,1,N15_M01_F10_KA04_6.mat,0.001104227860752721,0.011471753511391286,6.904588506788926e-05,0.0023195468607648166,0.00031971538404819297,0.01273144866921064,0.0002664009999495902,0.010234784483885996,1.7172301348543264e-05,0.0035976853165717317,0.00010625526719381681,0.01273144866921064
KA04,N15_M01_F10,1500.0,25.0,1,N15_M01_F10_KA04_7.mat,0.00110121853509449,0.01131994931797594,6.884917532442631e-05,0.002324727652624561,0.0003307028676226306,0.011683264014908953,0.00029105364336470146,0.009446638879279113,2.347839553798924e-05,0.0048616757358508015,0.00011263083849415826,0.011683264014908953
KA04,N15_M01_F10,1500.0,25.0,1,N15_M01_F10_KA04_8.mat,0.001106525809230103,0.011725513707289956,7.020854857737184e-05,0.002368082362745833,0.0003185871299146615,0.013409906032298333,0.0002867076306660853,0.01157049604581155,2.3750852837685283e-05,0.004882878882970795,0.00011154627582228666,0.013409906032298333
KA04,N15_M01_F10,1500.0,25.0,1,N15_M01_F10_KA04_9.mat,0.0011064116059286372,0.011953306310847801,6.856669337088974e-05,0.002119729365146314,0.00031715586640414174,0.011902283383560594,0.0003044605741651511,0.013236832792232362,2.69787693167428e-05,0.006123490971912943,0.00011511702922021458,0.013236832792232362
KA04,N15_M07_F04,1500.0,25.0,1,N15_M07_F04_KA04_1.mat,0.0005597859990571078,0.007534294629201518,0.00010512242789448592,0.003638258466716216,0.00020843711185036153,0.006414770087580645,0.00016614874003481603,0.008066825063776218,1.4546717637289582e-05,0.003803832410951441,6.803711568623235e-05,0.008066825063776218
KA04,N15_M07_F04,1500.0,25.0,1,N15_M07_F04_KA04_10.mat,0.0005314136639833105,0.0060170857144036,0.00010462654576580295,0.00323852675369316,0.0002206943187586538,0.005593718416378719,0.0001787909577579497,0.0080859880376589,1.5502557538298374e-05,0.005865276912602014,7.016361584229715e-05,0.0080859880376589
KA04,N15_M07_F04,1500.0,25.0,1,N15_M07_F04_KA04_11.mat,0.0005263164528281702,0.005611102250157282,0.0001076210608456735,0.0029964030385362392,0.0002266039201560241,0.005456951158758721,0.0001770152268529731,0.007786640904115355,1.6191191022601425e-05,0.004021982872859123,7.053306526473879e-05,0.007786640904115355
KA04,N15_M07_F04,1500.0,25.0,1,N15_M07_F04_KA04_12.mat,0.0005169809380606166,0.005574683520436011,0.00011124329268234738,0.005172365697586109,0.00022609950673665012,0.0058758229566410105,0.00018292986431903707,0.010231234333468857,1.609274012040249e-05,0.004556466536613506,7.130741415338205e-05,0.010231234333468857
KA04,N15_M07_F04,1500.0,25.0,1,N15_M07_F04_KA04_13.mat,0.0005181999438897955,0.0058528031409943735,0.0001039158104596721,0.0029227175469105273,0.00022016918870982306,0.005414232371823477,0.000180794985857415,0.007958599917044649,1.605054842979088e-05,0.004482623223494112,7.02039926821169e-05,0.007958599917044649
KA04,N15_M07_F04,1500.0,25.0,1,N15_M07_F04_KA04_14.mat,0.0005126435579307232,0.005600712816749136,0.00010803951522265668,0.0032979202796456705,0.00021987008769835506,0.007645954090210976,0.00018218059840826721,0.007683147638834988,1.59933783094705e-05,0.003921902365463348,7.047266095379443e-05,0.007683147638834988
KA04,N15_M07_F04,1500.0,25.0,1,N15_M07_F04_KA04_15.mat,0.000510249268833712,0.005792007250644102,0.00010833445743667058,0.003993859914144028,0.00022237090559935538,0.0062521536285281044,0.00018221963589577385,0.0080021430819983,1.6446232439236097e-05,0.0036830199277369,7.072501109735124e-05,0.0080021430819983
KA04,N15_M07_F04,1500.0,25.0,1,N15_M07_F04_KA04_16.mat,0.0005153618939561207,0.005808729073210347,0.00010830121341811474,0.00445627112542226,0.00022422989711858336,0.005875903302677913,0.00018176664387681057,0.009916674321635413,1.604989338385993e-05,0.0035456676132239458,7.079512410416945e-05,0.009916674321635413
KA04,N15_M07_F04,1500.0,25.0,1,N15_M07_F04_KA04_17.mat,0.0005129532098151199,0.005642207250265421,0.0001117886045448741,0.0042084155766597235,0.00022619438638194335,0.007154115760895991,0.0001782531247347016,0.0106050448207257,1.642172316672862e-05,0.0037928616181364173,7.060288766456254e-05,0.0106050448207257
KA04,N15_M07_F04,1500.0,25.0,1,N15_M07_F04_KA04_18.mat,0.0005145267218541102,0.005599247692546514,0.00010733793537161311,0.003281317139066894,0.00022997378768247652,0.006498910737076186,0.0001824972010629088,0.007833591934481587,1.6460504651614684e-05,0.0056100939484933915,7.129737531672616e-05,0.007833591934481587
KA04,N15_M07_F04,1500.0,25.0,1,N15_M07_F04_KA04_19.mat,0.0005134183527806173,0.0059796432100180825,0.00010525590070600462,0.003958194133619346,0.00022198870079376707,0.006142508541865862,0.000183157555544317,0.009218252823091438,1.6216619938798293e-05,0.004177228845035857,7.065141167201608e-05,0.009218252823091438
KA04,N15_M07_F04,1500.0,25.0,1,N15_M07_F04_KA04_2.mat,0.0005565898367238447,0.007019908425502518,0.00010887009208738261,0.004366866358204012,0.00022733418456759064,0.006594203179900879,0.00017664281063672728,0.00782622224664119,1.4767575951728246e-05,0.004590464039518254,7.109596828717712e-05,0.00782622224664119
KA04,N15_M07_F04,1500.0,25.0,1,N15_M07_F04_KA04_20.mat,0.000510249268833712,0.005792007250644102,0.00010833445743667058,0.003993859914144028,0.00022237090559935538,0.0062521536285281044,0.00018221963589577385,0.0080021430819983,1.6446232439236097e-05,0.0036830199277369,7.072501109735124e-05,0.0080021430819983
KA04,N15_M07_F04,1500.0,25.0,1,N15_M07_F04_KA04_3.mat,0.0005589524404872584,0.007175460671795141,0.00010961386087159352,0.0031081854057763234,0.0002253110009630824,0.006169456812353706,0.00018145074429289893,0.009294267967395489,1.5795113633904322e-05,0.003739131126696509,7.215292145974656e-05,0.009294267967395489
KA04,N15_M07_F04,1500.0,25.0,1,N15_M07_F04_KA04_4.mat,0.000549251955711393,0.00700896850703638,0.00010949858976979488,0.003491571037895388,0.00022131936722789237,0.006473069960007811,0.00017363208742543883,0.008587019750065391,1.4695783763458452e-05,0.0049758188841640405,7.004079543818608e-05,0.008587019750065391
KA04,N15_M07_F04,1500.0,25.0,1,N15_M07_F04_KA04_5.mat,0.0005134183527806173,0.0059796432100180825,0.00010525590070600462,0.003958194133619346,0.00022198870079376707,0.006142508541865862,0.000183157555544317,0.009218252823091438,1.6216619938798293e-05,0.004177228845035857,7.065141167201608e-05,0.009218252823091438
KA04,N15_M07_F04,1500.0,25.0,1,N15_M07_F04_KA04_6.mat,0.000510249268833712,0.005792007250644102,0.00010833445743667058,0.003993859914144028,0.00022237090559935538,0.0062521536285281044,0.00018221963589577385,0.0080021430819983,1.6446232439236097e-05,0.0036830199277369,7.072501109735124e-05,0.0080021430819983
KA04,N15_M07_F04,1500.0,25.0,1,N15_M07_F04_KA04_7.mat,0.0005375405144155259,0.006499891863308609,0.00010749400495739215,0.004239947682382688,0.00022939284431365532,0.005940459453116535,0.00017825796472708917,0.008191045697874443,1.5824378741051525e-05,0.004832465871475738,7.111116932608357e-05,0.008191045697874443
KA04,N15_M07_F04,1500.0,25.0,1,N15_M07_F04_KA04_8.mat,0.0005289510068535204,0.005962209270086445,0.00011081240054455333,0.0038295695327528064,0.00021905556452439949,0.005265530979112643,0.00017437446802728867,0.01410763759157133,1.5880827710542783e-05,0.004216105434297648,6.981247976408206e-05,0.01410763759157133
KA04,N15_M07_F04,1500.0,25.0,1,N15_M07_F04_KA04_9.mat,0.0005292102087879541,0.005657008480703836,0.00010265293228923151,0.0033391810742215418,0.00022087393346677633,0.0058412008921030455,0.0001775836210742679,0.007974591595993117,1.589250271186323e-05,0.004333549188487004,6.99288900088877e-05,0.007974591595993117
KA04,N15_M07_F10,1500.0,25.0,1,N15_M07_F10_KA04_1.mat,0.0007833899322984465,0.009341182134878638,8.407894862304865e-05,0.0030866516417404105,0.00027665292167866693,0.011304729941356272,0.00020550096343817552,0.0063804238092996495,1.1444181122614898e-05,0.002677504688876026,8.314660554769066e-05,0.011304729941356272
KA04,N15_M07_F10,1500.0,25.0,1,N15_M07_F10_KA04_10.mat,0.0008194921168819389,0.011268150080581985,8.272931222090995e-05,0.002694755961362559,0.0002946062390499165,0.010417127327356657,0.00021007749128625235,0.007279869242815161,9.777458890384987e-06,0.002386097964259504,8.553136899197432e-05,0.011268150080581985
KA04,N15_M07_F10,1500.0,25.0,1,N15_M07_F10_KA04_11.mat,0.0008217053636379918,0.0108489551823218,8.252924343384513e-05,0.002287237076163824,0.0002739600207146158,0.009677291619099901,0.00021586712330374039,0.007721688550998529,1.0003373297265292e-05,0.0027717326267038306,8.526450056849716e-05,0.0108489551823218
KA04,N15_M07_F10,1500.0,25.0,1,N15_M07_F10_KA04_12.mat,0.0008238991433941321,0.011036968245882715,8.495004361955273e-05,0.002452462210490684,0.0002916045510433452,0.01185412488435319,0.00021027204678959188,0.007530351175679626,1.0169655734184817e-05,0.0019341082460344167,8.578214827237036e-05,0.01185412488435319
KA04,N15_M07_F10,1500.0,25.0,1,N15_M07_F10_KA04_13.mat,0.0008179940780261367,0.011247923727977107,8.540470714051139e-05,0.0029800979117266544,0.0002963424612524353,0.012892175794629862,0.00020786382170258623,0.008125318020636093,1.0162742820584526e-05,0.0029476447577102714,8.555733368599e-05,0.012892175794629862
KA04,N15_M07_F10,1500.0,25.0,1,N15_M07_F10_KA04_14.mat,0.0008183028178486312,0.010940293247261692,8.340722594223437e-05,0.0028612641034275557,0.0002847493837511861,0.010597921297072634,0.0002053299128520758,0.007373746299021541,9.551981160771664e-06,0.003356043356883274,8.411314105048848e-05,0.010940293247261692
KA04,N15_M07_F10,1500.0,25.0,1,N15_M07_F10_KA04_15.mat,0.0008242433154666995,0.01122445522008826,8.160212556394188e-05,0.00245069353399736,0.0002879307920915114,0.010196909487513025,0.00021384820584217668,0.00900790696241154,1.0539481438005913e-05,0.002330039167875883,8.604275998092235e-05,0.01122445522008826
KA04,N15_M07_F10,1500.0,25.0,1,N15_M07_F10_KA04_16.mat,0.0008287427019354429,0.011212841799253442,8.364027814784451e-05,0.002830143133369767,0.00029296744608741797,0.012564051828074694,0.00021453814443231974,0.008328548265572378,1.0511816069521402e-05,0.0028014384743984874,8.671394838215008e-05,0.012564051828074694
KA04,N15_M07_F10,1500.0,25.0,1,N15_M07_F10_KA04_17.mat,0.000825472307168211,0.011182386976995678,8.488441423514905e-05,0.0029400930192363325,0.0002920858242565809,0.011813093184227122,0.00021803239923614228,0.008024927585684998,1.1039645901015815e-05,0.003014784077265991,8.73525154301573e-05,0.011813093184227122
KA04,N15_M07_F10,1500.0,25.0,1,N15_M07_F10_KA04_18.mat,0.0008359699568312522,0.011567141145460869,8.572887055439318e-05,0.0026792912112175945,0.00029337320746857144,0.012727639758809212,0.00021772752493730342,0.00719395060121941,1.0980973022774995e-05,0.00263245494238436,8.775710766479511e-05,0.012727639758809212
KA04,N15_M07_F10,1500.0,25.0,1,N15_M07_F10_KA04_19.mat,0.0008358894982869066,0.010978511940363676,8.448079723996716e-05,0.002922886134578758,0.00029080111640640674,0.01143564342960946,0.00021615801434375376,0.008069640898071988,1.2200983013414456e-05,0.002971883546054181,8.765380186727054e-05,0.01143564342960946
KA04,N15_M07_F10,1500.0,25.0,1,N15_M07_F10_KA04_2.mat,0.0008276045521471588,0.010594355609306074,8.404332792746546e-05,0.0026103656942953746,0.0002723371968864573,0.010013212082126884,0.00020687480118312685,0.006852532507857927,1.0409210118028731e-05,0.0018996046673472554,8.413002339867296e-05,0.010594355609306074
KA04,N15_M07_F10,1500.0,25.0,1,N15_M07_F10_KA04_20.mat,0.0008353185315181701,0.011044139903936281,8.405034306359418e-05,0.002373462923158237,0.0002902491978902429,0.012047505971289504,0.000227303356255443,0.007947917122128096,1.1746954403226488e-05,0.0034842945892037415,8.91553958935461e-05,0.012047505971289504
KA04,N15_M07_F10,1500.0,25.0,1,N15_M07_F10_KA04_3.mat,0.0008245123838434008,0.010384469870168708,8.255124586549297e-05,0.002866013607100621,0.0002632223866503217,0.01106337726574356,0.00020195791523089186,0.006294776720672641,1.0475889010274075e-05,0.002477641466477399,8.263741400138184e-05,0.01106337726574356
KA04,N15_M07_F10,1500.0,25.0,1,N15_M07_F10_KA04_4.mat,0.0008274938073078814,0.010250623549724142,8.297031104135116e-05,0.002760007833392727,0.0002734459973321959,0.010446795751596204,0.00020909858482043352,0.007947055896485063,1.1238207805802639e-05,0.003352714178066184,8.472362764341539e-05,0.010446795751596204
KA04,N15_M07_F10,1500.0,25.0,1,N15_M07_F10_KA04_5.mat,0.0008180592411867441,0.010626444054968816,8.309512059453459e-05,0.0028181951326274697,0.0002731995927160219,0.015130683077957487,0.00020735994902066043,0.006142865987933043,9.862236319822963e-06,0.0020381477614855982,8.37263669740574e-05,0.015130683077957487
KA04,N15_M07_F10,1500.0,25.0,1,N15_M07_F10_KA04_6.mat,0.0008134535408363822,0.010699283131645004,8.282657543932329e-05,0.00271784560965052,0.0002694921459222899,0.011030302140010067,0.00019740281437700738,0.00787434756224433,9.359592437901157e-06,0.0020193041197160222,8.167464221258737e-05,0.011030302140010067
KA04,N15_M07_F10,1500.0,25.0,1,N15_M07_F10_KA04_7.mat,0.0008242192823726827,0.01123367261479925,8.309481032781704e-05,0.0025265459161455768,0.00029399793073692476,0.01334635783379468,0.000216066975856692,0.008722384453215761,1.0601987168313733e-05,0.0020284722262860462,8.685771547297892e-05,0.01334635783379468
KA04,N15_M07_F10,1500.0,25.0,1,N15_M07_F10_KA04_8.mat,0.0008222921793790374,0.011413764968946218,8.320034557555571e-05,0.002119924029518365,0.00028949832222204214,0.011075779951380996,0.00021404422756257787,0.006797687257047579,1.019979682123237e-05,0.0027697687237488475,8.607011234024004e-05,0.011413764968946218
KA04,N15_M07_F10,1500.0,25.0,1,N15_M07_F10_KA04_9.mat,0.0008211719307280791,0.01061990412277867,8.200359286946044e-05,0.002802025345700733,0.00027810290204130896,0.011637856747519769,0.00021661657624792358,0.009258910762662559,1.0348550279913053e-05,0.0021053667825597774,8.567728046827266e-05,0.011637856747519769
KI05,N09_M07_F10,900.0,15.0,1,N09_M07_F10_KI05_1.mat,1.3396730971543064e-05,0.00037680329490185916,1.4323541388058372e-05,0.0002603574954128486,1.2601310553614591e-05,0.00016192557208746583,1.3659229295576284e-05,0.0003821848889194001,1.0797144475172057e-05,0.00020866687500485824,1.1413032937213873e-05,0.0003821848889194001
KI05,N09_M07_F10,900.0,15.0,1,N09_M07_F10_KI05_10.mat,1.2302945835386995e-05,0.00031693455473524076,1.412097782676543e-05,0.0002253158148994552,1.2643207842601251e-05,0.0001931024159533017,1.3707516990812429e-05,0.0004429877338897964,1.0604924496461775e-05,0.0002586227186415787,1.1371900468838026e-05,0.0004429877338897964
KI05,N09_M07_F10,900.0,15.0,1,N09_M07_F10_KI05_11.mat,1.3600233583385927e-05,0.0002780407337460338,1.439520931537183e-05,0.00023642308017129425,1.2058046023704344e-05,0.0002237658222529909,1.3170134928156966e-05,0.00030197400464598997,1.0641612602463696e-05,0.00017855955877616486,1.1209470297248418e-05,0.00030197400464598997
KI05,N09_M07_F10,900.0,15.0,1,N09_M07_F10_KI05_12.mat,1.3393881697246062e-05,0.00037018456219007484,1.4065538806816348e-05,0.0003021224248763185,1.2279364217458646e-05,0.00017132178230372145,1.3165656806551496e-05,0.00032408124736951527,1.0131929512364812e-05,0.0001549462901960852,1.1057792062405462e-05,0.00037018456219007484
KI05,N09_M07_F10,900.0,15.0,1,N09_M07_F10_KI05_13.mat,1.298415879381317e-05,0.00028352846828200124,1.3604549766243775e-05,0.0003455100103154174,1.1617627559901696e-05,0.0001556878770424769,1.2968754249249444e-05,0.00038181025956858815,1.021929054913079e-05,0.00021650071607460605,1.085236325197366e-05,0.00038181025956858815
KI05,N09_M07_F10,900.0,15.0,1,N09_M07_F10_KI05_14.mat,1.2450553658158163e-05,0.00032027302803354525,1.381736072913145e-05,0.000367918524007892,1.2728505197047194e-05,0.00024993513930025185,1.2913659299932836e-05,0.0003206591285056877,1.0290782327078148e-05,0.00021027402342109955,1.100003945361841e-05,0.000367918524007892
KI05,N09_M07_F10,900.0,15.0,1,N09_M07_F10_KI05_15.mat,1.2860191349552265e-05,0.0003649845179401553,1.3310166464416354e-05,0.00024541920304247745,1.252567296527013e-05,0.00018738708810956065,1.3249497184099766e-05,0.0004580254004711751,1.0415865811616772e-05,0.00018348817231789597,1.1129718919373542e-05,0.0004580254004711751
KI05,N09_M07_F10,900.0,15.0,1,N09_M07_F10_KI05_16.mat,1.2434037985285954e-05,0.0003176778612389695,1.4334020889498815e-05,0.0002529011111082777,1.2421184238787827e-05,0.00023763787376969618,1.3101001713603845e-05,0.0002878947563410347,1.0794723377025318e-05,0.00021552394612983248,1.1271225713492931e-05,0.0003176778612389695
KI05,N09_M07_F10,900.0,15.0,1,N09_M07_F10_KI05_17.mat,1.2981891786702149e-05,0.00042163304038671245,1.4042601465895122e-05,0.00027892143216408464,1.2766026066773578e-05,0.00014904511745440164,1.3088190526201477e-05,0.00031004632679236543,1.0051299766779806e-05,0.00023643980876966283,1.1080790584309756e-05,0.00042163304038671245
KI05,N09_M07_F10,900.0,15.0,1,N09_M07_F10_KI05_18.mat,1.2711737525843182e-05,0.0002730501456443479,1.3777966445562498e-05,0.00031859364666523665,1.2220660606824517e-05,0.0001492141580569001,1.3041658798093162e-05,0.00037520641694442045,1.0416980609977574e-05,0.00021701709174092642,1.1015249784320833e-05,0.00037520641694442045
KI05,N09_M07_F10,900.0,15.0,1,N09_M07_F10_KI05_19.mat,1.303827422138414e-05,0.0002978841093000362,1.4063212299359647e-05,0.0002955389922473654,1.174421849831184e-05,0.00018055292334745538,1.2964045491708634e-05,0.00046623269226540664,1.0072498452526163e-05,0.000223735642234018,1.0886130794774727e-05,0.00046623269226540664
KI05,N09_M07_F10,900.0,15.0,1,N09_M07_F10_KI05_2.mat,1.3351783389675573e-05,0.00039214029983775756,1.314006903012986e-05,0.0002696553223933318,1.2808722214530335e-05,0.0001676955254295005,1.3493168500654333e-05,0.0003255998406548778,1.0564118624470675e-05,0.0002043932527967021,1.114833075591741e-05,0.00039214029983775756
KI05,N09_M07_F10,900.0,15.0,1,N09_M07_F10_KI05_20.mat,1.3644974264322514e-05,0.00035655682493751707,1.3935830374322132e-05,0.0002853099468972177,1.297349260601028e-05,0.00020222170464244779,1.3366022051728286e-05,0.0003900944026771039,1.0327322174473826e-05,0.00015594846625106666,1.1283084933136892e-05,0.0003900944026771039
KI05,N09_M07_F10,900.0,15.0,1,N09_M07_F10_KI05_3.mat,1.3931329397203982e-05,0.0006578613303095775,1.3350285016446761e-05,0.0002799392746276595,1.2666678068732389e-05,0.00021331341949433792,1.351775601709034e-05,0.0003233682552843539,1.034768616570498e-05,0.0001815638403391134,1.1184844163317463e-05,0.0006578613303095775
KI05,N09_M07_F10,900.0,15.0,1,N09_M07_F10_KI05_4.mat,1.2762993182681741e-05,0.0002530268539670007,1.4782062582931706e-05,0.000545853062897368,1.285664006924856e-05,0.00018800763606915545,1.327081020142346e-05,0.0003092460327605083,1.0113240397762567e-05,0.0001624989059100839,1.123748970120493e-05,0.000545853062897368
KI05,N09_M07_F10,900.0,15.0,1,N09_M07_F10_KI05_5.mat,1.4164086427654384e-05,0.0003646277863173597,1.4065595208047203e-05,0.000268465333234793,1.2952460220564936e-05,0.0001651312953369559,1.3236377670964208e-05,0.000394655824674538,1.0281284900586853e-05,0.00015262809130746685,1.1202871964759454e-05,0.000394655824674538
KI05,N09_M07_F10,900.0,15.0,1,N09_M07_F10_KI05_6.mat,1.2749335968492352e-05,0.00027620571861922897,1.4105212141609555e-05,0.00029352053061959337,1.2436804109435564e-05,0.00021499116075332243,1.3831025853234447e-05,0.00046129084382344265,1.0429499044621072e-05,0.00022625377727793328,1.1299882973158732e-05,0.00046129084382344265
KI05,N09_M07_F10,900.0,15.0,1,N09_M07_F10_KI05_7.mat,1.3048930560366925e-05,0.0002649327088861273,1.3640733029579078e-05,0.00030225913908704714,1.2723168799920419e-05,0.00017231570518974634,1.359530042898723e-05,0.00033563802486145564,1.039176806102154e-05,0.00015311176803120826,1.1188001399231447e-05,0.00033563802486145564
KI05,N09_M07_F10,900.0,15.0,1,N09_M07_F10_KI05_8.mat,1.3011147622095867e-05,0.0004702503710894806,1.3836442411606897e-05,0.00021007817895589602,1.2352947826076255e-05,0.00021771095472873027,1.4046925058719984e-05,0.00039489485922703096,1.0679564971185761e-05,0.00017923162086772853,1.1484423119987368e-05,0.0004702503710894806
KI05,N09_M07_F10,900.0,15.0,1,N09_M07_F10_KI05_9.mat,1.29495059147625e-05,0.00027684039162310833,1.4104329804842413e-05,0.00023138816540976218,1.2950024221026084e-05,0.00029130490619915086,1.3736022081217675e-05,0.0002589397447943095,1.0272205338503885e-05,0.00019883446963335375,1.1330813304427979e-05,0.00029130490619915086
KI05,N15_M01_F10,1500.0,25.0,1,N15_M01_F10_KI05_1.mat,1.528803144468237e-05,0.0003040739527879457,8.86983245061525e-05,0.004594103494561265,3.6619339570139175e-05,0.0010360422163353121,3.325947124967988e-05,0.002110262543116323,1.0509292205597017e-05,0.0002215804076397666,2.046283218132479e-05,0.004594103494561265
KI05,N15_M01_F10,1500.0,25.0,1,N15_M01_F10_KI05_10.mat,1.6141565101871706e-05,0.00045964165467448736,8.724010986958267e-05,0.004557959461344594,3.792915719631254e-05,0.0011630093063069065,3.317211338518742e-05,0.0020334991643343606,1.0387168847948256e-05,0.0002377019976939474,2.0391734436749957e-05,0.004557959461344594
KI05,N15_M01_F10,1500.0,25.0,1,N15_M01_F10_KI05_11.mat,1.540968376421929e-05,0.0003807450488199519,9.356297243870214e-05,0.004954271550947013,3.9718653119369834e-05,0.0014436062676980363,3.3413996090078875e-05,0.0015072465563497556,1.0848459429307898e-05,0.0002528526402008668,2.1286614701833027e-05,0.004954271550947013
KI05,N15_M01_F10,1500.0,25.0,1,N15_M01_F10_KI05_12.mat,1.486803383969819e-05,0.00060595141863341,8.906809224403559e-05,0.004462206021705153,3.865411360075043e-05,0.0022175665810028793,3.4011460789462844e-05,0.0022243934460632812,1.0328165752397906e-05,0.00022018451883411305,2.0739798681470927e-05,0.004462206021705153
KI05,N15_M01_F10,1500.0,25.0,1,N15_M01_F10_KI05_13.mat,1.5408939104076772e-05,0.0003348134216670366,8.84603889746134e-05,0.004221534281925879,3.801548148295356e-05,0.0015020614326202583,3.322322662219283e-05,0.0016389353207215704,1.0145279273387732e-05,0.00029215402841998905,2.03784307293295e-05,0.004221534281925879
KI05,N15_M01_F10,1500.0,25.0,1,N15_M01_F10_KI05_14.mat,1.524393256508921e-05,0.0003283612327582722,8.623827270065508e-05,0.004115301627909384,3.7868423572671536e-05,0.0015667128847335417,3.3670706629060774e-05,0.0020410776120026166,1.0765207816132344e-05,0.00019492053385640327,2.064233088209735e-05,0.004115301627909384
KI05,N15_M01_F10,1500.0,25.0,1,N15_M01_F10_KI05_15.mat,1.4767185517906575e-05,0.00034633177982023314,8.646078645569395e-05,0.004189653114519699,3.8644991136846706e-05,0.0021232473867430633,3.353338961471912e-05,0.001839256726158511,1.0576452717214475e-05,0.0002602358136199027,2.0518735554709476e-05,0.004189653114519699
KI05,N15_M01_F10,1500.0,25.0,1,N15_M01_F10_KI05_16.mat,1.459070421966046e-05,0.0003161612843052683,8.362668139887591e-05,0.004330633528480571,3.896398196139309e-05,0.0014260199363950313,3.341797373002346e-05,0.001941679402083501,1.0834427061345792e-05,0.00018927675106021133,2.041359515333422e-05,0.004330633528480571
KI05,N15_M01_F10,1500.0,25.0,1,N15_M01_F10_KI05_17.mat,1.4833577020623096e-05,0.00027921362042953506,8.323208982773273e-05,0.004025531470224259,3.835735429699036e-05,0.0011365693267080881,3.342468288728367e-05,0.0026269179793762445,1.0452005133380702e-05,0.00022015954607705458,2.0215318436699253e-05,0.004025531470224259
KI05,N15_M01_F10,1500.0,25.0,1,N15_M01_F10_KI05_18.mat,1.558921340682735e-05,0.0002967784748637361,8.769720439802991e-05,0.004087852954136238,3.881823811654072e-05,0.0014510462911491498,3.3367784768506067e-05,0.0015212751071998886,1.0665699835067053e-05,0.00022737832507012913,2.0758021923642626e-05,0.004087852954136238
KI05,N15_M01_F10,1500.0,25.0,1,N15_M01_F10_KI05_19.mat,1.4506121964784644e-05,0.0005127264944943781,8.713573017332482e-05,0.0042620980995216945,3.717096281800762e-05,0.0012818325372404326,3.313506205160815e-05,0.0017654068293227344,1.0195441643696592e-05,0.0002457811447342851,2.0148653379874955e-05,0.0042620980995216945
KI05,N15_M01_F10,1500.0,25.0,1,N15_M01_F10_KI05_2.mat,1.3518716416330973e-05,0.0003944417128801267,8.401088603611861e-05,0.004224702369142778,3.681133851339427e-05,0.0015319225635126183,3.268161102833646e-05,0.0014328170339514546,1.0295307326386084e-05,0.00016803887577344882,1.9796480001832713e-05,0.004224702369142778
KI05,N15_M01_F10,1500.0,25.0,1,N15_M01_F10_KI05_20.mat,1.4743212182902292e-05,0.0002968808929419458,8.850660730252795e-05,0.004178623118612476,3.787305831565542e-05,0.0012066591214917853,3.364587522908451e-05,0.0017520662892557546,1.0702871249853013e-05,0.00021196544340503407,2.0693905478571026e-05,0.004178623118612476
KI05,N15_M01_F10,1500.0,25.0,1,N15_M01_F10_KI05_3.mat,1.547296163210073e-05,0.0004599616180017054,8.669229328743037e-05,0.004663496434718044,3.5780208689450655e-05,0.0007782498491717883,3.3319766113807455e-05,0.001416223178005867,1.0332937195434233e-05,0.0002311692159850328,2.020699879273543e-05,0.004663496434718044
KI05,N15_M01_F10,1500.0,25.0,1,N15_M01_F10_KI05_4.mat,1.4474380795328283e-05,0.0003545985222096422,9.020995162351655e-05,0.0044456096578296056,3.589893557257396e-05,0.0013470747030013752,3.341058698954834e-05,0.0017235498737772788,9.674355257380384e-06,0.00019447613937165897,2.0083530586486362e-05,0.0044456096578296056
KI05,N15_M01_F10,1500.0,25.0,1,N15_M01_F10_KI05_5.mat,1.5872604111092114e-05,0.0004312986685714569,8.558085584331872e-05,0.004417984768120764,3.6007256591554315e-05,0.0020030290183753684,3.387587259530907e-05,0.0021026383701278043,1.0509576332647424e-05,0.00016963858911277978,2.0358640177381325e-05,0.004417984768120764
KI05,N15_M01_F10,1500.0,25.0,1,N15_M01_F10_KI05_6.mat,1.6027522481238603e-05,0.0003496444026381941,8.645954912127778e-05,0.004478422304154881,3.6136296023636465e-05,0.0010567959682691588,3.29720295707531e-05,0.0014351201169595343,1.028253357495156e-05,0.0003008438869350829,2.0161699373793537e-05,0.004478422304154881
KI05,N15_M01_F10,1500.0,25.0,1,N15_M01_F10_KI05_7.mat,1.5124627883208584e-05,0.000369210443790539,8.623479539369264e-05,0.004527294937888305,3.7282860872003843e-05,0.0010373181722529163,3.394468251900744e-05,0.0018337755426064005,1.0449814086387372e-05,0.0002620286730685402,2.052394041386849e-05,0.004527294937888305
KI05,N15_M01_F10,1500.0,25.0,1,N15_M01_F10_KI05_8.mat,1.582350392762578e-05,0.0004047377445795431,8.654558558004342e-05,0.0041893330624585366,3.819834423736561e-05,0.001493604001786936,3.425131467008962e-05,0.002387841653227696,1.0866522058589554e-05,0.00020429952697537487,2.0860020982014435e-05,0.0041893330624585366
KI05,N15_M01_F10,1500.0,25.0,1,N15_M01_F10_KI05_9.mat,1.5989786556841695e-05,0.0003832879308773578,8.554797299476324e-05,0.004266478346070703,3.834734893138892e-05,0.0011468031085714193,3.355211587425586e-05,0.0016731165689503013,1.0378514421889088e-05,0.00020516673472149264,2.0351486830837333e-05,0.004266478346070703
KI05,N15_M07_F04,1500.0,25.0,1,N15_M07_F04_KI05_1.mat,1.373387394212208e-05,0.0004654743517321138,4.9455321548082485e-05,0.0017515215854531714,3.556466562624336e-05,0.0010205283127091307,2.2552545165702417e-05,0.000618159287504228,1.1311402245129556e-05,0.00019560320671310896,1.6740564720543036e-05,0.0017515215854531714
KI05,N15_M07_F04,1500.0,25.0,1,N15_M07_F04_KI05_10.mat,1.312564119416641e-05,0.00046996319302101676,4.981040543090233e-05,0.0016394820641649898,3.288242412299556e-05,0.0008902593923839621,2.3532229462027268e-05,0.0006350300564786703,1.1160700589803188e-05,0.00028994614037675955,1.6588250899685022e-05,0.0016394820641649898
KI05,N15_M07_F04,1500.0,25.0,1,N15_M07_F04_KI05_11.mat,1.3916343435234882e-05,0.0002899105367384284,5.028217056324981e-05,0.0016552612733663839,3.5081264826703866e-05,0.000842754163625388,2.3630545876194255e-05,0.0008626287540834261,1.1135159182861477e-05,0.0001871263860163109,1.6808480148433107e-05,0.0016552612733663839
KI05,N15_M07_F04,1500.0,25.0,1,N15_M07_F04_KI05_12.mat,1.333758220319526e-05,0.0002781648611563378,5.01175889616292e-05,0.002000793105333899,3.470215055477472e-05,0.0011283885165052536,2.3201703216742267e-05,0.0008814802585080534,1.0877365970881222e-05,0.0002533986538241586,1.6374724653470106e-05,0.002000793105333899
KI05,N15_M07_F04,1500.0,25.0,1,N15_M07_F04_KI05_13.mat,1.3528038199577133e-05,0.00033338756808060316,5.06972703370581e-05,0.00201295879813785,3.386477211554675e-05,0.0009994211033554849,2.3770244260024063e-05,0.0006243635883504229,1.1149606831894258e-05,0.00027905879422115363,1.6679048117216653e-05,0.00201295879813785
KI05,N15_M07_F04,1500.0,25.0,1,N15_M07_F04_KI05_14.mat,1.3741634124080783e-05,0.00027728564386126454,5.718967853980085e-05,0.0019375436958490892,3.396212180463687e-05,0.0008863524210676115,2.3773760533651712e-05,0.000772606231384693,1.1096966053388054e-05,0.0001965994671246355,1.706651003068846e-05,0.0019375436958490892
KI05,N15_M07_F04,1500.0,25.0,1,N15_M07_F04_KI05_15.mat,1.4689501670784752e-05,0.00034609765991953825,4.9971365074290764e-05,0.0016898377774268807,3.328216815842637e-05,0.0007830892179212691,2.398240545587817e-05,0.0007557555917710216,1.1426726013603398e-05,0.00028904888856138,1.686124706708355e-05,0.0016898377774268807
KI05,N15_M07_F04,1500.0,25.0,1,N15_M07_F04_KI05_16.mat,1.3191769622720788e-05,0.0002998556272267598,5.0065720019662066e-05,0.0019716105844339625,3.241220113410687e-05,0.0007541941666377408,2.3547089068576326e-05,0.000854196320525734,1.0876737965367412e-05,0.0003579167907464082,1.6387763077698256e-05,0.0019716105844339625
KI05,N15_M07_F04,1500.0,25.0,1,N15_M07_F04_KI05_17.mat,1.4454858813890242e-05,0.0004648049917503832,5.0213039819348924e-05,0.0018924606787019743,3.294730040385247e-05,0.0009826223102111127,2.3941973773858355e-05,0.0007333559894471707,1.0992599619104336e-05,0.0002193202615555487,1.6699226766651142e-05,0.0018924606787019743
KI05,N15_M07_F04,1500.0,25.0,1,N15_M07_F04_KI05_18.mat,1.3714344095483717e-05,0.00026829600699169564,5.258298696897932e-05,0.002056881355241766,3.377487002827959e-05,0.0008201279206047102,2.420332699157566e-05,0.0006895206644898859,1.1521352478745996e-05,0.0002610057830768733,1.7170483115153226e-05,0.002056881355241766
KI05,N15_M07_F04,1500.0,25.0,1,N15_M07_F04_KI05_19.mat,1.3380366727986051e-05,0.00034683951764146197,4.796433252636222e-05,0.0016991410442800236,3.298080247170721e-05,0.001159749253065899,2.341052613074991e-05,0.0007813034934828701,1.0869784257615542e-05,0.0002701675859064951,1.621469036900122e-05,0.0016991410442800236
KI05,N15_M07_F04,1500.0,25.0,1,N15_M07_F04_KI05_2.mat,1.4099219649450407e-05,0.00041203016652711027,5.036500006055871e-05,0.0017666106628044112,3.4210258537761484e-05,0.0009608601246782102,2.4365959626061196e-05,0.0008222474122657113,1.167380892098098e-05,0.00032376050380361035,1.7127185886503337e-05,0.0017666106628044112
KI05,N15_M07_F04,1500.0,25.0,1,N15_M07_F04_KI05_20.mat,1.2617477580894363e-05,0.0002951461140084004,4.737891861124868e-05,0.001797957460027703,3.3444054674229506e-05,0.0007400857418407187,2.337331591709472e-05,0.0008342297621609892,1.0531964667409806e-05,0.00029201019053998184,1.595646530253907e-05,0.001797957460027703
KI05,N15_M07_F04,1500.0,25.0,1,N15_M07_F04_KI05_3.mat,1.2956193786533801e-05,0.0003953386883056992,5.18705369386146e-05,0.00184137947006309,3.317167540015581e-05,0.0014501475118158646,2.3121375116629288e-05,0.0008666738875510999,1.0782471916684415e-05,0.00016625165305662914,1.6426909897213437e-05,0.00184137947006309
KI05,N15_M07_F04,1500.0,25.0,1,N15_M07_F04_KI05_4.mat,1.4158873774313877e-05,0.0003496975815783289,5.4707900874704184e-05,0.001963933678520985,3.491694160561864e-05,0.0008786196530252806,2.337585798897023e-05,0.000916478580951262,1.1194883243158345e-05,0.00026085049936780256,1.703766192573512e-05,0.001963933678520985
KI05,N15_M07_F04,1500.0,25.0,1,N15_M07_F04_KI05_5.mat,1.3621565174412738e-05,0.00033732410700263474,5.2574540884611576e-05,0.0018403358034513398,3.402898489771118e-05,0.000882602815969743,2.2906591100276453e-05,0.0007191742588923208,1.1123007444819787e-05,0.00030677077093421663,1.668683361901538e-05,0.0018403358034513398
KI05,N15_M07_F04,1500.0,25.0,1,N15_M07_F04_KI05_6.mat,1.3731455519243303e-05,0.00026165319503001865,5.3146569124876935e-05,0.0016200639770759004,3.379978694244622e-05,0.0010648910192022614,2.2779980503896645e-05,0.0007397072913681398,1.057800347651906e-05,0.00017669033942796234,1.6430559614736902e-05,0.0016200639770759004
KI05,N15_M07_F04,1500.0,25.0,1,N15_M07_F04_KI05_7.mat,1.2560035175221485e-05,0.00030567704385403463,5.1957405829292213e-05,0.001852758343924359,3.5632933964553394e-05,0.0008741966996981369,2.3760172573695046e-05,0.0009102210169298555,1.1078562520374705e-05,0.0002037138014378157,1.6912942613926353e-05,0.001852758343924359
KI05,N15_M07_F04,1500.0,25.0,1,N15_M07_F04_KI05_8.mat,1.3486983842823138e-05,0.00043549179133406857,5.124062878718418e-05,0.002062542739321654,3.539181523290757e-05,0.0009063376107310122,2.3507002985181367e-05,0.0007070399322374902,1.125699188143395e-05,0.00024217767621261612,1.692617192395306e-05,0.002062542739321654
KI05,N15_M07_F04,1500.0,25.0,1,N15_M07_F04_KI05_9.mat,1.37752816782465e-05,0.0005625591607652922,4.940964255766349e-05,0.001677945797377788,3.415339070415259e-05,0.000985514917188418,2.356939407145579e-05,0.0010341143520322435,1.0815209759256704e-05,0.0002044105970468598,1.6476626668929564e-05,0.001677945797377788
KI05,N15_M07_F10,1500.0,25.0,1,N15_M07_F10_KI05_1.mat,1.4999367218425611e-05,0.000346492509689212,9.085260156148472e-05,0.004665959716685236,3.6552472473652655e-05,0.001350111849769257,3.369523368554822e-05,0.0016301962263793642,1.0530167834002602e-05,0.00021377091447342074,2.0703826595886087e-05,0.004665959716685236
KI05,N15_M07_F10,1500.0,25.0,1,N15_M07_F10_KI05_10.mat,1.7014839570771724e-05,0.0003759120075006102,9.079153740840645e-05,0.004302563729114747,3.979970031579618e-05,0.0012085604087938892,3.426779208431487e-05,0.0015467980802985595,1.1002645306518186e-05,0.00019755015337903102,2.143939102488502e-05,0.004302563729114747
KI05,N15_M07_F10,1500.0,25.0,1,N15_M07_F10_KI05_11.mat,1.643765355634426e-05,0.0004721590231110505,8.878240046591235e-05,0.00443065062859072,3.825866614431252e-05,0.0010554772704291099,3.5473037301338895e-05,0.0015239344153426288,1.114744539937967e-05,0.0002712282248914528,2.1471763903959178e-05,0.00443065062859072
KI05,N15_M07_F10,1500.0,25.0,1,N15_M07_F10_KI05_12.mat,1.6115611687534098e-05,0.00034365602328835623,8.984233032385452e-05,0.004622310772544783,3.913992121377416e-05,0.0012360650130679956,3.339752454491612e-05,0.0014815173178185739,1.0269306462314533e-05,0.0003468011491937777,2.0645601541222368e-05,0.004622310772544783
KI05,N15_M07_F10,1500.0,25.0,1,N15_M07_F10_KI05_13.mat,1.602343898362014e-05,0.0004800183839015107,8.863643872205232e-05,0.0045387282623765264,3.93401323467631e-05,0.0014217830952087704,3.3302441067879886e-05,0.0020167049837072986,1.0480159579075599e-05,0.00021773873072310085,2.0595855182191753e-05,0.0045387282623765264
KI05,N15_M07_F10,1500.0,25.0,1,N15_M07_F10_KI05_14.mat,1.6462844311345765e-05,0.0003551313535046857,8.893586130706693e-05,0.004171174620979731,3.812959699300117e-05,0.0012282206965730541,3.442425394204296e-05,0.0019455531599854347,1.1595131431684819e-05,0.0001892746874697371,2.1437199533948712e-05,0.004171174620979731
KI05,N15_M07_F10,1500.0,25.0,1,N15_M07_F10_KI05_15.mat,1.754170371606835e-05,0.0004006671493518997,9.06366248043147e-05,0.0043060396598528896,3.9455884468018764e-05,0.0010461824984891754,3.458565480209244e-05,0.0017759440357406023,1.1189255711103289e-05,0.00024256693053565712,2.1510334047421515e-05,0.0043060396598528896
KI05,N15_M07_F10,1500.0,25.0,1,N15_M07_F10_KI05_16.mat,1.782468658401183e-05,0.0005196526709825844,9.033732968327478e-05,0.004398682183593916,4.044909551410137e-05,0.0014323725093685622,3.416778546509345e-05,0.0015740197987100123,1.0853289332963735e-05,0.00026868488421036177,2.1311906106626078e-05,0.004398682183593916
KI05,N15_M07_F10,1500.0,25.0,1,N15_M07_F10_KI05_17.mat,1.6914944573934275e-05,0.00036173577799023204,8.601062628032609e-05,0.004157914042551957,3.880605822904026e-05,0.001262248836910475,3.408954532024472e-05,0.00149609858497082,1.0695348555744162e-05,0.00021539208663694224,2.0872502182263736e-05,0.004157914042551957
KI05,N15_M07_F10,1500.0,25.0,1,N15_M07_F10_KI05_18.mat,1.722075874517417e-05,0.00043721651696494387,8.885940463405086e-05,0.004336245508786065,3.9919512779333286e-05,0.0011758629290371193,3.395787796685005e-05,0.00217755518680888,1.1033448273117462e-05,0.00019150420648668737,2.1259830204746896e-05,0.004336245508786065
KI05,N15_M07_F10,1500.0,25.0,1,N15_M07_F10_KI05_19.mat,1.6003826059661296e-05,0.0005599229327777893,9.572722211895703e-05,0.004301544835342738,4.044533963386382e-05,0.0012162403490340332,3.427531976895377e-05,0.0015893788657768988,1.1302508799253415e-05,0.0002520639154202673,2.182626059097563e-05,0.004301544835342738
KI05,N15_M07_F10,1500.0,25.0,1,N15_M07_F10_KI05_2.mat,1.687152993921593e-05,0.00036546688561626977,8.685979245465408e-05,0.004424222527908091,3.831965993212864e-05,0.001215858680322552,3.391031022054879e-05,0.001990380051733015,1.0914559276538043e-05,0.00022622859249577337,2.0961697614011525e-05,0.004424222527908091
KI05,N15_M07_F10,1500.0,25.0,1,N15_M07_F10_KI05_20.mat,1.5829647509138037e-05,0.0003564456529705258,8.837167694548023e-05,0.004476118260025095,3.946580733829562e-05,0.0011139238142437195,3.318058069398484e-05,0.001410884376580974,1.0459751735082563e-05,0.0002121324078467682,2.0612201402705974e-05,0.004476118260025095
KI05,N15_M07_F10,1500.0,25.0,1,N15_M07_F10_KI05_3.mat,1.651281571505039e-05,0.00036750816227195575,8.962057180947535e-05,0.0044842229589448545,3.9450600818448456e-05,0.0012664027857848623,3.4564407092223006e-05,0.0018225117073260503,1.1274045466639631e-05,0.0002138755314841641,2.1395781463579473e-05,0.0044842229589448545
KI05,N15_M07_F10,1500.0,25.0,1,N15_M07_F10_KI05_4.mat,1.4448363050191167e-05,0.0003978655171857419,8.577543483588781e-05,0.004036447365036581,3.7431931568221334e-05,0.00103968767544603,3.33301721335175e-05,0.002163139047003561,1.0070440270266642e-05,0.0002484410433884846,2.0027232149765807e-05,0.004036447365036581
KI05,N15_M07_F10,1500.0,25.0,1,N15_M07_F10_KI05_5.mat,1.675164454897007e-05,0.0006240805373436621,9.247112577825503e-05,0.005379700206063056,4.0127653558681665e-05,0.0014195647548778125,3.3759026995195765e-05,0.0018631481788071564,1.0973178698773101e-05,0.00019855330364793727,2.1305579166131605e-05,0.005379700206063056
KI05,N15_M07_F10,1500.0,25.0,1,N15_M07_F10_KI05_6.mat,1.6249135370047033e-05,0.00040501597218354265,8.745078758864256e-05,0.0042338550832847,3.899229953066574e-05,0.0014872409419849515,3.415571506212384e-05,0.0020116993520076973,1.11867949435054e-05,0.00024324530917868014,2.1122651037367593e-05,0.0042338550832847
KI05,N15_M07_F10,1500.0,25.0,1,N15_M07_F10_KI05_7.mat,1.5933143908845704e-05,0.00036695677846058824,8.728673011035578e-05,0.0044841518989592035,3.91675610965742e-05,0.0011313056295103132,3.3430199457411054e-05,0.0020288996865114937,1.0313948515117841e-05,0.00020434248633386192,2.0574756714069738e-05,0.0044841518989592035
KI05,N15_M07_F10,1500.0,25.0,1,N15_M07_F10_KI05_8.mat,1.6170694114076057e-05,0.0002870688426345371,9.522602915892202e-05,0.004474736481341746,3.9170675512894454e-05,0.0012285008196115568,3.450457559837143e-05,0.0016993495073019621,1.0735973841136981e-05,0.00022534999541997864,2.148942719517148e-05,0.004474736481341746
KI05,N15_M07_F10,1500.0,25.0,1,N15_M07_F10_KI05_9.mat,1.731813270105428e-05,0.0003910888321657828,8.734285974149732e-05,0.00442806822119337,3.878908541596404e-05,0.0019043334685350446,3.42324413985757e-05,0.0015781998941625844,1.1024580493954812e-05,0.00017852153268633784,2.1044524437441848e-05,0.00442806822119337
