Band_0_1000Hz_Mean_Norm,Band_0_1000Hz_Max_Norm,Band_1000_3000Hz_Mean_Norm,Band_1000_3000Hz_Max_Norm,Band_3000_5000Hz_Mean_Norm,Band_3000_5000Hz_Max_Norm,Band_5000_10000Hz_Mean_Norm,Band_5000_10000Hz_Max_Norm,Band_10000_20000Hz_Mean_Norm,Band_10000_20000Hz_Max_Norm,STFT_Max_Norm,Bearing,Condition,Label,File
1.1293732367011757,26.87388890703301,1.0583323213779323,11.371032251104905,1.1598518138876301,14.281014428898638,1.0643344506549366,17.46746010127978,0.9823656431185488,17.12638365913415,26.87388890703301,K001,N09_M07_F10,0,N09_M07_F10_K001_1.mat
1.0408078511957923,23.445440180041746,1.090637223547133,13.839685205022334,1.1452188400639673,18.395125174219313,1.0730317503495028,14.763108203899433,0.9663915823428016,12.805385953880076,23.445440180041746,K001,N09_M07_F10,0,N09_M07_F10_K001_10.mat
1.116648462246641,20.909368750422463,1.0542363693885513,11.591215931910494,1.1811128834331894,17.715768443103418,1.0695874482625367,14.449156623396451,0.9640390496497228,15.574147568107225,20.909368750422463,K001,N09_M07_F10,0,N09_M07_F10_K001_11.mat
1.0356255345901948,23.50135012420836,1.076436845569764,14.803765851862373,1.1386775720475102,17.203041216420424,1.1030942088428455,16.141434709367296,0.9478649132064326,14.024975173034532,23.50135012420836,K001,N09_M07_F10,0,N09_M07_F10_K001_12.mat
1.0563196706491098,19.86314315891636,1.0708042510721831,11.013255258156253,1.160780503681426,26.643558752388778,1.0771036392455322,16.572161699812515,0.9648968822695604,12.542980633931965,26.643558752388778,K001,N09_M07_F10,0,N09_M07_F10_K001_13.mat
1.0460686507187709,28.516496463434294,1.0417643269378447,11.895283398981519,1.1588150684638803,17.787804918933137,1.0751090815136441,13.42321142891059,0.9765468203907072,11.452115245005038,28.516496463434294,K001,N09_M07_F10,0,N09_M07_F10_K001_14.mat
1.0845664335334009,16.705267377593092,1.0657630230625783,10.801203946711786,1.1811807438126052,22.06539898560328,1.0810739519260306,15.975885554749874,0.9531352837077038,14.028862116668071,22.06539898560328,K001,N09_M07_F10,0,N09_M07_F10_K001_15.mat
1.1194792701045764,18.79569204469996,1.0468516244603219,15.120396664440369,1.1370850562114114,19.103379970118155,1.0792900545349098,13.339768281445771,0.9586005319059301,13.0477182200383,19.103379970118155,K001,N09_M07_F10,0,N09_M07_F10_K001_16.mat
1.079220675260404,30.980665265076833,1.0541340150555238,11.248000866075463,1.2043287679879502,18.689711634553866,1.0625490181894302,14.28053915558131,0.9677069726393129,15.298434657272544,30.980665265076833,K001,N09_M07_F10,0,N09_M07_F10_K001_17.mat
1.0635547215425314,23.861634704817828,1.0309204902647122,11.3778614381187,1.1398456552067795,21.165491637336114,1.085973098553615,16.260624554853152,0.9692220408578792,11.84476086783993,23.861634704817828,K001,N09_M07_F10,0,N09_M07_F10_K001_18.mat
1.1201845076389694,18.68485085886993,1.0396843283981414,17.528563993399544,1.1247816971099054,16.93408499020184,1.0635622092589436,15.974710621844851,0.9891884732577164,13.010448486994173,18.68485085886993,K001,N09_M07_F10,0,N09_M07_F10_K001_19.mat
1.0571379950417814,23.812841325116505,1.0480367057767457,16.38269895929144,1.1695867153111237,26.820320579333398,1.0987955825299467,16.298990708335115,0.9493543653814821,12.91226836188437,26.820320579333398,K001,N09_M07_F10,0,N09_M07_F10_K001_2.mat
1.0567241975443424,16.394410564674054,1.0771725178732314,11.22148492536906,1.1625611312407653,23.288983128591994,1.0653260435941283,20.07392614293331,0.9703314194299867,12.586293196021451,23.288983128591994,K001,N09_M07_F10,0,N09_M07_F10_K001_20.mat
1.1052039497445947,25.605157953497574,1.0686791115421195,13.045337633015118,1.1821548169351481,16.19471529540107,1.056662464500175,24.78361471639035,0.9737028001766524,14.348726647734669,25.605157953497574,K001,N09_M07_F10,0,N09_M07_F10_K001_3.mat
1.0896672368569738,31.49937236928846,1.0350831951872954,10.823859352878516,1.1677208556495513,22.32307708115898,1.0945666730696688,11.458356518794053,0.957334027954454,12.979991277482723,31.49937236928846,K001,N09_M07_F10,0,N09_M07_F10_K001_4.mat
1.1670223491442004,26.31419323900482,1.0744284666009387,13.011292393469278,1.1587291137064688,23.323196588354097,1.0504342955251893,14.74077125181088,0.966558057345802,14.153465841546138,26.31419323900482,K001,N09_M07_F10,0,N09_M07_F10_K001_5.mat
1.1076599919404082,24.977878650446243,1.0453609736140126,9.901283426028538,1.1847599774848514,17.65116387627173,1.0678412075361374,13.366324744849784,0.9647595420210635,13.40600589313613,24.977878650446243,K001,N09_M07_F10,0,N09_M07_F10_K001_6.mat
1.0539100125499372,38.24398309640567,1.0486175588947455,12.22280616884812,1.1625790855761884,21.114898223293512,1.069703302547122,13.995618424141279,0.9780541766196157,16.224662251884567,38.24398309640567,K001,N09_M07_F10,0,N09_M07_F10_K001_7.mat
1.0920019057508408,24.25392032347621,1.0565959338277164,13.124451531067173,1.1484599830016602,21.666406986216597,1.0874066171940138,18.42304264021187,0.9611589169702919,14.511385238853405,24.25392032347621,K001,N09_M07_F10,0,N09_M07_F10_K001_8.mat
1.1243025929943016,26.6714479272994,1.0495885876294206,11.970223556203585,1.1549884420335643,21.923758274433602,1.0607464800671653,17.885919841780947,0.9772603711602973,13.358154309366862,26.6714479272994,K001,N09_M07_F10,0,N09_M07_F10_K001_9.mat
0.9086135382170866,20.71847380486486,1.0943623068527457,24.43369253840811,1.794406900379898,71.0530887999324,1.5004987438458115,51.91014255757323,0.8094486841263638,11.278806321572874,71.0530887999324,K001,N15_M01_F10,0,N15_M01_F10_K001_1.mat
0.9082111879713555,21.0925875047596,1.0731534073497628,15.045692527461476,1.7819755297595732,46.002642605512285,1.507445219023222,43.60378476253694,0.8093336053250109,10.927578799637454,46.002642605512285,K001,N15_M01_F10,0,N15_M01_F10_K001_10.mat
0.8998916415512639,15.860719817958747,1.0684104367798255,21.228981790715558,1.8463507624341202,65.60736079100083,1.5852711776880204,68.32250394295798,0.7861529523154601,10.958698947457446,68.32250394295798,K001,N15_M01_F10,0,N15_M01_F10_K001_11.mat
0.9385908506862005,23.610507118012023,1.0425613451536677,13.9836046551093,1.7312246689149409,51.3429671100106,1.5354855256102051,61.04600219683881,0.8060925603748909,10.464162166024924,61.04600219683881,K001,N15_M01_F10,0,N15_M01_F10_K001_12.mat
0.8873005690539169,15.911361944466718,1.0248399163767186,15.652632406437972,1.8914969415162581,46.027704811741145,1.5351324197143545,55.38818253141168,0.8193875221271768,12.332444370131174,55.38818253141168,K001,N15_M01_F10,0,N15_M01_F10_K001_13.mat
0.8990760727024856,14.296094431435689,1.0574928131856822,16.196607559338233,1.7464835157709357,44.91018244193758,1.5420699931542998,66.34301574224325,0.8141150877899006,12.424507575920055,66.34301574224325,K001,N15_M01_F10,0,N15_M01_F10_K001_14.mat
0.9035620422384865,20.59850221075028,1.051464543575025,12.597661690171325,1.914294302910528,75.87146612973827,1.571444967088909,52.0868312677313,0.7835332572671536,10.691803409505008,75.87146612973827,K001,N15_M01_F10,0,N15_M01_F10_K001_15.mat
0.9064293389264266,19.333639978228312,1.0236262000124583,15.340694159373314,1.8286813658326104,61.82654797070979,1.5602036525200784,68.73982381314484,0.8238978896640538,14.479608358954373,68.73982381314484,K001,N15_M01_F10,0,N15_M01_F10_K001_16.mat
0.9397580460092658,18.892527884263842,1.035791451320118,12.109678906716137,1.771582326734353,60.0571222270848,1.5498577186195661,49.62682478571341,0.8030260325308383,10.01662058420036,60.0571222270848,K001,N15_M01_F10,0,N15_M01_F10_K001_17.mat
0.9048609127662962,19.100761879490737,1.0442975498875888,12.666407792856141,1.8405144125397122,50.478709552824185,1.56395010969241,56.213015464193745,0.7978296900271904,12.44168237443001,56.213015464193745,K001,N15_M01_F10,0,N15_M01_F10_K001_18.mat
0.9339869113305024,18.95432881723949,1.0336686920237108,14.973770607535316,1.7685736262542617,53.39381997705123,1.5248168399044053,43.84149456871382,0.8053296493639468,9.563719547868715,53.39381997705123,K001,N15_M01_F10,0,N15_M01_F10_K001_19.mat
0.95431812271569,31.358831580739583,1.0842534639225463,14.482213044890377,1.7269063856738247,107.27707709922319,1.4959120283532485,44.77854999510756,0.8173966037969702,13.296256155683652,107.27707709922319,K001,N15_M01_F10,0,N15_M01_F10_K001_2.mat
0.9004749079854201,15.318014293239226,1.0241318927167586,14.667156547934397,1.7828858859337617,53.28780134545564,1.5289846051555493,54.68185156833433,0.8162171101494445,9.923420809840092,54.68185156833433,K001,N15_M01_F10,0,N15_M01_F10_K001_20.mat
0.957609074140513,22.109311840785907,1.0699303378547536,12.940202671804526,1.7157437854370978,47.440692687535844,1.5228682887054104,57.441668270223104,0.8099178789565534,13.470656210478074,57.441668270223104,K001,N15_M01_F10,0,N15_M01_F10_K001_3.mat
0.9098865990001049,24.286968115926662,1.0579661771489168,18.338135308931935,1.8237417110964986,55.77060470547556,1.5288478693692849,61.26318319272945,0.8086026208081455,11.440339981601342,61.26318319272945,K001,N15_M01_F10,0,N15_M01_F10_K001_4.mat
0.8963126354608982,23.970464707377104,1.0526814244827623,18.534255050197554,1.7792955051094967,65.79720090574737,1.5448577035658375,78.10582007022491,0.8140481653379431,12.177176296288874,78.10582007022491,K001,N15_M01_F10,0,N15_M01_F10_K001_5.mat
0.9056087472929709,21.148182820653687,1.0646109932509982,16.055575513329487,1.839421663324336,97.74266017105309,1.5454976751174583,57.55380606194806,0.7983829474125264,10.292303942752042,97.74266017105309,K001,N15_M01_F10,0,N15_M01_F10_K001_6.mat
0.8882941899906973,17.449503502701347,1.0811414057121234,14.615330678956978,1.7690979112702838,43.6467087114443,1.544996925282552,47.9008511715995,0.8082349932929346,9.964162789349405,47.9008511715995,K001,N15_M01_F10,0,N15_M01_F10_K001_7.mat
0.9164857049255376,16.92809694610154,1.0553430014853564,15.80336414675259,1.8122926347444859,62.13443928074197,1.543922695971387,48.97240184649261,0.803953145489094,15.187755755131967,62.13443928074197,K001,N15_M01_F10,0,N15_M01_F10_K001_8.mat
0.8937110861736196,20.904875079371124,1.0358738754006371,13.289388299440404,1.8425467928922774,59.79141209598129,1.558386103275074,92.77809314621284,0.8070140920417549,11.55949340910545,92.77809314621284,K001,N15_M01_F10,0,N15_M01_F10_K001_9.mat
0.9591162295786988,18.922501684162548,1.3385989802189595,28.248131051965164,1.6891871485537335,48.78945032744675,1.215263482351888,21.37458047803692,0.8649228434287635,10.931239857295164,48.78945032744675,K001,N15_M07_F04,0,N15_M07_F04_K001_1.mat
0.9720744976023153,22.64716009801356,1.310701750261634,21.319931945608587,1.6814799011047554,47.3919295717589,1.2186432373260017,26.654196483768896,0.8638157768943585,10.987413520376867,47.3919295717589,K001,N15_M07_F04,0,N15_M07_F04_K001_10.mat
1.0022118289813713,17.45367290588845,1.3310776909197153,21.12514518407597,1.7596382388419565,67.09390318476441,1.2040085771328437,32.31670701634004,0.8507347046784067,10.154127850222507,67.09390318476441,K001,N15_M07_F04,0,N15_M07_F04_K001_11.mat
0.9913143032835197,16.589830049951637,1.3503146150636125,30.814648164246876,1.7495092327042785,50.187446909034776,1.2357035317597664,22.20962247340457,0.8341263516152199,11.188121863533032,50.187446909034776,K001,N15_M07_F04,0,N15_M07_F04_K001_12.mat
0.9658289071244994,24.940835444125735,1.359102873702407,28.254163803621008,1.7218961484517044,50.231340904350205,1.2278620326625167,24.609565096225392,0.8465212051502009,14.030828882530649,50.231340904350205,K001,N15_M07_F04,0,N15_M07_F04_K001_13.mat
0.982203107940007,21.829860924564002,1.346303940294524,27.29072836861026,1.7412362253815228,52.492326667870884,1.225919819244993,29.282162741553027,0.8548607544150291,11.739456909860122,52.492326667870884,K001,N15_M07_F04,0,N15_M07_F04_K001_14.mat
0.9744216363156385,19.686906100843057,1.3015882348195646,27.031689442128368,1.7768716297851284,61.59221294028093,1.2120838038695259,23.876282904364118,0.8600970494446258,10.171559202308659,61.59221294028093,K001,N15_M07_F04,0,N15_M07_F04_K001_15.mat
1.0169952693781839,17.787605523349537,1.3168103107253168,25.450437242783686,1.753020557132256,54.64649934021045,1.213339117712391,26.912510674306073,0.8608312468698092,10.998029376967954,54.64649934021045,K001,N15_M07_F04,0,N15_M07_F04_K001_16.mat
1.0447332737126873,32.99322532385733,1.3396369481234531,24.414100351181343,1.801023896775907,51.096721387323875,1.2270508705392134,25.864847024182783,0.8407902029403668,12.696728234960498,51.096721387323875,K001,N15_M07_F04,0,N15_M07_F04_K001_17.mat
1.0257405564336246,19.115125121837828,1.3295339126219161,21.956152407904682,1.7192355457387634,44.53063189331541,1.210610873547334,28.37936031745271,0.8532845543824829,11.616670277141179,44.53063189331541,K001,N15_M07_F04,0,N15_M07_F04_K001_18.mat
0.9561806018419978,15.433427006873787,1.2917775682397286,23.68014415387331,1.8476154775797111,61.705265248459334,1.2072302068399625,35.991267791121665,0.8694056169506351,13.517079124891392,61.705265248459334,K001,N15_M07_F04,0,N15_M07_F04_K001_19.mat
0.9667305324971027,26.90416724998373,1.3720344872103798,27.202158818066767,1.7115500769260779,39.301617429814755,1.2411651032418811,25.461791983884034,0.8514826759766047,10.989431811857688,39.301617429814755,K001,N15_M07_F04,0,N15_M07_F04_K001_2.mat
0.9895719548123074,18.12493751214654,1.3422239622999403,34.188964675721316,1.9074969939084336,80.26024250808366,1.207583684667298,26.91645587614152,0.8480756565246897,11.423913249292939,80.26024250808366,K001,N15_M07_F04,0,N15_M07_F04_K001_20.mat
0.9948612347880904,22.900748292193185,1.3398609835521065,25.962372576063455,1.6946886868198778,57.32296974462773,1.21863486711404,35.0245119081467,0.854379629301677,11.837029282303364,57.32296974462773,K001,N15_M07_F04,0,N15_M07_F04_K001_3.mat
1.0097384506572777,19.786633946614366,1.3269348791605822,21.684578129871117,1.7650809166880719,59.19159868842643,1.1977102050475013,23.721042997354477,0.8526514678130063,13.13560608007457,59.19159868842643,K001,N15_M07_F04,0,N15_M07_F04_K001_4.mat
0.9920954933692793,26.7070106900465,1.346076705293768,27.91548708289874,1.7582409633957221,55.68819857060298,1.2055250158195971,27.79641674097681,0.8527424846629744,12.029052847396489,55.68819857060298,K001,N15_M07_F04,0,N15_M07_F04_K001_5.mat
0.9721938339310408,15.57892038129558,1.2997821019875118,23.672279855836837,1.746496231897573,46.726121188236206,1.2299722395629378,25.223550377339077,0.8445979667271029,14.279157477435264,46.726121188236206,K001,N15_M07_F04,0,N15_M07_F04_K001_6.mat
1.0191696572749265,22.383225346114394,1.3243916888743434,26.872434371344866,1.7250880449601356,50.425634794641624,1.195256733515727,23.366040125308153,0.857904413866109,11.050319693979405,50.425634794641624,K001,N15_M07_F04,0,N15_M07_F04_K001_7.mat
0.974287382782377,18.65124850031276,1.3454507086213527,31.467723763359462,1.744331081844134,56.15084973766113,1.2226142247728955,31.560028356388322,0.8421378197928352,11.503838858988596,56.15084973766113,K001,N15_M07_F04,0,N15_M07_F04_K001_8.mat
0.9594437380492502,23.498727712745037,1.3007179357715095,32.71692259610213,1.898640322540397,91.38889757019312,1.222404463490551,28.436869741924937,0.8550757818461253,10.645158651646762,91.38889757019312,K001,N15_M07_F04,0,N15_M07_F04_K001_9.mat
0.9420678275994014,18.390026814756506,1.0393893111203079,16.285646547590723,1.7897040157689328,45.97678106941374,1.543570590551336,60.78652585060227,0.8099764605770543,10.354746877239277,60.78652585060227,K001,N15_M07_F10,0,N15_M07_F10_K001_1.mat
0.9311318518468974,19.458906847951013,1.0422848102276463,14.735358841376577,1.838015610060039,68.06886698532051,1.532158050032386,52.79031929395536,0.8255361779852831,11.97868535697345,68.06886698532051,K001,N15_M07_F10,0,N15_M07_F10_K001_10.mat
0.9441587513092392,22.58506771104458,1.0355480623269946,12.8367922041852,1.7084342087682043,41.196185150664995,1.5575750145641378,48.790159103553364,0.8051835462278054,11.377687339022916,48.790159103553364,K001,N15_M07_F10,0,N15_M07_F10_K001_11.mat
0.9344638706773073,25.050874605974183,1.0351284669347978,14.652126052163895,1.879900184171503,84.16629415553808,1.5473242280099946,42.274630331823225,0.8198446754231596,17.21850900409885,84.16629415553808,K001,N15_M07_F10,0,N15_M07_F10_K001_12.mat
0.9163871354962775,19.309110702484706,1.043585248391819,13.989307145198945,1.8168879275255043,56.212706807052484,1.5667340709792201,63.90187708352553,0.7974394620951101,13.130065080231878,63.90187708352553,K001,N15_M07_F10,0,N15_M07_F10_K001_13.mat
0.948994933113965,24.20171053658062,0.9963120841085962,13.996242598957162,1.8032457759073175,51.69442696567564,1.5707846636446707,70.60608653210556,0.8069360624246309,12.402212094510702,70.60608653210556,K001,N15_M07_F10,0,N15_M07_F10_K001_14.mat
0.9422730601469768,26.95584236581688,1.0373864642560735,14.318953603026127,1.7637448541642056,41.71913319483966,1.534784304484572,44.15026964320139,0.8101286455105444,10.35442872443077,44.15026964320139,K001,N15_M07_F10,0,N15_M07_F10_K001_15.mat
0.9308072532489583,21.177667101993233,1.0318222313355974,15.087022384137008,1.8271760112180497,87.6602481072723,1.5730953856112375,62.56990465478814,0.7938805223603821,11.343124983391428,87.6602481072723,K001,N15_M07_F10,0,N15_M07_F10_K001_16.mat
0.9095576985142243,23.071108653669885,1.0379237022325931,13.860754182466586,1.9218485182536749,53.141434667763534,1.592745882446539,89.00291662472576,0.80504214758793,11.03009204938038,89.00291662472576,K001,N15_M07_F10,0,N15_M07_F10_K001_17.mat
0.9372274744107032,20.638090872905885,1.035978174142284,14.887142406142763,1.7620399291101247,50.83536467948451,1.5475617219102664,53.42060245229255,0.8024254879365894,12.692322598067499,53.42060245229255,K001,N15_M07_F10,0,N15_M07_F10_K001_18.mat
0.9344820628742307,26.562192190641767,1.0682110425281917,11.79081358789376,1.7973632763975314,53.339053439823175,1.5445680457893731,39.06911777761697,0.7938219416884449,11.942759906932647,53.339053439823175,K001,N15_M07_F10,0,N15_M07_F10_K001_19.mat
0.955127418661765,25.59567877977148,1.0596493412343524,14.264719588181368,1.8664369224503579,53.826552415591394,1.5617075597298882,45.07722884165065,0.783997735635928,11.391532387646254,53.826552415591394,K001,N15_M07_F10,0,N15_M07_F10_K001_2.mat
0.9491391031984514,25.216652916791457,1.01824739588172,20.126366609665443,1.79691738746552,58.13183670769084,1.576547735033042,42.594316719466654,0.7924355861738305,9.244951888943788,58.13183670769084,K001,N15_M07_F10,0,N15_M07_F10_K001_20.mat
0.918203083055488,27.795871865673863,1.0275909775658048,14.2892177860513,1.888546154186195,82.28436090920826,1.5661793818037941,55.94630051366223,0.7890190963787911,9.750742061269532,82.28436090920826,K001,N15_M07_F10,0,N15_M07_F10_K001_3.mat
0.9529081289987513,23.809758613035587,1.0670996605760115,24.923962611150444,1.9370038486879926,68.33388875144408,1.565345786123431,50.30683438953785,0.7807893815728376,10.905473828732257,68.33388875144408,K001,N15_M07_F10,0,N15_M07_F10_K001_4.mat
0.9425199584402809,22.640474971724704,1.0447816105260321,18.53041462582276,1.7892764831585333,50.205288319505605,1.572700286128804,66.66343742634841,0.7967280670763432,9.521742503186417,66.66343742634841,K001,N15_M07_F10,0,N15_M07_F10_K001_5.mat
0.966593489880694,22.92217252442616,1.0525152999821243,11.197680815652491,1.7156862982133203,47.337375724278644,1.5190267554050187,49.18268857722786,0.8087300526306143,10.155479208868636,49.18268857722786,K001,N15_M07_F10,0,N15_M07_F10_K001_6.mat
0.9144026002761123,21.632748779284753,1.0752205669655346,13.749888979441392,1.7526434902119634,43.78142272541306,1.5519905856723246,52.26652329233691,0.7983800586370793,11.3828277425429,52.26652329233691,K001,N15_M07_F10,0,N15_M07_F10_K001_7.mat
0.941133555435201,19.085385556306186,1.0766221274404357,14.791633952398742,1.8264908172025307,67.50141002441592,1.5640772865462407,54.9437536069221,0.7891331035099,12.078194946885269,67.50141002441592,K001,N15_M07_F10,0,N15_M07_F10_K001_8.mat
0.937967754614449,23.48215265341578,1.0639181773920872,15.874405549587356,1.7428907230259925,48.02868409882144,1.5397228185570777,53.96080254056163,0.7998103807304474,11.398550156642429,53.96080254056163,K001,N15_M07_F10,0,N15_M07_F10_K001_9.mat
1.2216505464709055,27.999699025381446,1.3524732583551724,30.61875433741393,1.0532947966268644,15.487787966982982,1.1903345020168963,50.19871011703271,0.9209183578645443,15.14477343863061,50.19871011703271,K002,N09_M07_F10,0,N09_M07_F10_K002_1.mat
1.1628135104104704,33.699680689265065,1.2763184094526219,25.57663841128681,1.0680630324204112,23.85289234361938,1.258643415446132,37.48878571665322,0.9166744438029211,19.57933628581811,37.48878571665322,K002,N09_M07_F10,0,N09_M07_F10_K002_10.mat
1.2922455618724455,30.945879376875613,1.288566959829947,29.87437364871792,1.1029629237366638,22.42535833840005,1.2351101666835103,32.31724333473492,0.8924281442381349,13.655034058695334,32.31724333473492,K002,N09_M07_F10,0,N09_M07_F10_K002_11.mat
1.177475936842777,57.71245432525943,1.3291945664617273,38.52827915995018,1.0540693541616477,15.921151017569688,1.1996795803034717,28.466642313456596,0.9471733969888351,16.702316436447045,57.71245432525943,K002,N09_M07_F10,0,N09_M07_F10_K002_12.mat
1.1745068086856298,29.166218586049617,1.310929225328897,22.664320132279116,1.0914523424507103,16.75803217218249,1.2254948426415126,49.788489360751996,0.9189784748582412,16.953248948118933,49.788489360751996,K002,N09_M07_F10,0,N09_M07_F10_K002_13.mat
1.1940340583448927,34.18364947770687,1.3543163381102539,30.3976125301184,1.1286347214791113,18.075633785328172,1.2260872401162215,41.14163281949974,0.8894868148601519,15.227440790597123,41.14163281949974,K002,N09_M07_F10,0,N09_M07_F10_K002_14.mat
1.195652291893019,26.184665007308922,1.3350620534513882,23.17256599109235,1.0438636712394367,21.705122143904525,1.1952884313620364,43.68662263822471,0.9445815840390941,15.600464606842737,43.68662263822471,K002,N09_M07_F10,0,N09_M07_F10_K002_15.mat
1.2059180724934784,28.417646402755537,1.3679505994392256,25.9345268755405,1.0691281007721138,17.662974143206704,1.2206069933810166,35.43241855773807,0.9002551324788312,15.46497977713744,35.43241855773807,K002,N09_M07_F10,0,N09_M07_F10_K002_16.mat
1.2209071487998049,37.94802999143726,1.34096683939999,30.88366343685785,1.117933226235333,15.44516858747089,1.2225585366668499,42.27114456942149,0.8934124689523965,13.685832475878037,42.27114456942149,K002,N09_M07_F10,0,N09_M07_F10_K002_17.mat
1.144969496472944,38.97713183443773,1.3644779213056344,30.956484199284322,1.0561230841644793,13.793018250460179,1.2217100072353608,34.964850519050934,0.914246243027614,17.070345805837402,38.97713183443773,K002,N09_M07_F10,0,N09_M07_F10_K002_18.mat
1.223488471184066,39.84866281621763,1.3450920919192013,27.422942894105823,1.1173696777544169,16.52625029693908,1.2368512806341463,39.57393933389129,0.8872099133172828,16.751648613975362,39.84866281621763,K002,N09_M07_F10,0,N09_M07_F10_K002_19.mat
1.2245589384783628,35.5260649694938,1.2498449384195396,36.66711744084135,1.2068774153467707,21.744773833096477,1.2634402615726588,44.004551860481946,0.9000762479997185,14.528465391578077,44.004551860481946,K002,N09_M07_F10,0,N09_M07_F10_K002_2.mat
1.2052520064344352,34.944639887872256,1.296720879938225,21.070232751719278,1.0543786651768023,17.442683508350367,1.242932644917154,45.82338980876049,0.919800520276472,18.005707410984297,45.82338980876049,K002,N09_M07_F10,0,N09_M07_F10_K002_20.mat
1.1975622908118169,27.144167877150444,1.2466431303143333,30.07471313611957,1.0899931971470256,16.093944278895318,1.2652547371621274,37.967087184235524,0.9311261077235816,15.99637000709197,37.967087184235524,K002,N09_M07_F10,0,N09_M07_F10_K002_3.mat
1.1865943271114665,29.28863389601943,1.3506105906680284,22.594085761423674,1.052357017642001,16.918917878796286,1.2092286402528194,35.31995537379801,0.9287551271583813,16.713976367977406,35.31995537379801,K002,N09_M07_F10,0,N09_M07_F10_K002_4.mat
1.1917684702627658,29.73878797031281,1.3684199816926184,29.661268973235416,1.06386679698811,23.915522062129945,1.182445648508926,32.194960792108745,0.9366713329023141,16.057062187427324,32.194960792108745,K002,N09_M07_F10,0,N09_M07_F10_K002_5.mat
1.2138397604719962,34.72532125812894,1.2403510083124212,23.567849820338367,1.1167164860881214,20.736917168110345,1.2536409607542611,37.975231200665796,0.907431899241178,16.94796504260914,37.975231200665796,K002,N09_M07_F10,0,N09_M07_F10_K002_6.mat
1.2591844768341545,39.47584683893544,1.3037726732554848,29.040132422192592,1.0619261729064975,17.55404203403087,1.2341733795988987,38.39885389580554,0.9040020132328572,14.97098825045097,39.47584683893544,K002,N09_M07_F10,0,N09_M07_F10_K002_7.mat
1.2476187340548623,35.11212179200892,1.2605630142761937,24.50064120538861,1.103671440607095,15.436464410275015,1.2321919254090468,38.83627301819919,0.915911702233016,15.593770760505516,38.83627301819919,K002,N09_M07_F10,0,N09_M07_F10_K002_8.mat
1.1867201209475147,31.908785228639335,1.3049986086183072,23.20164829223556,1.0534591766232162,14.840581440698175,1.2460866837192945,50.23877429713658,0.8996951939303099,15.073197650917235,50.23877429713658,K002,N09_M07_F10,0,N09_M07_F10_K002_9.mat
0.7361687559834081,16.753990998732117,3.9178966132686197,229.33344812983705,2.0118442868080435,97.98020292886456,1.7945897926802457,132.93987050721682,0.4730129363090492,7.936546452996438,229.33344812983705,K002,N15_M01_F10,0,N15_M01_F10_K002_1.mat
0.8342194671701838,26.791420828454857,3.674064870547546,176.78997508942572,2.1658351499797077,87.17038095792792,1.692556395993014,145.21949144177322,0.5401574534493251,18.77764279898018,176.78997508942572,K002,N15_M01_F10,0,N15_M01_F10_K002_10.mat
0.8363583842398261,15.11329700758677,3.6462592510036593,224.52216805601205,2.100520286675226,104.62303513641095,1.7378681177324506,110.1007071805218,0.4903397146632672,9.14520560730153,224.52216805601205,K002,N15_M01_F10,0,N15_M01_F10_K002_11.mat
0.8272785029710461,17.939400057887568,3.910569438783443,184.25982857110031,2.129524225957414,122.52942254440042,1.617460275351868,96.12245979512953,0.504831516712563,8.099970544344883,184.25982857110031,K002,N15_M01_F10,0,N15_M01_F10_K002_12.mat
0.8381484391178735,17.301301714459836,3.856991986365728,187.34879171793665,2.136478061446356,98.56689171771572,1.5983732492037965,119.74325351594054,0.5178765273169395,9.812432806159503,187.34879171793665,K002,N15_M01_F10,0,N15_M01_F10_K002_13.mat
0.7949112684335625,18.683317671180145,3.6500222863099,184.59664259211485,2.2697345278939545,145.83692626259904,1.6803421201593576,104.43392545519143,0.5032553347042776,10.298698059880028,184.59664259211485,K002,N15_M01_F10,0,N15_M01_F10_K002_14.mat
0.8008958696850832,16.52268887188134,4.045690808945304,163.86736276866526,2.038429808874822,73.51975708862366,1.6348038622751824,115.00152906471912,0.4868561870426839,6.240799208699471,163.86736276866526,K002,N15_M01_F10,0,N15_M01_F10_K002_15.mat
0.8012898564211599,14.953308508798886,3.7021267181834436,185.4825413691269,2.3910107767895084,112.18915233907018,1.6319340388225245,109.28083020266098,0.49798724883007917,9.294019258181036,185.4825413691269,K002,N15_M01_F10,0,N15_M01_F10_K002_16.mat
0.8161298184440164,19.290322947514355,3.7924234640278693,167.36641799414514,2.032021759726995,66.88878718719378,1.642876862138015,120.12910151001441,0.5164402391705131,9.488033147213594,167.36641799414514,K002,N15_M01_F10,0,N15_M01_F10_K002_17.mat
0.812795594767803,18.093227211017414,4.1010669350728115,165.18141783065747,2.061890216956084,66.71379290567181,1.5421552486137693,74.3906493787899,0.5129240038403227,8.59076768318314,165.18141783065747,K002,N15_M01_F10,0,N15_M01_F10_K002_18.mat
0.843423173040578,24.619117790204314,3.8642846267627418,190.6866923672223,2.081841128652993,103.60754042847933,1.6655174820947765,116.5674066507088,0.500044900632977,9.153539985324569,190.6866923672223,K002,N15_M01_F10,0,N15_M01_F10_K002_19.mat
0.8694747671663376,17.09006361908374,3.841059609739371,204.54449995469128,2.1638524378639192,93.47819305221111,1.5773911515628718,85.01332314943821,0.5175047529507717,9.083179482702507,204.54449995469128,K002,N15_M01_F10,0,N15_M01_F10_K002_2.mat
0.8267036610167718,18.79366879084471,3.7773332969002094,174.99479967510536,2.1885090441359116,76.98743534799054,1.6550362925764026,127.2799585392548,0.4940242254693972,6.385090580767872,174.99479967510536,K002,N15_M01_F10,0,N15_M01_F10_K002_20.mat
0.806463241657728,18.604714445726724,3.642776738242923,211.03171962664192,2.0485268893611575,110.7508893506411,1.8073310438550407,136.6074255600255,0.4891659259842874,8.357611091568858,211.03171962664192,K002,N15_M01_F10,0,N15_M01_F10_K002_3.mat
0.8159716601767917,19.21648596850962,3.640268978213548,200.28825241073474,1.939066149529013,81.86813337267456,1.8212275262005235,167.78028700376203,0.5057143660337127,7.329304284384549,200.28825241073474,K002,N15_M01_F10,0,N15_M01_F10_K002_4.mat
0.8348371599743628,16.267617095732174,3.699771285165169,199.54451516579417,1.9996641592801057,128.74754081058703,1.7313818112844752,148.50010424913185,0.499881478902902,8.59907816224006,199.54451516579417,K002,N15_M01_F10,0,N15_M01_F10_K002_5.mat
0.8371573191683054,17.374624320755952,3.6953178682357533,200.29995464328906,1.967675359883287,75.526574111356,1.7766572260623856,160.37287789429726,0.4927903683959526,10.736450016266446,200.29995464328906,K002,N15_M01_F10,0,N15_M01_F10_K002_6.mat
0.8000906765610526,18.088806519807413,3.7159048852775203,196.54196395319275,2.117043238067411,99.79930505100758,1.6518463924449354,97.44307707752824,0.5116676838143918,8.36265865519534,196.54196395319275,K002,N15_M01_F10,0,N15_M01_F10_K002_7.mat
0.8560314407825662,25.66447404181336,3.82611056396797,189.30321800900091,2.060818925540146,70.9790834711823,1.6151030343747976,97.60764108072604,0.5134354717238904,8.12991768201935,189.30321800900091,K002,N15_M01_F10,0,N15_M01_F10_K002_8.mat
0.8037117808011363,18.674195061590915,3.8087518542294903,202.61685507720722,2.115458570704365,114.00114974482835,1.686637380079404,118.18061579356792,0.5060692658160656,7.533114529176869,202.61685507720722,K002,N15_M01_F10,0,N15_M01_F10_K002_9.mat
0.7963753517620683,18.146423434832624,3.853988228318157,167.84613292543517,2.4437348552713787,99.15996719556807,1.2477237181182341,56.57068970581631,0.5752779952801058,12.776122049185915,167.84613292543517,K002,N15_M07_F04,0,N15_M07_F04_K002_1.mat
0.7966460215740574,28.67166566703169,3.6858871980721153,153.8061265166731,2.7347362279591456,122.85986038150494,1.2037961817720326,37.26362845647467,0.5603806669761621,8.790493365967176,153.8061265166731,K002,N15_M07_F04,0,N15_M07_F04_K002_10.mat
0.7967623986136638,25.047121375544823,3.7388910230549937,160.27646376834295,2.4137850920346997,106.71042257766435,1.2155321510199932,37.38232803654676,0.589251144729212,10.539311423020383,160.27646376834295,K002,N15_M07_F04,0,N15_M07_F04_K002_11.mat
0.8101703170240624,28.434667787088348,3.726904607622813,164.01909916646173,2.422711000635739,107.9074673950377,1.2461978011402177,63.64815624898339,0.5883542516410438,9.872772112669473,164.01909916646173,K002,N15_M07_F04,0,N15_M07_F04_K002_12.mat
0.8441201663032406,26.190269691355574,3.7282365216714815,166.84508617126104,2.5262650387076873,80.90344785104152,1.2157598291314287,44.26147148971039,0.5672624474548681,8.548876610101791,166.84508617126104,K002,N15_M07_F04,0,N15_M07_F04_K002_13.mat
0.7827560452981374,27.146230016231417,3.5695066393321326,159.96362507370569,2.434096277958581,101.14567325174312,1.2490157387335916,37.21892317984574,0.5930695276408805,8.409888677324457,159.96362507370569,K002,N15_M07_F04,0,N15_M07_F04_K002_14.mat
0.8195849389170996,31.333621072920568,3.867974697665815,157.43308014217754,2.374937447485073,115.76171722228372,1.193012910116144,37.24344887862393,0.5844430599515392,8.761331323212108,157.43308014217754,K002,N15_M07_F04,0,N15_M07_F04_K002_15.mat
0.838419743456371,30.022833525459788,3.792577668920433,180.98084687365255,2.5015312617056993,92.92994352922241,1.2175428092778724,53.306622526627514,0.5689071371755574,9.022087130332494,180.98084687365255,K002,N15_M07_F04,0,N15_M07_F04_K002_16.mat
0.8317772353026546,29.099407648161453,3.696104678075156,165.29885248373657,2.4629822617958164,76.99982440868665,1.2419805796306085,38.140015845649216,0.5730720728810875,8.597172449727386,165.29885248373657,K002,N15_M07_F04,0,N15_M07_F04_K002_17.mat
0.8411885650080633,26.840193673821727,3.6217901592265127,169.19958847440188,2.3999152183091614,69.45599059749763,1.2278565764087335,67.63253144440333,0.5946992821156093,9.857802283893205,169.19958847440188,K002,N15_M07_F04,0,N15_M07_F04_K002_18.mat
0.7815008225123848,30.8333090794792,3.6413294444316606,165.78408208834534,2.4483953407551327,80.82611159372419,1.272550529762317,57.20554820761583,0.5800446359105655,10.527732830329334,165.78408208834534,K002,N15_M07_F04,0,N15_M07_F04_K002_19.mat
0.8857273526475037,33.912428882276004,3.583534287005704,182.36201977959126,2.3812508129493493,75.64117083014291,1.2118052842204328,43.55113681581537,0.6057611035825785,8.156258531924795,182.36201977959126,K002,N15_M07_F04,0,N15_M07_F04_K002_2.mat
0.8376272204219789,24.57360791820718,3.6168010312613603,173.99928958634848,2.540006065361571,130.36077069681718,1.2037484399014968,43.430683045812344,0.5835487022858619,9.080867085579255,173.99928958634848,K002,N15_M07_F04,0,N15_M07_F04_K002_20.mat
0.7516165239931833,27.09739804934413,3.7582209922177516,175.8594376868265,2.7136623449204307,130.5185160351971,1.1928875312474863,39.23408255944765,0.5625439742667364,9.520136621844046,175.8594376868265,K002,N15_M07_F04,0,N15_M07_F04_K002_3.mat
0.783511684702968,23.615112440165905,3.6782504307620147,182.5767065865464,2.7336909941345415,159.36532125820008,1.2059684758755007,41.06951843039658,0.5651575199020874,11.159763946662475,182.5767065865464,K002,N15_M07_F04,0,N15_M07_F04_K002_4.mat
0.8149983042382372,22.907088453104258,3.94026348061811,164.11352700406533,2.358005288184513,97.9014439826566,1.2334006229574088,50.38227809198796,0.5593738472631655,9.194414589061326,164.11352700406533,K002,N15_M07_F04,0,N15_M07_F04_K002_5.mat
0.8256869574991553,29.634943448227965,3.7086513428375625,171.11835881532383,2.321306770741111,111.75818019640536,1.2563917657287882,44.35069177195161,0.5884572634392337,9.176266340497804,171.11835881532383,K002,N15_M07_F04,0,N15_M07_F04_K002_6.mat
0.8000581089999682,27.47200197096719,3.883300033049105,168.4281422840215,2.3948086825524815,94.68665556868969,1.2062360457430081,38.43522066321311,0.5956464370424281,13.437859530909321,168.4281422840215,K002,N15_M07_F04,0,N15_M07_F04_K002_7.mat
0.7929640704041284,27.991377131811053,3.7433609632142475,153.0023793358998,2.4065163413410673,92.81061699340788,1.2293779426684963,42.74039597763012,0.5800038024471187,8.81658193927519,153.0023793358998,K002,N15_M07_F04,0,N15_M07_F04_K002_8.mat
0.8757468305927739,26.7829116112694,3.81933446106305,172.55059874232657,2.4696357957128945,118.07221071545199,1.2272557105555255,40.080019213695934,0.5552201738989079,8.581347841264156,172.55059874232657,K002,N15_M07_F04,0,N15_M07_F04_K002_9.mat
0.7763195315118769,19.751332861136667,4.230105252879864,192.07979237299105,2.1554294242587915,85.68682089200507,1.4297179545657408,69.15053041788211,0.5078573429778209,7.656014637728811,192.07979237299105,K002,N15_M07_F10,0,N15_M07_F10_K002_1.mat
0.8454733767457278,23.722697194945475,3.670236815657588,171.4682173707205,2.1831438148375417,72.47977748932072,1.5024191660840462,128.00846858629671,0.5508910525217504,6.994288010595395,171.4682173707205,K002,N15_M07_F10,0,N15_M07_F10_K002_10.mat
0.8072017170565166,23.668844743415136,4.003459462529297,202.0470337298022,2.140597304521414,89.81642871500692,1.47327453793574,125.48753151209803,0.5271498256065168,7.848586984063015,202.0470337298022,K002,N15_M07_F10,0,N15_M07_F10_K002_11.mat
0.7855503043963584,17.734847145587764,3.9843119441530543,181.3644565764971,2.105104098450342,85.1805237142697,1.4912501369714464,85.73513082141123,0.5189822852052854,12.095651206697726,181.3644565764971,K002,N15_M07_F10,0,N15_M07_F10_K002_12.mat
0.7972144654684697,17.379273169067304,4.057915595617081,193.06176169731506,2.1064332183652565,72.14683461440508,1.4825118966929107,74.5043108325022,0.5285387933153879,7.838953151353041,193.06176169731506,K002,N15_M07_F10,0,N15_M07_F10_K002_13.mat
0.7914665262855852,19.13040303404446,4.249829890990621,250.29692641679375,2.10866137185753,71.56274961893165,1.4543096336582673,83.56199538690858,0.5135306814244573,7.321505368578342,250.29692641679375,K002,N15_M07_F10,0,N15_M07_F10_K002_14.mat
0.7846398179607331,17.02887309452984,4.475374233164515,196.9122678164594,2.1479072182091485,100.41288241791848,1.450857000001853,77.40364685951329,0.4914466513527439,7.080449315649973,196.9122678164594,K002,N15_M07_F10,0,N15_M07_F10_K002_15.mat
0.7898285806188988,18.279114302070095,4.1516540161300775,186.65211328234346,2.1171990910039864,85.70214971156646,1.4794210754281742,80.49103699442358,0.5147232932395166,9.580864933494727,186.65211328234346,K002,N15_M07_F10,0,N15_M07_F10_K002_16.mat
0.8301582308093115,17.14353070339421,3.8184966550673636,176.32540386276585,2.1643773397785786,70.7409583715004,1.5330297460835027,128.10468594834794,0.5213753850185094,10.127338922728617,176.32540386276585,K002,N15_M07_F10,0,N15_M07_F10_K002_17.mat
0.7732094903451424,22.41907253911806,4.255567358181065,191.20717396753358,2.254456375893216,88.93904033803699,1.443691030096578,87.88504098677566,0.545708161367456,16.063823205602713,191.20717396753358,K002,N15_M07_F10,0,N15_M07_F10_K002_18.mat
0.798403787822381,24.185788788732346,4.063213526788497,186.58624498134546,2.0997924803411765,78.24503940838449,1.4824539480324388,139.06515620728834,0.520321765007871,7.5633048826454905,186.58624498134546,K002,N15_M07_F10,0,N15_M07_F10_K002_19.mat
0.7950280804824535,20.856872213982943,3.965516222748724,194.3034556911972,2.245241709198815,130.75437823981034,1.4700628263345685,113.5996692673259,0.518441529967923,10.816994319741005,194.3034556911972,K002,N15_M07_F10,0,N15_M07_F10_K002_2.mat
0.8260453016874397,20.960091597930624,3.6378077981532573,169.5120232743683,2.112361546184312,95.1849814950863,1.5035972740115306,73.36753013535348,0.5648452566567298,8.447811128165368,169.5120232743683,K002,N15_M07_F10,0,N15_M07_F10_K002_20.mat
0.8558178116307719,21.16201160018464,4.011851322329914,188.79025489598507,2.191231749359134,99.45977829733006,1.4785875541069082,76.83946978753366,0.5155692209175073,9.154378608166418,188.79025489598507,K002,N15_M07_F10,0,N15_M07_F10_K002_3.mat
0.8307729135480367,19.820402018003268,4.088850921496847,227.73366727486984,2.1212403505173545,91.76417776228942,1.4782007770252494,81.40157809121524,0.5127496944507125,6.964189798148354,227.73366727486984,K002,N15_M07_F10,0,N15_M07_F10_K002_4.mat
0.7756388642257109,24.42804461460669,4.282267862734473,186.63413604899736,2.1374026648131155,119.53017110587851,1.4467845007939817,92.44135860240033,0.5188839805190965,9.526073666354092,186.63413604899736,K002,N15_M07_F10,0,N15_M07_F10_K002_5.mat
0.8334282483051635,18.473187878495636,3.963732851208058,191.00525909863737,2.095437901255067,88.62863609954762,1.4624595949260384,81.72460759910703,0.5258797278837961,7.217864763526989,191.00525909863737,K002,N15_M07_F10,0,N15_M07_F10_K002_6.mat
0.8356020531414226,22.803020362354662,3.7347643179382586,211.06836930561863,2.218734733247663,102.58699919158263,1.5276405781710976,80.56943193743574,0.5228657214630298,10.57909796345936,211.06836930561863,K002,N15_M07_F10,0,N15_M07_F10_K002_7.mat
0.7961223507666149,16.8820762922685,3.723686172467029,165.20122548995377,2.1326994391788494,83.77737518118727,1.4970275685657042,72.27112571357073,0.5463429926888287,7.559232112155812,165.20122548995377,K002,N15_M07_F10,0,N15_M07_F10_K002_8.mat
0.8006803730721563,20.153347284721697,3.920568593404657,198.59315908247018,2.1293096484965695,77.90401575389475,1.4757292467685152,79.58879529176038,0.5323921969887299,7.62715328368073,198.59315908247018,K002,N15_M07_F10,0,N15_M07_F10_K002_9.mat
1.0855984445970137,18.004688488524888,1.0545152280543146,11.944433369028216,1.0325768574065177,16.065475898262402,1.0735367045063184,17.714246019303317,0.97375771326306,12.44161863527541,18.004688488524888,K003,N09_M07_F10,0,N09_M07_F10_K003_1.mat
1.047179237369766,22.535843296332022,1.1045528642460891,12.98796000036793,1.083213665513534,12.60084707732527,1.05226899761777,15.191586964829503,0.9657499607005964,11.001054975636231,22.535843296332022,K003,N09_M07_F10,0,N09_M07_F10_K003_10.mat
1.02635237640066,19.85101246339922,1.065675087412321,12.476282940180734,1.0492292740584241,12.199245019988652,1.061196295262949,21.75226067495142,0.9852665336783283,16.110157489837594,21.75226067495142,K003,N09_M07_F10,0,N09_M07_F10_K003_11.mat
1.0424426506400888,21.428862638905652,1.066604111248263,15.689526309331722,1.056759723545565,12.07866405542737,1.0693575270756392,14.11591771513586,0.9767387476747258,10.941082448910223,21.428862638905652,K003,N09_M07_F10,0,N09_M07_F10_K003_12.mat
1.0961675839956684,20.42843124664734,1.0678420510348259,14.233432461583734,1.071202937412544,14.057649010378054,1.042463640084912,14.378110819906105,0.9695008221616891,12.746971885995034,20.42843124664734,K003,N09_M07_F10,0,N09_M07_F10_K003_13.mat
1.0824415677961878,26.75247767600454,1.0518541580580332,12.105904183402155,1.0422092593148873,13.66635632267155,1.0465684193348712,15.628584523680466,0.9921868461837671,11.819658434636503,26.75247767600454,K003,N09_M07_F10,0,N09_M07_F10_K003_14.mat
1.109364620081699,26.39364064118411,1.0669978670506255,12.912886409760691,1.0330605057339388,12.658963812689546,1.0545456543809315,14.70727446566222,0.984254333298655,15.592805598290099,26.39364064118411,K003,N09_M07_F10,0,N09_M07_F10_K003_15.mat
1.1060689067736345,23.369201044624138,1.0906323091352763,13.596112809507304,1.0444063458485275,14.25055382936291,1.0185430681757166,13.739400358579308,1.0029208619327208,14.275706501598043,23.369201044624138,K003,N09_M07_F10,0,N09_M07_F10_K003_16.mat
1.0791580941658334,18.60820280910776,1.1007187838880983,10.836743658827679,1.0483541325295738,12.893887113036477,1.038866456877219,17.169818516221664,0.9865446794847269,12.90985504123997,18.60820280910776,K003,N09_M07_F10,0,N09_M07_F10_K003_17.mat
1.0655263337272853,25.068464445135078,1.0750207381749703,17.75829461421471,1.0397095251608492,11.648384639445712,1.0656634945558612,14.935431857576607,0.9778062320241987,15.923297336153833,25.068464445135078,K003,N09_M07_F10,0,N09_M07_F10_K003_18.mat
1.1448929695111956,22.688024517092913,1.080267978362895,11.178971261745664,1.0876344522776236,13.854741780346362,1.0162056464524907,12.98644497462225,0.9894115471970399,13.797317208042035,22.688024517092913,K003,N09_M07_F10,0,N09_M07_F10_K003_19.mat
1.026112601285597,25.440052659573603,1.1007425545196026,13.52198013700907,1.0410082294605982,14.860115735173732,1.0341880390907225,17.29350232990398,0.9997840203883862,11.457213684802625,25.440052659573603,K003,N09_M07_F10,0,N09_M07_F10_K003_2.mat
1.105287953748388,24.105045865603703,1.066364517909374,12.191887194302293,1.0715621149705459,14.001915563210627,1.036194981623955,16.370603612611475,0.9863530497023127,11.51030813508175,24.105045865603703,K003,N09_M07_F10,0,N09_M07_F10_K003_20.mat
1.0718397889737172,24.020170500979354,1.0826904243255642,21.667360369829847,1.0469757113467897,11.811486210344256,1.053812680046176,19.347229972101502,0.9834162946432735,17.884920587724473,24.020170500979354,K003,N09_M07_F10,0,N09_M07_F10_K003_3.mat
1.0414552064075109,17.892040273084636,1.1283200956313906,13.61005473940548,1.047616046217493,11.629222752405289,1.0381022183779567,13.40881462430524,0.9947794144197816,13.589770907884269,17.892040273084636,K003,N09_M07_F10,0,N09_M07_F10_K003_4.mat
1.0769391357510176,23.67672999022189,1.0888439968510173,12.977465822497877,1.0653816168157788,11.521908313723204,1.04077159231734,15.919675174663166,0.976354795723191,13.081264828165207,23.67672999022189,K003,N09_M07_F10,0,N09_M07_F10_K003_5.mat
1.0864472853903786,17.99777267602191,1.0977303423139402,14.237372001529442,1.042139143681307,15.928364683785034,1.0476164697138428,13.325748792235633,0.9777850148659338,13.53164313465412,17.99777267602191,K003,N09_M07_F10,0,N09_M07_F10_K003_6.mat
1.015690074852273,17.4305131224767,1.083769616967825,16.96886045742919,1.0840224894038435,11.446879575157594,1.0439281966504588,13.929107950162111,0.9772497542654648,15.39458774641599,17.4305131224767,K003,N09_M07_F10,0,N09_M07_F10_K003_7.mat
1.0976791854271168,25.86506968540641,1.0727132094218548,12.034043365099118,1.0096645918333442,13.34508836000443,1.034743404118649,13.378418973042184,1.0068026419435963,11.82884810075723,25.86506968540641,K003,N09_M07_F10,0,N09_M07_F10_K003_8.mat
1.097208749876352,21.05673792581416,1.0726692097652253,14.24525560860947,1.0682851934163535,17.005463238111176,1.038018415527046,15.352309215151662,0.9761462269865305,13.948794511819282,21.05673792581416,K003,N09_M07_F10,0,N09_M07_F10_K003_9.mat
0.9690654432290724,26.564217311247376,1.6161403656625442,32.56885774092594,1.4255375892766593,36.7151787343363,1.2509066997014675,27.329632606777054,0.8429156706268689,13.149648724637412,36.7151787343363,K003,N15_M01_F10,0,N15_M01_F10_K003_1.mat
1.0062366339993412,26.321079196156077,1.5031383107355147,33.761118380360585,1.3873872211140583,29.0682114342296,1.2973814974358004,34.254969245396204,0.8497376456346271,11.914475502329251,34.254969245396204,K003,N15_M01_F10,0,N15_M01_F10_K003_10.mat
0.9961393688869796,18.939144951945185,1.5403934778798245,29.297088824712603,1.3487349077759831,37.5108398574627,1.2982453014169235,34.81878913930543,0.8470200011973595,11.056117784745023,37.5108398574627,K003,N15_M01_F10,0,N15_M01_F10_K003_11.mat
1.0125369873832264,15.806326738395821,1.529251066525876,34.08931413106343,1.478383199573719,38.598247108762,1.282339295060965,35.397324066058786,0.8384554161642803,11.296519281509728,38.598247108762,K003,N15_M01_F10,0,N15_M01_F10_K003_12.mat
0.9634142421090085,23.31537143791771,1.497932745624719,33.802178953656345,1.4314796749714807,34.651106904449534,1.2558963483811472,42.247978079748286,0.8697523434000233,10.157968295839783,42.247978079748286,K003,N15_M01_F10,0,N15_M01_F10_K003_13.mat
0.980329638550088,18.275261109723083,1.4886488897669343,28.351735164843962,1.4105943444168585,30.929008637863344,1.2961804518913067,34.22029751936989,0.8541306465564467,12.103026529395763,34.22029751936989,K003,N15_M01_F10,0,N15_M01_F10_K003_14.mat
0.9608987978611878,21.45504247857218,1.509493944286028,27.6204819279462,1.3831253872156972,27.509613692334078,1.2645885874383653,26.13231769257302,0.8666014053907884,12.021035110305858,27.6204819279462,K003,N15_M01_F10,0,N15_M01_F10_K003_15.mat
0.9349736205179773,21.416877518794042,1.5235593175459616,36.41021035380835,1.4450854776659205,27.25731010691664,1.3228577235171903,42.41702111137438,0.8418405471519311,10.703187965696456,42.41702111137438,K003,N15_M01_F10,0,N15_M01_F10_K003_16.mat
0.9821030592897565,27.1749521760398,1.5509292836242543,38.76272411207549,1.4093921841003951,29.758929910319978,1.3230793816354696,40.811451291374325,0.8395452217281694,10.212833257792928,40.811451291374325,K003,N15_M01_F10,0,N15_M01_F10_K003_17.mat
0.968740949253623,22.126905742036243,1.5168214332492074,32.426614506223274,1.4243047750540379,30.34004675099031,1.3025097004591946,35.93514231543792,0.8456574758465214,11.677070646225944,35.93514231543792,K003,N15_M01_F10,0,N15_M01_F10_K003_18.mat
1.0219817658354058,19.84970507394749,1.5650960982617677,30.682314219926536,1.444159050504264,38.02920736462347,1.3249027989744055,32.51603409288676,0.8314854360183174,9.64844855382779,38.02920736462347,K003,N15_M01_F10,0,N15_M01_F10_K003_19.mat
0.9809704287435456,17.55393455522107,1.618499927606439,37.82977313697161,1.4280629904520545,35.1152851276264,1.2696425753827068,34.045731541896636,0.8508605681423111,14.169078357101585,37.82977313697161,K003,N15_M01_F10,0,N15_M01_F10_K003_2.mat
0.9398704306397468,24.94339470004088,1.5411317151935149,31.491421084780935,1.4543053887909774,32.37126243715522,1.327695472917072,49.1345300166404,0.8420631425501975,11.526653972314366,49.1345300166404,K003,N15_M01_F10,0,N15_M01_F10_K003_20.mat
0.9695707941044848,20.461309703474654,1.5790858592377093,33.847758781241886,1.329444346512897,43.0740938927521,1.2909036998593257,33.02804868161875,0.8463596809432704,13.755175188221653,43.0740938927521,K003,N15_M01_F10,0,N15_M01_F10_K003_3.mat
1.0027449895926648,20.54616787969545,1.5571928132395882,36.35717002313191,1.360067150049549,26.947025014984405,1.2771435095126766,32.103263307082166,0.8557075255543657,11.888761904507392,36.35717002313191,K003,N15_M01_F10,0,N15_M01_F10_K003_4.mat
0.9724015678958554,20.600830697619784,1.507080817482654,35.550196843099734,1.4344127520183054,37.27663721171899,1.3027002139310935,29.601807967787224,0.8573608059941176,11.604005144223434,37.27663721171899,K003,N15_M01_F10,0,N15_M01_F10_K003_5.mat
0.9876478220266166,16.161214601636136,1.5561919840437932,33.48571670694745,1.387541213607148,28.231158277467404,1.2957692636253197,29.378588442785603,0.849885332740327,13.045628907931707,33.48571670694745,K003,N15_M01_F10,0,N15_M01_F10_K003_6.mat
1.003617595191339,21.648830728376048,1.5008800925712389,31.718884613835087,1.430834106002107,30.371479298664386,1.2962823267755301,35.4284926460842,0.8487947794412821,13.85852296851674,35.4284926460842,K003,N15_M01_F10,0,N15_M01_F10_K003_7.mat
0.9563147815162725,15.338138414619522,1.5180327362229793,36.057377509389035,1.3898915625074137,37.801273771613204,1.3231421156192729,26.671664933204767,0.8361036542897147,12.450901274412193,37.801273771613204,K003,N15_M01_F10,0,N15_M01_F10_K003_8.mat
0.9487612953167125,20.86853066165896,1.571026479920867,28.211527589455496,1.41561793261576,32.97430642644916,1.3071448583964758,29.374203482748985,0.8457268330049377,12.824888523669221,32.97430642644916,K003,N15_M01_F10,0,N15_M01_F10_K003_9.mat
1.1249303975386455,24.028404642313248,1.5637885180837934,25.952461938737354,1.257017899927411,20.051641211245247,1.1467094268647924,23.07858398645095,0.8954721560263389,10.824546124946043,25.952461938737354,K003,N15_M07_F04,0,N15_M07_F04_K003_1.mat
1.1262236396351082,20.57786337813775,1.5448554755183292,28.651269104691902,1.2835836424884997,28.36205663435619,1.2377071820664671,35.05478447130733,0.8561393021161336,12.185637334169614,35.05478447130733,K003,N15_M07_F04,0,N15_M07_F04_K003_10.mat
1.0936198585388224,32.33472775491987,1.5634968886607652,26.70140988109444,1.265512938807802,26.664360400964117,1.2643526323561045,37.07518541218936,0.8481316186091726,10.171489408377147,37.07518541218936,K003,N15_M07_F04,0,N15_M07_F04_K003_11.mat
1.0707314454440628,17.384773643570103,1.5017363114978362,25.41685368389453,1.3059692836954928,30.25435500350022,1.2207296449112222,30.015296242489065,0.874139131531332,11.278152531521611,30.25435500350022,K003,N15_M07_F04,0,N15_M07_F04_K003_12.mat
1.0906147109974027,26.48512368736904,1.5496124668857414,35.24528279005939,1.283734672388432,32.984773643972204,1.2568233773142767,36.82123246284277,0.8727506520783196,13.646794428836124,36.82123246284277,K003,N15_M07_F04,0,N15_M07_F04_K003_13.mat
1.0771409702462713,20.18791887308585,1.5591177675527923,26.301846960458832,1.2851139791863377,44.15659696062023,1.2267763361833723,28.984077619305772,0.8775810467666001,13.865621217752313,44.15659696062023,K003,N15_M07_F04,0,N15_M07_F04_K003_14.mat
1.0665498114582919,21.925256816127526,1.509618076285534,30.944405847920322,1.2349132786699677,28.170604925815976,1.2432509881081306,29.537313047889665,0.8799442700052998,13.201657039450613,30.944405847920322,K003,N15_M07_F04,0,N15_M07_F04_K003_15.mat
1.1132255835738738,20.43403895213464,1.5346858835384733,37.61973702149293,1.3594168159677584,28.729710229154836,1.209325551416654,39.53862363064931,0.8855036468110965,11.823419883613905,39.53862363064931,K003,N15_M07_F04,0,N15_M07_F04_K003_16.mat
1.0752745248277658,26.80233623831338,1.5921421462864034,31.40711615955041,1.2942915661156509,36.60973948100745,1.243880060007173,27.682346802996406,0.8608747019783081,12.679819246528746,36.60973948100745,K003,N15_M07_F04,0,N15_M07_F04_K003_17.mat
1.0295624142187414,19.059566728075634,1.462878276496745,32.46829916828622,1.2764909815154497,27.62775656611423,1.2435920533839384,32.81442827052207,0.870436003644169,11.146138701192987,32.81442827052207,K003,N15_M07_F04,0,N15_M07_F04_K003_18.mat
1.1013259057672258,22.3945363762995,1.4737793033570135,27.01610571324903,1.29276249106772,38.981052718660834,1.236114551251367,40.49873697241713,0.8693633073646423,12.562998909384095,40.49873697241713,K003,N15_M07_F04,0,N15_M07_F04_K003_19.mat
1.0980031036405382,21.50293030448402,1.5398202441968096,23.629020973374004,1.2703967472374353,24.13548402482539,1.178325421013414,30.383847224736922,0.8878690903130373,13.013115673234886,30.383847224736922,K003,N15_M07_F04,0,N15_M07_F04_K003_2.mat
1.0982217364459346,19.236380314291186,1.4897999363942998,34.92943663288077,1.2377324880705698,24.727449634788112,1.23995086315182,40.26760600684309,0.8808745827457664,11.80913968157074,40.26760600684309,K003,N15_M07_F04,0,N15_M07_F04_K003_20.mat
1.0832700876795363,20.6189466420982,1.5569231483865902,26.30987868025283,1.2822611169658826,29.15516855250169,1.1873056604265966,32.96221883178089,0.8792004473585939,13.397792475965824,32.96221883178089,K003,N15_M07_F04,0,N15_M07_F04_K003_3.mat
1.1087784978322834,23.115785481524583,1.5058549956600358,24.404835663559982,1.292710235292221,37.59977064967733,1.2143061649130231,43.98446650086735,0.8715527266514861,12.544349485594257,43.98446650086735,K003,N15_M07_F04,0,N15_M07_F04_K003_4.mat
1.1291454015440276,22.636224999481712,1.5153633035998413,28.259520257477377,1.240289419041935,22.784932298633333,1.2095640121894893,34.48738214623946,0.8815042087566476,12.959551660745936,34.48738214623946,K003,N15_M07_F04,0,N15_M07_F04_K003_5.mat
1.1478845828134003,24.271410639214427,1.4795197748289493,28.998666242285488,1.2239845927874644,25.971763261257443,1.1888180148709622,31.028218038054526,0.8906794993055285,13.044421013938234,31.028218038054526,K003,N15_M07_F04,0,N15_M07_F04_K003_6.mat
1.0999175143480697,23.23586697999881,1.5454673900251348,31.146165625467976,1.270127189434526,32.094418123185974,1.200756775668943,33.19208472233291,0.8811507559021822,10.741887913166687,33.19208472233291,K003,N15_M07_F04,0,N15_M07_F04_K003_7.mat
1.118515603785999,23.90282771759342,1.5494344378242886,28.187447895316797,1.2811844096292193,28.395023770700924,1.226414804764899,29.566008020825098,0.8713298579805594,10.53325504155094,29.566008020825098,K003,N15_M07_F04,0,N15_M07_F04_K003_8.mat
1.100055557092987,28.570591777758438,1.5314370894308003,30.372542207318535,1.299927352862758,25.222219521744798,1.234620991182076,34.04651748551701,0.8640339632225464,12.090775774459322,34.04651748551701,K003,N15_M07_F04,0,N15_M07_F04_K003_9.mat
0.9779204049396494,18.834300376980966,1.4998527119312162,35.69321962006456,1.3500490440938135,30.841432577503905,1.2893379435295271,29.382958081176856,0.8643531329086336,10.618673732934322,35.69321962006456,K003,N15_M07_F10,0,N15_M07_F10_K003_1.mat
0.9911028699795728,17.394541475256112,1.509016959861263,33.18423783522957,1.33249453670331,28.41223396801212,1.3408101829589134,33.6715784936832,0.8409102889225764,12.032609800588265,33.6715784936832,K003,N15_M07_F10,0,N15_M07_F10_K003_10.mat
1.0069018648843338,29.60238100407439,1.487809910256697,40.7898460210638,1.3647136585540065,33.25104227193112,1.2730906017230068,32.49942882492292,0.8739642091662998,12.06079767979348,40.7898460210638,K003,N15_M07_F10,0,N15_M07_F10_K003_11.mat
1.0031054193037179,18.78928892495382,1.490764314867125,31.609444690667488,1.344741263447248,31.261012950065826,1.2831258964413277,33.70285036965886,0.85319449788055,13.647438851484095,33.70285036965886,K003,N15_M07_F10,0,N15_M07_F10_K003_12.mat
0.9966241931313112,23.66468689110063,1.4689296339940463,30.116197186918903,1.3830759790361065,31.14313352283613,1.3046023635291921,41.81307764244462,0.8484977769945058,11.420194452784697,41.81307764244462,K003,N15_M07_F10,0,N15_M07_F10_K003_13.mat
0.9746413498419806,32.3342283107367,1.5298806445895274,28.10201636414733,1.3645487806163688,29.071635165501412,1.2904088687497806,40.16866126865601,0.8525314871203233,11.28801628430594,40.16866126865601,K003,N15_M07_F10,0,N15_M07_F10_K003_14.mat
1.0261419710624426,19.080296176474832,1.5381725539751052,28.295348045536297,1.3889722996655023,24.756691613831585,1.3021274539710204,45.23814001869456,0.8394294666836473,10.543617768797292,45.23814001869456,K003,N15_M07_F10,0,N15_M07_F10_K003_15.mat
0.9852683932399685,23.685228599936842,1.4742349179140586,30.831197613555876,1.4138591165515308,30.4648846562948,1.2745009047922864,31.37861917698481,0.8493084574811542,12.152062416650539,31.37861917698481,K003,N15_M07_F10,0,N15_M07_F10_K003_16.mat
1.0028360066288828,18.3945028801362,1.4754526641014798,34.27685397573047,1.3902841488814288,32.03339495919568,1.294622072777308,37.41969875993513,0.8514080298540784,10.725963379124803,37.41969875993513,K003,N15_M07_F10,0,N15_M07_F10_K003_17.mat
0.9830805473495028,13.868426113417613,1.496626587407115,33.08732693177028,1.379709828357499,69.76978582394158,1.3037228713782387,37.355584832720524,0.8435390894957873,10.573366084166175,69.76978582394158,K003,N15_M07_F10,0,N15_M07_F10_K003_18.mat
1.0257300396787592,22.670944682552964,1.4937920588088838,24.585148694826607,1.3588735900006494,36.83743420940562,1.2916166292702815,30.87843288766719,0.8552502348179469,13.554540549864821,36.83743420940562,K003,N15_M07_F10,0,N15_M07_F10_K003_19.mat
1.022955250051162,16.510439748258147,1.5064013046326843,34.94805832517952,1.35382056656475,35.2921858788181,1.2929114672033046,30.61984178389482,0.8551597299502981,13.684203618123755,35.2921858788181,K003,N15_M07_F10,0,N15_M07_F10_K003_2.mat
0.9644332670909044,16.766625640353563,1.4720340967738714,28.039923092216902,1.3726916436470729,34.793973303122726,1.2833431614453796,36.518689888609835,0.8705148188401152,12.589681575745919,36.518689888609835,K003,N15_M07_F10,0,N15_M07_F10_K003_20.mat
0.9796222411568393,18.17636100652757,1.5276923672381135,35.440012826278085,1.357988242043399,31.683457571268278,1.2853651759434963,27.665447499190467,0.8552872151207307,13.133352657742272,35.440012826278085,K003,N15_M07_F10,0,N15_M07_F10_K003_3.mat
0.9559099456575313,19.935679439588235,1.4781536182981745,36.49653807596068,1.3657748836702424,30.862713758155596,1.2993102617276358,31.318539805315257,0.8607542567878151,12.057666051641469,36.49653807596068,K003,N15_M07_F10,0,N15_M07_F10_K003_4.mat
0.9938581555725532,22.27090698505575,1.5331288053800096,32.93999690133071,1.3734693334520933,29.784024247087213,1.2900776357399775,38.84355859157098,0.8586515437262436,11.080857516416756,38.84355859157098,K003,N15_M07_F10,0,N15_M07_F10_K003_5.mat
1.0273590285921512,22.886764105820088,1.5223899391735916,30.10944619730954,1.3489771859131972,38.50680275650735,1.2856412128266195,35.81394174790605,0.8469145268779017,9.780198207351654,38.50680275650735,K003,N15_M07_F10,0,N15_M07_F10_K003_6.mat
0.9722237433184662,17.840150383475788,1.4837327514822332,27.170508099422374,1.3398330499268143,31.10950575203889,1.2935381471153375,34.30418551806973,0.8609133457086491,10.802893657949376,34.30418551806973,K003,N15_M07_F10,0,N15_M07_F10_K003_7.mat
1.0579481219921298,26.208408801888268,1.5193600608615823,32.58139313554608,1.3099579107569512,30.98088204771353,1.3040760920670054,41.90831299643602,0.8530902681163679,15.345754663838715,41.90831299643602,K003,N15_M07_F10,0,N15_M07_F10_K003_8.mat
1.0073357624776618,22.887112528230602,1.5239294919929738,32.70702937022376,1.3740930547587231,27.188792471794155,1.2951870873433269,28.515020372498622,0.8398993277470477,10.4701551463234,32.70702937022376,K003,N15_M07_F10,0,N15_M07_F10_K003_9.mat
2.2237811926648776,96.37466038105448,1.1171439981339328,19.53226776840222,1.1671119801615832,22.88927282800247,2.056846995003838,209.37522103339785,0.678388861046828,9.824021234322421,209.37522103339785,K004,N09_M07_F10,0,N09_M07_F10_K004_1.mat
2.2652892246800476,114.87998492251576,1.2988545310215651,29.86407233796177,1.2086079440842552,23.158856826075574,1.835905151418506,137.59278813979367,0.7047140990154849,10.835306994918042,137.59278813979367,K004,N09_M07_F10,0,N09_M07_F10_K004_10.mat
2.209091104540588,114.86444477712317,1.286821122114286,16.786265744646357,1.2367966326789104,29.517903426933184,1.8488092767957636,128.26948828568644,0.7047799900101925,10.723764843341252,128.26948828568644,K004,N09_M07_F10,0,N09_M07_F10_K004_11.mat
2.2169132827652756,103.56577270809572,1.2911592896801733,20.28766638522183,1.1892895850497573,22.73033256351159,1.861182087493202,105.96666794856998,0.7145816386887271,10.094604974980903,105.96666794856998,K004,N09_M07_F10,0,N09_M07_F10_K004_12.mat
2.2866560467082127,118.44670571553884,1.2563456786817728,18.051272900798025,1.2180983835720023,34.821480918456835,1.8461538270938924,122.38045211629422,0.7064417609744968,10.799310124289956,122.38045211629422,K004,N09_M07_F10,0,N09_M07_F10_K004_13.mat
2.1186754913678203,102.40578337135337,1.247300406622669,19.85309023361692,1.24855510074116,27.046838952600808,1.8472484912084848,116.63404592433692,0.7075822168968355,11.861533854537447,116.63404592433692,K004,N09_M07_F10,0,N09_M07_F10_K004_14.mat
2.2312235511168694,112.27140466367506,1.291262630565529,23.300460270282628,1.220829633835708,35.982738928167755,1.8663599133601596,150.4620690186628,0.7031231142884832,8.3613421314704,150.4620690186628,K004,N09_M07_F10,0,N09_M07_F10_K004_15.mat
2.2551006700730647,123.91544842146682,1.3393700815296217,39.18189811738371,1.2394106545348273,25.28523336406768,1.8013359124989965,121.2359040628773,0.7082217557142806,8.908783583670571,123.91544842146682,K004,N09_M07_F10,0,N09_M07_F10_K004_16.mat
2.1891385366785587,129.6808431100547,1.2958375883002315,20.129305581166967,1.206732566807385,27.99772183220559,1.8539070215824696,146.71643996007302,0.7057466952300807,11.357929807368565,146.71643996007302,K004,N09_M07_F10,0,N09_M07_F10_K004_17.mat
2.2448375653497603,104.1093297147244,1.292313033957128,19.924357097377147,1.212575518025539,29.66992841288438,1.8550289049478244,128.11081657722266,0.7051213175733231,9.997052962332297,128.11081657722266,K004,N09_M07_F10,0,N09_M07_F10_K004_18.mat
2.3512042497319454,116.24929654423661,1.3044525486231278,23.121343404246552,1.2113688249525163,28.003970156494553,1.828481898172825,106.82322894051713,0.7110348854959715,10.379575672199334,116.24929654423661,K004,N09_M07_F10,0,N09_M07_F10_K004_19.mat
2.2052550239438853,126.29443967860196,1.1492055901770255,18.429541639423395,1.1708312600450481,18.678252095848123,2.0197906577844154,137.64350225633348,0.6822299174638611,11.290599532647803,137.64350225633348,K004,N09_M07_F10,0,N09_M07_F10_K004_2.mat
2.2305925946607004,118.61326329530478,1.2892241357351812,18.992384840929574,1.2235365123024526,35.2640341190461,1.8250945719692047,126.49105666466622,0.7121275741301872,10.11902550521976,126.49105666466622,K004,N09_M07_F10,0,N09_M07_F10_K004_20.mat
2.182881952126106,107.70297890294202,1.166494072763039,20.467546658433005,1.1456057489197031,24.65398285199439,2.000663465896311,158.79008082082817,0.6840484930454759,11.909708962640916,158.79008082082817,K004,N09_M07_F10,0,N09_M07_F10_K004_3.mat
2.212429162458915,103.51492024866039,1.2400923297455284,18.47453217565855,1.1518843667905778,21.976862589206767,1.9556128110423048,144.3609548771488,0.6921357046128043,9.483782134717542,144.3609548771488,K004,N09_M07_F10,0,N09_M07_F10_K004_4.mat
2.283934415141644,122.54685153690916,1.250812795716221,23.242098149408875,1.146912346727356,24.025125715535573,1.9426586601265696,150.78184777317156,0.6978973268084891,10.037224014912512,150.78184777317156,K004,N09_M07_F10,0,N09_M07_F10_K004_5.mat
2.3755753473465933,122.76883382552533,1.2930451090241502,22.61475209462986,1.210794358069164,22.9114730763319,1.8631784026234064,123.62276558446206,0.6967858310254234,14.672431296783309,123.62276558446206,K004,N09_M07_F10,0,N09_M07_F10_K004_6.mat
2.3645714173127845,107.2494686515158,1.2683654675302762,20.964221470110353,1.196504161248503,27.66248353291455,1.9184446620678153,122.85263187511639,0.6884460024497421,8.866446060646389,122.85263187511639,K004,N09_M07_F10,0,N09_M07_F10_K004_7.mat
2.219021441662022,108.36888916350983,1.3224769152183022,36.053551307339475,1.1709391159884985,28.99680853780586,1.8502441745098155,142.92936486430293,0.7139205192097653,9.21884532849487,142.92936486430293,K004,N09_M07_F10,0,N09_M07_F10_K004_8.mat
2.277859235849641,130.98951219317604,1.3083383848101082,27.17015125174358,1.2119521604802452,27.21911457617706,1.8578281973411228,120.73721142081257,0.7029641126768499,8.620097019576976,130.98951219317604,K004,N09_M07_F10,0,N09_M07_F10_K004_9.mat
1.544714038392785,79.40266422481525,1.8901809526138273,57.237675405787975,2.1748173129258923,105.5646235611065,3.054329276542662,202.78394454297953,0.3238785927227313,3.6628446614221057,202.78394454297953,K004,N15_M01_F10,0,N15_M01_F10_K004_1.mat
1.2338360958708816,67.98337381055954,1.488643798325195,30.603486333193857,1.8941302560214515,61.80280035984475,3.4694661501429973,416.8788472990824,0.30667301825640464,4.2571466110832255,416.8788472990824,K004,N15_M01_F10,0,N15_M01_F10_K004_10.mat
1.2077995421129302,57.520311481293184,1.4921719276194916,34.77179601592194,1.9025681452760912,54.93569437106497,3.4617305203675586,328.17048240951846,0.30534736280858976,5.135322055979828,328.17048240951846,K004,N15_M01_F10,0,N15_M01_F10_K004_11.mat
1.257282138130762,64.79588183680836,1.5131298934374264,32.3948729343333,1.852511374552744,78.73886702728835,3.5016832347033966,295.89215374367035,0.2981985659639555,7.6167074145456874,295.89215374367035,K004,N15_M01_F10,0,N15_M01_F10_K004_12.mat
1.280167673208566,68.46754165226059,1.4965486447761416,35.047401695796744,1.953295806664488,71.5612239063245,3.4650520864774275,344.5504615492591,0.29611825392456803,5.178466590634131,344.5504615492591,K004,N15_M01_F10,0,N15_M01_F10_K004_13.mat
1.264242919483535,62.802877210674154,1.5243054820299367,32.58936767434786,1.9618778232904854,61.391039903172484,3.495284866250982,396.57011966952024,0.28286382194391296,5.434885528461764,396.57011966952024,K004,N15_M01_F10,0,N15_M01_F10_K004_14.mat
1.206625037895319,59.73771067952918,1.5137488616687786,43.576150030617264,2.0438954280098662,69.1521556772585,3.4865648640693356,324.0311661686338,0.33795882213029815,21.26181220354212,324.0311661686338,K004,N15_M01_F10,0,N15_M01_F10_K004_15.mat
1.1629482305999608,60.450207876878316,1.5186715253805256,35.9262611122176,1.9253835106430672,56.94354788021239,3.4676399933102564,350.52555380821167,0.3049229481836745,4.2296257808410616,350.52555380821167,K004,N15_M01_F10,0,N15_M01_F10_K004_16.mat
1.2206183487952846,60.40670321841653,1.494880771805468,31.665146691673037,1.8904463730425496,69.95894351686754,3.5232632255800276,306.3159122738996,0.2913698360082728,4.308373296529822,306.3159122738996,K004,N15_M01_F10,0,N15_M01_F10_K004_17.mat
1.190812112410357,60.694085185442624,1.533823887166198,40.79135024047771,1.9659930752923285,65.78884148769428,3.474497670938862,263.43495337374776,0.2965894557749033,4.150366742694461,263.43495337374776,K004,N15_M01_F10,0,N15_M01_F10_K004_18.mat
1.1792216466690046,58.952588027980035,1.4989323732765802,33.99073358445759,1.9721463031055906,79.31105943452164,3.4913649068541526,382.62033455626107,0.2914246187603735,5.535821526248746,382.62033455626107,K004,N15_M01_F10,0,N15_M01_F10_K004_19.mat
1.4632913975219526,76.86432686352413,1.7953042988757186,51.6182586380596,2.0610883893225993,106.89632346056082,3.2202110779452386,283.93853878608087,0.3080342431011664,4.152837863307253,283.93853878608087,K004,N15_M01_F10,0,N15_M01_F10_K004_2.mat
1.17776063550435,56.57417427134724,1.5148978427919526,34.91073503949564,1.9817032108886365,85.6323206527692,3.4520591290395797,415.3337880759891,0.3024371039353556,4.893681273262088,415.3337880759891,K004,N15_M01_F10,0,N15_M01_F10_K004_20.mat
1.3730510303959245,74.87107233783823,1.7144042833050048,42.78862120068941,1.9109518306801545,69.45339011634282,3.3812843115878337,272.5442295018344,0.2949003638505616,4.2400737789251455,272.5442295018344,K004,N15_M01_F10,0,N15_M01_F10_K004_3.mat
1.375774241548911,83.34762491700906,1.6171874758694225,40.26939848374123,1.923319199139056,93.38224273853417,3.4179573711492184,298.32941633499786,0.29614936221134164,4.045523655533081,298.32941633499786,K004,N15_M01_F10,0,N15_M01_F10_K004_4.mat
1.370785954761689,70.8923749075521,1.5332005486577711,34.32486898876024,1.9227183568177033,75.58048276645468,3.4314027736189763,267.1199000621829,0.2992116446226497,4.359998864026818,267.1199000621829,K004,N15_M01_F10,0,N15_M01_F10_K004_5.mat
1.3275917403871547,69.23315548954605,1.4808365233645417,35.885640126508264,1.9543859790236653,101.80613728490205,3.4829000360442275,279.04604284420736,0.29310314887380434,5.254272222222653,279.04604284420736,K004,N15_M01_F10,0,N15_M01_F10_K004_6.mat
1.3244563234057571,78.64464376289226,1.495150052090681,30.33690647384961,1.9255796068144821,83.54496235086688,3.486331921116789,303.3559651417043,0.29296847038681534,4.456004898518487,303.3559651417043,K004,N15_M01_F10,0,N15_M01_F10_K004_7.mat
1.2790521703392717,63.09284999432735,1.4935372080203124,29.17852186664187,1.9349161976930749,62.07556371273989,3.4739269605121046,232.01038895112063,0.3007072744779088,4.467953211415456,232.01038895112063,K004,N15_M01_F10,0,N15_M01_F10_K004_8.mat
1.3147353072630699,62.52673252529795,1.4593099194182437,34.602421709705105,1.9001875849685197,74.13702994311542,3.542853322630126,278.96418101349525,0.2889432505375477,4.656378740081742,278.96418101349525,K004,N15_M01_F10,0,N15_M01_F10_K004_9.mat
1.3951478067824186,61.463028157040746,2.2094654164556706,43.46089113248605,2.1231436193366386,80.21475509111268,2.7407698981972617,147.19455176686702,0.380979156541593,8.41186045742038,147.19455176686702,K004,N15_M07_F04,0,N15_M07_F04_K004_1.mat
1.3224453276396273,57.24555895801909,1.9805768253360072,46.012316310184175,2.0431868215827844,60.66880383907394,2.928829160362568,96.23363817375628,0.36710466515786366,9.284857311851574,96.23363817375628,K004,N15_M07_F04,0,N15_M07_F04_K004_10.mat
1.3412551768625487,51.42157212007148,2.0225057374856976,53.86313279468935,2.0472345732485997,55.03069132457409,2.9040829522850222,107.59194414431397,0.37597090483924284,7.9274949230889025,107.59194414431397,K004,N15_M07_F04,0,N15_M07_F04_K004_11.mat
1.3085582046582027,53.29588105646204,1.9094231415896512,39.55610047060148,2.10126928190171,57.50764647911154,2.9227515235484693,97.58369128048015,0.37517188371668225,10.4085655666904,97.58369128048015,K004,N15_M07_F04,0,N15_M07_F04_K004_12.mat
1.3311258658888978,51.50224331056827,1.9332413896013512,51.180046961627056,2.0855208226839026,63.84397651088568,2.948969722831261,119.75640730156668,0.36298912385325094,8.264538895640861,119.75640730156668,K004,N15_M07_F04,0,N15_M07_F04_K004_13.mat
1.3391753416747172,54.07629265270518,1.9578734999433223,58.222670466086015,2.09482635491285,62.418358730274385,2.8716104074330895,148.33417247253553,0.3789446371199998,11.671070812051173,148.33417247253553,K004,N15_M07_F04,0,N15_M07_F04_K004_14.mat
1.2550347050430268,51.81592721881169,2.026517002282508,58.47223673116169,2.0271005236149375,57.483017346181406,2.9672240471179943,121.104473071529,0.3608140921282285,6.475341821550136,121.104473071529,K004,N15_M07_F04,0,N15_M07_F04_K004_15.mat
1.2600449061002625,46.55545796612841,1.928849731637277,41.57252987282762,2.0224776042925527,51.7480008871596,2.949798280213465,109.62804823043459,0.37513836304588294,10.15899701387331,109.62804823043459,K004,N15_M07_F04,0,N15_M07_F04_K004_16.mat
1.3026788846666177,51.43073269281523,1.9522807849788935,46.335794837677575,2.055133102958255,64.9072500105032,2.945015798015678,122.86829121510164,0.3668287598984685,10.183873650457961,122.86829121510164,K004,N15_M07_F04,0,N15_M07_F04_K004_17.mat
1.2277890128945974,52.22687281574236,1.9423126813463678,44.16538137794595,2.066910514621094,52.511059941390286,2.926332049516363,95.70647913745863,0.3759756716150852,9.725451322042387,95.70647913745863,K004,N15_M07_F04,0,N15_M07_F04_K004_18.mat
1.2574485390419705,49.53430407514335,1.9863153282769466,55.387726263883685,2.13551693659003,74.59895637052556,2.91189631649609,111.912085327457,0.36391170592910027,7.428022667618321,111.912085327457,K004,N15_M07_F04,0,N15_M07_F04_K004_19.mat
1.438840195670367,61.651899027399494,2.182989744418926,50.291223392600685,2.19612873886172,51.81264544829323,2.7457145880762246,86.20483653777946,0.3735276779957253,11.898119275785929,86.20483653777946,K004,N15_M07_F04,0,N15_M07_F04_K004_2.mat
1.311561839896519,60.945058189045014,1.9839835169124245,55.418302628199456,2.084703935877501,50.57283972823383,2.891329477647327,136.61759607861703,0.3752489261951773,9.656730224049708,136.61759607861703,K004,N15_M07_F04,0,N15_M07_F04_K004_20.mat
1.3917069457009483,53.29550560142011,2.0889553526129876,43.63605147390348,2.017365276441731,70.09380209145964,2.802007018132392,107.52361594262462,0.3866307485938319,11.125867516324783,107.52361594262462,K004,N15_M07_F04,0,N15_M07_F04_K004_3.mat
1.3327511055778642,66.55534054992891,2.0555786367869775,47.53981752471177,2.0755518546364864,51.4099441702366,2.8715552093373424,126.53665592089975,0.36980415656630866,11.979726876070256,126.53665592089975,K004,N15_M07_F04,0,N15_M07_F04_K004_4.mat
1.308975001271397,55.00919854450836,1.969005030630232,39.15910706267996,2.039492456005601,49.06319948376107,2.902012602657764,112.11021184418605,0.3769580539038597,8.546435529347598,112.11021184418605,K004,N15_M07_F04,0,N15_M07_F04_K004_5.mat
1.3464691791562133,54.912501825852054,1.9336067477295873,64.8809692020985,2.0210497099569382,60.77046108540661,2.9152246983786276,145.64563606655955,0.37554728638710766,9.421571118866348,145.64563606655955,K004,N15_M07_F04,0,N15_M07_F04_K004_6.mat
1.2855724619542446,60.324334785673585,1.9289994564014312,48.36406877588865,2.039898621820318,49.24134810707131,2.9333835946766564,125.83908467140424,0.3741051609421332,10.041441175099724,125.83908467140424,K004,N15_M07_F04,0,N15_M07_F04_K004_7.mat
1.3452258767408738,59.92100846176358,1.9714916249829129,55.190388472317636,2.0220522887249865,55.39436988909123,2.9478580070447333,96.36467384558325,0.36770076890188114,9.657324955418863,96.36467384558325,K004,N15_M07_F04,0,N15_M07_F04_K004_8.mat
1.2998258954437638,51.94479502160753,1.9508846404931892,43.684060235487955,2.0402882944590655,59.05148048833666,2.9569519767043593,106.41923319934152,0.3639212960889256,8.020976109472608,106.41923319934152,K004,N15_M07_F04,0,N15_M07_F04_K004_9.mat
1.1343904037168175,55.318386575677245,1.5055398950945882,34.43753125599186,2.000498946563827,75.07017181652803,3.475001027912811,429.31093459288826,0.29521472157564943,4.921718541061626,429.31093459288826,K004,N15_M07_F10,0,N15_M07_F10_K004_1.mat
1.1233295467932092,56.261124500438136,1.4689277834784393,35.63990337063435,1.969156465561525,71.83041690074107,3.536601271828186,425.1116535427604,0.28738739108480665,3.879911566556956,425.1116535427604,K004,N15_M07_F10,0,N15_M07_F10_K004_10.mat
1.0994886993246566,54.652129934281746,1.4900042741578468,28.59878449381593,2.0185286853113484,61.19325912783785,3.4382421498513747,266.94771347647713,0.30676925634110463,4.225647575990736,266.94771347647713,K004,N15_M07_F10,0,N15_M07_F10_K004_11.mat
1.095766177335948,52.125052661600186,1.4608959759060123,31.832876380806333,2.0515265477578977,74.5932184428981,3.4652741228848205,246.41872441398803,0.29643113558519596,6.009427809668383,246.41872441398803,K004,N15_M07_F10,0,N15_M07_F10_K004_12.mat
1.0726482870346985,50.4017543763925,1.5035053555797677,36.96269553215262,1.9727985589114292,89.15342468524658,3.561318612240665,364.4661881704208,0.27853397436437827,6.340284220448802,364.4661881704208,K004,N15_M07_F10,0,N15_M07_F10_K004_13.mat
1.0653782739115822,50.65085580237556,1.5096424380897102,34.884994142242306,1.9884313323087894,58.81681415741356,3.4597578139030234,294.3346639061144,0.30289510838136635,4.7072780567283985,294.3346639061144,K004,N15_M07_F10,0,N15_M07_F10_K004_14.mat
1.143056804519275,58.60936854263409,1.4859694316333651,25.102964303849078,2.0146375396768494,62.93635695440623,3.4678188406864825,360.41804861939397,0.29736389071859554,6.392242850008705,360.41804861939397,K004,N15_M07_F10,0,N15_M07_F10_K004_15.mat
1.091280339069867,52.941490380689544,1.4666303734834119,24.974576909179873,2.0601150608243106,91.97787692501608,3.407146292772804,219.96831426229872,0.3105965346570062,4.803557267405388,219.96831426229872,K004,N15_M07_F10,0,N15_M07_F10_K004_16.mat
1.040677072011975,46.03106045981116,1.492150728595067,31.58033164385609,2.0360316669333436,72.5757710889404,3.422877855780299,276.8633688688496,0.3085476104708159,5.110856500694601,276.8633688688496,K004,N15_M07_F10,0,N15_M07_F10_K004_17.mat
1.0538947533324192,53.26270294651964,1.517051726697058,29.367349462230475,1.9685624219914937,62.24018406199531,3.446918119750363,290.32989446039574,0.3097141554146034,5.404333073907425,290.32989446039574,K004,N15_M07_F10,0,N15_M07_F10_K004_18.mat
1.0543339051744087,52.439502103209605,1.534663351463109,28.56042065414312,2.0168971945798706,62.70542864791325,3.4611027193380246,302.96526491187586,0.2987358744154422,4.194284095782932,302.96526491187586,K004,N15_M07_F10,0,N15_M07_F10_K004_19.mat
1.1366097658102778,51.68856602526535,1.3997233222568564,33.07767554386585,1.914340418705143,108.3689464013008,3.5853476700532827,363.74348737229525,0.2858469721586204,5.315360064747866,363.74348737229525,K004,N15_M07_F10,0,N15_M07_F10_K004_2.mat
1.0596112246014815,47.024933362408355,1.5273669977202493,33.08834592884998,1.9950529505611896,70.24245750459177,3.4637590064592945,295.29166066814383,0.3001742227940296,4.26468943558528,295.29166066814383,K004,N15_M07_F10,0,N15_M07_F10_K004_20.mat
1.1729679951281455,59.713372070139364,1.4664834010025762,29.792866610217754,2.034079094760309,85.51103498994857,3.486598115476808,270.96154073100166,0.2942757149830835,4.980286813094439,270.96154073100166,K004,N15_M07_F10,0,N15_M07_F10_K004_3.mat
1.1551091017422235,57.56991327676305,1.4811518058430873,34.81985483491569,2.0049356610900735,73.35328899691524,3.4597757784620344,355.66993263610584,0.2993226429244371,4.751776938159602,355.66993263610584,K004,N15_M07_F10,0,N15_M07_F10_K004_4.mat
1.1550730740351653,53.7573572102725,1.4833609576279123,30.288791017088784,1.9535092279827333,71.13792343207311,3.456872539233106,265.20913497686576,0.30321320863974,5.865633225229734,265.20913497686576,K004,N15_M07_F10,0,N15_M07_F10_K004_5.mat
1.170826116941032,60.46173146179027,1.4809677738812559,40.569882653836,1.9897924747793758,86.66165233084463,3.4615023286537707,300.67394795465793,0.30034970729264515,5.087831538188607,300.67394795465793,K004,N15_M07_F10,0,N15_M07_F10_K004_6.mat
1.1545437724548877,57.13321634599905,1.478156826354833,27.83862800552155,2.1070486163157174,63.970115698789286,3.452992942243937,320.443587620897,0.2929390758778601,6.681299498596501,320.443587620897,K004,N15_M07_F10,0,N15_M07_F10_K004_7.mat
1.103219156477042,54.190670359006646,1.4815584232925256,39.624282935190756,2.0037203192947906,76.9606132095955,3.5257973269514125,387.7165984770892,0.2873581236381787,4.62059358502605,387.7165984770892,K004,N15_M07_F10,0,N15_M07_F10_K004_8.mat
1.1559093187305456,62.32934292749012,1.4726445547380105,30.68405183803162,1.940974488560722,70.60533203053646,3.516784406521325,339.15918550368684,0.29184807454153616,4.498507328292341,339.15918550368684,K004,N15_M07_F10,0,N15_M07_F10_K004_9.mat
2.3502428228510053,128.21972621696963,1.435285358882297,26.45039172797704,1.8890511347960413,102.18794266788996,1.8044031616395964,70.04975484085627,0.6300756345780993,13.130236915200934,128.21972621696963,K005,N09_M07_F10,0,N09_M07_F10_K005_1.mat
2.3464556169278445,120.22635931543664,1.4050254303066743,30.18867083312541,1.821162880805806,87.51055874280738,1.9266637985478523,82.81938399661551,0.6163917669202488,9.269551153838945,120.22635931543664,K005,N09_M07_F10,0,N09_M07_F10_K005_10.mat
2.380026353167478,130.68439674299586,1.4080483733110762,36.46790791572849,1.7828084180629478,131.8250180035625,1.9594933187246344,95.98267956682301,0.6083561388215063,8.051561419346028,131.8250180035625,K005,N09_M07_F10,0,N09_M07_F10_K005_11.mat
2.3664164851768943,111.77698193527765,1.425085099683836,41.32393866192777,1.9085557977697962,115.83927387681841,1.8964152495805158,88.53213724704757,0.636950857239344,13.809107366690968,115.83927387681841,K005,N09_M07_F10,0,N09_M07_F10_K005_12.mat
2.390217611398923,122.73983174581814,1.4368916996459549,32.55333831845656,1.81081923383088,91.55474419306219,1.8769689152585383,73.17930572164578,0.6219317315093988,8.192844322697752,122.73983174581814,K005,N09_M07_F10,0,N09_M07_F10_K005_13.mat
2.3210202800507598,127.35184137107281,1.43916360497583,34.96549336779064,1.8065846551714226,88.27710672546215,1.8741204539564684,112.42407825532952,0.6331707173683417,8.92995190520753,127.35184137107281,K005,N09_M07_F10,0,N09_M07_F10_K005_14.mat
2.3912473525791174,122.86194149541733,1.4321091662202114,37.067947930659514,1.8173462816933676,94.2499667333339,1.8756472132454651,70.278350328117,0.6237011108590025,8.215343207748221,122.86194149541733,K005,N09_M07_F10,0,N09_M07_F10_K005_15.mat
2.282558320832039,120.33400032278985,1.4182359978150338,43.16875816379424,1.8034911574655996,110.65383302821456,1.9067393937575285,84.84982553973437,0.6286736453782011,8.231149054787872,120.33400032278985,K005,N09_M07_F10,0,N09_M07_F10_K005_16.mat
2.303262178292992,130.31445037623817,1.3821313222476137,41.07513560953351,1.7587122307132577,117.83332772589087,1.915159380911322,81.83127067223943,0.6303625516325734,8.25828622754119,130.31445037623817,K005,N09_M07_F10,0,N09_M07_F10_K005_17.mat
2.298574302549313,121.9070772773571,1.4578939177591987,51.17008558523382,1.717006422565937,82.30937809291349,1.9135831339656562,93.23454298520677,0.6284268452667252,10.302712148962154,121.9070772773571,K005,N09_M07_F10,0,N09_M07_F10_K005_18.mat
2.2702456644506137,120.15438179483522,1.4203125448296674,30.53126445106782,1.8183715462962389,112.46443518207346,1.8557448007687696,70.74728563499504,0.6355354969896381,9.970956516594788,120.15438179483522,K005,N09_M07_F10,0,N09_M07_F10_K005_19.mat
2.448840979657488,128.56798071872092,1.4464493029156011,28.192446805244998,1.9080082722911949,86.60626063327415,1.834131948927033,87.85230121636377,0.6183405295612107,8.598346851044722,128.56798071872092,K005,N09_M07_F10,0,N09_M07_F10_K005_2.mat
2.2737378284750274,119.21140103039535,1.4163127148742176,33.20079364020205,1.7677322279224295,95.86438527445443,1.8799300481032022,78.240073925041,0.632218289180763,8.069991022300236,119.21140103039535,K005,N09_M07_F10,0,N09_M07_F10_K005_20.mat
2.4048155547423002,140.8207660537461,1.4366877253239996,30.7076097459122,1.985360166632341,99.78529295873747,1.8002982519891877,79.55151268570138,0.6196826988806263,7.760386090435441,140.8207660537461,K005,N09_M07_F10,0,N09_M07_F10_K005_3.mat
2.3847622764189156,128.89960384604206,1.4486315473308444,37.815904475657035,1.8392640251735746,77.26429479489488,1.8711645224311448,72.11193487483378,0.6280173524059461,9.410509670824744,128.89960384604206,K005,N09_M07_F10,0,N09_M07_F10_K005_4.mat
2.2112795589401677,111.88903027145082,1.501861613827603,42.74127556337901,1.9102059138902423,106.85006142049248,1.8608582823851385,76.72854601131861,0.6147484532742268,9.275289719670196,111.88903027145082,K005,N09_M07_F10,0,N09_M07_F10_K005_5.mat
2.2562641627076405,127.01849396955812,1.4883171626235299,46.405036001950556,1.839486816159672,82.16120414259771,1.8703626371694113,79.75077538075065,0.6254939623156955,11.797532308987583,127.01849396955812,K005,N09_M07_F10,0,N09_M07_F10_K005_6.mat
2.455077541505342,130.17806292855454,1.4265262952552806,31.061426001789595,1.9105546881799438,76.27681247028757,1.8948698185335404,59.926817101116455,0.59965087766676,8.462882963339812,130.17806292855454,K005,N09_M07_F10,0,N09_M07_F10_K005_7.mat
1.9360286386560814,97.10279150011692,1.3062115432136532,29.829695365103603,1.617743567553277,69.87713231114326,1.6631511356018067,54.40417599504533,0.7214162577443982,12.11653981249872,97.10279150011692,K005,N09_M07_F10,0,N09_M07_F10_K005_8.mat
2.2406842050566165,118.97420181615702,1.4741782513990331,30.106235062911168,1.884355137754781,116.97398018191667,1.9035555391601917,74.6223603843529,0.6158244574904576,8.743203450643497,118.97420181615702,K005,N09_M07_F10,0,N09_M07_F10_K005_9.mat
0.8929927493376684,45.107409524614724,2.7902823343034795,123.49688168016934,3.2198049379146085,196.75941385555527,2.8241951977702318,171.45536963146603,0.21820375610918757,5.002662892691694,196.75941385555527,K005,N15_M01_F10,0,N15_M01_F10_K005_1.mat
0.8802928192895652,42.86927129219679,2.658622068652339,111.25149002995973,3.384695464539682,184.91628159550328,2.818347601401705,246.49378216681774,0.21251074390533317,2.8375527372959053,246.49378216681774,K005,N15_M01_F10,0,N15_M01_F10_K005_10.mat
0.8538022987117234,43.654358132581564,2.640050232318253,110.73303547927406,3.3167529276364367,234.9458879673629,2.8819314484866494,190.56699789295232,0.20840030515779392,3.2108044160380835,234.9458879673629,K005,N15_M01_F10,0,N15_M01_F10_K005_11.mat
0.8817099911903038,45.305923850511235,2.563520602539413,104.9483858088428,3.379306471746899,174.41757766103828,2.866302786876167,188.2687265744853,0.21158364404296257,3.1991103144716937,188.2687265744853,K005,N15_M01_F10,0,N15_M01_F10_K005_12.mat
0.8622373849772876,42.073407570773334,2.60083059349467,106.66243129324788,3.4113769002687975,193.3408061509278,2.8614968254129995,165.38239341873992,0.20389073366757096,2.7054039648307446,193.3408061509278,K005,N15_M01_F10,0,N15_M01_F10_K005_13.mat
0.848640646930466,38.779703646733346,2.6548427184424668,104.93764964639666,3.247040811425613,164.24967137367847,2.8885190245511634,165.9669512279975,0.21022813799571513,2.9495685754324725,165.9669512279975,K005,N15_M01_F10,0,N15_M01_F10_K005_14.mat
0.8394189242304548,40.833773070390976,2.5939646667137217,105.87348247330416,3.2842866308630563,174.10235398126605,2.9060436438700203,162.570377506594,0.21193956107308762,3.1753786328933558,174.10235398126605,K005,N15_M01_F10,0,N15_M01_F10_K005_15.mat
0.8159843628400776,37.18999247871141,2.5485711144051497,112.36449633788398,3.297175723672886,150.79408718296963,2.9338407673702678,182.33650540537025,0.20799754921345312,3.030689616945368,182.33650540537025,K005,N15_M01_F10,0,N15_M01_F10_K005_16.mat
0.8615021304969747,42.18720336379722,2.5778928143797404,95.47429915152314,3.2140368449671,164.4320701436282,2.9278337576393794,188.48522223585775,0.21030813532677467,2.793853728176168,188.48522223585775,K005,N15_M01_F10,0,N15_M01_F10_K005_17.mat
0.8183242403679798,39.80770994137009,2.4545077391239456,102.93503404438158,3.4069081623092687,162.07719901950506,2.9043829748700305,167.49845399445462,0.21396493916388334,2.274028655687471,167.49845399445462,K005,N15_M01_F10,0,N15_M01_F10_K005_18.mat
0.8620939376502431,40.13514388722556,2.3718008691384727,93.87558772687767,3.069835155197819,133.03087870847,2.688940738651796,238.0587080784166,0.30027202993279223,3.755131323475388,238.0587080784166,K005,N15_M01_F10,0,N15_M01_F10_K005_19.mat
0.8458824401835123,45.58429985821782,2.8702089868404905,115.75261807908942,3.2921605550341977,222.96888821707623,2.7886778681588007,221.17845527411316,0.21072399200894795,3.0803657964972424,222.96888821707623,K005,N15_M01_F10,0,N15_M01_F10_K005_2.mat
0.8346260907247491,40.900688308874194,2.5649863268138295,105.55545141249607,3.222872598866269,165.30544431653323,2.9436496009842044,178.92500672891748,0.21063981362238238,3.4607478941712064,178.92500672891748,K005,N15_M01_F10,0,N15_M01_F10_K005_20.mat
0.8082306211374668,41.02923990573776,2.8380085699621374,122.4675517969801,3.425545696681461,209.4840902773557,2.722618348885066,180.20408688122833,0.22206347970174597,2.769619041540741,209.4840902773557,K005,N15_M01_F10,0,N15_M01_F10_K005_3.mat
0.8166233634032429,39.577757359303625,2.896446501239952,120.92589927219056,3.336434399337046,259.3946346525899,2.7836316517610378,197.52459484120067,0.20668429984403935,3.206280869765492,259.3946346525899,K005,N15_M01_F10,0,N15_M01_F10_K005_4.mat
0.8138160711576251,39.678148764775045,2.8384020604246283,131.08183228028764,3.3556615608062152,248.1398364073099,2.7824267795228197,185.09925660839573,0.21207591270639314,2.5654501072429072,248.1398364073099,K005,N15_M01_F10,0,N15_M01_F10_K005_5.mat
0.8623391857907741,53.369381705688795,2.7842284413465923,106.91801505263187,3.3439260557633252,199.8315706035073,2.8380205418573374,157.90134796022508,0.20243173430342803,2.4167243327117953,199.8315706035073,K005,N15_M01_F10,0,N15_M01_F10_K005_6.mat
0.8721186275759658,43.536082479113986,2.66080430893627,110.25163103323607,3.496136757537835,153.2571834356096,2.8956644415430657,209.23712301584396,0.23272482484428306,18.499415357313296,209.23712301584396,K005,N15_M01_F10,0,N15_M01_F10_K005_7.mat
0.8721820350516871,41.992986687982075,2.6456849404647222,113.0679837914756,3.3117243013536215,172.06759643874977,2.8580552580734926,210.43805701260646,0.2105111200106789,3.318482780887757,210.43805701260646,K005,N15_M01_F10,0,N15_M01_F10_K005_8.mat
0.8636977158947271,41.04321394526809,2.580945761391789,107.40667802544807,3.6380778498333464,269.6242467189248,2.8861937317707906,230.0849233197991,0.23104662965538525,11.104646976758724,269.6242467189248,K005,N15_M01_F10,0,N15_M01_F10_K005_9.mat
1.0397235336339405,45.314357199061554,2.3398895369522514,100.75382997228843,2.2065295322860616,104.83085897819147,3.068071602446228,148.3352339106869,0.31600761244283737,11.71248156517729,148.3352339106869,K005,N15_M07_F04,0,N15_M07_F04_K005_1.mat
0.9890121560793919,53.023828364798135,2.3033602344341944,76.08613721812033,2.457292434716884,92.8314445703986,3.0022785643035785,147.1642654066063,0.3138892529650571,7.032092348634259,147.1642654066063,K005,N15_M07_F04,0,N15_M07_F04_K005_10.mat
0.9706163764460596,50.02222200812335,2.111970912683067,71.12522277080743,2.299708225306724,81.9873490737177,2.7149566380977155,96.23598907148741,0.4104109812173491,9.944557659110938,96.23598907148741,K005,N15_M07_F04,0,N15_M07_F04_K005_11.mat
0.9821895416222403,48.9740066498703,2.113291214608737,84.77389239120632,2.353284099451414,111.59566635326088,2.6978596906482,99.52120285161325,0.4109896042574321,8.609960538484632,111.59566635326088,K005,N15_M07_F04,0,N15_M07_F04_K005_12.mat
0.9965283575835017,47.20512597654668,2.026702304115723,65.65376398130434,2.2837964086194256,91.76338641049414,2.7309887086709397,123.16620576921012,0.416595141377587,8.39692416047871,123.16620576921012,K005,N15_M07_F04,0,N15_M07_F04_K005_13.mat
0.9634780551783754,44.17885898756227,2.1438465889099647,89.50222284553082,2.322315702501347,106.05346576876602,2.707599132357141,148.1269161357608,0.4115960933133663,6.9876313845937466,148.1269161357608,K005,N15_M07_F04,0,N15_M07_F04_K005_14.mat
1.0202739601238207,49.60838214098532,2.1315896832085532,97.36396936602493,2.2411094188926866,92.20266246704561,2.6414884446836746,139.96394657473786,0.43214744707557834,8.707791833754895,139.96394657473786,K005,N15_M07_F04,0,N15_M07_F04_K005_15.mat
0.9877814128120306,40.16120218451361,2.168970203746174,69.50465125283112,2.321186419025493,68.28256240824706,2.6871183139380572,133.17683886187038,0.4103218633155658,9.430977092947549,133.17683886187038,K005,N15_M07_F04,0,N15_M07_F04_K005_16.mat
1.00935049551029,55.65368199298682,2.080856511089493,96.03216903846126,2.346542894665037,87.03527636135183,2.734447960491116,129.95895620131935,0.4043193472974728,9.267166191896939,129.95895620131935,K005,N15_M07_F04,0,N15_M07_F04_K005_17.mat
0.9893926774982916,49.02380375362665,1.9636245935446002,57.43667715604341,2.169545960438832,65.28258998489258,2.4749033136399623,108.96191759000632,0.490027266407674,11.176992404876131,108.96191759000632,K005,N15_M07_F04,0,N15_M07_F04_K005_18.mat
0.9681718598392915,40.611467792985714,1.984221669587462,65.0014523043261,2.1526747617490773,78.62233378989103,2.4639175578439914,112.25641573282107,0.4855307707169607,8.535897800820969,112.25641573282107,K005,N15_M07_F04,0,N15_M07_F04_K005_19.mat
1.0707770505648266,51.818344731107146,2.3544317274916384,91.24271881171296,2.203941863692194,84.77073537337958,3.0310230279008614,143.7590336072355,0.31990066184759736,9.008536220001929,143.7590336072355,K005,N15_M07_F04,0,N15_M07_F04_K005_2.mat
1.0175788562828127,45.4538960581347,2.0322193255501415,87.67380450821943,2.217754556884657,126.55181250287097,2.5130982089211833,97.26951154732619,0.4699067414999759,8.877331705382078,126.55181250287097,K005,N15_M07_F04,0,N15_M07_F04_K005_20.mat
1.0655537911305681,53.69282303015201,2.338104164543507,98.9620965637568,2.2813783317448935,88.8198384649704,3.0332273932188185,152.9724777455078,0.31364916542285626,7.174357190453653,152.9724777455078,K005,N15_M07_F04,0,N15_M07_F04_K005_3.mat
1.0522963740023672,58.32388766223405,2.318534040640073,100.39251875807427,2.315726414219925,87.01376145894274,3.014157525591161,203.94028022335462,0.31833607265577973,9.845502501243732,203.94028022335462,K005,N15_M07_F04,0,N15_M07_F04_K005_4.mat
1.0625611208060197,48.75547541171803,2.2678043677083655,83.11107568415314,2.3679869349182736,107.68100247069215,2.9911729719001126,147.3520266066982,0.32144079644756074,10.519395143800699,147.3520266066982,K005,N15_M07_F04,0,N15_M07_F04_K005_5.mat
1.064828352033857,51.25674966529048,2.3248506436882788,79.29124913584437,2.3961773255362937,82.04895083318904,2.9589105707227277,158.0796291389509,0.32777565312946255,10.047766495890473,158.0796291389509,K005,N15_M07_F04,0,N15_M07_F04_K005_6.mat
1.01491756467979,42.80231780077175,2.2929682127171827,71.57268418686259,2.601030323423179,103.98462644923418,2.889275089483424,126.88547017563731,0.39997075809613647,31.427809927328855,126.88547017563731,K005,N15_M07_F04,0,N15_M07_F04_K005_7.mat
0.9647050173913585,47.13961579636573,2.2983015377948077,102.37187366814557,2.4417830471294146,98.84812488041344,3.0133815310389767,184.02955486968483,0.31807258896552154,9.944255037488956,184.02955486968483,K005,N15_M07_F04,0,N15_M07_F04_K005_8.mat
0.9954829667682866,44.20712551140113,2.247596680158835,81.20286513964109,2.5048425479541376,101.93846619449239,3.0074054316328223,164.13415661390815,0.3117266782824376,9.444427907114703,164.13415661390815,K005,N15_M07_F04,0,N15_M07_F04_K005_9.mat
1.1972397808572488,70.86478907263862,3.081592287930441,114.62996657350283,3.430747219297272,175.66678411977207,2.4635857627805207,112.71723091163378,0.23877384873712515,3.2380653702709483,175.66678411977207,K005,N15_M07_F10,0,N15_M07_F10_K005_1.mat
1.0276587269686033,57.98484566874295,3.0869937352305987,115.61729418896867,3.7173590862120736,177.2254264894797,2.549369523270011,106.33076549325926,0.242839348607639,14.798475956442985,177.2254264894797,K005,N15_M07_F10,0,N15_M07_F10_K005_10.mat
0.9693750400820672,53.34101819267348,3.0753503495453898,116.9833370094638,3.5277441560080107,196.30674329615962,2.5493001714834773,107.74141926294426,0.2176228535467831,2.8281337968291775,196.30674329615962,K005,N15_M07_F10,0,N15_M07_F10_K005_11.mat
0.9721072293541887,51.72127761651152,3.098442233117859,107.30263245801265,3.4546339359256506,176.626044765148,2.587637184221985,131.13224446408833,0.21754566462463643,3.002664739048376,176.626044765148,K005,N15_M07_F10,0,N15_M07_F10_K005_12.mat
0.9773016799543722,50.00999999584078,2.922628183188715,119.04219226269747,3.49187350910648,191.79833192257905,2.6411695204781735,160.6435585957668,0.21711938936865263,3.728543228826378,191.79833192257905,K005,N15_M07_F10,0,N15_M07_F10_K005_13.mat
0.9408899364420992,47.38874195645238,2.97312565504179,123.74809840472147,3.572043419697115,176.66479975472382,2.5775428033185515,118.72128213002193,0.22297746597157025,3.788230327111168,176.66479975472382,K005,N15_M07_F10,0,N15_M07_F10_K005_14.mat
0.963626711314205,47.771641921313446,2.96619560883759,104.15921285110254,3.3578947659641973,285.2777187709955,2.6369338927254047,150.44195917894393,0.22998333246029515,3.6953966877000246,285.2777187709955,K005,N15_M07_F10,0,N15_M07_F10_K005_15.mat
0.925466110782076,55.267248977223126,2.926475466065827,112.82414849065177,3.48691342469387,161.59041960798868,2.613203665988521,118.77630434518409,0.22478561723261709,3.885906404654687,161.59041960798868,K005,N15_M07_F10,0,N15_M07_F10_K005_16.mat
0.9740342865560919,51.976556882149374,2.979307974121754,110.68470478929908,3.479669063471435,201.31669520806156,2.5888755641137666,155.74169003739763,0.2257004512828247,2.854510595166205,201.31669520806156,K005,N15_M07_F10,0,N15_M07_F10_K005_17.mat
0.9404257746469239,49.3278503723835,3.038028222212516,121.34774870831346,3.370307551758468,140.21986057920356,2.6139865617147513,155.68460824773456,0.22502207721819278,3.079016229191198,155.68460824773456,K005,N15_M07_F10,0,N15_M07_F10_K005_18.mat
1.0477246984923623,53.31853073810615,2.801330422158922,107.39560541792228,3.533377235202897,351.51217176927236,2.618496539492572,183.57789840051979,0.22528302691691646,3.4454343625919996,351.51217176927236,K005,N15_M07_F10,0,N15_M07_F10_K005_19.mat
1.1054107505174713,59.11614176113791,3.1601037514734966,111.143757041488,3.6240880972647056,215.53881950531832,2.442055639659223,125.75320546345573,0.2231196377404037,4.589381533232656,215.53881950531832,K005,N15_M07_F10,0,N15_M07_F10_K005_2.mat
0.8560381529098421,47.750831544804036,2.8566168478299234,114.16854709601499,3.541329848821452,232.60007528533725,2.632155690565447,143.7406563470621,0.22573003407923234,2.9376151650885483,232.60007528533725,K005,N15_M07_F10,0,N15_M07_F10_K005_20.mat
1.0775278821309098,54.969167351643584,3.0902306924005747,109.2130540052919,3.661052722899531,142.4861362018195,2.5509122334741825,131.22035052629792,0.2461221454735385,8.52060347937376,142.4861362018195,K005,N15_M07_F10,0,N15_M07_F10_K005_3.mat
1.0654380124400398,63.22123897201024,3.049567570632034,117.46661344765953,3.7120065789043633,153.63116932648407,2.5437123464216937,122.91622308606478,0.2446141891618508,11.874291481797506,153.63116932648407,K005,N15_M07_F10,0,N15_M07_F10_K005_4.mat
1.0312817057520198,54.21310400830594,3.1132752695654644,124.92542662332085,3.452156151526008,129.86447676691273,2.524964665021198,149.97069827482565,0.22821099869302336,3.0110300953984743,149.97069827482565,K005,N15_M07_F10,0,N15_M07_F10_K005_5.mat
1.0193968567304923,55.43876286407787,3.131918071797574,122.27625125235997,3.4362480768529404,220.02776912479632,2.538223593560305,101.70947751402974,0.22434741319434953,3.6078009023084148,220.02776912479632,K005,N15_M07_F10,0,N15_M07_F10_K005_6.mat
1.057551429773064,59.83614618019104,3.002540776932323,118.67466472190469,3.778466634210842,191.70700207180866,2.584855467513881,150.39813191477333,0.23619471761251476,9.981810967317928,191.70700207180866,K005,N15_M07_F10,0,N15_M07_F10_K005_7.mat
1.0448112640659135,55.79407295814877,3.0469327225284246,113.59580237505905,3.73860971173562,150.63043773779808,2.5556188963395416,125.92613446018068,0.23824142888538102,10.89152121325145,150.63043773779808,K005,N15_M07_F10,0,N15_M07_F10_K005_8.mat
0.932975208329481,47.48884629247675,2.9782080663756476,112.57806771592399,3.5316050023366583,155.22846575001708,2.5927896647138766,138.73469596040434,0.22061166466647097,2.962364682647398,155.22846575001708,K005,N15_M07_F10,0,N15_M07_F10_K005_9.mat
1.0802374945349071,30.49645308854834,1.011901271596437,10.297800061260462,1.046510881599582,15.3344655593388,1.1367188635675791,21.447816330591518,0.958771137336176,11.275849238701971,30.49645308854834,K006,N09_M07_F10,0,N09_M07_F10_K006_1.mat
1.0277896187640778,25.061745437825753,1.0499094863528737,12.686593650737539,1.0229785571929815,18.923575181698073,1.0947379696756523,18.00344633132969,0.9806489575571004,13.503220796244038,25.061745437825753,K006,N09_M07_F10,0,N09_M07_F10_K006_10.mat
1.061612819104692,23.991994394030346,1.033569464436045,13.491346712695236,1.0506686341219387,19.847585084713874,1.0842372539828713,16.87654924414147,0.9680890988789317,19.116837642016087,23.991994394030346,K006,N09_M07_F10,0,N09_M07_F10_K006_11.mat
1.1026833790044748,21.93969573656069,1.0177451979024974,9.822069451033938,1.023940302670707,14.763794400504453,1.095864200818591,16.416542083164845,0.984622337093552,15.044086037959826,21.93969573656069,K006,N09_M07_F10,0,N09_M07_F10_K006_12.mat
1.0427067831554726,25.05784971438373,1.0249530580045494,11.78759736714943,1.0240924403199614,12.161113780823076,1.1117825654313984,21.472830522777446,0.9750927777925976,14.133989363883057,25.05784971438373,K006,N09_M07_F10,0,N09_M07_F10_K006_13.mat
1.1142642467615524,25.136743431623078,1.0879368311132271,10.747182118682247,1.0290472435047124,14.763953880589808,1.107577911652737,16.9042004652104,0.9600615550836967,13.851663887891599,25.136743431623078,K006,N09_M07_F10,0,N09_M07_F10_K006_14.mat
1.1070530910406533,25.91613998026071,1.0501749102833002,15.283632364949785,1.0250206439454173,14.934953994664077,1.1020972564484615,17.666347238613724,0.9814074390411784,15.673944518892695,25.91613998026071,K006,N09_M07_F10,0,N09_M07_F10_K006_15.mat
1.0569700673443363,24.830390354435192,1.0556481066684642,13.672700718023398,1.0371356848229798,11.757210251639192,1.121675635092169,16.166174454898876,0.9546371065753483,12.049386004859675,24.830390354435192,K006,N09_M07_F10,0,N09_M07_F10_K006_16.mat
1.0878053405854786,19.73025044537017,1.0587124292190981,11.252964227993113,1.0508660316335772,15.75578889356001,1.0883109639239505,18.068634290385283,0.9798282248652059,12.27244171578449,19.73025044537017,K006,N09_M07_F10,0,N09_M07_F10_K006_17.mat
1.1102174826342122,23.333584719696727,1.0238541030201986,12.153646322689228,1.051497878576375,10.396509091338642,1.083200340761981,17.50095340096445,0.9763034404957165,12.610431187469247,23.333584719696727,K006,N09_M07_F10,0,N09_M07_F10_K006_18.mat
1.0848299715903147,23.196815129501974,1.0773342787384448,10.49104624880903,1.0331755661422533,14.65883496328748,1.060988615690826,15.730690535793896,0.9905593973212996,17.385887115923005,23.196815129501974,K006,N09_M07_F10,0,N09_M07_F10_K006_19.mat
1.100195534344264,22.454500526847305,1.0636176398589028,11.752222173352857,1.0623263108600163,15.530183448334146,1.113221854127064,17.89646184936199,0.9573740244564041,11.326385077871556,22.454500526847305,K006,N09_M07_F10,0,N09_M07_F10_K006_2.mat
1.1211340148230242,20.313746008040813,1.034235494646114,10.931866944685396,1.0381015625851506,17.41011185525912,1.0971795382317202,18.061080948630647,0.9733013866999153,12.548155417754959,20.313746008040813,K006,N09_M07_F10,0,N09_M07_F10_K006_20.mat
1.1026815239080343,21.80224321763638,1.0334322247474579,9.833051493302316,1.0481376292487226,14.101011893054187,1.1303400074557945,23.46297562313301,0.9627401452027118,11.681103847697566,23.46297562313301,K006,N09_M07_F10,0,N09_M07_F10_K006_3.mat
1.094255584736303,28.648744949811768,1.033008158426825,11.299969599655801,1.069271123016232,13.3600991303641,1.1340436503259688,20.329736793029436,0.9507256062214005,13.086755399757736,28.648744949811768,K006,N09_M07_F10,0,N09_M07_F10_K006_4.mat
1.1418379242810688,29.934675743986393,1.0545969813175315,13.677691477877524,1.0272355363642054,11.06980011764507,1.108663040713555,19.680958820607106,0.9744329992211277,10.94357252475343,29.934675743986393,K006,N09_M07_F10,0,N09_M07_F10_K006_5.mat
1.076648029277448,27.1499918993439,1.0536861327230875,10.28433899480826,0.9972370519748963,14.357205768969349,1.118128377882326,18.085131601828692,0.9803894603281808,15.363058269664451,27.1499918993439,K006,N09_M07_F10,0,N09_M07_F10_K006_6.mat
1.119509211149302,23.705242104338826,1.0516540840148654,11.2914551679633,1.0477416197622897,12.400997590705034,1.1158601247151727,15.546027278943082,0.9686594605550642,12.920218580766042,23.705242104338826,K006,N09_M07_F10,0,N09_M07_F10_K006_7.mat
1.0460673790144719,19.267225545522574,1.039593831548428,11.128671206214381,1.0281869598136368,12.076158298095812,1.0852639487073197,15.645112513166733,0.983616383866364,14.092123343179585,19.267225545522574,K006,N09_M07_F10,0,N09_M07_F10_K006_8.mat
1.0912802909174757,30.70234287930272,1.0132363382584197,10.759872958084934,1.0466166811223994,15.270836803086135,1.1161497706671641,16.850326777573397,0.9592002518103593,13.813249504916637,30.70234287930272,K006,N09_M07_F10,0,N09_M07_F10_K006_9.mat
0.9484867990402448,16.95724421805042,1.0482165348730452,12.204973441943501,1.3964800000695126,37.9586943929379,1.5554999541648147,83.29749805285655,0.8377295502896352,9.841928872406543,83.29749805285655,K006,N15_M01_F10,0,N15_M01_F10_K006_1.mat
0.9701134641312019,21.658185051309967,1.0630821886875519,17.004842932219983,1.5235914069687975,43.96710199108857,1.5250484477661752,94.40670441143013,0.8367419518787393,11.81202683228812,94.40670441143013,K006,N15_M01_F10,0,N15_M01_F10_K006_10.mat
0.9548312500342153,14.624303946288007,1.0478847080392313,14.000389648195306,1.334676350528643,26.751395765939726,1.4056713397972722,80.38495081590159,0.8748111565057415,14.815951785807965,80.38495081590159,K006,N15_M01_F10,0,N15_M01_F10_K006_11.mat
1.0065438966755906,17.24506930573169,1.0389735645166192,13.810613029768605,1.4268199668698647,31.50412935772543,1.4398208129590784,91.60230225516752,0.8776472541175314,11.119860393130976,91.60230225516752,K006,N15_M01_F10,0,N15_M01_F10_K006_12.mat
0.9763290532697062,18.86371109236303,1.0606049027991025,12.08740831075546,1.3980473186906923,33.74781014382456,1.43265802439421,78.94282328757426,0.8640194242809799,10.990856250672106,78.94282328757426,K006,N15_M01_F10,0,N15_M01_F10_K006_13.mat
0.9769635872136287,17.630127422260003,1.0504653846412482,11.56843211389249,1.386396581143164,31.368647240417516,1.4600985269309332,104.06842809179787,0.862134983787155,11.25986951472136,104.06842809179787,K006,N15_M01_F10,0,N15_M01_F10_K006_14.mat
0.9496794029989742,19.021843012565203,1.0493101636323514,13.364162905589993,1.4661729856214851,38.711191085980076,1.4720876370255505,97.84106116231851,0.8672397857976226,10.01727270306723,97.84106116231851,K006,N15_M01_F10,0,N15_M01_F10_K006_15.mat
0.9430918503707741,21.6471582610882,1.0134474036150711,13.13896636406111,1.4753948276658913,39.03533028178629,1.5315078807300935,77.23207190786303,0.839640835816357,10.521743360484464,77.23207190786303,K006,N15_M01_F10,0,N15_M01_F10_K006_16.mat
0.9810662105911551,18.351644161214182,1.033502684710155,14.571397078060608,1.508066067979692,47.407507005045616,1.5466685677646042,86.76973477672658,0.8613745924539529,10.909701938213457,86.76973477672658,K006,N15_M01_F10,0,N15_M01_F10_K006_17.mat
0.9123205288461512,20.638186453591885,1.0565643988922608,15.063925432385833,1.524948120721697,34.96813926050601,1.5225049782945934,121.07524848968373,0.8419644575034465,12.16671845453938,121.07524848968373,K006,N15_M01_F10,0,N15_M01_F10_K006_18.mat
1.0140688703914555,24.604717430378656,1.0590110277925253,15.000409376504306,1.4751524292300688,34.93367354517491,1.5383846212985977,108.38805465761159,0.8440205688255072,16.3244236275028,108.38805465761159,K006,N15_M01_F10,0,N15_M01_F10_K006_19.mat
0.9935839280096576,16.368443707550266,1.0375329199068328,17.76359290079206,1.3688104206031806,34.13312858704022,1.5761421546059227,90.94514906009881,0.8403227214420026,11.322505663689682,90.94514906009881,K006,N15_M01_F10,0,N15_M01_F10_K006_2.mat
0.9646949066137186,26.13188220633524,1.0660086180646133,14.0665294577595,1.5100027155694475,38.705434907346174,1.5462176271162427,113.53796441832097,0.839529192165897,13.362488644620045,113.53796441832097,K006,N15_M01_F10,0,N15_M01_F10_K006_20.mat
0.9522821400771312,23.121874179593046,1.014833791031881,11.775440338985847,1.4415743146656657,50.50199497694123,1.5827205864765872,101.91882850505323,0.8550521639503248,11.808043983301229,101.91882850505323,K006,N15_M01_F10,0,N15_M01_F10_K006_3.mat
0.9708861565162177,20.189577995710685,1.0582706139497808,15.409101241734497,1.362493790600539,35.6604045480941,1.5337624558362684,110.90700423701288,0.8542053867307267,9.911276125325104,110.90700423701288,K006,N15_M01_F10,0,N15_M01_F10_K006_4.mat
1.0052477585368147,29.88836177313473,1.0174625770874604,17.7221484086364,1.4045900568540104,30.13495941722186,1.5179288807435727,85.1429345202829,0.8564576839213843,12.78707420333934,85.1429345202829,K006,N15_M01_F10,0,N15_M01_F10_K006_5.mat
0.9547882075735648,17.05878131472076,1.025892494303933,13.994921372615435,1.4102100943784246,27.899031292507647,1.498898356949122,91.83614443998057,0.8545878089776788,12.877615749989042,91.83614443998057,K006,N15_M01_F10,0,N15_M01_F10_K006_6.mat
0.9627042345934153,17.898351210031517,1.031132857135408,12.634301043698704,1.4413525154328761,40.12251739873997,1.5451859944108424,94.03113161733258,0.8432358380341847,10.47572233689669,94.03113161733258,K006,N15_M01_F10,0,N15_M01_F10_K006_7.mat
0.928347295936115,15.915299289483022,1.051514205885617,11.346196050695097,1.473679736625268,36.13634760264281,1.5503091916328995,124.90010496645601,0.8438995319582998,11.094344504164834,124.90010496645601,K006,N15_M01_F10,0,N15_M01_F10_K006_8.mat
0.969690480272161,23.539645071847303,1.0513966498834666,11.785008541530297,1.4315866756562652,46.97416216678043,1.5867707429580136,98.5417102325785,0.8273938427859912,11.12148545677595,98.5417102325785,K006,N15_M01_F10,0,N15_M01_F10_K006_9.mat
0.9588452074493873,18.041172939562692,1.3113641797654676,17.85109033349596,1.2467832608458789,23.20660431682873,1.3350059000925085,31.909686750988694,0.8853079375434654,11.768871432691085,31.909686750988694,K006,N15_M07_F04,0,N15_M07_F04_K006_1.mat
0.9580637867411345,21.673583275932096,1.39648015683874,17.53476727117214,1.4095942781647495,34.923057783617736,1.3720184834635487,33.68009033622682,0.8627238689596579,17.29421507473385,34.923057783617736,K006,N15_M07_F04,0,N15_M07_F04_K006_10.mat
0.9640027577677869,21.609134451844383,1.3638540437237898,21.277676627006496,1.4104763961388087,36.90337008518594,1.4277763915725217,32.23343565335966,0.8439626402581586,11.554019550991281,36.90337008518594,K006,N15_M07_F04,0,N15_M07_F04_K006_11.mat
0.9462631694972292,19.135347944004277,1.3677943705890003,18.85489716692602,1.4254854585381564,42.44754663367507,1.4091231557782387,35.48129908630678,0.8489936461555001,13.06181554655875,42.44754663367507,K006,N15_M07_F04,0,N15_M07_F04_K006_12.mat
0.9621833186734756,27.74070076927982,1.3762101514031109,25.899611890096327,1.4225859268841747,37.00425998524741,1.3800893860082488,33.235169823765006,0.8605915847657651,13.79355207042306,37.00425998524741,K006,N15_M07_F04,0,N15_M07_F04_K006_13.mat
0.9753994494935306,23.21586332019519,1.3855598728459828,26.2296063150009,1.4209195486800088,39.14128396461643,1.4015487155076625,33.21932442233133,0.8471688874844281,12.340367206598907,39.14128396461643,K006,N15_M07_F04,0,N15_M07_F04_K006_14.mat
0.954295765107752,20.06541719077886,1.3534609200650467,19.88385814932625,1.4258005012573074,36.390967175313854,1.393632976746106,32.770340099658746,0.8582023836294055,12.438144302283192,36.390967175313854,K006,N15_M07_F04,0,N15_M07_F04_K006_15.mat
0.9917706553353526,22.244626899387782,1.3766772639236742,17.70588454920606,1.3746254433234983,30.673907078140015,1.3946693697124712,33.58087425460241,0.866672717595725,13.525628212316343,33.58087425460241,K006,N15_M07_F04,0,N15_M07_F04_K006_16.mat
0.9610309231312656,22.01631110768371,1.3865203225376659,23.831355834660073,1.3737287543596406,27.7013570619604,1.4138390357939687,33.62634456451045,0.8534914051636936,12.275066539934615,33.62634456451045,K006,N15_M07_F04,0,N15_M07_F04_K006_17.mat
0.966656029648619,14.056624149067616,1.3433330721141856,20.577465198316286,1.4676359479901033,35.55284204299853,1.3858600330735467,30.627604060835846,0.8474465894037446,12.695178997079298,35.55284204299853,K006,N15_M07_F04,0,N15_M07_F04_K006_18.mat
0.9872498277570136,20.091836286883296,1.3961682058922809,21.663281960496498,1.3926974351658876,36.95672291822897,1.4007755266065633,26.43030405758001,0.8524456399002313,12.344463936026063,36.95672291822897,K006,N15_M07_F04,0,N15_M07_F04_K006_19.mat
0.9736272682064232,27.12787035040129,1.3836777794645563,20.986199289509905,1.4587275137891054,33.088035986776354,1.2973732782750986,31.85939728036311,0.9116581978341103,31.74483676846908,33.088035986776354,K006,N15_M07_F04,0,N15_M07_F04_K006_2.mat
0.9603139174275396,19.10257905018565,1.3746787764020492,20.108309040436165,1.4345542440961607,32.121320806130996,1.381217339323188,39.3906557704635,0.8478237786454227,12.804969417475357,39.3906557704635,K006,N15_M07_F04,0,N15_M07_F04_K006_20.mat
0.9885007305857136,25.370575425694177,1.3580047891601055,23.587225211787686,1.3873894875470056,35.58379295171835,1.3822037153334055,36.93769357476953,0.860860551396297,11.76780669350225,36.93769357476953,K006,N15_M07_F04,0,N15_M07_F04_K006_3.mat
0.9828193856282816,19.936636281410777,1.3271079171621367,18.870468019509012,1.3270626649293158,26.124663973798878,1.3933832429116573,36.22071268250089,0.8662930774737898,16.36574384609211,36.22071268250089,K006,N15_M07_F04,0,N15_M07_F04_K006_4.mat
1.0002128132601311,16.405977088216797,1.3703608933348181,18.8248649696923,1.3880428475551654,41.304220986392366,1.4439291229695501,30.510722009360617,0.8413839913698112,13.184957188441782,41.304220986392366,K006,N15_M07_F04,0,N15_M07_F04_K006_5.mat
1.0201507675079275,25.007121979331927,1.3593116914874224,20.935951469511473,1.360223293972654,39.00670780766999,1.4382255681737548,29.09058060826423,0.8342794315822719,11.812467852074258,39.00670780766999,K006,N15_M07_F04,0,N15_M07_F04_K006_6.mat
1.0115094617735971,15.269824726616184,1.354691019373951,23.85484761335871,1.3539018936560292,31.795328387686425,1.4097196138800705,27.919702791921004,0.8529358680035249,12.237826590669455,31.795328387686425,K006,N15_M07_F04,0,N15_M07_F04_K006_7.mat
0.929364631172061,25.188743162836886,1.4016479703136466,19.746946642519422,1.4315247738589632,35.9015828642925,1.4333475178628792,45.45169782730003,0.8446579065555223,16.16053657909808,45.45169782730003,K006,N15_M07_F04,0,N15_M07_F04_K006_8.mat
0.9949347310933035,33.39919945332389,1.3647064340724906,20.280520628275294,1.357558380868242,29.361744848094418,1.381458566000163,31.18045608594226,0.8772714311254913,11.00605580810762,33.39919945332389,K006,N15_M07_F04,0,N15_M07_F04_K006_9.mat
0.9472602868969864,18.360423827900235,1.024097163611462,13.397764692738122,1.4652346446340088,28.536269235969478,1.5841245587421975,129.06162153978073,0.8307520022053443,15.41156955556086,129.06162153978073,K006,N15_M07_F10,0,N15_M07_F10_K006_1.mat
0.9833509764524787,20.039667612417503,1.0359021924029586,17.208991280546936,1.483753896874985,35.207466806778605,1.60037062106296,122.50160141623469,0.8298303393565445,14.26281275783626,122.50160141623469,K006,N15_M07_F10,0,N15_M07_F10_K006_10.mat
0.9431166090835807,27.12628613781596,1.0402857581456388,11.950291202016311,1.4804780921636218,46.66639460614442,1.6394794812098128,143.35307374566003,0.8146212932953492,10.999103708309262,143.35307374566003,K006,N15_M07_F10,0,N15_M07_F10_K006_11.mat
0.9642409364862018,21.839608105608683,1.0456485794110661,14.48332646336198,1.5035215815788228,39.31384097409706,1.6344571073804761,119.9165864204351,0.8014613352193086,14.097036410549288,119.9165864204351,K006,N15_M07_F10,0,N15_M07_F10_K006_12.mat
0.9505899460727538,24.514499589352745,1.0227345745827614,11.675154181031735,1.4881209330703533,41.807570437532554,1.6286468829563758,120.04241907057468,0.8172045689895279,10.546883032706045,120.04241907057468,K006,N15_M07_F10,0,N15_M07_F10_K006_13.mat
0.940552689497024,21.369458483876823,1.052146800105727,11.737196708441628,1.5184300062047138,34.49043650627167,1.6086493786908467,92.94168353076616,0.8380253453331797,13.588996220109431,92.94168353076616,K006,N15_M07_F10,0,N15_M07_F10_K006_14.mat
0.9888522313763738,17.275082181639856,1.0567150540975565,12.41912926954237,1.483194144077631,39.0169767913636,1.617505277112055,89.64685104872893,0.8112397136262927,11.480084236068754,89.64685104872893,K006,N15_M07_F10,0,N15_M07_F10_K006_15.mat
1.008641226166135,26.970114855677274,1.0355727044466176,12.368490667148288,1.459491255140377,31.78737218304168,1.6488080625858412,91.88995858936201,0.8051940417203339,10.812953543288014,91.88995858936201,K006,N15_M07_F10,0,N15_M07_F10_K006_16.mat
0.9901664243869771,25.641601453985604,1.0550099935695265,13.576605874390511,1.4847311978953028,41.20408696508072,1.6164168005399546,143.19541733026176,0.8414313180798494,18.44380226142467,143.19541733026176,K006,N15_M07_F10,0,N15_M07_F10_K006_17.mat
1.0041514051914389,18.89033649851458,1.0412496726984528,12.950377052022178,1.503291233949615,48.367180374654964,1.57643857404047,94.86190581308954,0.8259744905012574,11.068781267683075,94.86190581308954,K006,N15_M07_F10,0,N15_M07_F10_K006_18.mat
0.9746429155016518,20.7566668759875,1.0411799792209626,11.96180336881851,1.4624289661272871,45.846908953951406,1.5850450263934237,131.68351709252673,0.8528089228193507,13.918517485488406,131.68351709252673,K006,N15_M07_F10,0,N15_M07_F10_K006_19.mat
0.9592573413751088,15.385993504600041,1.0162056422439814,14.795992955768268,1.4712612189671963,36.94220560574324,1.5667170815100948,167.0402944770596,0.8386708614313709,11.729708938234353,167.0402944770596,K006,N15_M07_F10,0,N15_M07_F10_K006_2.mat
0.9248249006683195,26.198386083980054,1.0403196951894758,11.443977418772208,1.4906619454276995,31.46614218346291,1.6262978082756459,113.95531729529462,0.8191225729158212,10.626279206838147,113.95531729529462,K006,N15_M07_F10,0,N15_M07_F10_K006_20.mat
0.973797795812799,17.03184414130262,1.0180677689870772,13.113237131636584,1.4663827326233574,34.82428870351269,1.5916837375794881,116.55012640342983,0.8350399583851442,13.16609627066062,116.55012640342983,K006,N15_M07_F10,0,N15_M07_F10_K006_3.mat
0.9801350192334753,30.206040361778527,1.035419746734167,15.84264821171253,1.441714912863362,39.85478830819726,1.6266773391402938,126.337786178689,0.8253319002862142,10.446299108366537,126.337786178689,K006,N15_M07_F10,0,N15_M07_F10_K006_4.mat
0.9769797334074162,15.917129025632299,1.0049481663985838,14.331386762524325,1.5166035091897256,36.823606323438845,1.6094690791954918,181.89531112030951,0.8265145783955777,12.982467960404154,181.89531112030951,K006,N15_M07_F10,0,N15_M07_F10_K006_5.mat
0.9358206896537585,23.197468112080653,1.030150048644032,15.431496901514096,1.47977937719463,43.61745418047407,1.6557672231048086,149.94447105865413,0.8145633205374666,13.70575786755102,149.94447105865413,K006,N15_M07_F10,0,N15_M07_F10_K006_6.mat
0.9278085388585958,21.993078152376167,1.0416844721040812,10.310952623587973,1.514726719206385,48.28949594206525,1.623318611915445,124.71938266357454,0.8213508680384018,11.567063171793258,124.71938266357454,K006,N15_M07_F10,0,N15_M07_F10_K006_7.mat
0.9802711154612859,21.542580288142076,1.011544254125915,12.743831448943018,1.5189408908546502,62.662727068987984,1.6773165138087753,156.63239525699595,0.8131186828986751,13.405683465374135,156.63239525699595,K006,N15_M07_F10,0,N15_M07_F10_K006_8.mat
0.952397069007781,21.908855746603763,1.0726406620538942,12.763776834402519,1.4980538631182565,40.20516560944833,1.6002751840007166,128.34269609256313,0.815703575519751,10.008311752634553,128.34269609256313,K006,N15_M07_F10,0,N15_M07_F10_K006_9.mat
2.7808302898206647,25.49215514519437,1.4342144214651116,26.885846822590434,1.7988601516569271,25.87163528882458,3.605426617851795,94.93796020058734,0.20755816934510643,5.086078473216215,94.93796020058734,KA01,N09_M07_F10,1,N09_M07_F10_KA01_1.mat
2.8114777250633005,23.388383374965386,1.46368143446752,26.61837454336578,1.765806541978591,25.209652212069482,3.6068039785694825,118.66473852872736,0.20604915554165798,3.4282319876006406,118.66473852872736,KA01,N09_M07_F10,1,N09_M07_F10_KA01_10.mat
2.870971947289488,24.517438951153913,1.4277894740303523,27.941280013023363,1.7456105528354149,26.95791293557418,3.613821708906163,95.55367971628424,0.20781943018261365,4.04859902947888,95.55367971628424,KA01,N09_M07_F10,1,N09_M07_F10_KA01_11.mat
2.812916636825765,29.323623363731773,1.4187928008565398,29.32986017908389,1.8031834460394545,36.2733399734182,3.6050833849064703,100.2962420120924,0.20730016790561895,4.069560465332127,100.2962420120924,KA01,N09_M07_F10,1,N09_M07_F10_KA01_12.mat
2.9086201566730803,29.709112008868086,1.4482086924513122,27.15289849542999,1.5924049281981945,22.187209460024757,3.6315273936820054,114.51251012122097,0.2123400644834039,3.6659799752995177,114.51251012122097,KA01,N09_M07_F10,1,N09_M07_F10_KA01_13.mat
2.903866677006858,25.55885751015076,1.442873233228761,29.974020084204746,1.5702723446514664,23.486713547372293,3.6467899891627154,94.14726168012653,0.2138917360807862,3.433376774213667,94.14726168012653,KA01,N09_M07_F10,1,N09_M07_F10_KA01_14.mat
2.8712834536730583,24.22956522471041,1.4259541645244371,27.422458110094844,1.7297711254303318,25.988422972152243,3.6107098953399928,90.75113485293672,0.21122373597473768,3.55432139772258,90.75113485293672,KA01,N09_M07_F10,1,N09_M07_F10_KA01_15.mat
2.873808406583514,24.96938917251433,1.4537532234562243,26.7692617641903,1.7533692775030054,23.565436743681627,3.583770257656576,110.79562721411136,0.21165911373079718,3.678527727235129,110.79562721411136,KA01,N09_M07_F10,1,N09_M07_F10_KA01_16.mat
2.865163427339485,27.42747605162709,1.420518614988069,26.22008524042844,1.7376850822351353,24.960866680878826,3.6107243957539708,136.16755059277506,0.21141415854930826,4.331230581286602,136.16755059277506,KA01,N09_M07_F10,1,N09_M07_F10_KA01_17.mat
2.904360072521724,22.59743933758749,1.4599930874968505,27.261293892204865,1.5856362004547806,21.860140010795995,3.6378852407050473,97.02493650589653,0.2124751015672628,3.146649225143296,97.02493650589653,KA01,N09_M07_F10,1,N09_M07_F10_KA01_18.mat
2.8522241560620794,23.76677915973407,1.4330118535293852,25.24493913406551,1.776280167087454,27.56770840855692,3.591688991908839,102.79152353133563,0.20789310909973707,4.897821521042266,102.79152353133563,KA01,N09_M07_F10,1,N09_M07_F10_KA01_19.mat
2.7738168673969024,24.273709614270025,1.4188010990830733,22.446845003957577,1.8876531179174618,33.85524402207083,3.577979713257675,96.72670678887116,0.20654721157988265,4.200449708613551,96.72670678887116,KA01,N09_M07_F10,1,N09_M07_F10_KA01_2.mat
2.828426981228579,21.218002134721363,1.457230265231091,27.297139532478983,1.7475813861150782,26.13057255840721,3.598561669777492,106.91221410950386,0.20680255862670222,4.143735689131202,106.91221410950386,KA01,N09_M07_F10,1,N09_M07_F10_KA01_20.mat
2.869487523803582,22.84102029936778,1.504763273945242,27.779225798971908,1.8582493546191707,30.646474205034135,3.5170168391976997,104.57136500864037,0.21315459896504527,3.3869783744470743,104.57136500864037,KA01,N09_M07_F10,1,N09_M07_F10_KA01_3.mat
3.003346763496376,25.420977296780208,1.5096188196978142,28.542040312355144,1.7143583786326888,30.256977876510337,3.529560469652615,92.7697945299095,0.2173279654927244,4.210036407473524,92.7697945299095,KA01,N09_M07_F10,1,N09_M07_F10_KA01_4.mat
2.8895274990878574,26.564306387346278,1.5017997778639982,26.490144846446828,1.8563139992093813,28.241656112207927,3.5041776469900334,113.03844841005339,0.21378162395817907,3.5299200253245497,113.03844841005339,KA01,N09_M07_F10,1,N09_M07_F10_KA01_5.mat
2.9941708392148385,27.55188177828115,1.520855030000524,24.761500399128767,1.694798244184523,23.113330098266097,3.5096290765195146,96.1830220389349,0.22302539140972366,4.43016430710698,96.1830220389349,KA01,N09_M07_F10,1,N09_M07_F10_KA01_6.mat
2.8232150590488314,23.036236656641822,1.4584196539654881,27.9540509112097,1.86997674015632,41.41579216848689,3.558235488904386,118.56964280601615,0.20794869322815723,3.9763065107884596,118.56964280601615,KA01,N09_M07_F10,1,N09_M07_F10_KA01_7.mat
2.78951936031314,22.871035271025647,1.4541382030639622,24.950158021931685,1.791499473269868,27.13686132931055,3.5962024504207326,105.38777703284063,0.2042670546781975,4.198283694807949,105.38777703284063,KA01,N09_M07_F10,1,N09_M07_F10_KA01_8.mat
2.9089626839955907,25.000596205463182,1.4555610111030701,28.66793835287077,1.5861781410358828,22.45266801395444,3.6352444850429664,99.54913664627409,0.21288071660793098,3.5269050471548917,99.54913664627409,KA01,N09_M07_F10,1,N09_M07_F10_KA01_9.mat
0.7412367602337442,7.291073465545344,1.5551543139878075,55.96105172019589,9.677736672675493,127.9262581527747,1.442225529375382,59.25918909563321,0.06889326820380759,6.188192541444509,127.9262581527747,KA01,N15_M01_F10,1,N15_M01_F10_KA01_1.mat
0.7264151747385447,8.90444003302528,1.5815725636745637,60.88923921600352,9.681427722523937,125.53427138945834,1.439109343151306,58.95790581522488,0.06632413456017353,6.228983146558769,125.53427138945834,KA01,N15_M01_F10,1,N15_M01_F10_KA01_10.mat
0.7244272321232937,7.709624695760696,1.5083426840317544,55.01199116432699,9.668460711439895,131.7924099474457,1.4695490377857001,53.896971461510546,0.0685006123484076,5.598822731538095,131.7924099474457,KA01,N15_M01_F10,1,N15_M01_F10_KA01_11.mat
0.7293677925356602,7.535961605174958,1.5396419484860515,54.187369422149665,9.641407990953448,141.6029923822362,1.4685820686271192,48.64616462675177,0.06741605795145719,6.9933520305767995,141.6029923822362,KA01,N15_M01_F10,1,N15_M01_F10_KA01_12.mat
0.7286941870310315,7.765065397394404,1.5894548551989847,54.00641515891941,9.551540487361773,129.22759904972688,1.4896782872081558,46.05456116341086,0.0659386831385076,5.94174689356552,129.22759904972688,KA01,N15_M01_F10,1,N15_M01_F10_KA01_13.mat
0.7050228097199279,7.456846095425344,1.5676313682088237,62.90968935000725,9.582865602508207,118.63329278060368,1.487828710269946,52.522660149170335,0.06675897542131835,6.24111865288968,118.63329278060368,KA01,N15_M01_F10,1,N15_M01_F10_KA01_14.mat
0.7098842470435087,8.173782916675153,1.5699949165358047,62.1549648758638,9.609128279764564,129.33118341952508,1.4840998748847494,44.94941671404348,0.06322582531986312,5.257970862630111,129.33118341952508,KA01,N15_M01_F10,1,N15_M01_F10_KA01_15.mat
0.7090794386200461,7.93623353311311,1.5682741911246074,50.157085847272555,9.547643582602802,127.18124809408638,1.511459527955736,56.061985297760266,0.06320867246170649,5.245431796190226,127.18124809408638,KA01,N15_M01_F10,1,N15_M01_F10_KA01_16.mat
0.706231699474399,7.8099061625276684,1.5431867464901168,52.25854274722984,9.656308446628142,119.08244038800234,1.4724745611383943,42.802694098834564,0.06417386949926845,5.977037825784888,119.08244038800234,KA01,N15_M01_F10,1,N15_M01_F10_KA01_17.mat
0.7108519222762393,7.965713662744893,1.5321817605955368,57.95098482855385,9.593318859114115,128.49933061819027,1.508617414591594,45.028105856279,0.06267305279230122,6.937303911146653,128.49933061819027,KA01,N15_M01_F10,1,N15_M01_F10_KA01_18.mat
0.706627652858909,8.254338597438277,1.5415375827693956,59.53556960595987,9.656072969202691,126.35997802293697,1.472737550532289,70.57379754853294,0.06452337758771186,5.014759342573381,126.35997802293697,KA01,N15_M01_F10,1,N15_M01_F10_KA01_19.mat
0.7346929374774324,9.0183362677344,1.6971786741945538,65.97569039156943,9.517153280972495,121.58075007791011,1.4501841433984013,51.294452371985734,0.06840193945767578,5.329508529830644,121.58075007791011,KA01,N15_M01_F10,1,N15_M01_F10_KA01_2.mat
0.7076096860554868,7.981473420373895,1.5256396637062501,50.20206094885517,9.669832422891943,125.98072736152417,1.4783613183531188,55.225369019247545,0.06373099926075874,6.747210686253532,125.98072736152417,KA01,N15_M01_F10,1,N15_M01_F10_KA01_20.mat
0.7273075638914237,9.697983557280715,1.5396805446535606,49.5344265719144,9.653046555931013,144.51957555024268,1.4608028571916263,55.11469052758666,0.06850770020633966,7.2277466181309995,144.51957555024268,KA01,N15_M01_F10,1,N15_M01_F10_KA01_3.mat
0.7249206949029662,7.448635136847349,1.6171147826108725,63.107946749423206,9.615158300636713,130.02854192311804,1.4464503796149422,47.27013887359286,0.06793525422542934,6.349081304181773,130.02854192311804,KA01,N15_M01_F10,1,N15_M01_F10_KA01_4.mat
0.7412206128617073,8.243398519765995,1.5999027421416598,65.16289568849882,9.612189051548652,128.6683265449027,1.4514138488126376,73.48886010424164,0.06893605433334281,5.5784856475201865,128.6683265449027,KA01,N15_M01_F10,1,N15_M01_F10_KA01_5.mat
0.7412424855791779,7.176949194344074,1.5460782865534257,59.50286827411443,9.701028477718118,137.27124696857126,1.4426788009486773,59.06623252422681,0.06740576781905601,6.942355179373007,137.27124696857126,KA01,N15_M01_F10,1,N15_M01_F10_KA01_6.mat
0.7319631855104733,7.842883642316123,1.5620051174936354,59.564152019939485,9.694906084963645,134.552181229261,1.4404564521679024,49.68937663936052,0.0671551813413443,6.298316419265012,134.552181229261,KA01,N15_M01_F10,1,N15_M01_F10_KA01_7.mat
0.7241607135177246,7.23397256380674,1.5489203891863967,56.16578962403503,9.677469860574071,128.10081672497503,1.4554865075992862,51.68696983326826,0.0671876153676192,6.25025163471679,128.10081672497503,KA01,N15_M01_F10,1,N15_M01_F10_KA01_8.mat
0.733546690897595,7.759908646882802,1.6160283620203448,57.94560519127165,9.63559388229001,145.4063693065989,1.4411657695022662,50.85210780107729,0.06772777211437464,6.974116475155949,145.4063693065989,KA01,N15_M01_F10,1,N15_M01_F10_KA01_9.mat
1.17052946801122,15.229875750812948,0.9609865293615591,18.470002959016163,5.459384179821997,87.4918362684601,2.8814232091885517,101.1735160265932,0.27099404801499904,23.727646680271082,101.1735160265932,KA01,N15_M07_F04,1,N15_M07_F04_KA01_1.mat
1.200882974427144,13.434293121569722,0.9378800933343051,18.499947668837823,5.356551543785292,88.32847395843098,2.874154461991052,82.97765089222057,0.2975424750361577,39.3039180446817,88.32847395843098,KA01,N15_M07_F04,1,N15_M07_F04_KA01_10.mat
1.2108280106892166,13.033647482383328,0.9290788438226826,17.831276006261767,5.352767256336276,88.21523289493983,2.8886463991794624,93.82619213622553,0.2923139054431387,35.359726860717664,93.82619213622553,KA01,N15_M07_F04,1,N15_M07_F04_KA01_11.mat
1.2072982520911604,12.741243385299645,0.9318181905484919,15.244375682034331,5.3509198953909705,95.08486924692357,2.8778795904907213,92.07727904728266,0.2971637781949544,36.51680055464673,95.08486924692357,KA01,N15_M07_F04,1,N15_M07_F04_KA01_12.mat
1.212847185110559,12.717290093590767,0.9246774571716981,16.927719720075817,5.33575898146775,83.57364402646758,2.885133342186793,94.62053721507945,0.29707453670167777,38.2275722661934,94.62053721507945,KA01,N15_M07_F04,1,N15_M07_F04_KA01_13.mat
1.2103591781580951,13.408043982581905,0.926581073012553,14.252793345714927,5.315869787276171,101.44118432610594,2.8757654473322316,110.7215981644566,0.3062605927597915,45.75800926144003,110.7215981644566,KA01,N15_M07_F04,1,N15_M07_F04_KA01_14.mat
1.2250347442244207,14.164302431969693,0.9246275489280601,15.668394717158401,5.358361649773262,85.39275698584368,2.8619700464895383,99.23150035213851,0.3013327096632868,40.725224062540896,99.23150035213851,KA01,N15_M07_F04,1,N15_M07_F04_KA01_15.mat
1.2119426792521082,12.38841720547142,0.8725826706749621,18.968479582793048,5.478833171711006,94.54100628490717,2.263764520544153,73.43568855355066,0.6773326632049277,88.4980457608578,94.54100628490717,KA01,N15_M07_F04,1,N15_M07_F04_KA01_16.mat
1.2152520104645026,12.733038088881031,0.9249206832006981,14.229959338923996,5.3034780394493355,90.99959036569442,2.909825743268002,95.90335603501796,0.2909175124649305,36.34217015979909,95.90335603501796,KA01,N15_M07_F04,1,N15_M07_F04_KA01_17.mat
1.2167352286187798,13.179888164294335,0.9225572747102362,17.052649598404216,5.333941698835447,94.3389801276851,2.879122515603816,76.78004700882008,0.30097105823391823,40.434127705050614,94.3389801276851,KA01,N15_M07_F04,1,N15_M07_F04_KA01_18.mat
1.2137949894302367,12.94742715104407,0.9308233369139454,16.65107283743282,5.346570710950078,86.79865729647277,2.8863201901781212,88.88657190536422,0.2935504362967138,35.079066567019844,88.88657190536422,KA01,N15_M07_F04,1,N15_M07_F04_KA01_19.mat
1.178521766617791,12.778252289472386,1.0007516651757418,18.00064921165886,5.38502929394227,82.41575416582941,2.885133028392793,93.4458399154158,0.27550772079669505,35.28648762484582,93.4458399154158,KA01,N15_M07_F04,1,N15_M07_F04_KA01_2.mat
1.2115907045455179,12.879006818556077,0.9066366065234611,17.514437979328463,5.405166864584545,105.78347586041387,2.8845474878600212,83.80124350368628,0.2887183357401108,41.968366852393935,105.78347586041387,KA01,N15_M07_F04,1,N15_M07_F04_KA01_20.mat
1.1731670315810598,12.930541044750871,1.006402220022575,17.108371529966625,5.377321272919854,94.55018322975543,2.866051207487223,94.08514046705675,0.28709390171879084,33.93296102104991,94.55018322975543,KA01,N15_M07_F04,1,N15_M07_F04_KA01_3.mat
1.1907914862408115,14.375309622540104,0.9653907867072973,16.134311702225947,5.362469494181687,84.32130555515069,2.8757852879710994,93.33015132921487,0.29080554103941825,37.73972719952077,93.33015132921487,KA01,N15_M07_F04,1,N15_M07_F04_KA01_4.mat
1.2087510961944214,14.307464360313901,0.9832643745888936,17.280603775758976,5.405682814774402,90.48208953110809,2.8431459010708533,87.51518259123362,0.29247707337769263,28.02425053063233,90.48208953110809,KA01,N15_M07_F04,1,N15_M07_F04_KA01_5.mat
1.2087192447475374,13.553655482563578,0.9703235478753179,18.515387925326852,5.239412805236354,82.09035800194025,2.8899032311727364,89.30887892589179,0.3047649083132077,29.42844474572828,89.30887892589179,KA01,N15_M07_F04,1,N15_M07_F04_KA01_6.mat
1.1983505442308389,13.56923498496916,0.9199259605343055,13.865245300919998,5.380501776922462,97.67558724682796,2.862175710581114,90.56728255449909,0.30235251341414565,33.850080047342736,97.67558724682796,KA01,N15_M07_F04,1,N15_M07_F04_KA01_7.mat
1.1976195110822851,13.150959734437206,0.9494908679918067,16.56603806749617,5.378820951907219,89.24195696424381,2.854613745653236,95.43984121949815,0.2988126734286015,32.91131888706375,95.43984121949815,KA01,N15_M07_F04,1,N15_M07_F04_KA01_8.mat
1.2085888188145855,12.58177698705289,0.9571621557388749,15.244201027095887,5.330121114705456,105.17155976344728,2.8582579960176027,88.28336477947524,0.30605072039478864,32.36901821826594,105.17155976344728,KA01,N15_M07_F04,1,N15_M07_F04_KA01_9.mat
0.7205006302773875,7.755674841745121,1.3834669674794384,43.07372795940456,9.693813266668846,117.90066464434109,1.483285352856911,51.340699016702104,0.07334464266069203,6.0946236067044115,117.90066464434109,KA01,N15_M07_F10,1,N15_M07_F10_KA01_1.mat
0.7308388121079242,7.9208474452181585,1.418400763764873,45.58489953460488,9.741214950920844,127.90252560244767,1.4554664468520835,66.79761605218701,0.07227348136394114,5.740330665436606,127.90252560244767,KA01,N15_M07_F10,1,N15_M07_F10_KA01_10.mat
0.7204856047973572,8.601245516668063,1.401955056331617,44.336543729421734,9.8666753767059,129.1271924184806,1.4251558202367438,47.91562254591671,0.06833184065374809,5.569315591926033,129.1271924184806,KA01,N15_M07_F10,1,N15_M07_F10_KA01_11.mat
0.714565655565521,7.931607072384813,1.4682759824656828,49.33041207315232,9.703439844146857,126.58380442348542,1.4520737878397803,47.08862896476855,0.07195387853147957,6.133851631963824,126.58380442348542,KA01,N15_M07_F10,1,N15_M07_F10_KA01_12.mat
0.7250364368955728,8.376332195544947,1.4290463309875547,49.02508884185938,9.747377245683776,132.76672892862453,1.454886961478221,47.154543625482766,0.07029145360303617,5.460033523247482,132.76672892862453,KA01,N15_M07_F10,1,N15_M07_F10_KA01_13.mat
0.7223514141672919,7.872650307383829,1.4018351223564005,52.012183562379136,9.812308690516268,132.0222327465823,1.443374028411955,45.53500791249915,0.06933984162824353,5.914566459734505,132.0222327465823,KA01,N15_M07_F10,1,N15_M07_F10_KA01_14.mat
0.6950592465775591,8.728289441645085,1.367676670268951,51.240377827211034,10.12138219176266,124.9072704505956,1.306055203747338,48.52335523497278,0.17646704431587884,23.26984360637153,124.9072704505956,KA01,N15_M07_F10,1,N15_M07_F10_KA01_15.mat
0.7273673485223692,8.578476068832115,1.3914413733973978,51.54846727429743,9.78873641238955,132.83761346082284,1.4557215693142644,51.592715408278,0.07024977337874866,5.413631910295628,132.83761346082284,KA01,N15_M07_F10,1,N15_M07_F10_KA01_16.mat
0.714024441056839,8.0603292280418,1.426700010568497,51.12740952272581,9.799063686312941,125.28390611699615,1.4479818585046635,47.09365813693957,0.06798751649702811,6.997810170346321,125.28390611699615,KA01,N15_M07_F10,1,N15_M07_F10_KA01_17.mat
0.7261307981786415,7.961203592403386,1.4368611231060016,52.29371332484038,9.734295545069678,131.39679048340625,1.4711712619573853,50.6744858017119,0.06621215191445651,6.103973661931828,131.39679048340625,KA01,N15_M07_F10,1,N15_M07_F10_KA01_18.mat
0.7174679681954074,8.648866273127181,1.4247528365413817,47.7590032197575,9.819820347006939,132.062894129464,1.4444390430449463,42.85870324134202,0.0676425982938126,5.68851311722736,132.062894129464,KA01,N15_M07_F10,1,N15_M07_F10_KA01_19.mat
0.7284375042903848,8.445194670705062,1.4461204091635314,45.676177632124165,9.740885035298103,138.04171285260736,1.4473427968193922,51.24854433600702,0.07042413168112922,6.169151444815423,138.04171285260736,KA01,N15_M07_F10,1,N15_M07_F10_KA01_2.mat
0.7093691816856057,8.691528804640123,1.4492336852001133,55.48227519120784,9.793369484376107,127.173251892504,1.4521452412355815,50.70582085511985,0.06616668030326087,7.219597200554686,127.173251892504,KA01,N15_M07_F10,1,N15_M07_F10_KA01_20.mat
0.7138553273303928,7.217680517261407,1.3986221260389065,48.60955423483846,9.798025428668247,120.90874493709356,1.4488832979559019,50.53923659130635,0.07085222402759377,8.105606614628332,120.90874493709356,KA01,N15_M07_F10,1,N15_M07_F10_KA01_3.mat
0.7220304005507837,7.876556849889786,1.4257823585623637,44.481704415058154,9.7106984168579,140.0137521129126,1.4744457203330406,48.04926084417017,0.06956852734405736,6.426329444823954,140.0137521129126,KA01,N15_M07_F10,1,N15_M07_F10_KA01_4.mat
0.7227050009858605,7.413578801418609,1.4151733321559263,45.751391131390974,9.786935273617908,129.3838601711755,1.4529824408706036,41.10314919959256,0.06842992346985276,5.39129546600219,129.3838601711755,KA01,N15_M07_F10,1,N15_M07_F10_KA01_5.mat
0.7236555306685626,9.127929416211233,1.426715265359262,46.760346365220215,9.729197715567082,125.21550685617957,1.4619228439008436,47.20543421118965,0.07046923959730929,6.726698074337956,125.21550685617957,KA01,N15_M07_F10,1,N15_M07_F10_KA01_6.mat
0.7121794840415026,7.146279994350149,1.4054135734979212,49.30745297372897,9.723360727201037,127.34358996911332,1.4762402831535533,49.15180193969539,0.07052240060000355,6.5201427574254875,127.34358996911332,KA01,N15_M07_F10,1,N15_M07_F10_KA01_7.mat
0.7229432510913472,7.740903002977135,1.4266130645515638,41.20896562961518,9.74676961217691,171.71566507624954,1.456048645915662,59.57034359967868,0.07099959801260941,6.5783958217249054,171.71566507624954,KA01,N15_M07_F10,1,N15_M07_F10_KA01_8.mat
0.725911569302376,7.944740732466741,1.4505686812747847,44.50958090148649,9.744266216967196,125.49763638487191,1.44356994875276,48.23849199361367,0.07117871014739355,5.829857594371757,125.49763638487191,KA01,N15_M07_F10,1,N15_M07_F10_KA01_9.mat
4.058128194853286,224.05849746205106,0.5749542291100357,9.402047632442482,5.18845073130976,242.04257162368958,2.476986382913962,175.42835679034013,0.17419198480602616,3.2383440249389883,242.04257162368958,KA03,N09_M07_F10,1,N09_M07_F10_KA03_1.mat
4.383627363286474,238.30810394612712,0.6824211975602985,12.728765581739736,4.45694434621662,131.41310710361208,2.561034232043164,158.98558690274302,0.20255496654040128,4.0789560217851255,238.30810394612712,KA03,N09_M07_F10,1,N09_M07_F10_KA03_10.mat
4.6261245525222225,257.5647444012195,0.6919881821473737,11.797505903583037,4.562394560793544,152.0891440681273,2.5010452087465675,182.18277156536084,0.19595414674022466,3.952348195111398,257.5647444012195,KA03,N09_M07_F10,1,N09_M07_F10_KA03_11.mat
4.452578592474964,244.09392212299608,0.6730645947495203,14.249749025541847,4.431604601878475,145.72591391504935,2.5883291343061794,181.13810469959677,0.1938244380276435,3.5276928851676423,244.09392212299608,KA03,N09_M07_F10,1,N09_M07_F10_KA03_12.mat
4.687059207043808,265.91205384950365,0.6810611840593347,12.663053060101838,4.491232257301927,158.36996688883173,2.492734383127349,164.35712116190965,0.19990541710604492,3.4082666346539536,265.91205384950365,KA03,N09_M07_F10,1,N09_M07_F10_KA03_13.mat
4.378288018918826,245.9042287005445,0.6786300242710566,15.826939683474182,4.5054029035264955,135.91630637332167,2.5563469783008776,145.89790097967966,0.19810221848435589,3.3366255166342436,245.9042287005445,KA03,N09_M07_F10,1,N09_M07_F10_KA03_14.mat
4.528252974040981,246.73764738052407,0.7070324066680757,12.710104878446979,4.525859403185981,143.70601544750667,2.498677800478485,237.28734598712353,0.20187022510022828,2.9216913584205857,246.73764738052407,KA03,N09_M07_F10,1,N09_M07_F10_KA03_15.mat
4.8965746553678375,274.21936529955696,0.7099686835317068,10.765125608318966,4.362006254778514,143.1735303776551,2.4739062774412885,149.75803432177568,0.20302288246938902,3.973293972397678,274.21936529955696,KA03,N09_M07_F10,1,N09_M07_F10_KA03_16.mat
4.712191496046608,270.413597982006,0.7261414808014506,17.162399023725122,4.355907603908598,159.2614944239851,2.486676802652066,143.99956693081407,0.21062772769709848,4.155309605990345,270.413597982006,KA03,N09_M07_F10,1,N09_M07_F10_KA03_17.mat
4.887505207806218,280.72897904994886,0.7169146514281407,12.708009733051709,4.454971205718091,115.63970697717706,2.4289742233179514,164.00566962531545,0.20480870978241736,3.8018446269660093,280.72897904994886,KA03,N09_M07_F10,1,N09_M07_F10_KA03_18.mat
4.692364924990639,260.7319232864177,0.722835282232034,12.41029793630494,4.440276725945027,133.8605592231866,2.4585989836575317,219.93448718829134,0.2092849134356076,3.5068196101287525,260.7319232864177,KA03,N09_M07_F10,1,N09_M07_F10_KA03_19.mat
4.0986572233227285,228.9414934059266,0.5907478436250015,10.162806252196546,5.128079866991153,156.5010208574063,2.478168405808077,174.27463062919264,0.18231289972646558,2.898588868121437,228.9414934059266,KA03,N09_M07_F10,1,N09_M07_F10_KA03_2.mat
4.614165518473171,255.65995014672836,0.7098634783612152,10.33237898537503,4.460612184660345,108.21384897561542,2.4844696605333216,174.92152895923803,0.20197300925349254,4.323037984290205,255.65995014672836,KA03,N09_M07_F10,1,N09_M07_F10_KA03_20.mat
4.172120988412847,240.71172760779294,0.591850103334464,11.289728764690805,5.034457989853642,186.37800972277944,2.4794334280659505,233.30840967082995,0.18436237210736953,3.546381701960849,240.71172760779294,KA03,N09_M07_F10,1,N09_M07_F10_KA03_3.mat
4.2439024683817,241.22718055364606,0.6037158921033512,11.059579136084498,4.872930759532372,163.18647869416307,2.5364041150566754,148.1627999122139,0.1793566331339035,4.276930838065995,241.22718055364606,KA03,N09_M07_F10,1,N09_M07_F10_KA03_4.mat
4.228378149661404,235.01921793696835,0.6158185874576265,10.426266412070115,4.785360665320198,152.93689437421042,2.5463742921057237,235.83463808718005,0.18752114925392144,2.663956808221344,235.83463808718005,KA03,N09_M07_F10,1,N09_M07_F10_KA03_5.mat
4.1947475965223715,230.3264404246176,0.6197536928875281,9.066190597113014,4.783466840798647,134.60811565798107,2.5625960105715837,187.90029982127092,0.1843244632615404,4.1872630892391145,230.3264404246176,KA03,N09_M07_F10,1,N09_M07_F10_KA03_6.mat
4.140827697261928,234.22031394735484,0.638692668892092,10.904468802746537,4.691370955011557,164.47790402621774,2.560581160754821,152.00865120024164,0.1946234012073976,3.113245597766553,234.22031394735484,KA03,N09_M07_F10,1,N09_M07_F10_KA03_7.mat
4.392686800532302,243.4518674874512,0.6623466300327405,11.21342253104198,4.549194680533693,194.457297466849,2.5696057712943023,216.96482448679535,0.19159567470328287,3.974724359740876,243.4518674874512,KA03,N09_M07_F10,1,N09_M07_F10_KA03_8.mat
4.407524345045094,244.1782530019087,0.668040310775614,10.40057408551516,4.603756723994049,163.3564812904804,2.5395475888314682,152.8006653183431,0.19185544876526614,4.557612027291572,244.1782530019087,KA03,N09_M07_F10,1,N09_M07_F10_KA03_9.mat
1.038370021106993,54.152960649579235,0.8469714791252471,27.25987890994894,4.020819062052615,118.83947685571695,3.8787635712266932,418.7002105261333,0.09765245930820017,10.788710379338132,418.7002105261333,KA03,N15_M01_F10,1,N15_M01_F10_KA03_1.mat
0.9955371556657351,49.58500716926488,0.9421386884332609,40.546854303210246,3.886083746263839,133.2273634641086,3.889228545268747,241.5862353156467,0.10579907648689138,8.483950388933941,241.5862353156467,KA03,N15_M01_F10,1,N15_M01_F10_KA03_10.mat
0.9823083361891405,51.952246016328154,0.9362028906747444,36.384897953304,3.9122090737328237,162.49959145993537,3.8952033385909486,209.364985702674,0.10358855517646674,11.233917562636666,209.364985702674,KA03,N15_M01_F10,1,N15_M01_F10_KA03_11.mat
0.9787554377079583,50.8251458774984,0.9354028371074157,38.36179524151918,3.9582792292520153,158.11280702642813,3.87615594290344,352.77716516552294,0.10163375612808576,11.027493584158844,352.77716516552294,KA03,N15_M01_F10,1,N15_M01_F10_KA03_12.mat
0.9864756914291356,50.552884743116834,0.9238931699932136,40.07877763288792,4.013652076813906,156.2027135449199,3.8504937639089216,184.9581382038871,0.10432700263339786,9.300191977792572,184.9581382038871,KA03,N15_M01_F10,1,N15_M01_F10_KA03_13.mat
0.9711921002178668,50.79721355150423,0.9231050603658144,36.39616689036255,3.9842668307920173,164.39076796861056,3.872738843077639,290.3716020407718,0.10236759595093746,9.597347275136286,290.3716020407718,KA03,N15_M01_F10,1,N15_M01_F10_KA03_14.mat
1.0166736008617645,51.83914550112404,0.9076350654540886,39.135065586999815,4.086833455044008,188.3284779879983,3.824543491904238,237.75896440983692,0.10400257524305656,13.267590277001624,237.75896440983692,KA03,N15_M01_F10,1,N15_M01_F10_KA03_15.mat
1.0700149036749675,55.18830095171169,0.9198774161203668,37.590154797774225,3.8421350343986846,112.05930922908861,3.9018667064697232,209.3757850720692,0.10537993916860026,11.025631644748689,209.3757850720692,KA03,N15_M01_F10,1,N15_M01_F10_KA03_16.mat
1.0329636645137361,54.13493863453542,0.9303016697033778,36.64903735767633,3.9100067434163988,170.8432641646708,3.8809379169054656,214.14248805762026,0.10441244721420787,10.394904617271706,214.14248805762026,KA03,N15_M01_F10,1,N15_M01_F10_KA03_17.mat
1.0869613360750905,55.1534723824707,0.925845803411434,33.92336371409709,3.9807286932423183,116.93769207010759,3.8403658912060417,236.7261162135129,0.10561749773994704,13.685699266846195,236.7261162135129,KA03,N15_M01_F10,1,N15_M01_F10_KA03_18.mat
1.0393716973521245,55.19489054077224,0.9333130905866224,38.56226082377691,3.9890567818498894,146.8614504336037,3.8417369981133023,302.59164809990995,0.1068073982254139,12.991287298475525,302.59164809990995,KA03,N15_M01_F10,1,N15_M01_F10_KA03_19.mat
1.0556697417973087,54.64665992469503,0.9061318663412985,36.357979435637525,4.031429439920051,161.20377619495903,3.8400495945838538,248.31821552062908,0.10242478448997616,10.600958823428744,248.31821552062908,KA03,N15_M01_F10,1,N15_M01_F10_KA03_2.mat
1.0375042800016514,53.20182825562921,0.9074500451269323,34.99950782906735,3.938502285101367,231.75748605337037,3.8770941531863095,329.769204945235,0.1060315119211963,14.481559576889635,329.769204945235,KA03,N15_M01_F10,1,N15_M01_F10_KA03_20.mat
0.9929554649948013,51.84707811677658,0.9144395490218363,36.7217199977601,3.9824555458629995,203.47014484596625,3.869660698699839,224.90850596868614,0.10402743816127363,9.638930504331967,224.90850596868614,KA03,N15_M01_F10,1,N15_M01_F10_KA03_3.mat
0.969270311798136,52.92310151747309,0.9216921157803335,34.916686497505616,4.004888671643607,165.5282480798513,3.8637431739684494,216.97390761101622,0.10239014196678958,14.97761829176629,216.97390761101622,KA03,N15_M01_F10,1,N15_M01_F10_KA03_4.mat
0.9778231243966516,51.61690197481622,0.9488540972423923,37.10473002411738,3.982805401553616,189.97986954983014,3.848868417159458,223.7383904058836,0.10939869755153675,13.769173954573212,223.7383904058836,KA03,N15_M01_F10,1,N15_M01_F10_KA03_5.mat
0.9831945394126441,50.32423214663301,0.9505279290361682,38.18172522373977,3.963891455073825,120.89028943049543,3.8597007256409155,212.37498844719906,0.10657231469410701,9.940740168037092,212.37498844719906,KA03,N15_M01_F10,1,N15_M01_F10_KA03_6.mat
1.0662131045712508,54.22055853704513,0.9660558184222664,40.40284189310427,3.9360594149667687,122.98381324237018,3.83207864803458,190.92615694269523,0.11098473439226754,15.384956203417758,190.92615694269523,KA03,N15_M01_F10,1,N15_M01_F10_KA03_7.mat
1.0003057078511555,49.94452240003075,0.941253980476302,36.734639792765144,3.9887753508983343,157.32134208519147,3.8486482573979015,212.82974165720296,0.10634323398398055,10.260894089518793,212.82974165720296,KA03,N15_M01_F10,1,N15_M01_F10_KA03_8.mat
1.0259725507906918,53.1059247164274,0.9321826438930928,44.150497158816755,3.870036885163592,148.15622557705322,3.8990263963259584,231.88273460356083,0.10351873480361226,9.824936452461136,231.88273460356083,KA03,N15_M01_F10,1,N15_M01_F10_KA03_9.mat
0.6993646176670402,38.205622194232475,0.5440461811723474,20.84704968400193,3.3455809088863053,153.6676061644661,4.307091497350105,259.17851133631905,0.1275471437921867,28.698350146604078,259.17851133631905,KA03,N15_M07_F04,1,N15_M07_F04_KA03_1.mat
0.731892269576944,40.4825592311916,0.5799339516232781,19.74560301940481,3.6811720261147927,173.91885249037142,4.153401810608029,297.214519601833,0.1253656160927521,25.675539395245984,297.214519601833,KA03,N15_M07_F04,1,N15_M07_F04_KA03_10.mat
0.7295612799869189,40.02029257120424,0.5613820989053554,18.883136630206923,3.601946065879957,125.21580746955154,4.2009224567425445,304.0871206241854,0.12143872969538175,28.055069688028166,304.0871206241854,KA03,N15_M07_F04,1,N15_M07_F04_KA03_11.mat
0.7395930075682741,39.46775175510064,0.5915691720653995,27.492695553057725,3.6874288533483366,157.7426219324042,4.147809764370918,222.2958870280329,0.12354150291114112,30.150037147055883,222.2958870280329,KA03,N15_M07_F04,1,N15_M07_F04_KA03_12.mat
0.7250407265861799,40.00746685854484,0.6021699480946707,18.810695878717407,3.550186467990395,169.88074706675084,4.202347388870652,255.7228705886408,0.12367742031937888,30.11039998203032,255.7228705886408,KA03,N15_M07_F04,1,N15_M07_F04_KA03_13.mat
0.7412117835523911,39.38159560812103,0.5824737107399957,24.52970621823729,3.573804898947045,166.91359631488115,4.202830356494627,191.05272707563034,0.11944898718278744,47.291478373729035,191.05272707563034,KA03,N15_M07_F04,1,N15_M07_F04_KA03_14.mat
0.7448354243766311,40.85900494001225,0.6052925365195946,25.03816728848379,3.7116202869452897,158.9376096930357,4.1319430617077275,205.27270588137694,0.12294756310284718,27.690637847638136,205.27270588137694,KA03,N15_M07_F04,1,N15_M07_F04_KA03_15.mat
0.726056690094114,37.530904198768965,0.6059292890915184,24.30503053183747,3.668962658435699,173.51728514520465,4.142136594869597,233.74675093672946,0.12778528428981398,47.05639289113556,233.74675093672946,KA03,N15_M07_F04,1,N15_M07_F04_KA03_16.mat
0.7309888028727992,38.66087678817923,0.5827749276754607,23.780824769917903,3.5283371506778987,134.24470934470887,4.224201072615342,253.5400010365351,0.12134546634345786,35.66984307292714,253.5400010365351,KA03,N15_M07_F04,1,N15_M07_F04_KA03_17.mat
0.7395519357646201,40.358525392242875,0.5883749134339118,20.86461369229652,3.608864110177153,200.26646670688078,4.193005529760545,227.88119674791832,0.11830878423254731,27.785923105294508,227.88119674791832,KA03,N15_M07_F04,1,N15_M07_F04_KA03_18.mat
0.7612198918253594,41.90108593960894,0.5162603480236216,15.91280058420707,3.771483745294841,156.26581067919852,3.41719952478647,212.6212002431352,0.5708001576204125,170.46342939202688,212.6212002431352,KA03,N15_M07_F04,1,N15_M07_F04_KA03_19.mat
0.7175509075476197,38.03418273838525,0.4882767516570764,15.552795817690795,3.51407085813436,140.03571664445315,3.365355712503437,283.8113419968106,0.6639612736213253,240.1592298048945,283.8113419968106,KA03,N15_M07_F04,1,N15_M07_F04_KA03_2.mat
0.7568804548122612,42.04680993627021,0.6035775846219933,22.280013370961306,3.7315174702200644,143.18021499378477,4.118765498624109,178.71857881847072,0.12486993739285204,40.17324310646401,178.71857881847072,KA03,N15_M07_F04,1,N15_M07_F04_KA03_20.mat
0.6883327642515884,36.333095346057966,0.5599001884397081,17.22772408306662,3.3042788034617834,160.12505084375806,4.321806239823416,223.74068058528528,0.12782740456283953,47.54631536929652,223.74068058528528,KA03,N15_M07_F04,1,N15_M07_F04_KA03_3.mat
0.6761367741782178,35.92315726270885,0.5787279555047818,27.883403449565048,3.303127590661386,108.22609828899802,4.31442865227576,230.33410499047596,0.12690314870111366,27.53690704777342,230.33410499047596,KA03,N15_M07_F04,1,N15_M07_F04_KA03_4.mat
0.7131098024691346,37.862046765010014,0.5642196198862435,16.36789228579862,3.5266148518810563,208.26526039887307,4.224978638436539,253.01726691832377,0.1265599897040127,35.188987013845725,253.01726691832377,KA03,N15_M07_F04,1,N15_M07_F04_KA03_5.mat
0.6945482174933286,37.26382649959924,0.5460403424991227,19.723370418447914,3.434831622894102,156.45403440694065,4.269421438412384,216.79575307720415,0.12875425396999426,34.84416365096466,216.79575307720415,KA03,N15_M07_F04,1,N15_M07_F04_KA03_6.mat
0.6812548912150287,36.06186392406626,0.5690557936440895,19.719804616190817,3.468462780999996,182.0673759422514,4.259675854277893,231.3887159123198,0.12404548281678585,27.805603821641363,231.3887159123198,KA03,N15_M07_F04,1,N15_M07_F04_KA03_7.mat
0.6898470203515978,37.03546551654508,0.564152145573048,18.937546779441544,3.439035693313225,131.69428700533484,4.274168609669563,251.63570348965314,0.121740935460711,29.378459765869152,251.63570348965314,KA03,N15_M07_F04,1,N15_M07_F04_KA03_8.mat
0.7328227902716193,39.21822216170165,0.5679652340288189,20.70919196953374,3.560105400507514,153.12913111819685,4.199458445613841,282.867166169007,0.12946374095275512,37.04760731620107,282.867166169007,KA03,N15_M07_F04,1,N15_M07_F04_KA03_9.mat
0.8712263102731499,46.93851132089431,0.8593450667658572,37.588164427279395,3.9890992952806474,202.11762128328917,3.9746118400383246,320.477297403409,0.07681246990809568,6.803077218758991,320.477297403409,KA03,N15_M07_F10,1,N15_M07_F10_KA03_1.mat
0.9051937357086514,46.71659965619316,0.8518132507568335,35.68202207554489,3.7177091846569175,139.76653023307765,4.070670956323483,274.1444365809141,0.0813559354136997,8.060552188609355,274.1444365809141,KA03,N15_M07_F10,1,N15_M07_F10_KA03_10.mat
0.8423408473294871,42.87854820142755,0.870606421432009,35.1152865388366,3.780589206549258,122.24561517372562,4.054257916992795,330.20789769046337,0.08036915729115619,7.264380396221157,330.20789769046337,KA03,N15_M07_F10,1,N15_M07_F10_KA03_11.mat
0.879943250789522,43.99317447724512,0.8567516956343045,36.795339406874724,3.821136445128867,135.28189183263095,4.027165530974114,326.2699621436175,0.0837898191237732,6.282350667111936,326.2699621436175,KA03,N15_M07_F10,1,N15_M07_F10_KA03_12.mat
0.8667125188854164,46.0941176350905,0.8580502911832664,34.407636736650694,3.866326257706215,118.23845454858055,4.01708905094985,367.4841350159531,0.08219511123437107,6.571426990006601,367.4841350159531,KA03,N15_M07_F10,1,N15_M07_F10_KA03_13.mat
0.8745033267279114,48.44462211680742,0.8579521338446453,32.11438406795993,3.952789631301544,125.74687345672541,3.9714500072000507,251.16134972854854,0.08511046889515783,9.325304871579906,251.16134972854854,KA03,N15_M07_F10,1,N15_M07_F10_KA03_14.mat
0.8290253762772927,43.22471826480852,0.8432405813720923,35.09180914815898,3.8350996213380615,104.7047035152595,4.03448590864653,231.78901015937598,0.0856868245422476,6.929757497311298,231.78901015937598,KA03,N15_M07_F10,1,N15_M07_F10_KA03_15.mat
0.8706129213551097,46.749455883836376,0.866746166217158,35.98963209073851,3.8983391865261336,146.309422483241,3.9981452330733847,252.06784157573236,0.08250992757154411,7.812851147578951,252.06784157573236,KA03,N15_M07_F10,1,N15_M07_F10_KA03_16.mat
0.9080509034537176,47.41074827639657,0.8784657535045612,40.27220840223796,3.7679898772223437,183.97002180983958,4.030302618224096,199.661281047964,0.08572006049114611,10.737479644799826,199.661281047964,KA03,N15_M07_F10,1,N15_M07_F10_KA03_17.mat
0.8919277131689042,48.704013830518186,0.8855719561150557,38.5607003551054,3.790963915072729,137.98634720485444,4.025227227608437,273.087616162777,0.08410047263996,7.752220609614755,273.087616162777,KA03,N15_M07_F10,1,N15_M07_F10_KA03_18.mat
0.8843679263998876,45.018870592058185,0.8606265689356585,35.97419309142254,3.9372550204023082,190.60724778063016,3.971949066752756,206.91363339286818,0.0852108547965959,8.017587617018942,206.91363339286818,KA03,N15_M07_F10,1,N15_M07_F10_KA03_19.mat
0.8851699426835969,44.51342655276374,0.8741085934911734,34.133141723047146,4.171532116007928,176.08310097820845,3.907254101855053,376.06730308472,0.1605622850659091,38.70470330155171,376.06730308472,KA03,N15_M07_F10,1,N15_M07_F10_KA03_2.mat
0.9260138696548879,47.74498883176582,0.8827886513485862,40.263153790184035,3.819172420907798,136.99527777975646,4.007730144187848,190.4332653780518,0.08452484206048035,11.113983664445755,190.4332653780518,KA03,N15_M07_F10,1,N15_M07_F10_KA03_20.mat
0.8757081206441737,43.6474409759158,0.8608879770591665,34.26255588672119,4.158497084905983,133.62437654257582,3.9201782955503246,287.3530527178107,0.16089372003320568,44.784909406360434,287.3530527178107,KA03,N15_M07_F10,1,N15_M07_F10_KA03_3.mat
0.8654787866924409,46.5258467053588,0.8612617797781292,34.285566998194064,3.871246246755608,130.02405390321007,4.021247180782409,281.7867241792545,0.07746437082878486,9.03546556229747,281.7867241792545,KA03,N15_M07_F10,1,N15_M07_F10_KA03_4.mat
0.8777626332354147,45.006541000134085,0.8668077828976408,40.34803985199094,4.096908069224819,157.59778487730344,3.950239273769502,319.7308913279106,0.15553188271874865,32.335125808390565,319.7308913279106,KA03,N15_M07_F10,1,N15_M07_F10_KA03_5.mat
0.8728630126064064,46.804640672422686,0.8561769652999164,38.03266548627998,3.828717516169279,206.25213887854918,4.0450234339711395,332.1891554722921,0.07665730067125685,6.26336128381134,332.1891554722921,KA03,N15_M07_F10,1,N15_M07_F10_KA03_6.mat
0.8765164652819448,44.580272199622385,0.8695073356813869,39.41303056781884,3.887049970421153,128.7287302366294,4.004638322115079,339.8557075163772,0.08027212084867517,6.309899639465007,339.8557075163772,KA03,N15_M07_F10,1,N15_M07_F10_KA03_7.mat
0.8744896802207631,43.72878248701777,0.8760613754899711,37.03161414918148,3.824095536748292,183.16606018966118,4.028673692367554,273.6324171822989,0.08065408247488294,7.864086564856374,273.6324171822989,KA03,N15_M07_F10,1,N15_M07_F10_KA03_8.mat
0.8918399952051953,44.77108658104928,0.8945401075510648,35.33993113961378,3.83750889084765,111.30291150462453,4.015821731831143,253.59457563592252,0.16783938884671704,50.55730435270232,253.59457563592252,KA03,N15_M07_F10,1,N15_M07_F10_KA03_9.mat
15.74357484186003,115.17596922183448,1.0356980580740596,21.86245784231791,1.5196317604839935,50.88883205983603,1.7440380398039343,71.65529443882536,0.10931820803420653,7.649448186637904,115.17596922183448,KA04,N09_M07_F10,1,N09_M07_F10_KA04_1.mat
15.05553525725131,131.73328637562528,1.1903663166862588,31.853854749223235,1.4756767814933265,46.645422079681076,1.8715419410452232,64.17374083680765,0.10676824264880039,9.046396960194325,131.73328637562528,KA04,N09_M07_F10,1,N09_M07_F10_KA04_10.mat
14.992637567614256,128.7721856268521,1.1878500453731689,28.538550918032566,1.474101133684955,53.91375867365807,1.8971192193185409,72.48618510334437,0.10410528004690084,13.976279906784194,128.7721856268521,KA04,N09_M07_F10,1,N09_M07_F10_KA04_11.mat
14.867017498705,132.36072324675945,1.2138583058764603,27.545254977454636,1.4374826622401549,47.59498786348076,1.918699817061093,67.73161163894501,0.10479862892621936,9.169021016690891,132.36072324675945,KA04,N09_M07_F10,1,N09_M07_F10_KA04_12.mat
13.342567313021744,310.3557735938923,1.1304643660608218,53.653460320898375,1.6504617998579447,137.58377817774698,2.203508804182866,205.00251446789264,0.10565801958254914,33.54300292289296,310.3557735938923,KA04,N09_M07_F10,1,N09_M07_F10_KA04_13.mat
15.49439378324551,131.9942966253878,1.0686825343738675,26.166671221621534,1.360017638501353,41.42598654961618,1.8894418878575814,67.24668983887805,0.10595361512311256,10.420001058826667,131.9942966253878,KA04,N09_M07_F10,1,N09_M07_F10_KA04_14.mat
15.428639042339668,123.39863147465424,1.0687680028727278,24.584696980044676,1.4344233552130823,45.529028484802616,1.8620516480778804,59.620139894803266,0.10650093808221071,10.329624180290494,123.39863147465424,KA04,N09_M07_F10,1,N09_M07_F10_KA04_15.mat
15.279500666645239,115.46718969254454,0.9075920035792685,17.565928184096773,1.3739581340249611,41.77317099358897,1.9705435084168608,73.81228758673652,0.10927121570334117,9.28369279919463,115.46718969254454,KA04,N09_M07_F10,1,N09_M07_F10_KA04_16.mat
15.480881424130875,109.89960221929316,0.880966437813473,17.230093687773028,1.3294552410973557,50.23937680963042,1.9410279649670796,60.98260042405351,0.11709485013760004,12.377209485811402,109.89960221929316,KA04,N09_M07_F10,1,N09_M07_F10_KA04_17.mat
15.480881424130875,109.89960221929316,0.880966437813473,17.230093687773028,1.3294552410973557,50.23937680963042,1.9410279649670796,60.98260042405351,0.11709485013760004,12.377209485811402,109.89960221929316,KA04,N09_M07_F10,1,N09_M07_F10_KA04_18.mat
15.41846817390873,105.85397038696856,0.8966519770134296,15.848258429618507,1.3489580053238672,38.40667640340425,1.9332404794121276,89.78451295569303,0.1207293523061773,12.439511231792537,105.85397038696856,KA04,N09_M07_F10,1,N09_M07_F10_KA04_19.mat
15.62745978455924,137.94412029036923,1.2067475097587037,29.693385879930265,1.5043249878553675,62.4889699589253,1.7441186205681858,54.86370520533407,0.10341887060600141,9.375927838395695,137.94412029036923,KA04,N09_M07_F10,1,N09_M07_F10_KA04_2.mat
15.444196991451543,120.02500246011789,0.8689033760193114,15.583728632136587,1.357257385840589,40.79758742041533,1.935040406075083,82.57278306802809,0.12033045919872909,15.321315728939439,120.02500246011789,KA04,N09_M07_F10,1,N09_M07_F10_KA04_20.mat
16.183713343296226,131.98313186135613,1.1262465897767882,25.154568063473917,1.555718233627589,69.9885891064956,1.6391951431839662,48.18411582920962,0.09953833654479737,7.818659109999106,131.98313186135613,KA04,N09_M07_F10,1,N09_M07_F10_KA04_3.mat
15.617560612961263,134.66835813088602,1.229291379595289,27.428216834083113,1.5152497015250646,54.694137053560326,1.7413540045075904,57.80240510135283,0.1011194707613402,8.910688442614301,134.66835813088602,KA04,N09_M07_F10,1,N09_M07_F10_KA04_4.mat
15.503689004717463,127.4233382953846,1.2747769734547494,29.55390357230837,1.4883764511379654,51.687029074990626,1.7514571214844694,61.128650229089246,0.10307276132810508,9.65094792797467,127.4233382953846,KA04,N09_M07_F10,1,N09_M07_F10_KA04_5.mat
15.771529009807276,131.1627202578291,1.2497298227429692,29.505430608885717,1.4440603341214266,50.21725548693955,1.7347468879853223,55.48325246482811,0.09799745774931941,11.24226407168888,131.1627202578291,KA04,N09_M07_F10,1,N09_M07_F10_KA04_6.mat
15.464554478247882,133.1379513496423,1.2883003532192197,31.171428843813665,1.4906941209997253,60.10042102867865,1.6747443578510723,82.2925903223508,0.20895911469396805,48.431884811672695,133.1379513496423,KA04,N09_M07_F10,1,N09_M07_F10_KA04_7.mat
14.977689668112417,120.98279199207262,1.2678520816503944,27.946723906434404,1.5016974114926027,46.21441084549189,1.8379312002736272,115.06636621800743,0.10470406533994582,9.437463508797556,120.98279199207262,KA04,N09_M07_F10,1,N09_M07_F10_KA04_8.mat
15.137845119113985,125.85422563393458,1.2136837100096196,30.0511759651694,1.4854116936357948,45.853067698829314,1.8445724513707842,62.388498350860175,0.1066931367103558,11.08686489447113,125.85422563393458,KA04,N09_M07_F10,1,N09_M07_F10_KA04_9.mat
9.916387598919721,119.30601320562975,0.7918834544356377,20.89363115649134,2.4286328419072953,75.12376302343526,2.8221152815623736,102.26938139018434,0.09461957574522825,22.616597967723113,119.30601320562975,KA04,N15_M01_F10,1,N15_M01_F10_KA04_1.mat
9.993271333872832,105.80046815714387,0.6422005921134425,19.365463760596754,2.6521925930546018,137.01412271900463,2.739061225119415,106.69466565136109,0.11460346149291938,20.988755252868657,137.01412271900463,KA04,N15_M01_F10,1,N15_M01_F10_KA04_10.mat
9.631742088694905,106.97225499864814,0.6098600150337683,19.78178940118158,2.6725984988028046,114.37440092256834,2.792682376457583,83.9701751679553,0.1267871934728402,27.56174173466071,114.37440092256834,KA04,N15_M01_F10,1,N15_M01_F10_KA04_11.mat
9.372453367360183,100.30793621387534,0.5993799945268136,21.26164070975961,2.8079416585344004,110.09684709300696,2.791996770184481,96.60270496711078,0.12896181784389085,26.44197159911865,110.09684709300696,KA04,N15_M01_F10,1,N15_M01_F10_KA04_12.mat
9.577476580735139,109.7721667678821,0.6072432677792031,21.277561981840673,2.6149176068923925,101.14410534606577,2.8224648462308854,83.500817213493,0.12959363342757962,29.19171235613159,109.7721667678821,KA04,N15_M01_F10,1,N15_M01_F10_KA04_13.mat
9.559546780405144,106.63356740352143,0.6160477905946601,21.205607394767856,2.7501672687031125,110.48636979982982,2.7816661783835754,108.15399925322015,0.12324136975117349,21.909169601222125,110.48636979982982,KA04,N15_M01_F10,1,N15_M01_F10_KA04_14.mat
9.395843423205285,102.78876036704479,0.6004166829620493,20.9605704061669,2.740896454082902,132.17027670800152,2.8242902310047926,86.13662575234112,0.1237723913045889,26.422986136654316,132.17027670800152,KA04,N15_M01_F10,1,N15_M01_F10_KA04_15.mat
9.487119263614186,105.89367618822992,0.60009277138141,21.16272379435315,2.5940045892206336,98.18277741098944,2.8630793670398975,97.19046518874745,0.12494140017055018,34.95465854164147,105.89367618822992,KA04,N15_M01_F10,1,N15_M01_F10_KA04_16.mat
9.688159236275316,109.53588277289245,0.6260599916757205,20.97780366104019,2.6022371068932895,100.00950147942042,2.814433426649316,83.0880274289661,0.12202983968548871,27.44816930644273,109.53588277289245,KA04,N15_M01_F10,1,N15_M01_F10_KA04_17.mat
9.419825591979798,108.89948225128242,0.6000830189807113,17.660416252197994,2.7210374707893834,116.66188908136199,2.823538347009058,79.98960438218762,0.12566677367788942,23.178571233249713,116.66188908136199,KA04,N15_M01_F10,1,N15_M01_F10_KA04_18.mat
9.731956486866132,110.09056091922812,0.630084754306052,19.433306939479056,2.7479683760350535,126.17817209363044,2.7415768915002587,90.38384058176239,0.12315085483905311,25.860420414817835,126.17817209363044,KA04,N15_M01_F10,1,N15_M01_F10_KA04_19.mat
10.095843943132655,111.15664730307738,0.6985769471598778,20.38256462495773,2.8477495770586274,139.09896452777016,2.6711304866750254,85.53772961170073,0.0874648743452397,16.312931977542853,139.09896452777016,KA04,N15_M01_F10,1,N15_M01_F10_KA04_2.mat
9.69657440947703,118.30336708905064,0.6367524846429743,20.762413214835213,2.7769676561647234,93.90072978841383,2.7429079795184474,80.6005064174512,0.11930458763266544,28.490058124982045,118.30336708905064,KA04,N15_M01_F10,1,N15_M01_F10_KA04_20.mat
9.86496849313738,117.97274344084049,0.7517059419892734,22.606025987254185,2.572026144857017,93.10228078317552,2.8011800252456873,100.93637693719802,0.09039442183266741,17.727491560634675,117.97274344084049,KA04,N15_M01_F10,1,N15_M01_F10_KA04_3.mat
10.052571233156119,109.81064470435751,0.6794012701322352,21.50123834349571,2.8577329718407785,106.63421321562166,2.673459010724633,95.25066192301948,0.09246584121841744,18.338202128357455,109.81064470435751,KA04,N15_M01_F10,1,N15_M01_F10_KA04_4.mat
10.062274411807282,105.88987719098546,0.6329165547600671,18.584221925007938,2.720097804563748,99.65099880457859,2.7209027319587955,98.82966522433259,0.1051997026071092,23.176751843497918,105.88987719098546,KA04,N15_M01_F10,1,N15_M01_F10_KA04_5.mat
10.255879613741035,107.96409264556983,0.6594902523100541,21.829947088967895,2.946945251625804,119.81945935903195,2.615857301715188,96.3226083203817,0.08696970023903187,18.03885316918709,119.81945935903195,KA04,N15_M01_F10,1,N15_M01_F10_KA04_6.mat
9.650011512986607,100.50488364755341,0.612521149221628,20.640241018415907,2.8861740674835556,103.73059608821886,2.741454376869214,83.87257882106549,0.10809385247426677,22.05868694075421,103.73059608821886,KA04,N15_M01_F10,1,N15_M01_F10_KA04_7.mat
9.790008623239592,105.11793083957252,0.6339876999133551,21.229595925913493,2.8025587013509523,120.21832135098008,2.73065152413703,103.72821468512652,0.11134297874465937,21.364928266567897,120.21832135098008,KA04,N15_M01_F10,1,N15_M01_F10_KA04_8.mat
9.485837001292126,103.83612565247044,0.5944598484972589,18.413690654678074,2.7099247766955012,103.39289907137356,2.8307152010905052,114.98587899547346,0.11916979574640174,22.040583958651013,114.98587899547346,KA04,N15_M01_F10,1,N15_M01_F10_KA04_9.mat
8.114126174521424,110.73800753029427,1.6199465316590846,53.4746135255763,2.9748140835055445,94.28339257007423,2.5759322557402964,118.5650652943326,0.11693655423562212,22.66911865427594,118.5650652943326,KA04,N15_M07_F04,1,N15_M07_F04_KA04_1.mat
7.467923870041318,85.75791943117453,1.5915766312300121,46.1567824693094,3.028653015028861,79.72391886061558,2.6920034325744644,115.24474530835649,0.11898213888325775,24.20772329199406,115.24474530835649,KA04,N15_M07_F04,1,N15_M07_F04_KA04_10.mat
7.3587315177223385,79.55279171685635,1.6242416892559572,42.48224612512588,3.095503629677799,77.3672764437017,2.6694840483975,110.39702974610454,0.11982272925402043,25.250547011809296,110.39702974610454,KA04,N15_M07_F04,1,N15_M07_F04_KA04_11.mat
7.1509510349943755,78.17817525180301,1.644748072357878,72.53615572793532,3.0607928545442595,82.40129061477563,2.717075193550693,143.48065281769217,0.1209346867813534,30.769036570561678,143.48065281769217,KA04,N15_M07_F04,1,N15_M07_F04_KA04_12.mat
7.2802872898053,83.36852246418154,1.5841370862462254,41.63178524823425,3.015045121391199,77.12143091830971,2.7206744851558007,113.36392152339646,0.12567509354226716,36.28813238597816,113.36392152339646,KA04,N15_M07_F04,1,N15_M07_F04_KA04_13.mat
7.175401789251913,79.47355387107095,1.6175262318253985,46.797158430102265,3.01573921692192,108.49532267873336,2.731176899202026,109.02309540819488,0.12397300680986993,35.72173957182975,109.02309540819488,KA04,N15_M07_F04,1,N15_M07_F04_KA04_14.mat
7.11556491231498,81.89475209373308,1.6126385107032029,56.47026210637917,3.043679517250185,88.40088579020743,2.7298650658243693,113.14445848560628,0.12583138028246452,29.293884437683637,113.14445848560628,KA04,N15_M07_F04,1,N15_M07_F04_KA04_15.mat
7.179601077885039,82.04984660614781,1.6393910495280088,62.946017565632744,3.0416927355794807,82.99870050417556,2.7082294916198637,140.07566830511934,0.12576731513041542,38.54523808542046,140.07566830511934,KA04,N15_M07_F04,1,N15_M07_F04_KA04_16.mat
7.165786751598225,79.91468106902055,1.6880422659910543,59.60684776314065,3.0791303806277113,101.32893989953247,2.6857101405000283,150.20695571420165,0.12212386332068559,23.948859770173208,150.20695571420165,KA04,N15_M07_F04,1,N15_M07_F04_KA04_17.mat
7.117964570850671,78.53371414687874,1.5933949281082247,46.02297243748624,3.118586913394244,91.15217366986964,2.718422903129384,109.87209416450652,0.12130178589374507,24.692973412486634,109.87209416450652,KA04,N15_M07_F04,1,N15_M07_F04_KA04_18.mat
7.166740039629718,84.63586315553329,1.5776789538764395,56.02427524016591,3.039575464165272,86.94105887623405,2.7428697253526533,130.47513991489862,0.12341989948116829,40.68076764489205,130.47513991489862,KA04,N15_M07_F04,1,N15_M07_F04_KA04_19.mat
7.718933874117851,98.73848819594193,1.6142765068381475,61.42213775843051,3.0971675060639776,92.75073311140389,2.6079191401411865,110.07969136911859,0.1164662849914139,22.104610355745653,110.07969136911859,KA04,N15_M07_F04,1,N15_M07_F04_KA04_2.mat
7.11556491231498,81.89475209373308,1.6126385107032029,56.47026210637917,3.043679517250185,88.40088579020743,2.7298650658243693,113.14445848560628,0.12583138028246452,29.293884437683637,113.14445848560628,KA04,N15_M07_F04,1,N15_M07_F04_KA04_20.mat
7.637416487373034,99.44795756881754,1.607491491745169,50.612168024360784,3.0236100090515494,85.50529469268383,2.662177463178145,128.81346699981628,0.11429731514121368,22.725619036372414,128.81346699981628,KA04,N15_M07_F04,1,N15_M07_F04_KA04_3.mat
7.730980447610452,100.06980165183884,1.6354600546576346,49.85053376466515,3.069402846560071,92.41856720089015,2.6070677775219315,122.6002602675137,0.116518465366265,22.772821463972058,122.6002602675137,KA04,N15_M07_F04,1,N15_M07_F04_KA04_4.mat
7.166740039629718,84.63586315553329,1.5776789538764395,56.02427524016591,3.039575464165272,86.94105887623405,2.7428697253526533,130.47513991489862,0.12341989948116829,40.68076764489205,130.47513991489862,KA04,N15_M07_F04,1,N15_M07_F04_KA04_5.mat
7.11556491231498,81.89475209373308,1.6126385107032029,56.47026210637917,3.043679517250185,88.40088579020743,2.7298650658243693,113.14445848560628,0.12583138028246452,29.293884437683637,113.14445848560628,KA04,N15_M07_F04,1,N15_M07_F04_KA04_6.mat
7.4526254418953695,91.404654499535,1.6018072646517312,59.624215472257575,3.1215479500261694,83.5376426715225,2.662235109401575,115.18648582916671,0.11427912547690053,21.530031287879833,115.18648582916671,KA04,N15_M07_F04,1,N15_M07_F04_KA04_7.mat
7.470655339550487,85.40320140803689,1.6764651567657847,54.85508530414761,3.0304326973419857,75.4239212946805,2.65047319185759,202.07902139052166,0.12138105070056664,32.92450992774333,202.07902139052166,KA04,N15_M07_F04,1,N15_M07_F04_KA04_8.mat
7.4616825604436565,80.89658623188235,1.5710745635979173,47.75109505952551,3.039621593728783,83.5305821579694,2.6891360880746107,114.03858398123522,0.12231625498731422,29.49922358131553,114.03858398123522,KA04,N15_M07_F04,1,N15_M07_F04_KA04_9.mat
9.351810793917569,112.34592288341523,0.9991222308437523,37.12300245341921,3.249251787204242,135.96141257831758,2.548630691403922,76.73703294646178,0.0797091187802152,13.251819664958083,135.96141257831758,KA04,N15_M07_F10,1,N15_M07_F10_KA04_1.mat
9.483835206629443,131.7428940210138,0.9687624970197107,31.506054364865335,3.3654717327511756,121.79306200902819,2.499860155436809,85.11344233830974,0.07321658944154001,13.13297714970283,131.7428940210138,KA04,N15_M07_F10,1,N15_M07_F10_KA04_10.mat
9.538066942365651,127.23882870346847,0.9694895787785264,26.82519760174224,3.138125992272098,113.49731194784464,2.5796384078014047,90.56158775943675,0.07357529744868463,13.326938270991718,127.23882870346847,KA04,N15_M07_F10,1,N15_M07_F10_KA04_11.mat
9.504422447216838,128.66276338567295,0.9915987932644912,28.589424022160046,3.322893468411893,138.18871552056018,2.4997470563950324,87.78459536557277,0.07486112607898669,12.710725119308917,138.18871552056018,KA04,N15_M07_F10,1,N15_M07_F10_KA04_12.mat
9.458507797097395,131.46650606549872,1.0023556153292617,34.8315893370879,3.3836558966786154,150.68463729767788,2.4833856669459564,94.96927581284034,0.07273487055027326,13.646883540459056,150.68463729767788,KA04,N15_M07_F10,1,N15_M07_F10_KA04_13.mat
9.628847505798815,130.06639760004617,0.9973178667303453,34.01685001526742,3.3028784459926745,125.99602350732869,2.487651501292792,87.6646170494982,0.07108916174006295,14.693396821334405,130.06639760004617,KA04,N15_M07_F10,1,N15_M07_F10_KA04_14.mat
9.475933250668371,130.45205921540546,0.9572053517198432,28.48227479616733,3.2655871587580374,118.50979082695497,2.539977403368474,104.69105087294689,0.0755058723235015,11.790811276313555,130.45205921540546,KA04,N15_M07_F10,1,N15_M07_F10_KA04_15.mat
9.458621243706803,129.30839857318207,0.9694930799836191,32.637691930451645,3.297638709394331,144.89078242296816,2.5265001302120136,96.0462350170958,0.07562689081732293,15.05594313732054,144.89078242296816,KA04,N15_M07_F10,1,N15_M07_F10_KA04_16.mat
9.347267377953624,128.01448157421956,0.9760433046415672,33.65779456674091,3.2674562547097796,135.23472250403893,2.55595904422369,91.86830563684488,0.0766954416078501,13.585560699645248,135.23472250403893,KA04,N15_M07_F10,1,N15_M07_F10_KA04_17.mat
9.424621603240153,131.80859594465767,0.9814406181134439,30.53076021433569,3.265054524966368,145.03258023754418,2.5365387933426455,81.9757030814878,0.07779005748432605,12.219940983412808,145.03258023754418,KA04,N15_M07_F10,1,N15_M07_F10_KA04_18.mat
9.432669004499008,125.24855404432739,0.9715435092918803,33.345799866213106,3.2383356398165426,130.46374699098374,2.5368589281571143,92.06264561452024,0.08405199590364068,18.20538615040556,130.46374699098374,KA04,N15_M07_F10,1,N15_M07_F10_KA04_19.mat
9.75356622317953,125.92835686139976,0.9916534587315755,31.027754288446747,3.1586683553078827,119.02067392370114,2.5185424025418994,81.45168907638732,0.07493491105234412,12.030762009349035,125.92835686139976,KA04,N15_M07_F10,1,N15_M07_F10_KA04_2.mat
9.266168480251265,123.87517091083522,0.9503791693102426,26.62164078091445,3.1793534665445775,135.12929700491196,2.611298740156826,89.14678738702503,0.08057545207854093,14.73914093393785,135.12929700491196,KA04,N15_M07_F10,1,N15_M07_F10_KA04_20.mat
9.891569879779048,125.66305463037666,0.9901149197041801,34.6817920397736,3.1093227677587225,133.8785512523238,2.5053373956406477,76.17344754480507,0.07713238974181873,12.464384722636362,133.8785512523238,KA04,N15_M07_F10,1,N15_M07_F10_KA04_3.mat
9.683311850295409,120.98895945375358,0.9675455090779493,32.57660124055376,3.1547152852734652,123.30439621358815,2.541900761210352,93.79975949486668,0.0765010126000151,15.502700637489516,123.30439621358815,KA04,N15_M07_F10,1,N15_M07_F10_KA04_4.mat
9.678216442106917,126.91872869942395,0.9960160818101194,33.65958938001713,3.1798296360678475,180.71586794928817,2.526594452799396,73.36835706530019,0.07346746369211976,13.910286945090656,180.71586794928817,KA04,N15_M07_F10,1,N15_M07_F10_KA04_5.mat
9.865116632832022,130.99883687027736,1.012860993002369,33.27649238519268,3.2206244033911524,135.05173504525075,2.4612666793870464,96.4111669047598,0.07340413364202097,19.0721859847478,135.05173504525075,KA04,N15_M07_F10,1,N15_M07_F10_KA04_6.mat
9.391129390311429,129.3341939012194,0.9574411659090432,29.08833029267847,3.3089218181223137,153.6577120537622,2.538446843634652,100.42152738784846,0.07705215124757438,14.190674219759412,153.6577120537622,KA04,N15_M07_F10,1,N15_M07_F10_KA04_7.mat
9.455943381061354,132.61008564537408,0.9680742696588637,24.63019940229798,3.287329747665703,128.68322871007433,2.533729356539281,78.97848709870223,0.0753569974175781,11.527556862738411,132.61008564537408,KA04,N15_M07_F10,1,N15_M07_F10_KA04_8.mat
9.484589315039251,123.95239513596933,0.9605417024482651,32.70441510732036,3.1693868172397957,135.8336385551983,2.584429066069587,108.06728122155076,0.07293790222495919,12.149385654544295,135.8336385551983,KA04,N15_M07_F10,1,N15_M07_F10_KA04_9.mat
1.1735429573645573,33.01517633171613,1.2516784427274028,22.812296857907604,1.1008145865788266,14.187777515249067,1.192333049060153,33.48670690971459,0.9469446318431021,18.283209743871936,33.48670690971459,KI05,N09_M07_F10,1,N09_M07_F10_KI05_1.mat
1.0792763036537076,27.869972622754073,1.2411718521288246,19.813382601863612,1.1083605122813915,16.980663564762196,1.202499201030789,38.95459119639694,0.930508475890887,22.742260130590637,38.95459119639694,KI05,N09_M07_F10,1,N09_M07_F10_KI05_10.mat
1.2131429325860184,24.804092108995597,1.279072718157631,21.091369520755556,1.0733519541745613,19.962211979617596,1.1703994065022725,26.939185941732266,0.9459290158549849,15.929348492045241,26.939185941732266,KI05,N09_M07_F10,1,N09_M07_F10_KI05_11.mat
1.2084736247511505,33.4772583984973,1.269874653901193,27.322129333889613,1.1017168526403118,15.4933083690517,1.1884331708691083,29.30795275770458,0.9168729424073931,14.012407659824786,33.4772583984973,KI05,N09_M07_F10,1,N09_M07_F10_KI05_12.mat
1.1933581409167355,26.125965533860676,1.2484195414319814,31.83730605889588,1.067812356725453,14.345988373922692,1.1929711430841874,35.18222259092389,0.9419232341224606,19.949637792968844,35.18222259092389,KI05,N09_M07_F10,1,N09_M07_F10_KI05_13.mat
1.1277449031264135,29.115625392429635,1.2582925291256026,33.44701858199017,1.1481085712695125,22.721294805718635,1.1694409595785278,29.150725309455204,0.9353119586854663,19.115751748674988,33.44701858199017,KI05,N09_M07_F10,1,N09_M07_F10_KI05_14.mat
1.1544328412353277,32.793686937122025,1.1924453117614942,22.050799738994115,1.1163919553445354,16.836641560041073,1.1903285862745472,41.15336638680187,0.9351058457771422,16.486325813529888,41.15336638680187,KI05,N09_M07_F10,1,N09_M07_F10_KI05_15.mat
1.1008291992519377,28.184854896358225,1.2727837180028456,22.43776475928867,1.0927141114801158,21.083587518358414,1.1611677354967624,25.542453292933118,0.9565992791926312,19.121606789560914,28.184854896358225,KI05,N09_M07_F10,1,N09_M07_F10_KI05_16.mat
1.1714314315565242,38.05080848506662,1.2624839688227159,25.171618400491102,1.148361844407052,13.450765657952765,1.1792175371267815,27.980523991791816,0.9042964652424114,21.337810418003517,38.05080848506662,KI05,N09_M07_F10,1,N09_M07_F10_KI05_17.mat
1.1519507750556173,24.788375297032403,1.249403543829554,28.922961612608002,1.1023958563913692,13.546143844081708,1.1804457883046595,34.0624519907366,0.9429498890977138,19.701513446368082,34.0624519907366,KI05,N09_M07_F10,1,N09_M07_F10_KI05_18.mat
1.1939652314223397,27.363634969642515,1.2854992015989286,27.148212511754572,1.0780576740331798,16.58559195651629,1.1892438424922267,42.82813619042578,0.9227947734190887,20.552356613370076,42.82813619042578,KI05,N09_M07_F10,1,N09_M07_F10_KI05_19.mat
1.194732006082378,35.174799566254016,1.180231389181483,24.187954977041738,1.1392783149679049,15.042209376546268,1.2087372039255067,29.206151825193672,0.9458905695977371,18.333978177693584,35.174799566254016,KI05,N09_M07_F10,1,N09_M07_F10_KI05_2.mat
1.2060104615160538,31.601005137375232,1.2326406928698412,25.28651947476557,1.146647058456142,17.922554500011096,1.1806206162841366,34.57338174699417,0.9146960611506183,13.82143865575278,34.57338174699417,KI05,N09_M07_F10,1,N09_M07_F10_KI05_20.mat
1.2427498079327624,58.81721020906704,1.1915786164771551,25.0284465782462,1.1263889425555635,19.07164877575107,1.207446349876384,28.911288397279538,0.9225485731471208,16.233023695991086,58.81721020906704,KI05,N09_M07_F10,1,N09_M07_F10_KI05_3.mat
1.133182111263976,22.516314648089903,1.313067716852072,48.57428815607915,1.1389748103199355,16.730394515862475,1.177912975989843,27.519138258016945,0.8988645659261943,14.460427571522152,48.57428815607915,KI05,N09_M07_F10,1,N09_M07_F10_KI05_4.mat
1.260750388236947,32.54770629034224,1.2544002645985295,23.963974066578956,1.149154465853206,14.740085922283917,1.1783124397053042,35.22809382415128,0.9166668162776026,13.624014608710848,35.22809382415128,KI05,N09_M07_F10,1,N09_M07_F10_KI05_5.mat
1.1268541305373818,24.44323709150683,1.2463530817822674,25.975537208369005,1.0938848482552765,19.02596347802725,1.2241751527750884,40.82262134210867,0.919110647628676,20.022665528070842,40.82262134210867,KI05,N09_M07_F10,1,N09_M07_F10_KI05_6.mat
1.1644355047529453,23.680074700768216,1.2163402349881218,27.016365863858713,1.1329986499088658,15.401830857970495,1.2109836878882412,29.99981970724963,0.9285122461914388,13.685354744567507,29.99981970724963,KI05,N09_M07_F10,1,N09_M07_F10_KI05_7.mat
1.1296689051245246,40.94679951934035,1.2013132420900625,18.292445058923523,1.0716603827435278,18.95706492647403,1.223409210035685,34.38525863260203,0.9260233164637867,15.606497513642386,40.94679951934035,KI05,N09_M07_F10,1,N09_M07_F10_KI05_8.mat
1.1385451667076587,24.432526084858644,1.2426470881484764,20.42114358368923,1.1392702337760907,25.70909063387892,1.2084560662200516,22.852705965343958,0.9074006105031236,17.548119829632817,25.70909063387892,KI05,N09_M07_F10,1,N09_M07_F10_KI05_9.mat
0.7493088467959235,14.859817550837864,4.294732042858963,224.50965994599537,1.7532942425487712,50.63044094555171,1.6293115033549423,103.12661142978102,0.5033635120508702,10.828433018276094,224.50965994599537,KI05,N15_M01_F10,1,N15_M01_F10_KI05_1.mat
0.7934806055203307,22.540586535200966,4.241226435260012,223.51994998180004,1.8214697342728965,57.03336858933029,1.6325672163394807,99.72173630652672,0.49759628711470566,8.67909845381487,223.51994998180004,KI05,N15_M01_F10,1,N15_M01_F10_KI05_10.mat
0.7258691861413795,17.886594658337728,4.3567446201949505,232.74116717677893,1.8243971778480674,67.8175599041443,1.5736935868544633,70.80724565470284,0.5015793157063291,8.985074401611174,232.74116717677893,KI05,N15_M01_F10,1,N15_M01_F10_KI05_11.mat
0.7177312406376775,29.21684187680959,4.26038880092383,215.1518483972395,1.823067952441008,106.92324525714845,1.642154352990673,107.25241263072085,0.4885552637427333,10.61652151092548,215.1518483972395,KI05,N15_M01_F10,1,N15_M01_F10_KI05_12.mat
0.7584102590763886,16.429794134497428,4.30456323606531,207.15698563825083,1.822280606057645,73.70839553697182,1.6348297690056957,80.42500143853937,0.48658532857272824,8.123349624259646,207.15698563825083,KI05,N15_M01_F10,1,N15_M01_F10_KI05_13.mat
0.7389506684011797,15.907178052405927,4.1452861331679856,199.3622547480049,1.7933100197649414,75.89806081891055,1.634229857229114,98.87825283203763,0.512752459473977,8.56685223696658,199.3622547480049,KI05,N15_M01_F10,1,N15_M01_F10_KI05_14.mat
0.7193070133708017,16.878807122240513,4.1813030572367715,204.18671040175218,1.8405032371704155,103.47847122849002,1.638199034664126,89.63791756341203,0.5041327743277353,8.61920439173495,204.18671040175218,KI05,N15_M01_F10,1,N15_M01_F10_KI05_15.mat
0.7152470393327475,15.487780664326555,4.0661229719043135,212.14457796147502,1.86631705846081,69.85638373268529,1.6400820501267759,95.11697412919247,0.5204411498127173,9.272092918394376,212.14457796147502,KI05,N15_M01_F10,1,N15_M01_F10_KI05_16.mat
0.734752123652716,13.811982299651069,4.086020619521609,199.13272614673124,1.855411161256307,56.223172059691706,1.6551973634941677,129.9469007921857,0.506627656993919,10.890728571325317,199.13272614673124,KI05,N15_M01_F10,1,N15_M01_F10_KI05_17.mat
0.75199415763117,14.297049880541856,4.189220263817399,196.92882920989143,1.8264409153635794,69.90291736306587,1.61373632397435,73.28613067255333,0.5032682961488517,7.843517695732784,196.92882920989143,KI05,N15_M01_F10,1,N15_M01_F10_KI05_18.mat
0.7229456978892804,25.44718422752886,4.286629432420316,211.53265278654823,1.8047635120169851,63.618769605750956,1.6503875445460756,87.61909771528644,0.49412777591259804,11.873211797610699,211.53265278654823,KI05,N15_M01_F10,1,N15_M01_F10_KI05_19.mat
0.6850638789834714,19.92484082238779,4.211059949646866,213.4067454795795,1.815789212594377,77.38358351438124,1.6532810480095739,72.37736374440065,0.5102863349599307,7.845635651960407,213.4067454795795,KI05,N15_M01_F10,1,N15_M01_F10_KI05_2.mat
0.7145352126943735,14.346295978268888,4.241174012384365,201.92530225575118,1.7897084141333086,58.30987885497114,1.630496143591956,84.66581095917353,0.5078947781343217,8.103641586927742,201.92530225575118,KI05,N15_M01_F10,1,N15_M01_F10_KI05_20.mat
0.7669911487423966,22.76249049745377,4.253522520491795,230.78619851229774,1.7314278747107714,38.51387616509814,1.6499790725400394,70.0857753559595,0.5034141023159397,7.514437215322107,230.78619851229774,KI05,N15_M01_F10,1,N15_M01_F10_KI05_3.mat
0.7234934229915245,17.65618453800147,4.451711560144453,221.35598313679597,1.7468638737626714,67.07360029155971,1.6643740448440176,85.81906783545956,0.472511406171605,6.834789092345292,221.35598313679597,KI05,N15_M01_F10,1,N15_M01_F10_KI05_4.mat
0.7796480684757344,21.185043048728648,4.166319613562713,217.0078516849632,1.7305451526232476,98.38717129057997,1.6672300976212826,103.27990238089941,0.5062687023442823,8.013796197079088,217.0078516849632,KI05,N15_M01_F10,1,N15_M01_F10_KI05_5.mat
0.7955085751802906,17.342010519836077,4.248323474263855,222.1252396003839,1.7540625636977067,52.41601656072397,1.641470531750172,71.18051362400976,0.4990626223412244,9.299528652664454,222.1252396003839,KI05,N15_M01_F10,1,N15_M01_F10_KI05_6.mat
0.7393737947328731,17.989257245212823,4.166941155436276,220.58604958866013,1.774353125046084,50.54186239753263,1.6577252301362393,89.34812251585356,0.49926235582006506,8.325833005134497,220.58604958866013,KI05,N15_M01_F10,1,N15_M01_F10_KI05_7.mat
0.7581207812963691,19.4025569259238,4.113515059606977,200.83072141061382,1.7922761869458919,71.60127034745983,1.645125721139332,114.46976277187848,0.5106212714161864,9.793831326988961,200.83072141061382,KI05,N15_M01_F10,1,N15_M01_F10_KI05_8.mat
0.7861317218178359,18.833411733659077,4.170240093191673,209.6396386924405,1.8412202831975615,56.3498440238637,1.6542816348199594,82.21102383611262,0.4987917584369893,6.727906564975356,209.6396386924405,KI05,N15_M01_F10,1,N15_M01_F10_KI05_9.mat
0.8215699522593217,27.805176199396502,2.982703671714099,104.62738949921659,2.0388805246237034,60.96140301986156,1.3580183903756835,36.92583242103125,0.6651852263726329,11.68438520315072,104.62738949921659,KI05,N15_M07_F04,1,N15_M07_F04_KI05_1.mat
0.7921462744127865,28.331087820110298,3.017391776846918,98.8339321655685,1.9137296077328403,53.668068910195004,1.436545595555131,38.28191774520712,0.6559608509887579,9.414980703611466,98.8339321655685,KI05,N15_M07_F04,1,N15_M07_F04_KI05_10.mat
0.829007751304924,17.247873345968497,3.0107214035339656,98.47774806222465,2.012254733003109,50.138629797760856,1.4196333307068012,51.321044286316074,0.6481466669637709,11.032575398929621,98.47774806222465,KI05,N15_M07_F04,1,N15_M07_F04_KI05_11.mat
0.814939802046173,16.98745273847104,3.0772691802739365,122.18789308984168,2.0446206112011565,68.91038111386341,1.4327145187608574,53.83176066543495,0.6491214431581861,10.058918845251817,122.18789308984168,KI05,N15_M07_F04,1,N15_M07_F04_KI05_12.mat
0.8122211775843391,19.98840495798238,3.05380066893432,120.68787043428208,1.9580737241649877,59.920751851765765,1.4462311316129595,37.43400606332634,0.6513723747409575,10.162115386383615,120.68787043428208,KI05,N15_M07_F04,1,N15_M07_F04_KI05_13.mat
0.8050344388603283,16.247354811416844,3.3586152772300224,113.52899288518685,1.920897238964765,51.935188827346025,1.4102697795818484,45.27031185610438,0.6350256356785624,10.722309982723406,113.52899288518685,KI05,N15_M07_F04,1,N15_M07_F04_KI05_14.mat
0.8702684832417892,20.526219593516913,2.9800532499225882,100.22021329167838,1.9019252181056587,46.443137616430704,1.443548405875586,44.82204600669085,0.6610264705829854,10.715811354583995,100.22021329167838,KI05,N15_M07_F04,1,N15_M07_F04_KI05_15.mat
0.8063059148708254,18.29753248231706,3.0671507136845553,120.30992729672919,1.9091855466106582,46.02178851755955,1.4536462088833946,52.12403404148287,0.64738510544012,10.838851714034437,120.30992729672919,KI05,N15_M07_F04,1,N15_M07_F04_KI05_16.mat
0.864537980002445,27.833922986094755,3.0249862564664673,113.32624588829471,1.9018818015507313,58.8423837787164,1.4520139305334445,43.91556565431125,0.6424748263616008,12.221288855623305,113.32624588829471,KI05,N15_M07_F04,1,N15_M07_F04_KI05_17.mat
0.7999154735275374,15.625419808649676,3.0731208706749733,119.79169959559667,1.9040235254074709,47.763823248568,1.427400597780399,40.157324628873546,0.6545794169824471,11.41228661910899,119.79169959559667,KI05,N15_M07_F04,1,N15_M07_F04_KI05_18.mat
0.825358822314534,21.390449632296267,2.9757613901362983,104.79022451938823,1.9621647164416947,71.5246006351731,1.4622213878893702,48.18491600533264,0.6538380250553165,13.257119084269071,104.79022451938823,KI05,N15_M07_F04,1,N15_M07_F04_KI05_19.mat
0.8232070196984873,24.057084990931894,2.951024215313331,103.14658079331845,2.0390174075477425,56.10145946015466,1.37537729974929,48.008319505287325,0.7142054096838335,29.000058317233773,103.14658079331845,KI05,N15_M07_F04,1,N15_M07_F04_KI05_2.mat
0.7914046821725249,18.496960850184966,2.99003037550662,112.67893145116545,2.0187969515443664,46.38155931206982,1.4827840516955735,52.28161415098325,0.6436662580152771,9.95940557069443,112.67893145116545,KI05,N15_M07_F04,1,N15_M07_F04_KI05_20.mat
0.7876328209901022,24.06652807979807,3.172553908189752,112.09530469119822,1.94858667466148,88.27877676870891,1.4156878702936517,52.759398631511175,0.6457974384151174,9.922448282999929,112.09530469119822,KI05,N15_M07_F04,1,N15_M07_F04_KI05_3.mat
0.8330464142954072,20.524974794228502,3.2227475107969514,115.27014018011526,1.9792298419781857,51.56926207686155,1.3820981973646558,53.79133504033635,0.6440098563104111,14.936686670604878,115.27014018011526,KI05,N15_M07_F04,1,N15_M07_F04_KI05_4.mat
0.8147148000026871,20.214985940664285,3.1599403551315177,110.28669941037566,1.9716114704242487,52.89216852764298,1.3858443451328128,43.09830584472116,0.6539681109118286,9.980928317647326,110.28669941037566,KI05,N15_M07_F04,1,N15_M07_F04_KI05_5.mat
0.8336090159090088,15.92478900081516,3.2454279217414816,98.60065725471893,1.9873430348577126,64.81160983993982,1.4001641381948773,45.02021286631294,0.6298071729163964,9.399669063017063,98.60065725471893,KI05,N15_M07_F04,1,N15_M07_F04_KI05_6.mat
0.7426286165530637,18.073557678975465,3.084979071550522,109.54677646684101,2.1527642715792394,51.68803085621979,1.3637674610149775,42.19425235982814,0.6835040524238263,53.818016042951115,109.54677646684101,KI05,N15_M07_F04,1,N15_M07_F04_KI05_7.mat
0.7987018325655656,25.728900385190705,3.0438592989648536,121.85523983735473,2.018925120102431,53.546520430198214,1.404281491924925,41.771992829449694,0.6503185288320839,14.307882331614653,121.85523983735473,KI05,N15_M07_F04,1,N15_M07_F04_KI05_8.mat
0.8360498756837729,34.14286019031029,3.013157052429173,101.83794481074511,2.116293208179795,59.81290569912669,1.3874903879834948,62.76250429235363,0.6863149427205459,29.94148844271595,101.83794481074511,KI05,N15_M07_F04,1,N15_M07_F04_KI05_9.mat
0.726147112000247,16.735674832112874,4.350784376623795,225.36702068458882,1.726112723571507,65.21073983673489,1.6350499292366485,78.73888524081944,0.4960514209134756,8.393542186347828,225.36702068458882,KI05,N15_M07_F10,1,N15_M07_F10_KI05_1.mat
0.7931243573695788,17.533707327053897,4.201165406625331,200.6849786041334,1.8140794425427778,56.371023197021124,1.6019620401763264,72.14748210446409,0.5032419241821099,8.202512969798455,200.6849786041334,KI05,N15_M07_F10,1,N15_M07_F10_KI05_10.mat
0.7656961811352321,21.98976410242377,4.100851811282663,206.34777135257772,1.7427638583715945,49.15652366289668,1.6582003329559316,70.97388096101419,0.5087811337657389,7.314386356574135,206.34777135257772,KI05,N15_M07_F10,1,N15_M07_F10_KI05_11.mat
0.7800523137631473,16.64548366886447,4.316387431244221,223.88840370262355,1.852025044331205,59.87062235023238,1.6277061067958978,71.75946483614948,0.4835092950524877,7.994210609289331,223.88840370262355,KI05,N15_M07_F10,1,N15_M07_F10_KI05_12.mat
0.7795199659429722,23.306552685248477,4.2707341361741005,220.37095436080364,1.8619043979916619,69.03248651884323,1.6229737664104535,97.91800174682466,0.4969605993513333,6.788882964767498,220.37095436080364,KI05,N15_M07_F10,1,N15_M07_F10_KI05_13.mat
0.768189230169045,16.566126230350253,4.116200147409112,194.57647041881935,1.7378189664200279,57.29389674373959,1.613215266339183,90.75593838198654,0.5285411806160123,7.037940668340143,194.57647041881935,KI05,N15_M07_F10,1,N15_M07_F10_KI05_14.mat
0.8166082612367771,18.62672836546807,4.179162312129994,200.18469496381314,1.7904025462546627,48.636273903635995,1.615426152962217,82.56236429547619,0.5085156309305255,11.276762601679678,200.18469496381314,KI05,N15_M07_F10,1,N15_M07_F10_KI05_15.mat
0.8353487617896425,24.383209478430224,4.207416138604958,206.39553128597476,1.8520745161516101,67.20996715179602,1.6092184345860858,73.8563594844584,0.49818930039052056,8.702172700898803,206.39553128597476,KI05,N15_M07_F10,1,N15_M07_F10_KI05_16.mat
0.8120987628932328,17.330733748710898,4.087767233995428,199.20534712340614,1.8160522022430328,60.47424625414519,1.6381071858092542,71.67796998685186,0.5021628948606771,7.61789605864375,199.20534712340614,KI05,N15_M07_F10,1,N15_M07_F10_KI05_17.mat
0.8102965137733795,20.565381414348188,4.148269390673258,203.9642587464223,1.8328832666674928,55.30914018187,1.6045499752695294,102.42580330310425,0.506284852823254,7.814678417544677,203.9642587464223,KI05,N15_M07_F10,1,N15_M07_F10_KI05_18.mat
0.7335615627905027,25.65363546558259,4.345480648609854,197.08116364748406,1.8153051895130887,55.72371611547932,1.578359147546709,72.8195679306583,0.5061258274334142,9.693976735093232,197.08116364748406,KI05,N15_M07_F10,1,N15_M07_F10_KI05_19.mat
0.8066794777574208,17.43498510215648,4.1045532563543485,211.06222450946416,1.791126866450591,58.00382691856875,1.623118434825239,94.95318978375879,0.5101278605875781,8.469099485856288,211.06222450946416,KI05,N15_M07_F10,1,N15_M07_F10_KI05_2.mat
0.7676875515851402,17.292944407369596,4.247648824782306,217.15867085586376,1.876091076201337,54.04196245130148,1.6156834350347116,68.44899043125393,0.49714787811865774,7.369747444218047,217.15867085586376,KI05,N15_M07_F10,1,N15_M07_F10_KI05_20.mat
0.7720708784433148,17.17666461014678,4.154685123375253,209.58444385768172,1.8019672459659306,59.18936814439369,1.6231763107652417,85.18089000059814,0.5157474692768717,9.9859279623786,209.58444385768172,KI05,N15_M07_F10,1,N15_M07_F10_KI05_3.mat
0.7224676214359096,19.866225857393506,4.243553032635969,201.54793906873948,1.8326486011267848,51.91369769277667,1.6690992851633932,108.00988528156624,0.4913495919527097,8.360467328889378,201.54793906873948,KI05,N15_M07_F10,1,N15_M07_F10_KI05_4.mat
0.7866513126591798,29.29188324228562,4.302024145705864,252.50194627963157,1.8413409127297675,66.62878036821499,1.5916117472462266,87.44883977474088,0.5031896732997438,8.908736064641912,252.50194627963157,KI05,N15_M07_F10,1,N15_M07_F10_KI05_5.mat
0.7706128069832774,19.17448579096419,4.10796192123,200.44146332743387,1.803467298467191,70.40976719038989,1.6218128693012104,95.23896164590084,0.5194379427855539,7.712485797904956,200.44146332743387,KI05,N15_M07_F10,1,N15_M07_F10_KI05_6.mat
0.7751588168350365,17.83529125326484,4.209071624223341,217.9443461361942,1.8588947116008803,54.98512790368373,1.6306151151757051,98.61111432360062,0.48978222013546596,9.93170850929496,217.9443461361942,KI05,N15_M07_F10,1,N15_M07_F10_KI05_7.mat
0.7545102529371454,13.358608399715854,4.3914220069831265,208.22967688720624,1.7828615744902665,57.1676856927827,1.6119958253027995,79.07839943187186,0.48811251824334295,10.062915129943017,208.22967688720624,KI05,N15_M07_F10,1,N15_M07_F10_KI05_8.mat
0.8241687056509699,18.583875978203878,4.114173752303391,210.41426877363887,1.8057113258227302,90.49068674352468,1.6294918499266642,74.99337411277442,0.5135734246617976,7.11618305536793,210.41426877363887,KI05,N15_M07_F10,1,N15_M07_F10_KI05_9.mat
