Order_0_20_Mean,Order_0_20_Max,Order_20_50_Mean,Order_20_50_Max,Order_50_100_Mean,Order_50_100_Max,Order_100_200_Mean,Order_100_200_Max,Order_200_400_Mean,Order_200_400_Max,Relative_STFT_Mean,Relative_STFT_Max,Bearing,Condition,RPM,Rotation_Hz,Label,File
6.126624256233325e-05,0.0013246625453694808,5.190094706641724e-05,0.0005058704621321239,5.6858561894534655e-05,0.0005173220570332329,5.046656782408475e-05,0.0005604987271226528,5.6859863312167026e-05,0.0008610026721084525,4.929180700091121e-05,0.0013246625453694808,K001,N09_M07_F10,900.0,15.0,0,N09_M07_F10_K001_1.mat
5.945854969127535e-05,0.001126741238101196,4.4603299558290086e-05,0.0004024413380961102,5.4583396786909416e-05,0.0005214435322619991,5.0702569536755685e-05,0.0006651077532812755,5.4128712949621304e-05,0.0008840331405451697,4.805801168366435e-05,0.001126741238101196,K001,N09_M07_F10,900.0,15.0,0,N09_M07_F10_K001_10.mat
5.789469934531737e-05,0.0010026881272476684,5.201992975969513e-05,0.0004713566111289372,5.466467004811825e-05,0.0005558453119277502,4.853295712437196e-05,0.0005088805830498346,5.694224158844469e-05,0.000849542178675718,4.795401234804572e-05,0.0010026881272476684,K001,N09_M07_F10,900.0,15.0,0,N09_M07_F10_K001_11.mat
5.8644972604021216e-05,0.0011244253153384685,4.537298776987241e-05,0.0005038415165105079,5.123374393508622e-05,0.0005347071196510072,5.0689198853316465e-05,0.0007082882046436824,5.6667651849155895e-05,0.000823081863055585,4.784513695577632e-05,0.0011244253153384685,K001,N09_M07_F10,900.0,15.0,0,N09_M07_F10_K001_12.mat
5.313506479977969e-05,0.0009465479081347543,4.78381388148769e-05,0.00039175101750893345,5.543775844349055e-05,0.0005530565065976565,4.885617581345901e-05,0.0005075788797695903,5.578912383750437e-05,0.0012696583114046149,4.765348064814226e-05,0.0012696583114046149,K001,N09_M07_F10,900.0,15.0,0,N09_M07_F10_K001_13.mat
5.7620774561276114e-05,0.0013825147865998211,4.72602489044136e-05,0.00046856864448822477,5.3820196622517316e-05,0.0005766979548478215,4.847509925717086e-05,0.00048258291698645265,5.6610560414162194e-05,0.0008623746382418445,4.848122869415429e-05,0.0013825147865998211,K001,N09_M07_F10,900.0,15.0,0,N09_M07_F10_K001_14.mat
6.1031549877651895e-05,0.0008063932835726132,4.789490177982228e-05,0.0005660188193860563,5.665457914763713e-05,0.0004989228611606697,4.850896068634237e-05,0.0005213935293732426,5.7569004580667135e-05,0.0010651364709796647,4.8271797472348254e-05,0.0010651364709796647,K001,N09_M07_F10,900.0,15.0,0,N09_M07_F10_K001_15.mat
5.980433369745475e-05,0.0009066668265692439,5.155929573967341e-05,0.0005582634628803327,5.5009763873634656e-05,0.0007293778823154021,4.83304671110558e-05,0.0005213229165641159,5.591375485632635e-05,0.0009215090805415769,4.823801243460272e-05,0.0009215090805415769,K001,N09_M07_F10,900.0,15.0,0,N09_M07_F10_K001_16.mat
6.273035576225256e-05,0.0015016733882665875,4.7280603980703736e-05,0.00041896670205108995,5.1710277754973316e-05,0.0007075479255629814,5.03408807745149e-05,0.0005452053216825312,5.8450134282759375e-05,0.0009059147812304494,4.8471308650665794e-05,0.0015016733882665875,K001,N09_M07_F10,900.0,15.0,0,N09_M07_F10_K001_17.mat
5.9193386545228376e-05,0.0011446224352435145,4.7064580062743995e-05,0.0005141769490745207,5.3207558338301334e-05,0.0005457863900889144,4.730986946368841e-05,0.0005223251051145716,5.7052256682821335e-05,0.0010152907326237443,4.7969154226151694e-05,0.0011446224352435145,K001,N09_M07_F10,900.0,15.0,0,N09_M07_F10_K001_18.mat
6.055588314504449e-05,0.0009052432570292726,5.093444962492472e-05,0.00047917429703575473,5.447880303982901e-05,0.0005209001570143937,4.864014832138799e-05,0.0008492234955623389,5.647894377741147e-05,0.0008204221894585389,4.8447978732432324e-05,0.0009052432570292726,K001,N09_M07_F10,900.0,15.0,0,N09_M07_F10_K001_19.mat
6.230895109956166e-05,0.0011564897131247204,4.5243480271382194e-05,0.0004501816949305061,5.600505071094588e-05,0.0005016197237199103,4.795358778831045e-05,0.0007956388975580258,5.8344760727237696e-05,0.0013025503521073812,4.856580100354916e-05,0.0013025503521073812,K001,N09_M07_F10,900.0,15.0,0,N09_M07_F10_K001_2.mat
5.7370459024728385e-05,0.0007871016072337299,4.81660962389023e-05,0.0004884278643164018,5.3703201724373775e-05,0.0005387475679875537,4.994862034959168e-05,0.0004946315174742544,5.562551261996038e-05,0.0011181125407980228,4.801036329599501e-05,0.0011181125407980228,K001,N09_M07_F10,900.0,15.0,0,N09_M07_F10_K001_20.mat
6.056572658193092e-05,0.001218864113790057,5.030426097836416e-05,0.000489149518781007,5.32880377688522e-05,0.0006209879244656477,4.8986780754270034e-05,0.0005018555467835608,5.630913477418099e-05,0.0011797567756726055,4.7602288414061814e-05,0.001218864113790057,K001,N09_M07_F10,900.0,15.0,0,N09_M07_F10_K001_3.mat
5.873986750300313e-05,0.0015082871447713146,4.86736579771007e-05,0.000680385708100163,5.4246358692502826e-05,0.0004771035350103703,4.7322298602787995e-05,0.0005182797843514416,5.725927993186671e-05,0.0010688978116300564,4.788308564020353e-05,0.0015082871447713146,K001,N09_M07_F10,900.0,15.0,0,N09_M07_F10_K001_4.mat
6.61133808397454e-05,0.0012706370235226446,5.2697719287551064e-05,0.0004597050684222769,5.407790269943523e-05,0.0005751025505291843,5.0588779989618945e-05,0.0006282780432924264,5.672803253569233e-05,0.0011262103619476454,4.8287135842689216e-05,0.0012706370235226446,K001,N09_M07_F10,900.0,15.0,0,N09_M07_F10_K001_5.mat
6.394389614963182e-05,0.0012069845437915987,4.839127603439517e-05,0.0005023385100428967,5.4246918483044885e-05,0.00041948243851859366,4.8657429766300786e-05,0.00047845120180786525,5.6658589232035104e-05,0.0008529420082762848,4.832213978947874e-05,0.0012069845437915987,K001,N09_M07_F10,900.0,15.0,0,N09_M07_F10_K001_6.mat
5.85171848943005e-05,0.001854875425969334,4.6258353161739676e-05,0.0009042100014369808,5.520192828883881e-05,0.0005928196009770869,4.863382324447609e-05,0.0004115228772185981,5.7411677956307335e-05,0.0010240958881689867,4.850110463895767e-05,0.001854875425969334,K001,N09_M07_F10,900.0,15.0,0,N09_M07_F10_K001_7.mat
6.564363000786263e-05,0.0011754669611856328,4.716880437154712e-05,0.0004265360709882144,5.296329088894519e-05,0.0005195980250287267,4.984139991375876e-05,0.0006360769291189961,5.592798429187913e-05,0.001050063051260528,4.846502938528354e-05,0.0011754669611856328,K001,N09_M07_F10,900.0,15.0,0,N09_M07_F10_K001_8.mat
6.207519539484606e-05,0.0013048971182539023,5.1492681477505334e-05,0.0007172212415138249,5.416460852921375e-05,0.0005439887909788743,5.012560656853706e-05,0.0005856416294279226,5.6872186614758226e-05,0.001072617019952728,4.8924869838741686e-05,0.0013048971182539023,K001,N09_M07_F10,900.0,15.0,0,N09_M07_F10_K001_9.mat
5.518071326737063e-05,0.0011827393984577923,5.435390816297763e-05,0.0005416088447853048,5.7811412623895724e-05,0.0007739593509954634,9.655947941254919e-05,0.004056152412445604,8.56578046432173e-05,0.0029633539304416883,5.7086222160822645e-05,0.004056152412445604,K001,N15_M01_F10,1500.0,25.0,0,N15_M01_F10_K001_1.mat
5.815777646519723e-05,0.0012708978932654187,5.658680945262733e-05,0.0006734392803115306,6.0752763462908985e-05,0.0007325744267804707,0.00010066705411957519,0.0027718107870262315,9.082854119426099e-05,0.0026272716982021216,6.02532948116782e-05,0.0027718107870262315,K001,N15_M01_F10,1500.0,25.0,0,N15_M01_F10_K001_10.mat
5.230746157155896e-05,0.0009311676930368844,5.932249296446959e-05,0.0008602538590838173,5.6577500564337515e-05,0.0012463332198327838,0.00010163153803971385,0.003851745412261682,9.306975486031025e-05,0.004011148870244094,5.8709043708247027e-05,0.004011148870244094,K001,N15_M01_F10,1500.0,25.0,0,N15_M01_F10_K001_11.mat
5.970107329212191e-05,0.0014235856384933216,5.685087346606714e-05,0.0005701760404284913,5.9321543853311334e-05,0.0006915349587856405,9.789726889995504e-05,0.003095702699231123,9.258145669838004e-05,0.003680743136116459,6.02945811954743e-05,0.003680743136116459,K001,N15_M01_F10,1500.0,25.0,0,N15_M01_F10_K001_12.mat
5.402551899821906e-05,0.0009148364331052618,5.212146691476698e-05,0.0007657285827878831,5.635301653246976e-05,0.0008999605721616238,9.975904797075858e-05,0.00264639956283793,8.826366165870689e-05,0.003184587687720748,5.749579679590787e-05,0.003184587687720748,K001,N15_M01_F10,1500.0,25.0,0,N15_M01_F10_K001_13.mat
5.684910638686059e-05,0.00085106960520346,5.590801425492681e-05,0.0006072564821379597,5.7719927651741556e-05,0.0009642102230977692,9.807702781962103e-05,0.0026735757394290346,9.180191880825738e-05,0.003949506943071003,5.953161608473868e-05,0.003949506943071003,K001,N15_M01_F10,1500.0,25.0,0,N15_M01_F10_K001_14.mat
5.514354953550033e-05,0.0012150792036906926,5.774696615667941e-05,0.0007431198918370097,5.7503258766645394e-05,0.0006673998330169581,0.00010432355084075734,0.00447556039291289,9.269752138859243e-05,0.0030725353140740167,5.898871632795004e-05,0.00447556039291289,K001,N15_M01_F10,1500.0,25.0,0,N15_M01_F10_K001_15.mat
5.8496244172756e-05,0.0011517311692730047,5.4222342598320004e-05,0.0005981068310458296,5.8445869478544915e-05,0.0008464634729934842,0.0001001750867770055,0.0036830913613063497,9.294344877863098e-05,0.004094924584562801,5.957135700105976e-05,0.004094924584562801,K001,N15_M01_F10,1500.0,25.0,0,N15_M01_F10_K001_16.mat
6.0303201020217035e-05,0.001103550034246208,5.493628944652353e-05,0.0006545949960744243,5.6939674611292973e-05,0.0006636635632909674,9.62469842750482e-05,0.003508055655465344,9.053026407778698e-05,0.0028988012894463865,5.8411983880959635e-05,0.003508055655465344,K001,N15_M01_F10,1500.0,25.0,0,N15_M01_F10_K001_17.mat
5.523641515262917e-05,0.0010956040273696582,5.320114335569177e-05,0.0004987752964603941,5.737886499563715e-05,0.0005883643651686022,9.757683623585937e-05,0.0028954173572457234,8.970689491836211e-05,0.0032243324387646773,5.7359179402471615e-05,0.0032243324387646773,K001,N15_M01_F10,1500.0,25.0,0,N15_M01_F10_K001_18.mat
5.966668185494453e-05,0.0011518753993908749,5.61104098771236e-05,0.0006071372143184734,5.895974329248922e-05,0.0006408442373836283,0.00010082473434674064,0.0032448011377289635,9.266479564632281e-05,0.0026642958214535867,6.077109933553213e-05,0.0032448011377289635,K001,N15_M01_F10,1500.0,25.0,0,N15_M01_F10_K001_19.mat
5.9645268940074884e-05,0.0018751818744898409,5.87128007761793e-05,0.0007683620247282009,6.074771566296176e-05,0.0008660011242561548,9.750966445767254e-05,0.0064149083490809755,8.945190174503072e-05,0.002677648403467128,5.979756833929763e-05,0.0064149083490809755,K001,N15_M01_F10,1500.0,25.0,0,N15_M01_F10_K001_2.mat
5.8238031629725396e-05,0.0009266976421463198,5.6215391365858364e-05,0.0006437161546321157,5.831765884690796e-05,0.0008459054152324127,0.00010010497307471129,0.0032237650988346236,9.249935411674123e-05,0.0033081012947569575,6.049724359868943e-05,0.0033081012947569575,K001,N15_M01_F10,1500.0,25.0,0,N15_M01_F10_K001_20.mat
6.12653087546506e-05,0.0013280995123063168,5.776562762208407e-05,0.0007314872095960248,5.826636796974192e-05,0.0005848895250844094,9.827569182342962e-05,0.0028497477115303183,9.147822628316103e-05,0.0034505032162517302,6.006969017716341e-05,0.0034505032162517302,K001,N15_M01_F10,1500.0,25.0,0,N15_M01_F10_K001_3.mat
5.463630007892808e-05,0.0013859597704466175,5.331784158429478e-05,0.0007053546882202621,5.57704432455187e-05,0.0006501198899701195,9.765573726874959e-05,0.0031826045196881145,8.724521035169073e-05,0.0034960439240229253,5.7065985504289e-05,0.0034960439240229253,K001,N15_M01_F10,1500.0,25.0,0,N15_M01_F10_K001_4.mat
5.535979295996544e-05,0.0013865363997199148,5.397976290665196e-05,0.0010720868194467712,5.648645825206601e-05,0.0007399267748263295,9.640864426663565e-05,0.0038059426535617053,8.93600297086652e-05,0.004517916689533813,5.7843534393105954e-05,0.004517916689533813,K001,N15_M01_F10,1500.0,25.0,0,N15_M01_F10_K001_5.mat
5.366106498994956e-05,0.0012044118794047438,5.290105899068856e-05,0.0005168050418008517,5.747229376536376e-05,0.0006034290451339213,9.774439503203667e-05,0.005566550186981738,8.801776376199666e-05,0.0032777514888072817,5.6951081311272295e-05,0.005566550186981738,K001,N15_M01_F10,1500.0,25.0,0,N15_M01_F10_K001_6.mat
5.593505175234299e-05,0.0010100075975901055,5.242089082525111e-05,0.0006043983612059828,5.89410432633799e-05,0.0008459607475223788,9.629827639688813e-05,0.0025263473772498962,8.942710791439699e-05,0.0027725845384001142,5.788173843649714e-05,0.0027725845384001142,K001,N15_M01_F10,1500.0,25.0,0,N15_M01_F10_K001_7.mat
5.691859006964221e-05,0.000969834536871165,5.2714551097770944e-05,0.0005324321807837664,5.6358175576420635e-05,0.0005287129267732222,9.7187753136823e-05,0.0035597696147092375,8.845350765533173e-05,0.0028056979361284966,5.7291409658097935e-05,0.0035597696147092375,K001,N15_M01_F10,1500.0,25.0,0,N15_M01_F10_K001_8.mat
5.175692550709399e-05,0.0011809498369499685,5.470793192278179e-05,0.00058805357930797,5.397420767094469e-05,0.0007507388054605574,9.66663238223342e-05,0.0033777125238807024,8.803572408733342e-05,0.0052411829086538,5.6491599804643567e-05,0.0052411829086538,K001,N15_M01_F10,1500.0,25.0,0,N15_M01_F10_K001_9.mat
6.009445902675119e-05,0.0011049853991615928,5.8012738431006215e-05,0.0007010230165560016,6.264460886270409e-05,0.000985927942275786,0.00010324484914283885,0.002849075198659722,7.096569082389942e-05,0.001248175306608723,5.839531250174669e-05,0.002849075198659722,K001,N15_M07_F04,1500.0,25.0,0,N15_M07_F04_K001_1.mat
6.0570045619270024e-05,0.0013347120032283796,5.822088607912198e-05,0.0005859519048402496,6.21008878762451e-05,0.0006973837072078916,0.00010349860231364574,0.0027930467653260074,7.1820826517435e-05,0.0015708669797593392,5.893507165807385e-05,0.0027930467653260074,K001,N15_M07_F04,1500.0,25.0,0,N15_M07_F04_K001_10.mat
6.031792861964467e-05,0.0010212573364475675,6.163471606579729e-05,0.0007832768523483569,6.262599457403673e-05,0.0006899086586248849,0.00010640941253895099,0.003925829321301342,7.044950361867925e-05,0.0018909300241972832,5.8512459924864996e-05,0.003925829321301342,K001,N15_M07_F04,1500.0,25.0,0,N15_M07_F04_K001_11.mat
5.830820858145393e-05,0.0009186809930758765,5.650882362752936e-05,0.0007280466521138328,5.816367973539817e-05,0.0007683385784332203,0.0001017231308875328,0.0027791878173258687,6.842850977292833e-05,0.0012298834869478525,5.537615456636207e-05,0.0027791878173258687,K001,N15_M07_F04,1500.0,25.0,0,N15_M07_F04_K001_12.mat
5.8536985544012044e-05,0.001398071647414486,5.54014923646648e-05,0.000913815014648618,6.229121967221136e-05,0.0007916825606397437,0.00010048785987804617,0.00281574423147564,6.882845198380855e-05,0.0013795021138450173,5.6055525908362667e-05,0.00281574423147564,K001,N15_M07_F04,1500.0,25.0,0,N15_M07_F04_K001_13.mat
5.65883698871252e-05,0.0012048627064087842,5.501914273955778e-05,0.0007543164285206284,5.936367490729433e-05,0.0007300766334847039,0.00010065072733223573,0.002897226280703185,6.766259649384767e-05,0.001616180055942998,5.5193329475266194e-05,0.002897226280703185,K001,N15_M07_F04,1500.0,25.0,0,N15_M07_F04_K001_14.mat
6.171325068678676e-05,0.001173538036548406,5.9446407639264974e-05,0.0005953866044815938,6.511314272290721e-05,0.0006953255029892247,0.00010713057524410654,0.003671516706097058,7.225241183347983e-05,0.0014232671205996715,5.961007943742594e-05,0.003671516706097058,K001,N15_M07_F04,1500.0,25.0,0,N15_M07_F04_K001_15.mat
6.0435443657058756e-05,0.0009871872198735456,5.7979510723021615e-05,0.0007649443959742257,5.8134472823356954e-05,0.0007665297630173334,0.00010044895890785092,0.0030328042573615336,6.733862344799219e-05,0.0014936066890796236,5.549860089811602e-05,0.0030328042573615336,K001,N15_M07_F04,1500.0,25.0,0,N15_M07_F04_K001_16.mat
5.998644492714552e-05,0.001798963848369654,5.7170679975634525e-05,0.0006125443411053559,5.678483676829619e-05,0.0005625516224662975,0.00010237089914562263,0.0027860614912220342,6.690525508017885e-05,0.0014102872418014114,5.452524967508324e-05,0.0027860614912220342,K001,N15_M07_F04,1500.0,25.0,0,N15_M07_F04_K001_17.mat
6.382074376354146e-05,0.0011138143285838273,6.275860764480201e-05,0.0007225457232088498,5.967507788832459e-05,0.0007463944125685815,0.00010471764140374863,0.0025947439814036307,7.054077484200792e-05,0.0016536296757749189,5.826874380808197e-05,0.0025947439814036307,K001,N15_M07_F04,1500.0,25.0,0,N15_M07_F04_K001_18.mat
5.546763956010635e-05,0.0008887613062074204,5.877631340548864e-05,0.0009239888817575349,6.27272142663918e-05,0.0007354377288018846,0.0001063948221609969,0.003553407296880393,6.952049567774193e-05,0.0020726210814909374,5.758677614580098e-05,0.003553407296880393,K001,N15_M07_F04,1500.0,25.0,0,N15_M07_F04_K001_19.mat
5.73230053415104e-05,0.0014829425483345532,5.60183882207034e-05,0.0008299140777981122,5.879966281314015e-05,0.0007396429220534498,9.975149193418047e-05,0.002166283020897994,6.841232155611437e-05,0.0014034396359087075,5.51194368721967e-05,0.002166283020897994,K001,N15_M07_F04,1500.0,25.0,0,N15_M07_F04_K001_2.mat
6.21066491760458e-05,0.0009992522276200278,5.063408461538172e-05,0.0004247412163722936,6.151224928139199e-05,0.0007450174167933293,0.00010657770763211727,0.004424855316702658,6.65757157028928e-05,0.0014839404812207985,5.5131347457079226e-05,0.004424855316702658,K001,N15_M07_F04,1500.0,25.0,0,N15_M07_F04_K001_20.mat
6.122527932333929e-05,0.0013239996427201024,5.742035612903792e-05,0.0007084717041460532,6.083679899975537e-05,0.0006532715284310063,0.00010360637102351192,0.003314109674198517,7.045499597125717e-05,0.002024931266924613,5.781468910216565e-05,0.003314109674198517,K001,N15_M07_F04,1500.0,25.0,0,N15_M07_F04_K001_3.mat
6.195084726487981e-05,0.0011412672707218669,5.8662238473436e-05,0.000679160169774045,6.104156579859928e-05,0.00064312098926672,0.00010559925339090683,0.003414094305634086,6.908236441419066e-05,0.0013681988595588646,5.7678697336849396e-05,0.003414094305634086,K001,N15_M07_F04,1500.0,25.0,0,N15_M07_F04_K001_4.mat
5.9203489020140194e-05,0.0015088689398590832,5.676420298394568e-05,0.0010985304937565369,6.135540706869913e-05,0.0007943618235980937,0.00010332334936723414,0.0031462223202389458,6.810868029012097e-05,0.00157041723413351,5.649711071637621e-05,0.0031462223202389458,K001,N15_M07_F04,1500.0,25.0,0,N15_M07_F04_K001_5.mat
5.81945896738301e-05,0.0008989176756422312,5.885665193225224e-05,0.0008351593451171995,5.941183157513028e-05,0.0006530506933224898,0.0001041975479527105,0.002696139091944706,7.097050114074717e-05,0.001455421474768271,5.7700896701510956e-05,0.002696139091944706,K001,N15_M07_F04,1500.0,25.0,0,N15_M07_F04_K001_6.mat
6.613407527619825e-05,0.0013395566126610632,5.94128583862824e-05,0.0005334343508372139,6.310087209355285e-05,0.0008145847618383524,0.00010793107952200299,0.0030177953128867016,7.153187426969829e-05,0.0013983745897904142,5.9846451614871485e-05,0.0030177953128867016,K001,N15_M07_F04,1500.0,25.0,0,N15_M07_F04_K001_7.mat
6.033514416129452e-05,0.0010647986217314316,5.704896753336622e-05,0.0006883003336590621,6.222669336055735e-05,0.0008195557032338867,0.00010320998592949436,0.003205648533861287,6.979897037056542e-05,0.0018017600642189328,5.708993806573026e-05,0.003205648533861287,K001,N15_M07_F04,1500.0,25.0,0,N15_M07_F04_K001_8.mat
5.628272933002964e-05,0.001299889605003603,5.5452561672929565e-05,0.0005682797969624318,5.937011061300715e-05,0.0007549654963273341,0.00010505505965111726,0.0050554004206705,6.762029309099773e-05,0.0015730550108175418,5.531744615682223e-05,0.0050554004206705,K001,N15_M07_F04,1500.0,25.0,0,N15_M07_F04_K001_9.mat
6.009992627576027e-05,0.00110605902035493,5.8210866864117916e-05,0.0009724028703075937,5.8494011784273474e-05,0.0006990156047114207,0.00010018112096663852,0.002765250640521291,9.2837285797968e-05,0.003655975377868731,6.014450285996197e-05,0.003655975377868731,K001,N15_M07_F10,1500.0,25.0,0,N15_M07_F10_K001_1.mat
5.944190545137139e-05,0.001189137955368164,5.813470348204542e-05,0.0005947648165331069,6.167757168408028e-05,0.0008933002026830816,0.0001032448986767173,0.00415970300611575,9.363050582197192e-05,0.0032260276920465596,6.111021367540562e-05,0.00415970300611575,K001,N15_M07_F10,1500.0,25.0,0,N15_M07_F10_K001_10.mat
6.217264936036558e-05,0.0013677782764560812,5.7816520536922556e-05,0.0006117271625770395,5.909201595204996e-05,0.0006520198316456918,9.659717203624824e-05,0.0024948894483227133,9.432857568231449e-05,0.0029547894467475324,6.056117670114964e-05,0.0029547894467475324,K001,N15_M07_F10,1500.0,25.0,0,N15_M07_F10_K001_11.mat
5.8182222317667354e-05,0.0014281941557157955,5.351541628498123e-05,0.000560106619924762,5.680782768711786e-05,0.0008353433213673955,9.800508583525365e-05,0.004798467570969456,8.821565930133893e-05,0.002410150580553137,5.701174821956521e-05,0.004798467570969456,K001,N15_M07_F10,1500.0,25.0,0,N15_M07_F10_K001_12.mat
5.886807776706858e-05,0.0011507756394814686,5.539910067708721e-05,0.000508640910359081,5.8120271396507406e-05,0.0008337283950548304,0.00010090757599377672,0.0033501394559068472,9.337350798845458e-05,0.003808395145582453,5.9597547355369293e-05,0.003808395145582453,K001,N15_M07_F10,1500.0,25.0,0,N15_M07_F10_K001_13.mat
6.0866331672754036e-05,0.0014251771970292659,5.3729528774060453e-05,0.0008242031391117028,5.627106020988765e-05,0.0006880474452230365,9.766050408456781e-05,0.0030441533631937402,9.249951488701086e-05,0.004157812909336818,5.8887457350382745e-05,0.004157812909336818,K001,N15_M07_F10,1500.0,25.0,0,N15_M07_F10_K001_14.mat
6.270699085385379e-05,0.0016287944645224548,5.423464871643576e-05,0.0006007747059358459,5.888002776456026e-05,0.0007039510112274363,0.00010005047536799035,0.00252085957063614,9.273864067963346e-05,0.0026677598802555044,6.0424543311170985e-05,0.0026677598802555044,K001,N15_M07_F10,1500.0,25.0,0,N15_M07_F10_K001_15.mat
5.8387471856112304e-05,0.0012413328184083965,5.527193156923137e-05,0.0005573892223533332,5.608298108132998e-05,0.0006760794602789656,9.971618600780793e-05,0.0051382214254907755,9.22072728427249e-05,0.003667546369418432,5.8615182325321684e-05,0.0051382214254907755,K001,N15_M07_F10,1500.0,25.0,0,N15_M07_F10_K001_16.mat
5.5541767062182065e-05,0.0013417344948776953,5.466913327097524e-05,0.0008060926889474008,5.864093255195023e-05,0.0006264835139735633,0.00010186291026593918,0.0030905188420445534,9.2628495844427e-05,0.00517609644047661,5.815648112186289e-05,0.00517609644047661,K001,N15_M07_F10,1500.0,25.0,0,N15_M07_F10_K001_17.mat
5.877685849377894e-05,0.0012126301002000498,5.614912934637558e-05,0.000481377417941074,5.7724520529438656e-05,0.0006615035837722359,9.620492660104218e-05,0.0029869280906169053,9.092991873436301e-05,0.003138828630196265,5.875689314809472e-05,0.003138828630196265,K001,N15_M07_F10,1500.0,25.0,0,N15_M07_F10_K001_18.mat
6.0327538198106734e-05,0.0015849795446516112,5.46912535240885e-05,0.0006542905283638593,6.0684731395580714e-05,0.0007035638556292574,0.00010041394647685556,0.0031827685014260195,9.216516243569517e-05,0.0023312741682113007,5.967050962043752e-05,0.0031827685014260195,K001,N15_M07_F10,1500.0,25.0,0,N15_M07_F10_K001_19.mat
5.8227207145413456e-05,0.0014601373066858065,5.5441700896786485e-05,0.0007145565187630398,5.729257527886151e-05,0.0008137486573154291,9.8534986351917e-05,0.003070602578994622,8.908954865838534e-05,0.0025714865419285437,5.7046242815008344e-05,0.003070602578994622,K001,N15_M07_F10,1500.0,25.0,0,N15_M07_F10_K001_2.mat
6.051642327573659e-05,0.0015057768328573234,5.738592436801396e-05,0.0006157007175871786,5.65208986733727e-05,0.001201817571524248,9.969317533415644e-05,0.0034712605695420224,9.414132252760768e-05,0.0025434594963573377,5.971358839041726e-05,0.0034712605695420224,K001,N15_M07_F10,1500.0,25.0,0,N15_M07_F10_K001_20.mat
5.8144182608454695e-05,0.0016329447157982428,5.461355976346875e-05,0.0008394592833563243,5.618570556100992e-05,0.0007007101803469901,0.0001026637660588492,0.004834020425366044,9.20095026293069e-05,0.0032867188420545347,5.874774224350858e-05,0.004834020425366044,K001,N15_M07_F10,1500.0,25.0,0,N15_M07_F10_K001_3.mat
5.836080068180695e-05,0.001381166667117041,5.7742396065151376e-05,0.0007034972366940557,5.672128272373229e-05,0.001006607488571141,0.00010430561600835228,0.003963941462485296,9.080324825813504e-05,0.002918220378301708,5.800842795444495e-05,0.003963941462485296,K001,N15_M07_F10,1500.0,25.0,0,N15_M07_F10_K001_4.mat
5.812656577439915e-05,0.0012874672426377554,5.396602363990126e-05,0.0005436609832971023,5.585458535222748e-05,0.00105374564151314,9.47406236340107e-05,0.002854960604813709,8.94327571928818e-05,0.0037908653451502183,5.6865734674100044e-05,0.0037908653451502183,K001,N15_M07_F10,1500.0,25.0,0,N15_M07_F10_K001_5.mat
6.0738768856362176e-05,0.0013816149776764196,5.983152358029727e-05,0.0006749309435508375,5.964647560817316e-05,0.0006252892974003226,9.697586266989339e-05,0.0028532211436270963,9.155808047960319e-05,0.0029644458485897276,6.02741723632057e-05,0.0029644458485897276,K001,N15_M07_F10,1500.0,25.0,0,N15_M07_F10_K001_6.mat
5.746837985730558e-05,0.001319523526499654,5.824361938483796e-05,0.0006896330247260065,6.12749148436738e-05,0.0007678921886175472,0.00010083606480218008,0.0026705167197766154,9.466610607809382e-05,0.003188078770582386,6.099657237101366e-05,0.003188078770582386,K001,N15_M07_F10,1500.0,25.0,0,N15_M07_F10_K001_7.mat
5.6106492164365334e-05,0.0010616803339663196,5.422996215985439e-05,0.0008228278558041991,5.521468698901658e-05,0.000773160019077601,9.516068436878203e-05,0.003754963153691191,8.70063688800271e-05,0.003056406825351577,5.562792173278889e-05,0.003754963153691191,K001,N15_M07_F10,1500.0,25.0,0,N15_M07_F10_K001_8.mat
6.0740625949308314e-05,0.0014245445439343412,5.835786111431887e-05,0.0008080746371299912,6.127898891824382e-05,0.0007381789650310431,9.88073921179074e-05,0.0029136596160986264,9.340726860608191e-05,0.0032735315190233726,6.066498949052193e-05,0.0032735315190233726,K001,N15_M07_F10,1500.0,25.0,0,N15_M07_F10_K001_9.mat
1.6313581434257123e-05,0.00032550966682227115,1.3873448059038394e-05,0.0001589357362925634,2.1478069352374057e-05,0.0003559574163225746,1.222812263457805e-05,0.00016586687414147486,1.5205339851848678e-05,0.0005835836088912732,1.1625470206916466e-05,0.0005835836088912732,K002,N09_M07_F10,900.0,15.0,0,N09_M07_F10_K002_1.mat
1.5703211997737967e-05,0.00038088443050660336,1.2148082631902248e-05,0.00014754622113349292,1.9516705869260192e-05,0.00028907524214790196,1.141113708332425e-05,0.00021581362413791784,1.5616778180173316e-05,0.0004237100917879571,1.1302315710900182e-05,0.0004237100917879571,K002,N09_M07_F10,900.0,15.0,0,N09_M07_F10_K002_10.mat
1.8405742380707026e-05,0.0003519618807062122,1.3887325726160873e-05,0.0001997335246555328,1.9837864269190225e-05,0.0003397751476463497,1.152199775578324e-05,0.00014363294182252251,1.562894360676661e-05,0.00036755904089238176,1.1373465152494726e-05,0.00036755904089238176,K002,N09_M07_F10,900.0,15.0,0,N09_M07_F10_K002_11.mat
1.6465629114753404e-05,0.0006409750403756406,1.2112793201082994e-05,0.0001572149790400016,1.9674750606554734e-05,0.0004279087690669742,1.159293745301173e-05,0.00015885971035692697,1.47283911150242e-05,0.00031616065231598384,1.1106355601568303e-05,0.0006409750403756406,K002,N09_M07_F10,900.0,15.0,0,N09_M07_F10_K002_12.mat
1.5364045179238084e-05,0.0003228289909686317,1.262012347882891e-05,0.00014100823155627811,1.888001094223925e-05,0.00025086212591147994,1.1679817570870136e-05,0.0001783153865108449,1.5193548082282033e-05,0.0005510885044889296,1.1068592591670799e-05,0.0005510885044889296,K002,N09_M07_F10,900.0,15.0,0,N09_M07_F10_K002_13.mat
1.610448449760902e-05,0.0003827630221231079,1.258140031525035e-05,0.0001383830106463308,2.053316564408229e-05,0.00034036980296511506,1.1828551555600084e-05,0.00015383126521637634,1.5551254149634488e-05,0.0004606733322415807,1.1197254476082836e-05,0.0004606733322415807,K002,N09_M07_F10,900.0,15.0,0,N09_M07_F10_K002_14.mat
1.616542144886779e-05,0.0002974766904894094,1.2959236568773284e-05,0.00019633925422456722,2.1138368188913287e-05,0.0002632570720020443,1.1543961789426636e-05,0.00013397524081706647,1.491684297018925e-05,0.0004963115593593285,1.1360721643999087e-05,0.0004963115593593285,K002,N09_M07_F10,900.0,15.0,0,N09_M07_F10_K002_15.mat
1.6710985389959175e-05,0.0003182911755893498,1.2704885820936909e-05,0.00018962142746000116,2.0774957563383154e-05,0.00029047905412633423,1.1846723238045605e-05,0.00016790560300716488,1.484952858513989e-05,0.00039685996499771574,1.1200476319475798e-05,0.00039685996499771574,K002,N09_M07_F10,900.0,15.0,0,N09_M07_F10_K002_16.mat
1.690979102412265e-05,0.00042211962728635544,1.2509781006632766e-05,0.00016838681596638858,1.9823098064771496e-05,0.00034353826805090277,1.1851355630764536e-05,0.00015916134160877355,1.5422568199957173e-05,0.0004702083295137305,1.1123624266702349e-05,0.0004702083295137305,K002,N09_M07_F10,900.0,15.0,0,N09_M07_F10_K002_17.mat
1.5193023556609823e-05,0.00044511841065331196,1.252555168396436e-05,0.00017426875828320694,2.1619799642400117e-05,0.00035352270415209595,1.1846807393667613e-05,0.00016690526704767243,1.5154169352970974e-05,0.00039929820279956737,1.1419988842278575e-05,0.00044511841065331196,K002,N09_M07_F10,900.0,15.0,0,N09_M07_F10_K002_18.mat
1.676760860037477e-05,0.00043980087683313985,1.2796614611202446e-05,0.00013851304011636788,1.9422850594638938e-05,0.0003026609546673106,1.1850086438080856e-05,0.0001810241422596139,1.5519138829263124e-05,0.00043676881452850853,1.103677879635423e-05,0.00043980087683313985,K002,N09_M07_F10,900.0,15.0,0,N09_M07_F10_K002_19.mat
1.683753282249252e-05,0.00040340949766442267,1.2600463038237894e-05,0.0001460140697269862,2.0063040606699848e-05,0.0004163665027442122,1.0964917820074225e-05,0.00015096165557121474,1.7470043223179546e-05,0.0004996853486652338,1.1355310474458887e-05,0.0004996853486652338,K002,N09_M07_F10,900.0,15.0,0,N09_M07_F10_K002_2.mat
1.6130034828186748e-05,0.00038345664791846645,1.2026236814604293e-05,0.0001346512871233602,1.9945741412323272e-05,0.00023120915962393743,1.0935678799402151e-05,0.00014154898986532647,1.4661600971600178e-05,0.0005028320082481736,1.0973260824801943e-05,0.0005028320082481736,K002,N09_M07_F10,900.0,15.0,0,N09_M07_F10_K002_20.mat
1.5729882696451097e-05,0.0003065394464024774,1.2730896824318532e-05,0.00014242517724190828,1.8793023575305395e-05,0.0003396341327235793,1.1387631721525427e-05,0.00017774668664145287,1.6071570024603083e-05,0.00042876281710466975,1.1293013209678841e-05,0.00042876281710466975,K002,N09_M07_F10,900.0,15.0,0,N09_M07_F10_K002_3.mat
1.6423691350020457e-05,0.0003282613760156344,1.265353674393061e-05,0.00013166516902370887,2.0238545601753638e-05,0.00025323016799594844,1.1806058012419406e-05,0.0001305980235748142,1.4794320348610077e-05,0.0003958592672152697,1.1207807683383055e-05,0.0003958592672152697,K002,N09_M07_F10,900.0,15.0,0,N09_M07_F10_K002_4.mat
1.666797757166519e-05,0.00033742227184656434,1.3016271972501109e-05,0.00016271793176765128,2.0881065225484568e-05,0.00033654272570863056,1.1993372970831105e-05,0.00014127771523617054,1.4645031534914143e-05,0.00036529050287211504,1.1346201203066408e-05,0.00036529050287211504,K002,N09_M07_F10,900.0,15.0,0,N09_M07_F10_K002_5.mat
1.5297904069828148e-05,0.0003883316322665275,1.3688539873707175e-05,0.00018713580642427998,1.7834938167462854e-05,0.00026355815463051396,1.1429844615081329e-05,0.00015128154045377604,1.5897740263698217e-05,0.0004246752221018723,1.1182952905744377e-05,0.0004246752221018723,K002,N09_M07_F10,900.0,15.0,0,N09_M07_F10_K002_6.mat
1.7279672151444002e-05,0.0004517592057032482,1.3480339906770078e-05,0.00016135217272199873,2.0315501892951503e-05,0.0003323335205472818,1.1796985206358285e-05,0.00016274747661242946,1.545547548262164e-05,0.0004394341635446741,1.1443939570097459e-05,0.0004517592057032482,K002,N09_M07_F10,900.0,15.0,0,N09_M07_F10_K002_7.mat
1.6418323439060895e-05,0.0003941413332912839,1.3193906420126349e-05,0.00018469122908626164,1.849790990837374e-05,0.00027502511663597554,1.1674610717430676e-05,0.00018017191070067987,1.5627988307693372e-05,0.00043594575452114763,1.1225221182187334e-05,0.00043594575452114763,K002,N09_M07_F10,900.0,15.0,0,N09_M07_F10_K002_8.mat
1.598082110731069e-05,0.00036128103673490535,1.2650631583614424e-05,0.00019970654562257112,1.9812108228899664e-05,0.000262696166241233,1.1720780564355838e-05,0.00016439738856931894,1.5067267567977221e-05,0.0005688187855572534,1.1322306197060634e-05,0.0005688187855572534,K002,N09_M07_F10,900.0,15.0,0,N09_M07_F10_K002_9.mat
1.5098776893447886e-05,0.00034241064499183053,3.3100151648851725e-05,0.0007985884675235011,0.00010257712970493237,0.0046870154041669075,3.8911522087781956e-05,0.00200247597625184,3.6677031070020615e-05,0.002716966172952389,2.043755693898322e-05,0.0046870154041669075,K002,N15_M01_F10,1500.0,25.0,0,N15_M01_F10_K002_1.mat
1.5607371870789436e-05,0.0005274993503169467,2.6047541879082864e-05,0.0005053961378039982,9.827262715880129e-05,0.003480838048841641,3.830243503931075e-05,0.0017163076052072257,3.332493655255388e-05,0.002859243183830229,1.9689114425639158e-05,0.003480838048841641,K002,N15_M01_F10,1500.0,25.0,0,N15_M01_F10_K002_10.mat
1.4581462647394543e-05,0.00029284988414646755,3.0368680238215272e-05,0.0006318069081494399,9.277913783335595e-05,0.004350559038871299,3.7316073446206616e-05,0.0020272772845900027,3.36746162458257e-05,0.002133417964727844,1.9376968771234456e-05,0.004350559038871299,K002,N15_M01_F10,1500.0,25.0,0,N15_M01_F10_K002_11.mat
1.6267288703955547e-05,0.00037291257724030453,3.255221308624186e-05,0.0006960531136962202,0.00010856118022283749,0.0038302734390548566,4.021571346696179e-05,0.0025470619196492615,3.362271190334869e-05,0.0019981311580773674,2.078734941174013e-05,0.0038302734390548566,K002,N15_M01_F10,1500.0,25.0,0,N15_M01_F10_K002_12.mat
1.499675644845226e-05,0.000342343492903469,3.145409170896195e-05,0.0008205198193866189,0.00010237928037226763,0.00370709908459354,3.806366409019069e-05,0.0019503581032329642,3.162725499656823e-05,0.002369378000385017,1.978715235150665e-05,0.00370709908459354,K002,N15_M01_F10,1500.0,25.0,0,N15_M01_F10_K002_13.mat
1.4687121511343395e-05,0.00037271931336554806,3.0158143816363737e-05,0.0005440562184806582,9.61513782643238e-05,0.0036825758191031542,4.094098083835062e-05,0.0029093461866132636,3.3521667418362947e-05,0.0020833848502060915,1.994931092674382e-05,0.0036825758191031542,K002,N15_M01_F10,1500.0,25.0,0,N15_M01_F10_K002_14.mat
1.5503425855235977e-05,0.0003339288816081828,2.9710905901601507e-05,0.0004710956758154582,0.00011068377889494568,0.0033118123572812162,3.76811472174654e-05,0.0014858580495626646,3.3039914363284544e-05,0.0023242180665374117,2.0210323162132963e-05,0.0033118123572812162,K002,N15_M01_F10,1500.0,25.0,0,N15_M01_F10_K002_15.mat
1.5238603688031512e-05,0.00030188146525805506,3.0480297254951745e-05,0.0005941116786432539,9.844432397714132e-05,0.0037445720681374235,4.36566269132692e-05,0.002264905166254278,3.294592889287759e-05,0.002206191166776114,2.018827238670062e-05,0.0037445720681374235,K002,N15_M01_F10,1500.0,25.0,0,N15_M01_F10_K002_16.mat
1.5889061468934465e-05,0.0003916356299361138,3.254245225396978e-05,0.0006548606591972591,0.00010178331082478759,0.0033979033279861594,3.756786456112889e-05,0.0013579882709581954,3.335398357826721e-05,0.0024388827741007937,2.030218109886875e-05,0.0033979033279861594,K002,N15_M01_F10,1500.0,25.0,0,N15_M01_F10_K002_17.mat
1.4650951231872418e-05,0.00037035610690292826,3.226825335956654e-05,0.0006921711495546339,0.00011318688375748411,0.0033811517496012845,3.857017692412957e-05,0.0013655861571354021,3.156687347454987e-05,0.0015227262097903909,2.0469322724106458e-05,0.0033811517496012845,K002,N15_M01_F10,1500.0,25.0,0,N15_M01_F10_K002_18.mat
1.5273063310670496e-05,0.00047933024690753384,3.4669626336620396e-05,0.0008426725502954661,9.782133563411162e-05,0.003712639100769287,3.6982397661550125e-05,0.0020172220775036436,3.242735636282203e-05,0.0022695485795792497,1.9469838480492604e-05,0.003712639100769287,K002,N15_M01_F10,1500.0,25.0,0,N15_M01_F10_K002_19.mat
1.53020888332737e-05,0.00032819942292094484,3.2721588152312986e-05,0.0006730499442754767,9.716462321633622e-05,0.003928094613516326,3.764285528649359e-05,0.0017951652901494796,3.029238961318882e-05,0.0016326050165827923,1.9204107733947446e-05,0.003928094613516326,K002,N15_M01_F10,1500.0,25.0,0,N15_M01_F10_K002_2.mat
1.5157312788756743e-05,0.00037228447566429687,3.396909446942958e-05,0.0007684491642170772,9.801336847538548e-05,0.003466478417069189,3.9035679816211294e-05,0.0015250469357649039,3.278467473509913e-05,0.0025212933756942543,1.9809036745691582e-05,0.003466478417069189,K002,N15_M01_F10,1500.0,25.0,0,N15_M01_F10_K002_20.mat
1.4993811176227495e-05,0.0003771233226381909,3.116993682151347e-05,0.0006239557597454837,9.634562134543913e-05,0.004277678301367929,3.848047628501778e-05,0.0022449548203967583,3.663515988670015e-05,0.002769074815661441,2.0270309643194793e-05,0.004277678301367929,K002,N15_M01_F10,1500.0,25.0,0,N15_M01_F10_K002_3.mat
1.5657929498162845e-05,0.00040213643754548366,3.091698980138222e-05,0.000554518595589399,0.00010055585843734495,0.004191359670994709,3.7726023126762743e-05,0.0017132247569576558,3.811216840300911e-05,0.00351107726025475,2.0926637586309374e-05,0.004191359670994709,K002,N15_M01_F10,1500.0,25.0,0,N15_M01_F10_K002_4.mat
1.5857048076500416e-05,0.0003434354445123176,3.608165965546094e-05,0.0008387835220170719,0.00010072047979783724,0.0042127042247592115,3.912415420735666e-05,0.0027180667363845773,3.655224231550136e-05,0.0031350749782710517,2.1111601194645816e-05,0.0042127042247592115,K002,N15_M01_F10,1500.0,25.0,0,N15_M01_F10_K002_5.mat
1.5440552654598145e-05,0.00036638062605193536,3.555684673151342e-05,0.0008084669368260833,0.00010143658634506481,0.004223747312493421,3.82924327969888e-05,0.0015926372274661924,3.7464567564016685e-05,0.003381800626012186,2.108711067865893e-05,0.004223747312493421,K002,N15_M01_F10,1500.0,25.0,0,N15_M01_F10_K002_6.mat
1.4504620657237056e-05,0.0003661132321225961,3.1848351686991185e-05,0.0005556698368819884,9.966566686493917e-05,0.003977963587139657,3.881433948314168e-05,0.002019914696737719,3.3432986363455534e-05,0.0019722251911839634,2.0239767157750432e-05,0.003977963587139657,K002,N15_M01_F10,1500.0,25.0,0,N15_M01_F10_K002_7.mat
1.6156807661625638e-05,0.0005132176208542668,2.8538171192034497e-05,0.0005072095377863139,0.00010339645296721193,0.0037855343151914763,3.7715439453924206e-05,0.0014193829294979502,3.229753843331308e-05,0.0019518795222932383,1.9997200021245313e-05,0.0037855343151914763,K002,N15_M01_F10,1500.0,25.0,0,N15_M01_F10_K002_8.mat
1.430093488821675e-05,0.000364829535273466,2.8733250804834018e-05,0.0005494437828492349,9.911355510977439e-05,0.003958436378787519,3.8015967067121045e-05,0.0022271903203787903,3.29510926452051e-05,0.0023088427102795385,1.953656016069905e-05,0.003958436378787519,K002,N15_M01_F10,1500.0,25.0,0,N15_M01_F10_K002_9.mat
1.4517425429146355e-05,0.00030897906558257124,2.020111136073734e-05,0.0004107407069916893,8.318128130655282e-05,0.0028579153076186917,4.0832395102179596e-05,0.0016883962901729313,2.1244985818487845e-05,0.0009632288647640341,1.7026995247416363e-05,0.0028579153076186917,K002,N15_M07_F04,1500.0,25.0,0,N15_M07_F04_K002_1.mat
1.632107148669956e-05,0.0005274845036674792,2.7672387908872957e-05,0.0007330089382324681,7.678384537478966e-05,0.0028296349869879173,5.05839114286441e-05,0.002260303716798159,2.2146736741174836e-05,0.0006855544002737332,1.8397414011210782e-05,0.0028296349869879173,K002,N15_M07_F04,1500.0,25.0,0,N15_M07_F04_K002_10.mat
1.536945232200534e-05,0.00043800411143181617,2.608195043471318e-05,0.0008152122410227932,7.877801580369938e-05,0.002802787156404605,4.1521794632323996e-05,0.0018660668873221448,2.1256258223913993e-05,0.0006537123819301397,1.748720361372356e-05,0.002802787156404605,K002,N15_M07_F04,1500.0,25.0,0,N15_M07_F04_K002_11.mat
1.5260017057765336e-05,0.0004757824542177317,1.81942008088702e-05,0.0003445782908409325,7.826362906088488e-05,0.0027444459743409173,4.0268394465654925e-05,0.0018055593281431487,2.085197733649723e-05,0.0010649913764888231,1.6732478036326627e-05,0.0027444459743409173,K002,N15_M07_F04,1500.0,25.0,0,N15_M07_F04_K002_12.mat
1.6152463281140366e-05,0.0004471210382349165,2.3888255730311543e-05,0.000626555209184925,7.692214062363889e-05,0.0028483841148802405,4.24905532685656e-05,0.0013811859910660912,2.075548680680246e-05,0.0007556331156382915,1.7072028791764517e-05,0.0028483841148802405,K002,N15_M07_F04,1500.0,25.0,0,N15_M07_F04_K002_13.mat
1.5037927317544884e-05,0.00047119108006850004,2.354918069095626e-05,0.0007206372847129008,7.423075747420991e-05,0.002776570935451649,4.177329523348335e-05,0.001755637486135201,2.1679808747090937e-05,0.0006460279973172261,1.7357514461004823e-05,0.002776570935451649,K002,N15_M07_F04,1500.0,25.0,0,N15_M07_F04_K002_14.mat
1.5890107455246858e-05,0.0005447803888816305,2.948715332100412e-05,0.0008737517980619277,8.025620258019677e-05,0.0027372021389767327,4.053519338231772e-05,0.002012685133939421,2.0742257513145545e-05,0.0006475313056276317,1.7386448492938953e-05,0.0027372021389767327,K002,N15_M07_F04,1500.0,25.0,0,N15_M07_F04_K002_15.mat
1.5929675841294258e-05,0.0005189998757013124,2.7053509568316728e-05,0.000650403815952022,7.941192951918149e-05,0.0031285866789385166,4.199444447411239e-05,0.0016064649294243892,2.104746596087819e-05,0.0009215029767898602,1.7286838541111744e-05,0.0031285866789385166,K002,N15_M07_F04,1500.0,25.0,0,N15_M07_F04_K002_16.mat
1.6034037409221933e-05,0.0004983031017825566,2.8005400310815384e-05,0.0007231286650384903,7.1980700366431e-05,0.002830605073122184,4.262347116580132e-05,0.0013185578140791604,2.126788224236109e-05,0.0006531159818685915,1.7124166505636194e-05,0.002830605073122184,K002,N15_M07_F04,1500.0,25.0,0,N15_M07_F04_K002_17.mat
1.617733331984077e-05,0.00047053545746912346,2.1813875538676396e-05,0.0005117769925741629,7.718974807692585e-05,0.002966238125324616,4.2142551795787e-05,0.0012176330285440173,2.1525554655383435e-05,0.0011856659646247404,1.7531000826124117e-05,0.002966238125324616,K002,N15_M07_F04,1500.0,25.0,0,N15_M07_F04_K002_18.mat
1.4848262246865844e-05,0.0005132466990751292,2.1844840311485027e-05,0.0006322291107251173,7.297373676709595e-05,0.002759617291537194,4.0445873513403384e-05,0.0013454194899296657,2.118268775898156e-05,0.0009522350880555418,1.6645851982740516e-05,0.002759617291537194,K002,N15_M07_F04,1500.0,25.0,0,N15_M07_F04_K002_19.mat
1.7577024563243066e-05,0.0005931589937058049,2.653197496579513e-05,0.0006428399583917712,7.508549655817152e-05,0.003189676343093018,4.078882195499936e-05,0.001323032358669773,2.119556831068603e-05,0.0007617486962697238,1.7490902694256994e-05,0.003189676343093018,K002,N15_M07_F04,1500.0,25.0,0,N15_M07_F04_K002_2.mat
1.697474065178113e-05,0.0004348085439978184,2.5938673325596818e-05,0.0007623154572954254,7.559053059886866e-05,0.0030787655607395423,4.42684479899863e-05,0.002306620057167822,2.129927799919821e-05,0.000768468029718554,1.769412718901728e-05,0.0030787655607395423,K002,N15_M07_F04,1500.0,25.0,0,N15_M07_F04_K002_20.mat
1.4795422304911813e-05,0.0004877571783845479,2.0741647656139785e-05,0.00045991861016494133,8.230597331877141e-05,0.0031654959255576942,4.847133754788796e-05,0.0023493526202159683,2.1472152245459187e-05,0.0007062192971758205,1.8000148113715507e-05,0.0031654959255576942,K002,N15_M07_F04,1500.0,25.0,0,N15_M07_F04_K002_3.mat
1.5361302307515752e-05,0.0004196889622469117,2.1315667870416802e-05,0.0006896023082680756,7.780335713295667e-05,0.003244762383067767,4.8552911931175666e-05,0.002832248479293234,2.1432532215337133e-05,0.0007298895405942893,1.7772050135703334e-05,0.003244762383067767,K002,N15_M07_F04,1500.0,25.0,0,N15_M07_F04_K002_4.mat
1.4989192402312676e-05,0.0003909279492376831,3.3950450157949245e-05,0.0009044150573957494,7.751239217806327e-05,0.0028007297690927414,3.975552546816795e-05,0.0016707671427511458,2.104897691857372e-05,0.0008598142314219005,1.7065806946086303e-05,0.0028007297690927414,K002,N15_M07_F04,1500.0,25.0,0,N15_M07_F04_K002_5.mat
1.5689021451544166e-05,0.0005047178508690971,2.8042935574976157e-05,0.0006909569118566307,7.476046305857354e-05,0.002914346384914929,3.8995443890210784e-05,0.0019033729092246658,2.1397825609350368e-05,0.0007553443074659336,1.7031173072786137e-05,0.002914346384914929,K002,N15_M07_F04,1500.0,25.0,0,N15_M07_F04_K002_6.mat
1.5093006631677701e-05,0.00047850520141032597,3.5923233413508575e-05,0.0014271785391214156,7.625975588675079e-05,0.0029336683301039476,4.1272588384200764e-05,0.0016492448290316888,2.1010125968489844e-05,0.000669461695006301,1.7417922505829433e-05,0.0029336683301039476,K002,N15_M07_F04,1500.0,25.0,0,N15_M07_F04_K002_7.mat
1.4655293386508087e-05,0.0004837695499322569,2.02812089954493e-05,0.0004342708268651663,8.139192746685003e-05,0.0026443104903819178,4.0975184178383265e-05,0.0016040279190410777,2.124710089184643e-05,0.0007386739862300847,1.728280633189768e-05,0.0026443104903819178,K002,N15_M07_F04,1500.0,25.0,0,N15_M07_F04_K002_8.mat
1.633003862158546e-05,0.0004515369823498259,2.6069953441624433e-05,0.0005668909182450863,7.581173432601672e-05,0.002909055512320712,4.188937367982871e-05,0.001990596485536439,2.0690481608528042e-05,0.0006757148435146838,1.6859144700302395e-05,0.002909055512320712,K002,N15_M07_F04,1500.0,25.0,0,N15_M07_F04_K002_9.mat
1.4844644411697867e-05,0.00037411267495967513,2.201033777931498e-05,0.00043173281109288165,0.0001125512714029427,0.0036382094026544583,3.700097337328672e-05,0.0016230056977961469,2.7080481716390642e-05,0.0013097895768043408,1.8941135648405564e-05,0.0036382094026544583,K002,N15_M07_F10,1500.0,25.0,0,N15_M07_F10_K002_1.mat
1.649568267903476e-05,0.0004587214373848188,2.641552995126771e-05,0.0004388779714664217,9.517587088306641e-05,0.0033156494175909266,3.8449707071513756e-05,0.001401528141509854,2.9052003393922268e-05,0.0024752762396615864,1.933681628253209e-05,0.0033156494175909266,K002,N15_M07_F10,1500.0,25.0,0,N15_M07_F10_K002_10.mat
1.4503975236164668e-05,0.00045434980203554274,2.46533704955398e-05,0.0004689881398966818,0.00010584996345999705,0.0038785175521731355,3.752562268675012e-05,0.0017241262532491288,2.8281143499463515e-05,0.002408872748903705,1.91961123139271e-05,0.0038785175521731355,K002,N15_M07_F10,1500.0,25.0,0,N15_M07_F10_K002_11.mat
1.5854749929601817e-05,0.00035795201923455213,2.9709653539751867e-05,0.0007192118433663525,0.00010810655113324089,0.0036605769937564647,3.872070456762683e-05,0.0017192446155681993,3.0098708679620987e-05,0.0017304385510023327,2.0183541267428098e-05,0.0036605769937564647,K002,N15_M07_F10,1500.0,25.0,0,N15_M07_F10_K002_12.mat
1.4934064434612305e-05,0.00034086031118140254,2.6194346249341993e-05,0.0006179341816474329,0.00010990883511653597,0.0037865272919758992,3.7373897671215447e-05,0.001415018468159592,2.907655927385326e-05,0.0014612557342112416,1.9613036049636648e-05,0.0037865272919758992,K002,N15_M07_F10,1500.0,25.0,0,N15_M07_F10_K002_13.mat
1.4226883236443504e-05,0.0003680829071750237,2.75346864054519e-05,0.00049073161436435,0.0001123093839766165,0.004815895418852764,3.690469079425128e-05,0.0013769194971113596,2.7981978055397622e-05,0.0016077937373625809,1.9240729352118707e-05,0.004815895418852764,K002,N15_M07_F10,1500.0,25.0,0,N15_M07_F10_K002_14.mat
1.46817641345036e-05,0.00033487666332239247,3.0592644463114366e-05,0.0010126205679943665,0.00012058016088058057,0.0038723245424141122,3.817722684926881e-05,0.001974642175793175,2.853143296220196e-05,0.0015221603241390323,1.9665227491176266e-05,0.0038723245424141122,K002,N15_M07_F10,1500.0,25.0,0,N15_M07_F10_K002_15.mat
1.4783516163544229e-05,0.00035571193413704184,3.051864149933649e-05,0.0006567717004411836,0.00010896246974760868,0.0036322539007758365,3.7338189951860204e-05,0.001667765567292751,2.8789564059129457e-05,0.0015663572083871302,1.946002023176341e-05,0.0036322539007758365,K002,N15_M07_F10,1500.0,25.0,0,N15_M07_F10_K002_16.mat
1.4533621897222202e-05,0.0003130273968658546,3.0305773727609592e-05,0.000921244725034303,9.146531512929803e-05,0.0032195632934320377,3.588595333233648e-05,0.0012916743017492432,2.7991918294832157e-05,0.0023390908828823096,1.8259214060486638e-05,0.0032195632934320377,K002,N15_M07_F10,1500.0,25.0,0,N15_M07_F10_K002_17.mat
1.530707938653617e-05,0.0004476654370301059,2.418151257641434e-05,0.0005138645411167181,0.00011847022660398079,0.003818036760803217,4.0390409212187706e-05,0.0017759402978198516,2.8827712421953926e-05,0.0017548939731162447,1.9968062293789728e-05,0.003818036760803217,K002,N15_M07_F10,1500.0,25.0,0,N15_M07_F10_K002_18.mat
1.54531675608791e-05,0.0004734648097541548,2.615245310567761e-05,0.0004005149430526653,0.00010866793092923137,0.0036526417126400332,3.769530146895109e-05,0.0015317372123481272,2.9020751921946365e-05,0.0027223613958699544,1.9576157465440095e-05,0.0036526417126400332,K002,N15_M07_F10,1500.0,25.0,0,N15_M07_F10_K002_19.mat
1.5452192282460184e-05,0.00039925603377428373,2.4076697531657263e-05,0.0004311468478541017,0.00010403382076065947,0.003719485178409404,3.9065236373837204e-05,0.0025029867335352573,2.8140914295276626e-05,0.002174599955564135,1.9142660974186212e-05,0.003719485178409404,K002,N15_M07_F10,1500.0,25.0,0,N15_M07_F10_K002_2.mat
1.4998087086167433e-05,0.0003979291540238935,2.8658295425897137e-05,0.0006184446250398089,9.149954216287208e-05,0.0032182004407410474,3.642271061687221e-05,0.0018070951162184282,2.8545924450968164e-05,0.0013928889128738537,1.8985086594902437e-05,0.0032182004407410474,K002,N15_M07_F10,1500.0,25.0,0,N15_M07_F10_K002_20.mat
1.5804195103013284e-05,0.0004051466480738263,2.7787297238239976e-05,0.0006301491386049437,0.00010423136879443904,0.003614388858923043,3.813385740918532e-05,0.0019041571546523127,2.830755425088348e-05,0.0014710914166551987,1.9144996975158308e-05,0.003614388858923043,K002,N15_M07_F10,1500.0,25.0,0,N15_M07_F10_K002_3.mat
1.5113343971028048e-05,0.0003672442171315152,2.746096147424336e-05,0.0007227600733169013,0.0001029095337211261,0.004219585065776175,3.5672247728496326e-05,0.0017002613565768405,2.7388984674918374e-05,0.0015082569360714286,1.8528595777115152e-05,0.004219585065776175,K002,N15_M07_F10,1500.0,25.0,0,N15_M07_F10_K002_4.mat
1.4712480385937063e-05,0.0004662219672204426,2.476325451134225e-05,0.0005496983172223497,0.00011341546860876012,0.003562009789650327,3.7065555995171586e-05,0.002281295633538004,2.761263648998026e-05,0.0017642915239465475,1.9085521357760404e-05,0.003562009789650327,K002,N15_M07_F10,1500.0,25.0,0,N15_M07_F10_K002_5.mat
1.5357296111268716e-05,0.0003590779217929854,3.030236696710537e-05,0.0006564355342345483,0.00010339709065062531,0.003712719858627898,3.701989821975901e-05,0.001722744697411565,2.8426980524754596e-05,0.001588545650541978,1.94377886564396e-05,0.003712719858627898,K002,N15_M07_F10,1500.0,25.0,0,N15_M07_F10_K002_6.mat
1.5230609393423938e-05,0.0004259325488964306,2.587950337696606e-05,0.000425256318579201,9.391468963821872e-05,0.003942499155864746,3.761269816922521e-05,0.001916199755776247,2.8534458809332786e-05,0.0015049385109045632,1.867877772891739e-05,0.003942499155864746,K002,N15_M07_F10,1500.0,25.0,0,N15_M07_F10_K002_7.mat
1.4811203055520829e-05,0.0003215669810897781,2.8135504632912325e-05,0.0006739566870814506,9.375222296429875e-05,0.003146725463943829,3.7197756657018e-05,0.0015957775071169613,2.8515132113944544e-05,0.0013766083811806561,1.9047833662318434e-05,0.003146725463943829,K002,N15_M07_F10,1500.0,25.0,0,N15_M07_F10_K002_8.mat
1.5627142159159852e-05,0.0004026929139114782,2.9111902357045448e-05,0.000568988832599541,0.00010531476000759471,0.00396817743395003,3.8779820717946074e-05,0.0015566344719876869,2.9487196450785287e-05,0.001590298794435752,1.9981440711671876e-05,0.00396817743395003,K002,N15_M07_F10,1500.0,25.0,0,N15_M07_F10_K002_9.mat
5.2078720848639045e-05,0.0007510234103667072,4.21085923327038e-05,0.0003402345304503078,4.552743563705416e-05,0.0004875825999440733,4.297012479695156e-05,0.0004982340621679691,4.6869107214635724e-05,0.0007389082830270887,4.1712657836060733e-05,0.0007510234103667072,K003,N09_M07_F10,900.0,15.0,0,N09_M07_F10_K003_1.mat
4.7704731052592935e-05,0.0008566264728727652,3.602553211205514e-05,0.0003558031400161094,4.31967459236561e-05,0.0004936948761415028,4.051579164268206e-05,0.00046379200042615855,4.296791451898174e-05,0.0005774585573702228,3.8011733646201115e-05,0.0008566264728727652,K003,N09_M07_F10,900.0,15.0,0,N09_M07_F10_K003_10.mat
4.378929728689456e-05,0.0007530562133059781,3.60740228953583e-05,0.000287249974407099,4.249302188532379e-05,0.00044893937707316884,3.899151151063914e-05,0.00047329285619007006,4.251085708982607e-05,0.0008251808357344448,3.793540579828689e-05,0.0008251808357344448,K003,N09_M07_F10,900.0,15.0,0,N09_M07_F10_K003_11.mat
4.511859536301255e-05,0.0008176808962211507,3.6985014799112544e-05,0.00040436851504419973,4.285528526070416e-05,0.0005986797409680212,3.919184986981937e-05,0.00045604672896238844,4.228358748561115e-05,0.0005386341049823937,3.81579232645106e-05,0.0008176808962211507,K003,N09_M07_F10,900.0,15.0,0,N09_M07_F10_K003_12.mat
4.996765483402146e-05,0.0008514826619796553,4.450459550054313e-05,0.00038037920106872767,4.867446854988845e-05,0.0005932673348809835,4.207176292004958e-05,0.0005534066616546018,4.629596630948102e-05,0.000585940459940976,4.168125548648495e-05,0.0008514826619796553,K003,N09_M07_F10,900.0,15.0,0,N09_M07_F10_K003_13.mat
4.9742970727537225e-05,0.0010971733456334614,4.062173297412949e-05,0.0004831875222402606,4.77012163614777e-05,0.00044418245651775366,4.106526830275714e-05,0.0004964876732421617,4.480714777671612e-05,0.0006409599356377495,4.1012027331490966e-05,0.0010971733456334614,K003,N09_M07_F10,900.0,15.0,0,N09_M07_F10_K003_14.mat
4.993985903612273e-05,0.0010381587549831396,4.009150391229399e-05,0.00037349548955661183,4.5378205164906736e-05,0.0005298133907595814,4.038383772326338e-05,0.0003845914495114629,4.135297400350319e-05,0.0005010112812488978,3.933367014792108e-05,0.0010381587549831396,K003,N09_M07_F10,900.0,15.0,0,N09_M07_F10_K003_15.mat
4.7591120544586634e-05,0.0008888784635314229,3.9221637113010464e-05,0.0003617310086902195,4.465152623721867e-05,0.00041434167625918654,3.9693818236608386e-05,0.0005171461292595458,4.114416339786313e-05,0.0005420386588368383,3.8036322330149916e-05,0.0008888784635314229,K003,N09_M07_F10,900.0,15.0,0,N09_M07_F10_K003_16.mat
4.7001138729255113e-05,0.0007070475827020545,3.909949758288713e-05,0.0003639040489429572,4.408050315012381e-05,0.00040398440671216837,3.98812742628745e-05,0.0004117589155136744,4.2051401331084537e-05,0.0006523939362583543,3.7996553990476526e-05,0.0007070475827020545,K003,N09_M07_F10,900.0,15.0,0,N09_M07_F10_K003_17.mat
4.761363970471255e-05,0.0009595610368393649,3.800516077238322e-05,0.00045011608993565286,4.413785330739904e-05,0.0006797451686683006,3.9003093963903606e-05,0.0005143880898352175,4.183785688942052e-05,0.0005716927141774948,3.8277615246015504e-05,0.0009595610368393649,K003,N09_M07_F10,900.0,15.0,0,N09_M07_F10_K003_18.mat
4.9444579608154084e-05,0.0008667941549877856,4.0422425389710273e-05,0.0005546525383137623,4.5068995309507483e-05,0.0004681588534433186,3.968073851792373e-05,0.0004270916994627094,4.097402870245101e-05,0.0005293192972804951,3.820491970707572e-05,0.0008667941549877856,K003,N09_M07_F10,900.0,15.0,0,N09_M07_F10_K003_19.mat
4.811475197519474e-05,0.0010342712846188448,3.8532460484955285e-05,0.00036298671581575767,4.582502909311754e-05,0.0005497392617083844,4.3340775421533714e-05,0.00045623244922848903,4.482791027867575e-05,0.0007030713776285879,4.065523363724575e-05,0.0010342712846188448,K003,N09_M07_F10,900.0,15.0,0,N09_M07_F10_K003_2.mat
4.8070031512719604e-05,0.0009146537518170233,3.965760892843602e-05,0.0004403870981467824,4.23246049953087e-05,0.0004626149821980942,3.91839430718445e-05,0.0004560157851036011,4.2753966446687166e-05,0.0006211742594172502,3.794449331963936e-05,0.0009146537518170233,K003,N09_M07_F10,900.0,15.0,0,N09_M07_F10_K003_20.mat
4.875256736035474e-05,0.0009549471465761778,4.1039486148448474e-05,0.0005349608620437988,4.4163634054427415e-05,0.0008614087047451874,4.1610595445046354e-05,0.0005257316387880932,4.459300996278206e-05,0.0007691694800941968,3.975605196212761e-05,0.0009549471465761778,K003,N09_M07_F10,900.0,15.0,0,N09_M07_F10_K003_3.mat
4.340018238294967e-05,0.0006807574369614527,3.782092312210522e-05,0.0005524194327915378,4.492077116112646e-05,0.0005178361908362674,4.1140933284840166e-05,0.000510943259669156,4.197711496884185e-05,0.0004532178685402665,3.8048060845552506e-05,0.0006807574369614527,K003,N09_M07_F10,900.0,15.0,0,N09_M07_F10_K003_4.mat
4.8471014532735784e-05,0.000984904921489006,4.3440980482661686e-05,0.0005456513200715843,4.908863841713535e-05,0.0005241735945702626,4.294370510964617e-05,0.0005398367917492989,4.596922061366972e-05,0.0005955911505493057,4.159801298134286e-05,0.000984904921489006,K003,N09_M07_F10,900.0,15.0,0,N09_M07_F10_K003_5.mat
4.44846188165266e-05,0.0006868183917541275,3.9478552823568854e-05,0.00040897540073356873,4.578155193225878e-05,0.0005732233414408371,3.982325021364719e-05,0.0005433166157234351,4.2227842606225035e-05,0.0006078470937665657,3.816129940729472e-05,0.0006868183917541275,K003,N09_M07_F10,900.0,15.0,0,N09_M07_F10_K003_6.mat
4.592871566741355e-05,0.0007184169344333296,4.051960428423723e-05,0.0004284134231064416,4.6406744066914205e-05,0.0006993894342062055,4.289109381703609e-05,0.0004975920367265433,4.626043636520337e-05,0.0005024794911150056,4.121605195356522e-05,0.0007184169344333296,K003,N09_M07_F10,900.0,15.0,0,N09_M07_F10_K003_7.mat
5.037760817911218e-05,0.0010053918831900896,3.857109243857225e-05,0.0003814213063704485,4.52111597074236e-05,0.00045184838905525034,3.971694108580945e-05,0.0004677710003640352,4.236955469114362e-05,0.0005200277443289776,3.887064274013003e-05,0.0010053918831900896,K003,N09_M07_F10,900.0,15.0,0,N09_M07_F10_K003_8.mat
4.815049859097307e-05,0.0008074259261533272,3.803248051348865e-05,0.0004769731321532015,4.4241964718164246e-05,0.000546237918883526,3.9670624790403975e-05,0.0005424153854726435,4.289278267395925e-05,0.0006520787765452985,3.834525219423705e-05,0.0008074259261533272,K003,N09_M07_F10,900.0,15.0,0,N09_M07_F10_K003_9.mat
4.69851186108208e-05,0.0012752753342576975,6.33201490310789e-05,0.0010962094068483496,8.316033075266803e-05,0.001563541679218372,6.554136089179782e-05,0.001762595196544155,6.005260538624739e-05,0.0013120208267152402,4.800726177306358e-05,0.001762595196544155,K003,N15_M01_F10,1500.0,25.0,0,N15_M01_F10_K003_1.mat
4.8984913652008695e-05,0.0012293973000021168,5.8193462981629024e-05,0.0009541654057943426,7.496288366380842e-05,0.001576904483001999,6.213726711530328e-05,0.001357709552363301,6.059771706675261e-05,0.0015999711253517897,4.670770870905782e-05,0.0015999711253517897,K003,N15_M01_F10,1500.0,25.0,0,N15_M01_F10_K003_10.mat
5.0556601424154526e-05,0.0009209145301238146,5.985780364648904e-05,0.0010415431505670012,7.943665807416865e-05,0.0014245687890062915,6.404644370253559e-05,0.0018239618287697772,6.31270822824028e-05,0.0016930610606267064,4.862492643994551e-05,0.0018239618287697772,K003,N15_M01_F10,1500.0,25.0,0,N15_M01_F10_K003_11.mat
4.856473642070446e-05,0.0007332528817590776,5.832225095651518e-05,0.0007241787894498924,7.49071498172189e-05,0.0015813976414312818,6.582291386988605e-05,0.0017905662961272641,5.9487507696028164e-05,0.0016420760058658498,4.6389834519732166e-05,0.0017905662961272641,K003,N15_M01_F10,1500.0,25.0,0,N15_M01_F10_K003_12.mat
4.620925560611026e-05,0.0011150447803406542,5.8209039696015034e-05,0.0007929325579913107,7.648385614320485e-05,0.001616570566193887,6.564936838050986e-05,0.0016571700772476565,6.00625502210007e-05,0.002020486251450206,4.782444848925745e-05,0.002020486251450206,K003,N15_M01_F10,1500.0,25.0,0,N15_M01_F10_K003_13.mat
4.8786650802520724e-05,0.0008730931674698004,5.787874131643394e-05,0.0007700856699970812,7.60073025424213e-05,0.0013544926176277327,6.449368871476788e-05,0.0014776208096948038,6.192449396808457e-05,0.00163486079753191,4.777459332743999e-05,0.00163486079753191,K003,N15_M01_F10,1500.0,25.0,0,N15_M01_F10_K003_14.mat
4.806879060894214e-05,0.0010574035767017876,5.9669085596669585e-05,0.0009306868785563078,8.011705605787539e-05,0.0013612649059075595,6.55044182646483e-05,0.0013558008072465139,6.232476569314471e-05,0.0012879212997704208,4.928461818510785e-05,0.0013612649059075595,K003,N15_M01_F10,1500.0,25.0,0,N15_M01_F10_K003_15.mat
4.5092820655038054e-05,0.0009729932615778857,5.41303408699374e-05,0.0010619514118319438,7.356722293414797e-05,0.0016541575351401798,6.292942062349871e-05,0.0012383307995992101,6.009894065457827e-05,0.0019270538238524244,4.543114469996689e-05,0.0019270538238524244,K003,N15_M01_F10,1500.0,25.0,0,N15_M01_F10_K003_16.mat
4.56507965064642e-05,0.0012214212704928144,5.3980368546474834e-05,0.0007646919976660975,7.499175964199441e-05,0.0017422520351104184,6.136246016595921e-05,0.0013375622427633405,5.9467898556409826e-05,0.0018343353233540535,4.494658399324541e-05,0.0018343353233540535,K003,N15_M01_F10,1500.0,25.0,0,N15_M01_F10_K003_17.mat
4.650902927495441e-05,0.001007289790144232,5.549947772080442e-05,0.0008607968094863037,7.312522120510124e-05,0.0014761665323592646,6.231341888451072e-05,0.0013811790803949307,5.929454114064432e-05,0.0016358862998613773,4.55233009932596e-05,0.0016358862998613773,K003,N15_M01_F10,1500.0,25.0,0,N15_M01_F10_K003_18.mat
4.5704177757543936e-05,0.000866563670950101,5.6652177285981684e-05,0.0008169953275568997,7.304620874685604e-05,0.001339474755146912,6.035529921020567e-05,0.001660212553004886,5.784028673746937e-05,0.0014195280868557938,4.3656249184651866e-05,0.001660212553004886,K003,N15_M01_F10,1500.0,25.0,0,N15_M01_F10_K003_19.mat
4.741938943251128e-05,0.0008189405824382989,6.0189022692049204e-05,0.0009150689607759516,8.126686144295864e-05,0.0017648656686533107,6.391980379181584e-05,0.0016382271430053076,5.923240894520673e-05,0.0015883294500584314,4.665282189938565e-05,0.0017648656686533107,K003,N15_M01_F10,1500.0,25.0,0,N15_M01_F10_K003_2.mat
4.18161968949852e-05,0.0010891891723468056,5.2083198139040856e-05,0.0007771791891574316,7.180268066660495e-05,0.0013751181537171504,6.125698587484951e-05,0.001413537690669288,5.797573067601616e-05,0.002145529857745719,4.3666436964372575e-05,0.002145529857745719,K003,N15_M01_F10,1500.0,25.0,0,N15_M01_F10_K003_20.mat
5.075974131684626e-05,0.0010145592045141746,6.127974289028464e-05,0.001102145549377737,8.391937772260026e-05,0.0016783165751042732,6.418465248761944e-05,0.002135797711305639,6.400852388306203e-05,0.0016376718442117444,4.958427486886687e-05,0.002135797711305639,K003,N15_M01_F10,1500.0,25.0,0,N15_M01_F10_K003_3.mat
5.04917489691213e-05,0.0009854538792198973,5.9732060464895775e-05,0.000721319702494453,8.090557707567076e-05,0.0017437954584298197,6.277364114406831e-05,0.0012924575760277816,6.125551164280237e-05,0.0015397657386438093,4.796290407972696e-05,0.0017437954584298197,K003,N15_M01_F10,1500.0,25.0,0,N15_M01_F10_K003_4.mat
5.104280831685876e-05,0.0010094531430158336,5.767900638561091e-05,0.0008333927388663523,8.014885154099641e-05,0.0017419811106085968,6.667374392465964e-05,0.0018265777310998597,6.38330970562286e-05,0.0014505064640663583,4.90006038024686e-05,0.0018265777310998597,K003,N15_M01_F10,1500.0,25.0,0,N15_M01_F10_K003_5.mat
4.7112944025382075e-05,0.00074576784903688,5.7442009139766306e-05,0.0010343263255442909,7.799641807929807e-05,0.0015452162190500451,6.132427057917641e-05,0.0013027418237657518,5.979396229810735e-05,0.0013556905994241688,4.6145532215214804e-05,0.0015452162190500451,K003,N15_M01_F10,1500.0,25.0,0,N15_M01_F10_K003_6.mat
4.727960987949264e-05,0.0009919099609686387,5.806308325025164e-05,0.0008061316649776703,7.314997336509329e-05,0.0014533014736005684,6.247434184260826e-05,0.0013915658182042888,5.939329325859874e-05,0.001623268951504779,4.581817712992976e-05,0.001623268951504779,K003,N15_M01_F10,1500.0,25.0,0,N15_M01_F10_K003_7.mat
4.5285149266661874e-05,0.0007120763746508932,5.491023617548478e-05,0.0008116560763687965,7.678697148352886e-05,0.0016739715056834563,6.19209135747243e-05,0.0017549322647145349,6.142715728395865e-05,0.0012382377807619814,4.6425215068608684e-05,0.0017549322647145349,K003,N15_M01_F10,1500.0,25.0,0,N15_M01_F10_K003_8.mat
4.62338458672586e-05,0.0009515870239099084,5.618979877367066e-05,0.0008858718629384905,7.599297166051266e-05,0.001286421359225181,6.223531646332037e-05,0.0015035999719658112,5.9604679686717737e-05,0.0013394383785356328,4.559913869059399e-05,0.0015035999719658112,K003,N15_M01_F10,1500.0,25.0,0,N15_M01_F10_K003_9.mat
5.4272333485215115e-05,0.00120618093315785,7.757102591955034e-05,0.0012942739975167442,7.114445059607108e-05,0.0013027650077061309,6.619592264406184e-05,0.0011746278480999715,5.756266664999298e-05,0.0011585017142469538,5.019812805356849e-05,0.0013027650077061309,K003,N15_M07_F04,1500.0,25.0,0,N15_M07_F04_K003_1.mat
5.1611105877967036e-05,0.0009290097723165452,6.196322781915772e-05,0.00087827860974037,6.519961427204647e-05,0.001293492356247648,6.1015089311083876e-05,0.001280435548245796,5.587762180536566e-05,0.0015825859440243713,4.5146075432860294e-05,0.0015825859440243713,K003,N15_M07_F04,1500.0,25.0,0,N15_M07_F04_K003_10.mat
4.8346064365490694e-05,0.0014477803633477827,6.237948999232508e-05,0.000989304948082725,6.529430227260305e-05,0.001195549787601578,5.993119289887639e-05,0.0011938909052317823,5.6611112589114746e-05,0.0016600333181737022,4.477478129152994e-05,0.0016600333181737022,K003,N15_M07_F04,1500.0,25.0,0,N15_M07_F04_K003_11.mat
4.9520464807245414e-05,0.0008411423405299388,6.488944716491036e-05,0.0010281384561412399,6.767319528088955e-05,0.0012297653242373493,6.624876786071857e-05,0.001463822279232289,5.906360426237888e-05,0.0014522556951694467,4.838385346714038e-05,0.001463822279232289,K003,N15_M07_F04,1500.0,25.0,0,N15_M07_F04_K003_12.mat
4.6660799539282767e-05,0.001148628854578885,5.885476753437271e-05,0.0008809814508652516,6.260068784524663e-05,0.0015285467146887639,5.897736275359971e-05,0.0014305110754414452,5.45069607124709e-05,0.0015968938097935018,4.336883105162125e-05,0.0015968938097935018,K003,N15_M07_F04,1500.0,25.0,0,N15_M07_F04_K003_13.mat
4.5733593888287585e-05,0.000890816579170092,6.034514036405e-05,0.0008020538515304717,6.327207899503054e-05,0.0011606011239923648,6.058010855394557e-05,0.001948463776753683,5.413300430201954e-05,0.0012789578280726994,4.4126221467910685e-05,0.001948463776753683,K003,N15_M07_F04,1500.0,25.0,0,N15_M07_F04_K003_14.mat
5.033867879413425e-05,0.0010480337328365062,6.353490274790436e-05,0.0010440112105588976,6.65907217233653e-05,0.0014791517127110481,6.296406482091987e-05,0.001346563211745374,5.942776337110945e-05,0.001411892262478322,4.7800294501709074e-05,0.0014791517127110481,K003,N15_M07_F04,1500.0,25.0,0,N15_M07_F04_K003_15.mat
5.09354008944317e-05,0.0009419505292454214,6.233827733878205e-05,0.0009331647457439496,6.693373108958365e-05,0.0017341618698327572,6.4849984791374e-05,0.0013243571581130103,5.574643592758268e-05,0.0018226170333611239,4.60971289842334e-05,0.0018226170333611239,K003,N15_M07_F04,1500.0,25.0,0,N15_M07_F04_K003_16.mat
4.699595707979629e-05,0.001162907663975394,5.742142200381887e-05,0.0006740432295224394,6.439483570683211e-05,0.0013627012123329973,6.0079630401100074e-05,0.0015884341663375086,5.396983464376627e-05,0.0012010898217152362,4.3388294723090136e-05,0.0015884341663375086,K003,N15_M07_F04,1500.0,25.0,0,N15_M07_F04_K003_17.mat
5.009314533628779e-05,0.0009493869985679936,6.450208467991922e-05,0.000987419937588021,6.679751928882169e-05,0.0016172970527487996,6.696290692112639e-05,0.0014419781556346627,6.194527629350127e-05,0.0016345382877766793,4.981157295508762e-05,0.0016345382877766793,K003,N15_M07_F04,1500.0,25.0,0,N15_M07_F04_K003_18.mat
5.457007437010812e-05,0.0011207118819762953,6.620694790107347e-05,0.0008552124817677408,6.914554935043873e-05,0.0013519936366982587,6.75003528492166e-05,0.0019507672862555739,6.186010024021756e-05,0.0020267182569607294,5.0043986762872545e-05,0.0020267182569607294,K003,N15_M07_F04,1500.0,25.0,0,N15_M07_F04_K003_19.mat
5.316047810589243e-05,0.0010318467714114045,6.753587402301802e-05,0.0010165494293821594,6.823260280843149e-05,0.0011338700659744717,6.398247448578843e-05,0.0011581733705510026,5.65435158896054e-05,0.0014580094069953696,4.798633287651163e-05,0.0014580094069953696,K003,N15_M07_F04,1500.0,25.0,0,N15_M07_F04_K003_2.mat
5.3384200720991425e-05,0.000932487298711681,6.548350830160986e-05,0.0008974384157600556,6.70889822819562e-05,0.0016932112735947745,6.323513642165217e-05,0.0011986679581730472,6.010686064761149e-05,0.0019519800782379568,4.8475195617692786e-05,0.0019519800782379568,K003,N15_M07_F04,1500.0,25.0,0,N15_M07_F04_K003_20.mat
4.9779125270351525e-05,0.0009630026034913303,6.610498406049827e-05,0.0010367040676467478,6.549988274719253e-05,0.0012287961216648864,6.382526384216877e-05,0.0013616846538592662,5.5452805712019574e-05,0.0015394919586748735,4.670474298260777e-05,0.0015394919586748735,K003,N15_M07_F04,1500.0,25.0,0,N15_M07_F04_K003_3.mat
5.0500680842254524e-05,0.001084370593879951,6.817597984677355e-05,0.0009790450152884363,6.357308821868065e-05,0.00114484044520953,6.352424824421054e-05,0.0017638200381175709,5.6963580071773225e-05,0.002063328633117703,4.6910393538069e-05,0.002063328633117703,K003,N15_M07_F04,1500.0,25.0,0,N15_M07_F04_K003_4.mat
5.296802371050093e-05,0.0010581194997891753,6.448617517289075e-05,0.0010643073407692473,6.420780910509452e-05,0.0010036789873527137,6.214632904075551e-05,0.001320977744292954,5.654049063260961e-05,0.0016120961664964407,4.674452121823878e-05,0.0016120961664964407,K003,N15_M07_F04,1500.0,25.0,0,N15_M07_F04_K003_5.mat
5.5968056852772534e-05,0.0011948134065368388,6.944389974228956e-05,0.0010810359479203205,6.606642440562099e-05,0.0014275229286422296,6.403121848738886e-05,0.001278516992572975,5.8522173400394656e-05,0.001527432065811578,4.922719261345213e-05,0.001527432065811578,K003,N15_M07_F04,1500.0,25.0,0,N15_M07_F04_K003_6.mat
4.979313956628351e-05,0.0010567536957662087,6.233668318607749e-05,0.0009297981121597923,6.461442580075655e-05,0.0014165094705522435,6.152347609265219e-05,0.001459635441808088,5.460971873770498e-05,0.0015095566793657143,4.547941751757498e-05,0.0015095566793657143,K003,N15_M07_F04,1500.0,25.0,0,N15_M07_F04_K003_7.mat
4.798248646927774e-05,0.0010640323629386088,6.333210734518637e-05,0.0009011828995906619,6.261965362593138e-05,0.001254761869332686,6.0852606838655545e-05,0.0012640020919449098,5.459375175500205e-05,0.0013161283572280418,4.4514915787784826e-05,0.0013161283572280418,K003,N15_M07_F04,1500.0,25.0,0,N15_M07_F04_K003_8.mat
4.880161172368342e-05,0.001303417600672046,6.37846859555517e-05,0.0007986596611647099,6.46182809393895e-05,0.0013856242950134013,6.224765247834834e-05,0.0011506616701670595,5.632458517427612e-05,0.0015532345454166954,4.5620952159859753e-05,0.0015532345454166954,K003,N15_M07_F04,1500.0,25.0,0,N15_M07_F04_K003_9.mat
5.0391752847371635e-05,0.0009154764934477539,5.9834995459605077e-05,0.0008787497828928294,7.74270155050806e-05,0.001734935882066166,6.315730431381386e-05,0.0014991056733631412,6.267068889132187e-05,0.001428213785108461,4.86068754943817e-05,0.001734935882066166,K003,N15_M07_F10,1500.0,25.0,0,N15_M07_F10_K003_1.mat
4.675071768730855e-05,0.0008010717149746501,5.7320986391328047e-05,0.0008576716427383555,7.443159136435361e-05,0.0015282354151506961,5.9248087243325404e-05,0.0013084700751320644,6.174840045345256e-05,0.0015506789396091103,4.605305153424892e-05,0.0015506789396091103,K003,N15_M07_F10,1500.0,25.0,0,N15_M07_F10_K003_10.mat
5.136472362827685e-05,0.0014573518902919228,6.147360237869708e-05,0.0009863808114691293,7.890121380024813e-05,0.0020081208736328804,6.392954464947642e-05,0.0016369787721638455,6.267539745125612e-05,0.0015999761649203546,4.923090105796943e-05,0.0020081208736328804,K003,N15_M07_F10,1500.0,25.0,0,N15_M07_F10_K003_11.mat
5.016210383790166e-05,0.0009160814355503032,6.1167794730908e-05,0.0008446592019980268,7.689970368319541e-05,0.001541134716956685,6.339229332302698e-05,0.0015241467484179236,6.255946235637687e-05,0.0016431997864363155,4.875551380412613e-05,0.0016431997864363155,K003,N15_M07_F10,1500.0,25.0,0,N15_M07_F10_K003_12.mat
5.023978696255491e-05,0.001121625309570067,5.7483351669551835e-05,0.001098978051890068,7.406575013116515e-05,0.001427404856370703,6.277312816071791e-05,0.0014760781302231123,6.183369493088306e-05,0.0019817970282302983,4.7396583556396e-05,0.0019817970282302983,K003,N15_M07_F10,1500.0,25.0,0,N15_M07_F10_K003_13.mat
4.907445395378305e-05,0.0015332140747522077,5.707908145333981e-05,0.0012264305440636502,7.705531656782999e-05,0.0013325324051145302,6.289076478800397e-05,0.0013785094786693292,6.11881941557043e-05,0.0019047047057748666,4.7417679494861816e-05,0.0019047047057748666,K003,N15_M07_F10,1500.0,25.0,0,N15_M07_F10_K003_14.mat
4.868880078408157e-05,0.0008743619732896558,5.7177136063478055e-05,0.0012966452995900627,7.5337085732218e-05,0.0012330936270551279,6.162768669537516e-05,0.0011344849960076443,5.967049565679292e-05,0.002073055313652178,4.582538788719904e-05,0.002073055313652178,K003,N15_M07_F10,1500.0,25.0,0,N15_M07_F10_K003_15.mat
5.1786989584536834e-05,0.0011734388607737717,6.076031211733991e-05,0.0007942794791988872,7.661477398710663e-05,0.0015274720803850241,6.717216739107247e-05,0.0015093238131035367,6.314268335913374e-05,0.001554593023425218,4.954306671867331e-05,0.001554593023425218,K003,N15_M07_F10,1500.0,25.0,0,N15_M07_F10_K003_16.mat
4.958879886219181e-05,0.0008932039465541548,6.073691560000551e-05,0.0007746994834177986,7.595497969307093e-05,0.0016644223247611102,6.475613797500458e-05,0.0015554839935347131,6.2864517309107e-05,0.0018170332098147626,4.8558199826027936e-05,0.0018170332098147626,K003,N15_M07_F10,1500.0,25.0,0,N15_M07_F10_K003_17.mat
4.703578481565593e-05,0.0006537982166773739,5.83536802602701e-05,0.0011032308138324905,7.453920811716072e-05,0.0015598334782691106,6.290812889156459e-05,0.0032891520044598635,6.146131373363538e-05,0.001761051654083667,4.714292821192987e-05,0.0032891520044598635,K003,N15_M07_F10,1500.0,25.0,0,N15_M07_F10_K003_18.mat
5.163149587203942e-05,0.00107808235254913,5.763480260817134e-05,0.0008182507551777308,7.564548817442142e-05,0.001169109417971722,6.265630798821663e-05,0.0017517482526836147,6.14208677129743e-05,0.001468376992520504,4.755348167642821e-05,0.0017517482526836147,K003,N15_M07_F10,1500.0,25.0,0,N15_M07_F10_K003_19.mat
5.194239657609214e-05,0.0007898909755721243,5.8885975492094114e-05,0.0007251375701956928,7.720802075515051e-05,0.0016719818675780661,6.244906922378546e-05,0.001688445587091842,6.185535429274779e-05,0.0014649117205431778,4.784191018627675e-05,0.001688445587091842,K003,N15_M07_F10,1500.0,25.0,0,N15_M07_F10_K003_2.mat
5.038647587639348e-05,0.0008251653527696925,5.7898230652443997e-05,0.0008614737952102523,7.842497954481227e-05,0.0013799779112581264,6.423337195342778e-05,0.0017123768294693828,6.31594177178873e-05,0.001797258331580671,4.921475378943329e-05,0.001797258331580671,K003,N15_M07_F10,1500.0,25.0,0,N15_M07_F10_K003_20.mat
4.84765485493867e-05,0.0008602001936827984,5.832132059364231e-05,0.0009200929093954984,7.666313774879629e-05,0.0016772062288119057,6.234431110162043e-05,0.0014994264434754299,6.083018338503069e-05,0.0013092732526921056,4.732521506223282e-05,0.0016772062288119057,K003,N15_M07_F10,1500.0,25.0,0,N15_M07_F10_K003_3.mat
4.822332085449048e-05,0.000939992759654516,5.642382070097474e-05,0.0009093318969069978,7.414699250015631e-05,0.0017208584060462097,6.172835420271645e-05,0.0014552163904856907,6.126413911649441e-05,0.0014767091710698459,4.715127781337937e-05,0.0017208584060462097,K003,N15_M07_F10,1500.0,25.0,0,N15_M07_F10_K003_4.mat
4.686338250153745e-05,0.0010168276744149532,5.887415855736644e-05,0.0011044440739036508,7.362758104348669e-05,0.0015039486477533388,6.0532511460692865e-05,0.0013598557135641287,5.890135696064783e-05,0.001773488855894858,4.565721885943904e-05,0.001773488855894858,K003,N15_M07_F10,1500.0,25.0,0,N15_M07_F10_K003_5.mat
5.3854274729582606e-05,0.001107071869095158,6.0380739026595956e-05,0.0011497254541985567,7.699308480204081e-05,0.0014564453377923041,6.366651985546771e-05,0.0018626398167700777,6.218866126678491e-05,0.0017323815305299434,4.8371707943351085e-05,0.0018626398167700777,K003,N15_M07_F10,1500.0,25.0,0,N15_M07_F10_K003_6.mat
4.974364732423384e-05,0.0008584039670015335,5.58099442708617e-05,0.000982443297831999,7.632262580627654e-05,0.0013073472721168223,6.261798852829173e-05,0.001496877693012192,6.224041014699346e-05,0.0016505942102787673,4.811640869331381e-05,0.0016505942102787673,K003,N15_M07_F10,1500.0,25.0,0,N15_M07_F10_K003_7.mat
5.088296942630152e-05,0.0012652409105712182,6.336828608923701e-05,0.0009460135746926729,7.845447738878422e-05,0.0015729040183289265,6.134138196505352e-05,0.0014956375149919304,6.295576487123905e-05,0.002023171742204148,4.8276143742081805e-05,0.002023171742204148,K003,N15_M07_F10,1500.0,25.0,0,N15_M07_F10_K003_8.mat
4.9998291026944187e-05,0.0010851899430979466,5.9223612111481936e-05,0.0009044542066312305,7.708790535061422e-05,0.001550800228617522,6.278876869199418e-05,0.0012891536282252528,6.141115441633653e-05,0.001352036579419944,4.7414890880592696e-05,0.001550800228617522,K003,N15_M07_F10,1500.0,25.0,0,N15_M07_F10_K003_9.mat
2.0623789109079504e-05,0.0004147835422726642,4.689300117766575e-06,5.118544461637089e-05,5.641320109170725e-06,8.406424657230176e-05,4.353197830989081e-06,6.437050223057581e-05,1.0710595754793392e-05,0.0009011227173301748,4.303865151198384e-06,0.0009011227173301748,K004,N09_M07_F10,900.0,15.0,0,N09_M07_F10_K004_1.mat
1.993360547310206e-05,0.0004661136410881781,4.5847425276896594e-06,4.473588836949408e-05,5.921657335096573e-06,0.00012117038058941374,4.749808469811192e-06,6.758145379098473e-05,9.092290151980022e-06,0.0005582684878533632,4.057396433351591e-06,0.0005582684878533632,K004,N09_M07_F10,900.0,15.0,0,N09_M07_F10_K004_10.mat
1.927054134592902e-05,0.00046384440800178176,4.361502247205972e-06,4.4423613019140405e-05,6.088794883675191e-06,6.778612400027408e-05,4.5890477077475345e-06,6.183726975167987e-05,9.302930372858444e-06,0.0005179765154831441,4.03818961473865e-06,0.0005179765154831441,K004,N09_M07_F10,900.0,15.0,0,N09_M07_F10_K004_11.mat
1.8949634119088755e-05,0.0004152242932614309,4.580262756645472e-06,5.5019224320555454e-05,5.959916922209647e-06,8.053416904323697e-05,4.606590585870798e-06,8.133895703622068e-05,9.200969476320102e-06,0.0004248501571289364,4.0092810820011575e-06,0.0004248501571289364,K004,N09_M07_F10,900.0,15.0,0,N09_M07_F10_K004_12.mat
1.990100417319999e-05,0.0004789514655186906,4.7498352416688935e-06,4.180505967264895e-05,5.626661645884757e-06,5.905644252189953e-05,4.638772311192379e-06,7.299218292382775e-05,9.196114693581623e-06,0.0004948579746295916,4.04360309242241e-06,0.0004948579746295916,K004,N09_M07_F10,900.0,15.0,0,N09_M07_F10_K004_13.mat
1.9069609854586447e-05,0.0004194840845153886,4.264850442529367e-06,4.488776676957143e-05,5.75818494472172e-06,8.132407279429199e-05,4.547449426983094e-06,6.849391416619302e-05,9.243595533145489e-06,0.00047776721555330045,4.09629291144747e-06,0.00047776721555330045,K004,N09_M07_F10,900.0,15.0,0,N09_M07_F10_K004_14.mat
1.9633414997099663e-05,0.00044806278850732486,4.131298166125152e-06,4.6188817687010325e-05,6.055646462795868e-06,7.967627504716602e-05,4.531149499565236e-06,9.29895660741139e-05,9.177818994017378e-06,0.0006004775161675799,3.990889664643777e-06,0.0006004775161675799,K004,N09_M07_F10,900.0,15.0,0,N09_M07_F10_K004_15.mat
1.9739913418244963e-05,0.0004996378985956281,4.4379923294011795e-06,5.575683072648423e-05,6.342700269578452e-06,0.00015798483149394684,4.729862110465187e-06,0.00011592150689933406,8.966707826186542e-06,0.0004888337419745926,4.032087241424564e-06,0.0004996378985956281,K004,N09_M07_F10,900.0,15.0,0,N09_M07_F10_K004_16.mat
1.9306708915662207e-05,0.0005260502213127683,4.440825302930272e-06,4.481803286589453e-05,5.943794799153057e-06,8.16545096553497e-05,4.684585174914424e-06,7.020579828634714e-05,9.253304477237657e-06,0.0005951551043334445,4.056499084188273e-06,0.0005951551043334445,K004,N09_M07_F10,900.0,15.0,0,N09_M07_F10_K004_17.mat
1.9217103714055074e-05,0.00041876577985544935,4.622016518581243e-06,5.488478352261686e-05,6.001173996831098e-06,8.014304732211294e-05,4.641683978018241e-06,7.915335587859425e-05,9.309001537478578e-06,0.0005153085334319846,4.0223655363345705e-06,0.0005153085334319846,K004,N09_M07_F10,900.0,15.0,0,N09_M07_F10_K004_18.mat
2.040051549147931e-05,0.0004567574472320137,4.460676666999527e-06,5.556571203125096e-05,5.630947158796451e-06,8.812045065224522e-05,4.675153623950554e-06,9.08465350229397e-05,8.859893714838567e-06,0.0004197212955812952,3.9291200962939935e-06,0.0004567574472320137,K004,N09_M07_F10,900.0,15.0,0,N09_M07_F10_K004_19.mat
2.090767467782714e-05,0.0005519441505007581,4.576522512379997e-06,5.293167381964053e-05,5.979465686863967e-06,8.054256173252793e-05,4.489553852215413e-06,6.321399500732867e-05,1.0824431952684877e-05,0.000601542919214427,4.370296522200856e-06,0.000601542919214427,K004,N09_M07_F10,900.0,15.0,0,N09_M07_F10_K004_2.mat
1.980754138819228e-05,0.0004785126971300476,4.417491993700525e-06,4.513671672102777e-05,5.696315963632974e-06,7.661957054952625e-05,4.71826429563481e-06,7.142018175081055e-05,9.079634267229257e-06,0.000510293495060079,4.034225885335216e-06,0.000510293495060079,K004,N09_M07_F10,900.0,15.0,0,N09_M07_F10_K004_20.mat
2.0972695988928435e-05,0.00046804453763669664,4.449765652128623e-06,4.287102680838147e-05,5.862860582169002e-06,6.647356414204794e-05,4.534247223024466e-06,8.894576092398251e-05,1.0415018283918704e-05,0.0006900536151933619,4.3456972351561835e-06,0.0006900536151933619,K004,N09_M07_F10,900.0,15.0,0,N09_M07_F10_K004_3.mat
2.0527992609923433e-05,0.00043357300116219965,4.358768186602353e-06,4.556465144324783e-05,5.793484023755915e-06,7.587686200144153e-05,4.708590004615999e-06,7.738071324621167e-05,9.773018693170954e-06,0.0006046569161852584,4.188507319723419e-06,0.0006046569161852584,K004,N09_M07_F10,900.0,15.0,0,N09_M07_F10_K004_4.mat
2.0212249825240697e-05,0.0005020557344695769,4.719154654697869e-06,4.829765189386903e-05,5.835947659458235e-06,6.91865581613804e-05,4.611434361945235e-06,9.521932641002379e-05,9.702606426137204e-06,0.0006177302017884289,4.096847272475938e-06,0.0006177302017884289,K004,N09_M07_F10,900.0,15.0,0,N09_M07_F10_K004_5.mat
2.1483923260180108e-05,0.0005093405014051518,4.753724777169473e-06,6.404807836158803e-05,6.322579623601856e-06,7.978833308291379e-05,4.7491952580907e-06,9.382356101386972e-05,9.575298079963823e-06,0.0005128832737579159,4.148776896658939e-06,0.0005128832737579159,K004,N09_M07_F10,900.0,15.0,0,N09_M07_F10_K004_6.mat
2.1268702698668436e-05,0.00043534954866603125,4.460379578572787e-06,4.9958847177821566e-05,6.1660479862281374e-06,8.509845754855977e-05,4.498400542566089e-06,6.796594283694033e-05,9.705659769193449e-06,0.0004986862733376908,4.059223361568114e-06,0.0004986862733376908,K004,N09_M07_F10,900.0,15.0,0,N09_M07_F10_K004_7.mat
2.007608265294459e-05,0.0004488304603352831,4.472525567272274e-06,4.2606725784035985e-05,6.481958804119992e-06,0.00014932267143187485,4.748345518150507e-06,7.869436826753053e-05,9.29751133183993e-06,0.000591969273863092,4.14169106834705e-06,0.000591969273863092,K004,N09_M07_F10,900.0,15.0,0,N09_M07_F10_K004_8.mat
1.999022399528249e-05,0.0005249679132633644,4.422677307476106e-06,5.706632385476589e-05,6.077904157961777e-06,0.00010889007346363658,4.630439954246193e-06,7.315457062948203e-05,9.076274497742032e-06,0.0004838796699948417,4.007709506461148e-06,0.0005249679132633644,K004,N09_M07_F10,900.0,15.0,0,N09_M07_F10_K004_9.mat
2.6546508601177348e-05,0.0008705217975176018,1.040616977845362e-05,0.00015317061999523617,2.2288431066283438e-05,0.0006275185419333569,2.2858586665163796e-05,0.0011573453706351501,3.3485780835998584e-05,0.0022231979951133794,1.096338272797578e-05,0.0022231979951133794,K004,N15_M01_F10,1500.0,25.0,0,N15_M01_F10_K004_1.mat
2.0989195813190205e-05,0.0007502535161427188,7.502857285644233e-06,9.999160971323374e-05,1.764169800430805e-05,0.00033773512464517936,2.0055142886171093e-05,0.0006820457073320174,3.8288467199881026e-05,0.004600607522998136,1.1035838236468435e-05,0.004600607522998136,K004,N15_M01_F10,1500.0,25.0,0,N15_M01_F10_K004_10.mat
2.04422974464099e-05,0.0006395702160291103,7.673841841727678e-06,0.00015303586626655414,1.8182430440332726e-05,0.0003866287319542389,2.0102098316636575e-05,0.0006108317742340699,3.849109435831296e-05,0.003648938278042731,1.111903255664917e-05,0.003648938278042731,K004,N15_M01_F10,1500.0,25.0,0,N15_M01_F10_K004_11.mat
2.1217211393394607e-05,0.0007130984880804365,7.729008958884156e-06,0.0001340467973156971,1.8189489042310498e-05,0.00035651547993762335,1.95206218383665e-05,0.0008665453025508476,3.853709448221429e-05,0.003256383607848458,1.1005305705636878e-05,0.003256383607848458,K004,N15_M01_F10,1500.0,25.0,0,N15_M01_F10_K004_12.mat
2.1305606340263836e-05,0.0007349256886935269,7.383846581243886e-06,0.00012238694387011568,1.726992883050771e-05,0.00037619629983240774,2.0020814363748177e-05,0.0007681330524501803,3.7193620941539866e-05,0.0036983799787909627,1.0733928383555962e-05,0.0036983799787909627,K004,N15_M01_F10,1500.0,25.0,0,N15_M01_F10_K004_13.mat
2.076323705759801e-05,0.0006710350099580626,7.503097717888846e-06,0.00010485871324928542,1.7925318943574085e-05,0.0003482102673182336,1.9849535293293353e-05,0.0006559498370523405,3.734635448568483e-05,0.004237265011104565,1.0684781331068522e-05,0.004237265011104565,K004,N15_M01_F10,1500.0,25.0,0,N15_M01_F10_K004_14.mat
2.0712620891565562e-05,0.0006662567474902205,7.74903045159921e-06,9.992951637170718e-05,1.8724224843594192e-05,0.00048600630418026505,2.123135830492886e-05,0.0007712563772427827,3.8885778176371775e-05,0.0036139307717219632,1.1153034488790875e-05,0.0036139307717219632,K004,N15_M01_F10,1500.0,25.0,0,N15_M01_F10_K004_15.mat
1.9518980379962655e-05,0.0006756536274325096,7.723381061251772e-06,0.0001345408197845971,1.8504031054416418e-05,0.0004015488034383495,2.054166599301052e-05,0.0006364595927032748,3.875790708415798e-05,0.003917833705728134,1.1177027361239756e-05,0.003917833705728134,K004,N15_M01_F10,1500.0,25.0,0,N15_M01_F10_K004_16.mat
2.0401257393672196e-05,0.0006658783824185341,7.658812015886558e-06,0.00011949223355057803,1.8174724168571347e-05,0.00034905292847813507,1.9784953399353178e-05,0.0007711751455179984,3.883782250127098e-05,0.003376597849356084,1.1023253164650277e-05,0.003376597849356084,K004,N15_M01_F10,1500.0,25.0,0,N15_M01_F10_K004_17.mat
1.951996889950345e-05,0.0006576422686165755,7.659576350005076e-06,8.834558180063048e-05,1.8322230806369305e-05,0.0004419889686139199,2.0153945554098034e-05,0.000712845787747357,3.7647433413610896e-05,0.0028544125813951913,1.0835360094927906e-05,0.0028544125813951913,K004,N15_M01_F10,1500.0,25.0,0,N15_M01_F10_K004_18.mat
1.9264796415597096e-05,0.0006436797394923304,7.777723565349162e-06,0.00011177877144857458,1.766077103621589e-05,0.00037113123054778726,2.047189311153751e-05,0.000865965749484095,3.812081757377331e-05,0.004177678461796114,1.0918600201008939e-05,0.004177678461796114,K004,N15_M01_F10,1500.0,25.0,0,N15_M01_F10_K004_19.mat
2.4982811764114193e-05,0.0008344809217478579,9.629619362172152e-06,0.00018888803282239623,2.0578738511186983e-05,0.0005603958794017747,2.1680056366792346e-05,0.0011605246044918617,3.496036221480825e-05,0.003082591147732759,1.0856543676359208e-05,0.003082591147732759,K004,N15_M01_F10,1500.0,25.0,0,N15_M01_F10_K004_2.mat
1.9199807808410604e-05,0.0006126672941355342,7.56649166711875e-06,0.0001356021012398487,1.7691639173955802e-05,0.00037806412286891215,2.0458540440783952e-05,0.0009273510901501246,3.738390799378547e-05,0.004497837244306757,1.0829451813065059e-05,0.004497837244306757,K004,N15_M01_F10,1500.0,25.0,0,N15_M01_F10_K004_20.mat
2.3458622589767475e-05,0.0008267253603371674,9.388209944761781e-06,0.00014573411530810287,2.0292537883778138e-05,0.0004724713721322128,2.044242939769761e-05,0.000766903387084942,3.7336095285053146e-05,0.003009429667655988,1.1041986371007148e-05,0.003009429667655988,K004,N15_M01_F10,1500.0,25.0,0,N15_M01_F10_K004_3.mat
2.4385772617001912e-05,0.0009430538497024823,8.39725856385938e-06,0.0001490365060667107,1.964887459018295e-05,0.0004556363939957374,2.106073513331798e-05,0.0010565925975228184,3.867318187159489e-05,0.003375509558122743,1.1314705735663353e-05,0.003375509558122743,K004,N15_M01_F10,1500.0,25.0,0,N15_M01_F10_K004_4.mat
2.4013069878183588e-05,0.000791904525415707,8.386465669080176e-06,0.00011076469045569673,1.850420010515751e-05,0.00038342655499906496,2.044240334755243e-05,0.0008442731170159422,3.833054525957736e-05,0.0029838675592923835,1.1170517653674191e-05,0.0029838675592923835,K004,N15_M01_F10,1500.0,25.0,0,N15_M01_F10_K004_5.mat
2.321264355407013e-05,0.0007800610338286321,8.321794121692157e-06,0.00018683580069654612,1.799859114185337e-05,0.0004043292457024317,2.0816588760905818e-05,0.0011470660283937862,3.924239164930979e-05,0.003144056386389958,1.1267159907891045e-05,0.003144056386389958,K004,N15_M01_F10,1500.0,25.0,0,N15_M01_F10_K004_6.mat
2.3644318574601553e-05,0.0008992954341146078,8.182677497807054e-06,0.00011391831900160706,1.8565038450898958e-05,0.00034690018508257175,2.0891964037860574e-05,0.000955330199116059,3.986593655279096e-05,0.003468852057946342,1.1434922851528307e-05,0.003468852057946342,K004,N15_M01_F10,1500.0,25.0,0,N15_M01_F10_K004_7.mat
2.208655059537332e-05,0.0007068500274317616,7.939388664120622e-06,0.00011841157725117395,1.808752398163945e-05,0.0003268966132249785,2.062817024663446e-05,0.0006954530333807551,3.891955059177831e-05,0.002599288981386788,1.1203330131627475e-05,0.002599288981386788,K004,N15_M01_F10,1500.0,25.0,0,N15_M01_F10_K004_8.mat
2.3188019427674844e-05,0.0007047461320339621,7.655183877197492e-06,8.335480800893983e-05,1.811976470662723e-05,0.0003900079513839273,2.023261084900595e-05,0.0008356071552556204,3.99319151128973e-05,0.0031442379859802643,1.1271117225720436e-05,0.0031442379859802643,K004,N15_M01_F10,1500.0,25.0,0,N15_M01_F10_K004_9.mat
1.5952074429975864e-05,0.0005073719324138341,8.022577401723956e-06,0.00011015444097847317,1.7461323344243258e-05,0.00035876586265776286,1.8914764205719e-05,0.0006621658014423686,2.262481627161129e-05,0.0012150781764270495,8.25491271138549e-06,0.0012150781764270495,K004,N15_M07_F04,1500.0,25.0,0,N15_M07_F04_K004_1.mat
1.5842545987987493e-05,0.0004988693448451148,6.964136210466759e-06,0.00011028427320402322,1.5844671983120833e-05,0.000400976678545583,1.9506893052527846e-05,0.0005287013870531823,2.552343117943517e-05,0.0008386329507763756,8.714551031127931e-06,0.0008386329507763756,K004,N15_M07_F04,1500.0,25.0,0,N15_M07_F04_K004_10.mat
1.5465153269565187e-05,0.0004371763843979798,7.133267610636779e-06,0.00010939910148970942,1.5752911116153143e-05,0.00032228778625362166,1.9156514485897296e-05,0.0004678604265155503,2.468995856655229e-05,0.0009147261585375802,8.501808995202932e-06,0.0009147261585375802,K004,N15_M07_F04,1500.0,25.0,0,N15_M07_F04_K004_11.mat
1.5389225660603052e-05,0.0004596361558316484,6.887096270757867e-06,0.0001151102212845021,1.5804263332774382e-05,0.0003411410713097167,1.9164675085559775e-05,0.0004959594068926625,2.5206493411968556e-05,0.000841584599839925,8.62423411941831e-06,0.000841584599839925,K004,N15_M07_F04,1500.0,25.0,0,N15_M07_F04_K004_12.mat
1.560628685529544e-05,0.00045046192223579097,7.4874259184584116e-06,9.967543086380194e-05,1.5914303604137985e-05,0.00025866199673639766,1.947721975954433e-05,0.0005584083048352533,2.5793023460181235e-05,0.0010474437221657767,8.746452450999647e-06,0.0010474437221657767,K004,N15_M07_F04,1500.0,25.0,0,N15_M07_F04_K004_13.mat
1.5961285978948423e-05,0.00047071026951071246,7.552931024728527e-06,8.482820715693087e-05,1.5501886016634653e-05,0.0003119046363901288,1.969899386997559e-05,0.0005433242742626666,2.499610166498612e-05,0.0012911835275139266,8.704558807937301e-06,0.0012911835275139266,K004,N15_M07_F04,1500.0,25.0,0,N15_M07_F04_K004_14.mat
1.422090059287162e-05,0.00044190983956320253,7.292913988198774e-06,8.154204767295858e-05,1.596744769305566e-05,0.0002575990887508936,1.895040071201334e-05,0.0004986778803292948,2.5305838821966242e-05,0.001032834133015328,8.528455694656862e-06,0.001032834133015328,K004,N15_M07_F04,1500.0,25.0,0,N15_M07_F04_K004_15.mat
1.4142157255207783e-05,0.00040342789873791047,7.6200471924627044e-06,0.0001361377727679237,1.565758103063987e-05,0.0002844298122489737,1.884346836938937e-05,0.0004484240553918748,2.5561576963822382e-05,0.0009499855671599089,8.66553388931144e-06,0.0009499855671599089,K004,N15_M07_F04,1500.0,25.0,0,N15_M07_F04_K004_16.mat
1.4847508251308065e-05,0.0004406887905899002,7.168742996574708e-06,0.00010539611284950607,1.5608001165762254e-05,0.00025153776644385784,1.9036901377401344e-05,0.0005561635234421876,2.523462883656299e-05,0.0010528078411956418,8.568588614555422e-06,0.0010528078411956418,K004,N15_M07_F04,1500.0,25.0,0,N15_M07_F04_K004_17.mat
1.3549508603683866e-05,0.00044841109790437657,7.819267295234194e-06,0.00012052828404446782,1.551347367999538e-05,0.0002323159828929085,1.8970744639180682e-05,0.0004508510805062215,2.5124992104843125e-05,0.000821719644942048,8.585830889900396e-06,0.000821719644942048,K004,N15_M07_F04,1500.0,25.0,0,N15_M07_F04_K004_18.mat
1.4386367192669368e-05,0.00042634800738503736,7.192856701212996e-06,8.461694487080232e-05,1.565538731636045e-05,0.00034903226373248587,1.9878004280316876e-05,0.0006420826333469622,2.5063059135069444e-05,0.0009632414439351222,8.607126219805807e-06,0.0009632414439351222,K004,N15_M07_F04,1500.0,25.0,0,N15_M07_F04_K004_19.mat
1.63197781165231e-05,0.0005047722144200766,7.438134683301845e-06,0.0001235744638769621,1.679823204996904e-05,0.00036338727602468754,1.9524998804277402e-05,0.000424213758059194,2.2480417548412938e-05,0.0007057983114770237,8.187456061907645e-06,0.0007057983114770237,K004,N15_M07_F04,1500.0,25.0,0,N15_M07_F04_K004_2.mat
1.487237394556668e-05,0.0005198619402440658,7.421328024700404e-06,0.0001363477728184236,1.6003356201314788e-05,0.0002940892287039582,1.906335615937497e-05,0.000472718661453456,2.466306861947658e-05,0.0011653494258484056,8.530009744702256e-06,0.0011653494258484056,K004,N15_M07_F04,1500.0,25.0,0,N15_M07_F04_K004_20.mat
1.5597926564049895e-05,0.00044607403201076657,7.68832634631999e-06,0.00010509642337026461,1.629124825451535e-05,0.00036522609556548377,1.860546569962621e-05,0.0005866728266307422,2.3452307172920223e-05,0.0008999538020823529,8.369824565447296e-06,0.0008999538020823529,K004,N15_M07_F04,1500.0,25.0,0,N15_M07_F04_K004_3.mat
1.540827531749764e-05,0.0005600501398521819,7.005912893772731e-06,0.0001341981236438646,1.6571779246316102e-05,0.00039027716647878076,1.885205249317054e-05,0.00043260459918663787,2.416357400163769e-05,0.0010647811469277164,8.414803909416676e-06,0.0010647811469277164,K004,N15_M07_F04,1500.0,25.0,0,N15_M07_F04_K004_4.mat
1.540801934076867e-05,0.00047997683806210367,7.401069913324488e-06,0.00010490739614310179,1.641242324640249e-05,0.00034167857170428075,1.9066081417404685e-05,0.0004280956635711728,2.5321198452164946e-05,0.0009782055805068826,8.725392311864844e-06,0.0009782055805068826,K004,N15_M07_F04,1500.0,25.0,0,N15_M07_F04_K004_5.mat
1.615361976915613e-05,0.000477819763599302,7.1670142146991455e-06,0.00011192089691584937,1.603325101850262e-05,0.000345656516609601,1.8840035250627794e-05,0.0005645601335841187,2.5366754926513542e-05,0.00126733186579806,8.701475032309473e-06,0.00126733186579806,K004,N15_M07_F04,1500.0,25.0,0,N15_M07_F04_K004_6.mat
1.5313377247026912e-05,0.0005233844223637163,6.7227417074746195e-06,0.00010839102320404353,1.6308093287231357e-05,0.0003316106434094072,1.880135456375775e-05,0.00042722650199123597,2.5450546346275016e-05,0.001091801789037984,8.676173955721738e-06,0.001091801789037984,K004,N15_M07_F04,1500.0,25.0,0,N15_M07_F04_K004_7.mat
1.5905379769064955e-05,0.0005129874433550981,6.971710363079281e-06,9.204491712452066e-05,1.590153192036092e-05,0.00030082528710176457,1.8756962184537386e-05,0.0004742346117856245,2.523679392633066e-05,0.0008249839068935227,8.561061579635202e-06,0.0008249839068935227,K004,N15_M07_F04,1500.0,25.0,0,N15_M07_F04_K004_8.mat
1.5473222895688888e-05,0.0004541390319099214,7.166932753004488e-06,9.641239353613731e-05,1.6233931371683582e-05,0.000381917703534805,1.91240807365873e-05,0.000516270825030055,2.5851816482209415e-05,0.0009303940370087748,8.742724496669807e-06,0.0009303940370087748,K004,N15_M07_F04,1500.0,25.0,0,N15_M07_F04_K004_9.mat
1.826698899172456e-05,0.0005967390712329834,7.381937757116406e-06,0.00015603894738359898,1.7565295228834495e-05,0.00037148987324750525,2.0523520273359025e-05,0.0008098085895149378,3.7486069538438565e-05,0.004631129435212673,1.078735494963402e-05,0.004631129435212673,K004,N15_M07_F10,1500.0,25.0,0,N15_M07_F10_K004_1.mat
1.7926630707179992e-05,0.0006031488991179404,7.473358973085695e-06,0.00010962956508821159,1.670370618200769e-05,0.00038207854310663513,2.014537413094917e-05,0.0007700599172440865,3.7914229099802724e-05,0.004557420920986254,1.0720526908650802e-05,0.004557420920986254,K004,N15_M07_F10,1500.0,25.0,0,N15_M07_F10_K004_10.mat
1.704004201596932e-05,0.0005838622185695368,7.765063675014452e-06,0.00010000477811608491,1.6858271572026836e-05,0.0003055278867087311,2.054256728525128e-05,0.0006537427192470307,3.673159110185325e-05,0.00285186843440231,1.0683247281882417e-05,0.00285186843440231,K004,N15_M07_F10,1500.0,25.0,0,N15_M07_F10_K004_11.mat
1.668161789242096e-05,0.0005539954597407521,7.916611237003656e-06,0.00012377581779353877,1.6716593365625905e-05,0.0003383261615090955,2.0478608381242553e-05,0.0007927916085398437,3.682962477368158e-05,0.002618987368832208,1.0628199521202994e-05,0.002618987368832208,K004,N15_M07_F10,1500.0,25.0,0,N15_M07_F10_K004_12.mat
1.671545510633052e-05,0.0005349935858523061,7.473416738662334e-06,0.00011218300841825517,1.7148608401515537e-05,0.0002931763981868038,1.993928175854461e-05,0.0009463263918788144,3.780191063384053e-05,0.00386865646531035,1.0614582616649626e-05,0.00386865646531035,K004,N15_M07_F10,1500.0,25.0,0,N15_M07_F10_K004_13.mat
1.6706623480795484e-05,0.0005395293855122071,7.459495412707494e-06,0.00010561386004947555,1.7108170599197898e-05,0.0003715925260295159,2.0240784264665528e-05,0.0006265126047218117,3.685309907969184e-05,0.003135232324046181,1.0651930297432325e-05,0.003135232324046181,K004,N15_M07_F10,1500.0,25.0,0,N15_M07_F10_K004_14.mat
1.7715263674289836e-05,0.0006175536804114747,7.85261584367718e-06,0.00011684038437587858,1.6625233059891557e-05,0.00026450426579502226,2.0135224998521536e-05,0.0006631461801300564,3.653962397680668e-05,0.0037976435840576944,1.053677416712269e-05,0.0037976435840576944,K004,N15_M07_F10,1500.0,25.0,0,N15_M07_F10_K004_15.mat
1.6455084363123418e-05,0.0005629517994173068,7.922966171893638e-06,0.0001063363411124803,1.6641432596975113e-05,0.0002655664377714012,2.068066697111248e-05,0.000978044081290302,3.6229791088277454e-05,0.002339026677154539,1.0633470938752362e-05,0.002339026677154539,K004,N15_M07_F10,1500.0,25.0,0,N15_M07_F10_K004_16.mat
1.588720370116904e-05,0.0004870006407307955,7.24870116738137e-06,0.0001017637981647175,1.6873297355721578e-05,0.00033411443471900384,2.050644009213842e-05,0.0007678390779786107,3.6213454399194365e-05,0.002929166451676967,1.0579826661953422e-05,0.002929166451676967,K004,N15_M07_F10,1500.0,25.0,0,N15_M07_F10_K004_17.mat
1.580530654104777e-05,0.0005579279843398212,7.699753761789212e-06,0.0001261751589993301,1.6983773085643038e-05,0.00030762363125503124,1.9688694167160147e-05,0.0006519672963934585,3.610654308452285e-05,0.003041212027345343,1.047502198489641e-05,0.003041212027345343,K004,N15_M07_F10,1500.0,25.0,0,N15_M07_F10_K004_18.mat
1.639566379207116e-05,0.0005575956364324456,7.1072149282367265e-06,9.737708276611089e-05,1.780696114587714e-05,0.00030368644423974526,2.040972076667197e-05,0.0006667544883604728,3.6802328323957815e-05,0.003221466698386377,1.0633122246945817e-05,0.003221466698386377,K004,N15_M07_F10,1500.0,25.0,0,N15_M07_F10_K004_19.mat
1.8649430699538782e-05,0.0005699602979791728,7.651599694415564e-06,0.000122098494395663,1.6795456475563204e-05,0.00036474143624389157,1.9842776051545594e-05,0.001194964413452255,3.95349684373789e-05,0.004010932443924513,1.10268158280983e-05,0.004010932443924513,K004,N15_M07_F10,1500.0,25.0,0,N15_M07_F10_K004_2.mat
1.6505898686487205e-05,0.0005040445495122015,7.411357878994116e-06,0.00011063175241299688,1.7320785168088034e-05,0.00035466292507592526,2.0590394804667343e-05,0.0007529054337339463,3.7126875535888815e-05,0.003165132652695475,1.071866589640151e-05,0.003165132652695475,K004,N15_M07_F10,1500.0,25.0,0,N15_M07_F10_K004_20.mat
1.903958487868702e-05,0.0006374213572540798,7.4572591194970595e-06,0.00010820787084008601,1.682285391098456e-05,0.0003180294264552076,2.0464614389766174e-05,0.0009128032481479834,3.7218331940055156e-05,0.0028924287319349496,1.067468366223372e-05,0.0028924287319349496,K004,N15_M07_F10,1500.0,25.0,0,N15_M07_F10_K004_3.mat
1.8454494240668784e-05,0.0006145306423347305,7.305565010641721e-06,0.00011529740709468948,1.729692567475971e-05,0.0003716849051836176,2.0191596494929968e-05,0.0007830104517950677,3.6931412789368994e-05,0.003796602421672086,1.0674510475296184e-05,0.003796602421672086,K004,N15_M07_F10,1500.0,25.0,0,N15_M07_F10_K004_4.mat
1.8358923791857595e-05,0.0005804967200277685,7.850361693549956e-06,0.00012151014950371692,1.7120537917913516e-05,0.00032707232556566257,2.0112024972747916e-05,0.0007681800848277067,3.7328902957959826e-05,0.0028638504748897927,1.0798460901957671e-05,0.0028638504748897927,K004,N15_M07_F10,1500.0,25.0,0,N15_M07_F10_K004_5.mat
1.87697476372462e-05,0.0006452221267398027,7.520654998448864e-06,0.00011576265042694979,1.7039488572059502e-05,0.00035858921942612194,2.0117519229570673e-05,0.0009248166447074954,3.6939694583841215e-05,0.003208665704143187,1.0671578718309748e-05,0.003208665704143187,K004,N15_M07_F10,1500.0,25.0,0,N15_M07_F10_K004_6.mat
1.815903312441463e-05,0.000596422353807169,7.324411473632008e-06,0.00012072675905435338,1.5982540364953423e-05,0.0002906116809749094,2.0963738042425818e-05,0.0006677937882462067,3.604631963690685e-05,0.0033451594538950703,1.0439152422212031e-05,0.0033451594538950703,K004,N15_M07_F10,1500.0,25.0,0,N15_M07_F10_K004_7.mat
1.7577207217035e-05,0.0005826931141152028,7.5840906630010356e-06,0.00011967878746503842,1.6976923197582066e-05,0.0004260659014758764,2.0470007184509632e-05,0.0008275302571130817,3.7911651776400466e-05,0.004168979469419314,1.0752646355081575e-05,0.004168979469419314,K004,N15_M07_F10,1500.0,25.0,0,N15_M07_F10_K004_8.mat
1.8283549115236352e-05,0.000667787881601786,7.823888638450884e-06,0.00010141650042366379,1.6773524477602384e-05,0.0003287446492050744,1.984005012825745e-05,0.0007564556738759075,3.7678337338046685e-05,0.0036337041812994596,1.0713860442561713e-05,0.0036337041812994596,K004,N15_M07_F10,1500.0,25.0,0,N15_M07_F10_K004_9.mat
2.7409897847755824e-05,0.0006353347852859259,4.798436738120469e-06,5.529554162360858e-05,8.42948454501616e-06,0.00013106293738912646,5.990846873999037e-06,0.00010175428685220254,1.2940451113643434e-05,0.0005063460711486747,4.955047121304917e-06,0.0006353347852859259,K005,N09_M07_F10,900.0,15.0,0,N09_M07_F10_K005_1.mat
2.783774720683263e-05,0.0005806377192754538,4.179642893319448e-06,4.649364634527108e-05,8.249111136801295e-06,0.00014579731999133768,5.5315379486949265e-06,0.00011763660128013016,1.2772570306818291e-05,0.00042263553126172453,4.829537570475597e-06,0.0005806377192754538,K005,N09_M07_F10,900.0,15.0,0,N09_M07_F10_K005_10.mat
2.8102282153178913e-05,0.0006352231019962787,4.408453293478566e-06,4.2650378359836246e-05,8.43795958903362e-06,0.00017726108217118553,5.550051545767434e-06,8.443447961079597e-05,1.2899131603836932e-05,0.0006407673673668842,4.8607417398530806e-06,0.0006407673673668842,K005,N09_M07_F10,900.0,15.0,0,N09_M07_F10_K005_11.mat
2.8646419251522777e-05,0.000541812413759441,4.46607176182674e-06,6.296467690182322e-05,8.468897619440977e-06,0.00020030799333477773,5.606978145145694e-06,9.184707043437614e-05,1.1220475222463492e-05,0.0005615034106367991,4.847262865561411e-06,0.0005615034106367991,K005,N09_M07_F10,900.0,15.0,0,N09_M07_F10_K005_12.mat
2.8530896515664314e-05,0.0006009621481044798,4.501281246159135e-06,4.330872985577938e-05,8.883272269823753e-06,0.00015938855256338673,5.555238342895701e-06,7.741307610217697e-05,1.250627240683604e-05,0.00044827286266252686,4.896227569782988e-06,0.0006009621481044798,K005,N09_M07_F10,900.0,15.0,0,N09_M07_F10_K005_13.mat
2.7601826410048828e-05,0.0006279748185799431,4.458489587645977e-06,6.88301393543204e-05,8.943919036252842e-06,0.00017241564093469202,5.638059461681308e-06,7.74091819252116e-05,1.273716015003625e-05,0.0005543656800430585,4.931022683450109e-06,0.0006279748185799431,K005,N09_M07_F10,900.0,15.0,0,N09_M07_F10_K005_14.mat
2.8182756745887544e-05,0.0005913780297967193,4.300846937643268e-06,4.985831659702804e-05,8.574906244340345e-06,0.00017842115914034094,5.522855901841543e-06,0.00010122036000113255,1.250573723687353e-05,0.00045365846377455854,4.813354099721418e-06,0.0005913780297967193,K005,N09_M07_F10,900.0,15.0,0,N09_M07_F10_K005_15.mat
2.6518310447688812e-05,0.0005769222049730153,4.1854427507241e-06,3.6073858283405486e-05,8.608647414133178e-06,0.0002069657376884235,5.378212938287411e-06,6.908335948308623e-05,1.2614359563253898e-05,0.0005305121841550971,4.794340780040848e-06,0.0005769222049730153,K005,N09_M07_F10,900.0,15.0,0,N09_M07_F10_K005_16.mat
2.6613579060372546e-05,0.0006190522468929547,4.148266088650595e-06,4.501107578703987e-05,8.126722363833892e-06,0.00019512536727203785,5.2986158232093144e-06,0.00010676803201871761,1.2358164230406602e-05,0.0005597613010451994,4.750449739883793e-06,0.0006190522468929547,K005,N09_M07_F10,900.0,15.0,0,N09_M07_F10_K005_17.mat
2.6289676348432442e-05,0.0005781273169264055,4.3064670868373865e-06,6.1029627789782305e-05,8.684743546107667e-06,0.00024266699642869032,5.475376763570217e-06,0.0001207421619903992,1.2116838776580854e-05,0.0004421518207533654,4.742360573628326e-06,0.0005781273169264055,K005,N09_M07_F10,900.0,15.0,0,N09_M07_F10_K005_18.mat
2.575110810879878e-05,0.0005680628563364714,4.164004463079954e-06,4.0906176907935896e-05,8.404333961452982e-06,0.00014434494216994902,5.391828102245131e-06,9.832484000321841e-05,1.2100705219868763e-05,0.0005317065206567054,4.727774783164986e-06,0.0005680628563364714,K005,N09_M07_F10,900.0,15.0,0,N09_M07_F10_K005_19.mat
2.9505225704928664e-05,0.0006353268014748911,4.560348956925534e-06,4.870699538939873e-05,8.744306270120045e-06,0.00013931475748788175,5.824223724577165e-06,8.313072516228304e-05,1.3051132164336967e-05,0.00043412769821839984,4.941563194219861e-06,0.0006353268014748911,K005,N09_M07_F10,900.0,15.0,0,N09_M07_F10_K005_2.mat
2.6446413553204692e-05,0.0005773996116671633,4.374176233522376e-06,4.880734569917874e-05,8.377444259465278e-06,0.0001608078186247015,5.580898711880498e-06,0.00011558969422982256,1.2477718511582025e-05,0.00046431849933603034,4.843493211860503e-06,0.0005773996116671633,K005,N09_M07_F10,900.0,15.0,0,N09_M07_F10_K005_20.mat
2.949701078889902e-05,0.0007068640571485195,4.524655316004106e-06,4.536788328865101e-05,8.462302526661433e-06,0.00015413994837986774,6.044626691735721e-06,8.08050267267777e-05,1.31637566884417e-05,0.0005008823556438833,5.019600993213714e-06,0.0007068640571485195,K005,N09_M07_F10,900.0,15.0,0,N09_M07_F10_K005_3.mat
2.857299827898698e-05,0.0006396146037447127,4.612479716590379e-06,4.08356845743741e-05,8.889239273565817e-06,0.00018764685099687654,5.8026430978663064e-06,8.418700780229456e-05,1.3135271758083675e-05,0.00038339428380154786,4.962114581117386e-06,0.0006396146037447127,K005,N09_M07_F10,900.0,15.0,0,N09_M07_F10_K005_4.mat
2.6379761129831663e-05,0.0005593028782180619,4.462337601406551e-06,4.867074519318696e-05,9.470378804071306e-06,0.00021365202990242992,5.9112711893564146e-06,7.062603695546161e-05,1.3189767489755783e-05,0.0005341144412930932,4.998728444254911e-06,0.0005593028782180619,K005,N09_M07_F10,900.0,15.0,0,N09_M07_F10_K005_5.mat
2.707792670524639e-05,0.0006301368820055614,4.267333510366442e-06,7.204169437448586e-05,9.820274741724604e-06,0.00023021470166883622,5.576463342530165e-06,8.49065252729317e-05,1.2910926215077149e-05,0.00040760052636624436,4.960985304679504e-06,0.0006301368820055614,K005,N09_M07_F10,900.0,15.0,0,N09_M07_F10_K005_6.mat
2.932490953684116e-05,0.0006322043326843613,4.409755301459247e-06,4.9437811775200724e-05,8.394237157365543e-06,0.00015084851975761992,5.6692536313238e-06,8.604334769772596e-05,1.2937717543190797e-05,0.00037043515813828357,4.8564582884542675e-06,0.0006322043326843613,K005,N09_M07_F10,900.0,15.0,0,N09_M07_F10_K005_7.mat
2.918492368143206e-05,0.000653214010358565,6.047925218667307e-06,5.446081634608325e-05,1.072007489543281e-05,0.0002006654457219877,7.2625983289927485e-06,0.00010021926842161496,1.492443910134394e-05,0.0004700660107105016,6.727036373178968e-06,0.000653214010358565,K005,N09_M07_F10,900.0,15.0,0,N09_M07_F10_K005_8.mat
2.6152072127715516e-05,0.0005753518197783567,4.149479384851728e-06,4.1629295571450904e-05,9.19071032364318e-06,0.00014559187509319703,5.540008964085839e-06,8.717451791352812e-05,1.2958393449164706e-05,0.0005656788727053843,4.83593763181831e-06,0.0005753518197783567,K005,N09_M07_F10,900.0,15.0,0,N09_M07_F10_K005_9.mat
1.9181492604597905e-05,0.0006321640945156479,1.5449649678495393e-05,0.00038777929300665614,4.2401473491719556e-05,0.00173076430692041,4.283165897500758e-05,0.0027575123024864284,3.958007827870213e-05,0.002402885238483221,1.4014639749388261e-05,0.0027575123024864284,K005,N15_M01_F10,1500.0,25.0,0,N15_M01_F10_K005_1.mat
1.9126395424223004e-05,0.0006227546076219299,1.4033507729714613e-05,0.0003211444307853323,4.260290616917588e-05,0.0016161314604284439,4.6137621656407445e-05,0.0026862473495991965,4.094165591689258e-05,0.0035807732197789027,1.4526829797903651e-05,0.0035807732197789027,K005,N15_M01_F10,1500.0,25.0,0,N15_M01_F10_K005_10.mat
1.827524860721946e-05,0.0006369759153743151,1.4674908610644906e-05,0.0005371190772716198,4.283104762405688e-05,0.0016157442155573464,4.5170504684563735e-05,0.003428177127170885,4.2051263630324e-05,0.0027806293143593686,1.4591347636809967e-05,0.003428177127170885,K005,N15_M01_F10,1500.0,25.0,0,N15_M01_F10_K005_11.mat
1.9197927951321346e-05,0.0006627360403844129,1.394202774577232e-05,0.00035292880052950967,4.113095406112362e-05,0.0015351872723130102,4.6241882572481366e-05,0.0025513841230546883,4.1928339565150394e-05,0.0027539990308967427,1.4628021769760724e-05,0.0027539990308967427,K005,N15_M01_F10,1500.0,25.0,0,N15_M01_F10_K005_12.mat
1.8949834459818658e-05,0.0006162735408634459,1.4947683080980886e-05,0.0005270682454264831,4.14711787863277e-05,0.0015623463371636133,4.6619382216736046e-05,0.002831974638602542,4.191399942589043e-05,0.0024224515929019614,1.464757851682781e-05,0.002831974638602542,K005,N15_M01_F10,1500.0,25.0,0,N15_M01_F10_K005_13.mat
1.851675414445192e-05,0.0005711038950076766,1.6370761890128424e-05,0.0006118390269382947,4.222220726510434e-05,0.0015454037759530556,4.492752916327649e-05,0.002418884577606346,4.2538862100450386e-05,0.0024441747454362196,1.4726876208495929e-05,0.0024441747454362196,K005,N15_M01_F10,1500.0,25.0,0,N15_M01_F10_K005_14.mat
1.8276751782434786e-05,0.0006004310068502422,1.5624138729489788e-05,0.0004905524967781296,4.176785005053397e-05,0.0015567927453238079,4.4981427212493316e-05,0.00256004879871764,4.273126335966076e-05,0.002390479451458859,1.4704274469448407e-05,0.00256004879871764,K005,N15_M01_F10,1500.0,25.0,0,N15_M01_F10_K005_15.mat
1.7402729339334898e-05,0.0005427269869779509,1.4046336380880602e-05,0.0004097995003796647,4.0818952623273547e-05,0.001639775662112816,4.503273800147005e-05,0.0022005925555845813,4.2814597525376157e-05,0.0026609024524913653,1.4593361030889482e-05,0.0026609024524913653,K005,N15_M01_F10,1500.0,25.0,0,N15_M01_F10_K005_16.mat
1.8708983776770873e-05,0.0006225604489449106,1.592592907607837e-05,0.000653898129801,4.06791210462985e-05,0.0014089230336012234,4.4721924107018956e-05,0.002426539216804413,4.320631265537251e-05,0.00278149379949977,1.4757092182108185e-05,0.00278149379949977,K005,N15_M01_F10,1500.0,25.0,0,N15_M01_F10_K005_17.mat
1.808276294550838e-05,0.0005994595357886988,1.4417893357742004e-05,0.0004397738408093192,4.036698467043736e-05,0.0015500863479841497,4.754747606678958e-05,0.0024407011262202543,4.3736755327854424e-05,0.0025223391555231726,1.5058880218718955e-05,0.0025223391555231726,K005,N15_M01_F10,1500.0,25.0,0,N15_M01_F10_K005_18.mat
2.0352290684587584e-05,0.0006659334188429314,1.6842157902804414e-05,0.0005189810589245922,4.217774945127104e-05,0.0015576097411412013,4.786459651434552e-05,0.002207285169300394,4.461564917240232e-05,0.003949935991295778,1.6592276851282374e-05,0.003949935991295778,K005,N15_M01_F10,1500.0,25.0,0,N15_M01_F10_K005_19.mat
1.805333626129257e-05,0.0006476694080630356,1.5470252805399752e-05,0.0004564351071170521,4.5240435436489e-05,0.0016446326885837222,4.410616535472987e-05,0.0031679795082338634,3.96220047201886e-05,0.0031425407354995355,1.4208168384234595e-05,0.0031679795082338634,K005,N15_M01_F10,1500.0,25.0,0,N15_M01_F10_K005_2.mat
1.8229647452764366e-05,0.0006052688093830817,1.6046235617956354e-05,0.0005620870877778934,4.094289885098473e-05,0.0015620622791931691,4.465013346818975e-05,0.00244627251038921,4.3561596708920866e-05,0.0026478215959060128,1.4798499350723036e-05,0.0026478215959060128,K005,N15_M01_F10,1500.0,25.0,0,N15_M01_F10_K005_20.mat
1.6846322091045524e-05,0.0005884961293524195,1.5128412199737848e-05,0.0002784752317269695,4.4876778822361666e-05,0.001756593111872681,4.629950870691556e-05,0.0030047004666029845,3.905142682886055e-05,0.002584727571525322,1.4343334916865018e-05,0.0030047004666029845,K005,N15_M01_F10,1500.0,25.0,0,N15_M01_F10_K005_3.mat
1.787786433440609e-05,0.0005787130723578375,1.5025311268952373e-05,0.00039771502076029917,4.7615239428032173e-05,0.001768200205487194,4.5932642816197603e-05,0.0037929149095064438,4.0702761676928734e-05,0.002888240081645553,1.4622179501076775e-05,0.0037929149095064438,K005,N15_M01_F10,1500.0,25.0,0,N15_M01_F10_K005_4.mat
1.8022361589921004e-05,0.0005889846631841757,1.7907978434045007e-05,0.0006156328155618499,4.544991237154592e-05,0.001945786062068049,4.681730446435616e-05,0.0036834016333611047,4.130249899729563e-05,0.0027476237350546793,1.4844056023777531e-05,0.0036834016333611047,K005,N15_M01_F10,1500.0,25.0,0,N15_M01_F10_K005_5.mat
1.8794226407946864e-05,0.0007711618467461071,1.448478959419504e-05,0.00035884154793712676,4.493031262049636e-05,0.0015449137933263057,4.538246848227249e-05,0.0028874698956527717,4.100802917731358e-05,0.0022815983847856414,1.4449518096326374e-05,0.0028874698956527717,K005,N15_M01_F10,1500.0,25.0,0,N15_M01_F10_K005_6.mat
1.9274684898842046e-05,0.0006278158802227587,1.0924673877494637e-05,0.00027392457115330574,4.6133510349196456e-05,0.0015898932756829923,4.567861853521763e-05,0.0022100586005927756,4.1757182012623066e-05,0.003017322209100494,1.4420587348985489e-05,0.003017322209100494,K005,N15_M01_F10,1500.0,25.0,0,N15_M01_F10_K005_7.mat
1.8704922458541653e-05,0.0006011288425097057,1.4447443724766517e-05,0.0005226489675933493,4.1383763406100135e-05,0.0016185661364479485,4.4572204984268464e-05,0.0024631445209934277,4.091300916222208e-05,0.003012416967907202,1.4314981855809185e-05,0.003012416967907202,K005,N15_M01_F10,1500.0,25.0,0,N15_M01_F10_K005_8.mat
1.8910896148951274e-05,0.0005993737829012841,1.0544449262302838e-05,0.00021666406177913716,4.508762596532566e-05,0.0015685113500812278,4.8024143093783506e-05,0.003937452484430507,4.214847447142069e-05,0.00336004073810162,1.4603480704519783e-05,0.003937452484430507,K005,N15_M01_F10,1500.0,25.0,0,N15_M01_F10_K005_9.mat
1.7001351721849456e-05,0.000499194041566049,1.2539065795380022e-05,0.00025553207180540954,1.844629442582454e-05,0.0004952821764173215,2.830785098841442e-05,0.0011548423812849976,3.379862713953988e-05,0.0016340972155299976,1.1016244572842316e-05,0.0016340972155299976,K005,N15_M07_F04,1500.0,25.0,0,N15_M07_F04_K005_1.mat
1.619236720056021e-05,0.0006054322033759553,1.1683017303881298e-05,0.00026436342403198784,1.9021513846078622e-05,0.0005551768516178841,3.180841198942626e-05,0.0010599601681371023,3.428036379850087e-05,0.001680338598909441,1.1418115629271293e-05,0.001680338598909441,K005,N15_M07_F04,1500.0,25.0,0,N15_M07_F04_K005_10.mat
1.814807636012971e-05,0.0006728040772187743,1.4411881860382805e-05,0.00046806183080185735,2.1205412662787975e-05,0.000585393026670913,3.419593363665222e-05,0.001102738353530063,3.651644853536257e-05,0.0012943840401963536,1.3450103778065678e-05,0.0012943840401963536,K005,N15_M07_F04,1500.0,25.0,0,N15_M07_F04_K005_11.mat
1.813630699125373e-05,0.0006598518030054243,1.5517527569182382e-05,0.00039266074999150756,2.0912888967366484e-05,0.000564451562830455,3.475825764663052e-05,0.0015035854055650442,3.634964143033864e-05,0.0013408999922835704,1.347351070789197e-05,0.0015035854055650442,K005,N15_M07_F04,1500.0,25.0,0,N15_M07_F04_K005_12.mat
1.804143552581025e-05,0.0006250092298985306,1.2726119397808238e-05,0.00039308460368327414,2.0890624306878053e-05,0.0006072917700403743,3.3123036112527785e-05,0.0012149732107864723,3.6159063541446184e-05,0.0016307554280351802,1.324028306182317e-05,0.0016307554280351802,K005,N15_M07_F04,1500.0,25.0,0,N15_M07_F04_K005_13.mat
1.8658682280552673e-05,0.0006081542033863459,1.3209493308722786e-05,0.0002560976087076783,2.2262296963873754e-05,0.0007885373066077464,3.5729896485261144e-05,0.0014599032765676815,3.727207608262753e-05,0.0020390749953043967,1.3765729068682248e-05,0.0020390749953043967,K005,N15_M07_F04,1500.0,25.0,0,N15_M07_F04_K005_14.mat
1.880672522866568e-05,0.0006683424014316545,1.4339552953272376e-05,0.0003096706523437009,2.258207048479068e-05,0.000508704839123688,3.332981439700816e-05,0.0013117232671299719,3.5587105531005826e-05,0.0018856458552056333,1.3472368430242167e-05,0.0018856458552056333,K005,N15_M07_F04,1500.0,25.0,0,N15_M07_F04_K005_15.mat
1.7525100620980375e-05,0.0005234311396328766,1.4744941197351345e-05,0.0003904876220212788,2.1609595695152862e-05,0.0006913545166839951,3.3292458523104447e-05,0.0009058717577204002,3.5021894885784265e-05,0.001735727536688205,1.3033253766358569e-05,0.001735727536688205,K005,N15_M07_F04,1500.0,25.0,0,N15_M07_F04_K005_16.mat
1.8370941661146057e-05,0.0007335523110992589,1.3433363347305178e-05,0.00030755817078813454,2.1529892664156264e-05,0.0005694009026636647,3.359656349549268e-05,0.001265767457163213,3.604183136079873e-05,0.0017129449347400758,1.31806609164087e-05,0.0017129449347400758,K005,N15_M07_F04,1500.0,25.0,0,N15_M07_F04_K005_17.mat
2.0310526384849578e-05,0.0007428127924326376,1.4664019842893363e-05,0.00025515970436108435,2.3932029642850847e-05,0.0006541689867085582,3.573184495277083e-05,0.0009891672871329216,3.749994289803749e-05,0.001651000128031869,1.5152083999146e-05,0.001651000128031869,K005,N15_M07_F04,1500.0,25.0,0,N15_M07_F04_K005_18.mat
2.031186657875506e-05,0.0006427877670771737,1.7454701393961702e-05,0.0003993164043070215,2.2445098597531113e-05,0.0005609099491168558,3.805269882347277e-05,0.0012444138841966445,3.89982473261443e-05,0.0017767653997830886,1.5827740340577403e-05,0.0017767653997830886,K005,N15_M07_F04,1500.0,25.0,0,N15_M07_F04_K005_19.mat
1.7003634146393935e-05,0.00056460028650032,1.2158678769042171e-05,0.0002830895367000471,1.8757781750706995e-05,0.0004916572267345749,2.8017149529300108e-05,0.0009941588340863967,3.3025301730923676e-05,0.0015663640354171126,1.0895760747088549e-05,0.0015663640354171126,K005,N15_M07_F04,1500.0,25.0,0,N15_M07_F04_K005_2.mat
1.9821024174604652e-05,0.0006682518038138064,1.6140638900120954e-05,0.00040408068980207556,2.2560490832805143e-05,0.0005977968326221578,3.594255724018253e-05,0.0018605330744979668,3.694694089863961e-05,0.0014300320145154864,1.4701749723700653e-05,0.0018605330744979668,K005,N15_M07_F04,1500.0,25.0,0,N15_M07_F04_K005_20.mat
1.7541713272504435e-05,0.0005974808132270173,1.2137573211005883e-05,0.0002926762634077787,1.9193635212823663e-05,0.00045570741764539816,2.9166674443057045e-05,0.0011012263948267816,3.3753024470050145e-05,0.0017022409187427206,1.112775934488443e-05,0.0017022409187427206,K005,N15_M07_F04,1500.0,25.0,0,N15_M07_F04_K005_3.mat
1.779286048624376e-05,0.0006586335156903739,1.3772186087615594e-05,0.00040536006098142646,1.939624063147526e-05,0.0005664322777428844,2.92755467856318e-05,0.0011337014768556433,3.4037943070965016e-05,0.0023030341278390265,1.1292688846542361e-05,0.0023030341278390265,K005,N15_M07_F04,1500.0,25.0,0,N15_M07_F04_K005_4.mat
1.7447079767892857e-05,0.0005532623424114562,1.286448669494272e-05,0.0003141670751376011,1.8838663092098257e-05,0.0005451859264697696,3.0187790757127236e-05,0.0012219313452910732,3.3942923354068675e-05,0.0016721060908760008,1.1347696596932931e-05,0.0016721060908760008,K005,N15_M07_F04,1500.0,25.0,0,N15_M07_F04_K005_5.mat
1.7520228175199077e-05,0.0005827618486967188,1.3271333455976407e-05,0.00044083077683973286,1.9407751559585307e-05,0.0004468720744827458,3.0643562204450506e-05,0.0009328527185865424,3.364123175157663e-05,0.0017972808950991405,1.1369465533850048e-05,0.0017972808950991405,K005,N15_M07_F04,1500.0,25.0,0,N15_M07_F04_K005_6.mat
1.6925113870950997e-05,0.0004905973152132835,1.015570247813758e-05,0.00020298124008406962,2.191574969301156e-05,0.0005567348932174079,3.203905803108301e-05,0.0011918648610782863,3.3116678596956445e-05,0.0014543528062541343,1.1461933381662668e-05,0.0014543528062541343,K005,N15_M07_F04,1500.0,25.0,0,N15_M07_F04_K005_7.mat
1.579152149516462e-05,0.000545323082280194,1.1776272369345104e-05,0.00025417133063444027,2.017383879788033e-05,0.0006650922984207239,3.1615087809008445e-05,0.0011842639093339947,3.485956507771942e-05,0.0021289007641829344,1.1568254706100981e-05,0.0021289007641829344,K005,N15_M07_F04,1500.0,25.0,0,N15_M07_F04_K005_8.mat
1.661617179974939e-05,0.000513899469683843,1.1324646754929462e-05,0.00022124145654514802,1.9879448732115258e-05,0.0005711115939801266,3.222672687021239e-05,0.0011850153818352214,3.496051911454179e-05,0.0019080285149762092,1.162481079099486e-05,0.0019080285149762092,K005,N15_M07_F04,1500.0,25.0,0,N15_M07_F04_K005_9.mat
2.937143357748994e-05,0.0010429159467146003,1.5133833494318287e-05,0.0004256389645573607,5.058654740466756e-05,0.0016870073512577767,4.812603756437523e-05,0.0025852852010720584,3.6256551550153226e-05,0.0016588576516718913,1.4716983714515524e-05,0.0025852852010720584,K005,N15_M07_F10,1500.0,25.0,0,N15_M07_F10_K005_1.mat
2.4708224779023097e-05,0.0008490826911312024,1.1226955900616998e-05,0.000278642381056474,5.4939069000544506e-05,0.0016930051664205514,4.973973406496655e-05,0.0025951443058109575,3.7330883794570795e-05,0.0015570208297325163,1.464318273746657e-05,0.0025951443058109575,K005,N15_M07_F10,1500.0,25.0,0,N15_M07_F10_K005_10.mat
2.2361165941858702e-05,0.0007714251831338712,1.7034636926878918e-05,0.0005703940832976532,4.8351517319580624e-05,0.0016918292007505455,4.8373421818630954e-05,0.0028390152743361314,3.6868331694496705e-05,0.0015581713079753957,1.446213831815751e-05,0.0028390152743361314,K005,N15_M07_F10,1500.0,25.0,0,N15_M07_F10_K005_11.mat
2.2585785686652933e-05,0.0007571625088234361,1.744627104979605e-05,0.000737011600092062,4.9345790764752354e-05,0.0015708337871632027,4.81420370056744e-05,0.002585678957304882,3.788115747753225e-05,0.0019196822619551976,1.4639284714453441e-05,0.002585678957304882,K005,N15_M07_F10,1500.0,25.0,0,N15_M07_F10_K005_12.mat
2.2442738095691347e-05,0.0007287702209438997,1.4854167558090824e-05,0.0004955358840827174,4.6556027558410983e-05,0.0017347411470533076,4.838267217414462e-05,0.0027949792590181094,3.848841621973587e-05,0.002340976638687796,1.4572489922103783e-05,0.0027949792590181094,K005,N15_M07_F10,1500.0,25.0,0,N15_M07_F10_K005_13.mat
2.1043723827806264e-05,0.0006804611637561788,1.4846688799022371e-05,0.0004438993077862876,4.7120318864087847e-05,0.0017769151823119945,4.850172512333672e-05,0.0025367530403383313,3.7011275319126535e-05,0.001704734467841587,1.435913121267085e-05,0.0025367530403383313,K005,N15_M07_F10,1500.0,25.0,0,N15_M07_F10_K005_14.mat
2.159153610696603e-05,0.0006939055808306766,1.625925223635068e-05,0.0006297123946392682,4.65953626168121e-05,0.00151296158527175,4.67173807311743e-05,0.004143793120359522,3.830270576542931e-05,0.0021852402569145116,1.4525470612326014e-05,0.004143793120359522,K005,N15_M07_F10,1500.0,25.0,0,N15_M07_F10_K005_15.mat
2.1099683967215248e-05,0.0008046000034668462,1.3860342700039083e-05,0.00033953958541208207,4.76681521074848e-05,0.00164253354286061,4.800668398322732e-05,0.0023524900294996267,3.804393592270787e-05,0.0017291871163570293,1.4558350892377397e-05,0.0023524900294996267,K005,N15_M07_F10,1500.0,25.0,0,N15_M07_F10_K005_16.mat
2.30433585553753e-05,0.0007776379676717061,1.8019732044312702e-05,0.0009241546155278601,4.819854543886297e-05,0.0016559894315403758,4.9149893258963935e-05,0.0030119637604111996,3.8732999124914396e-05,0.002330101464724618,1.4961321301734186e-05,0.0030119637604111996,K005,N15_M07_F10,1500.0,25.0,0,N15_M07_F10_K005_17.mat
2.1360596594473315e-05,0.0007219240216303709,1.7452769653561757e-05,0.000953747664946337,4.7964346824472926e-05,0.0017759511939392663,4.7171502630978e-05,0.0020521487333746632,3.8256272610192186e-05,0.0022784787426104376,1.4635221607679735e-05,0.0022784787426104376,K005,N15_M07_F10,1500.0,25.0,0,N15_M07_F10_K005_18.mat
2.4559021333026986e-05,0.0007930902693656368,1.389182972699912e-05,0.00030839978322580333,4.5581073317173834e-05,0.0015974635544244017,4.987137604853157e-05,0.005228592745046121,3.894901260575919e-05,0.002730642477887827,1.4874570967852784e-05,0.005228592745046121,K005,N15_M07_F10,1500.0,25.0,0,N15_M07_F10_K005_19.mat
2.5949273653775857e-05,0.0008473181526575432,1.376191776841814e-05,0.00031376024363539214,5.151197682722623e-05,0.001593035676724725,4.918359173377273e-05,0.0030893415728508182,3.500225169706767e-05,0.0018024345055296523,1.4333109831171604e-05,0.0030893415728508182,K005,N15_M07_F10,1500.0,25.0,0,N15_M07_F10_K005_2.mat
1.9066706837185178e-05,0.0006932934523319697,1.4072262554294446e-05,0.0003137560913586377,4.574629814186328e-05,0.001657611053111186,4.851603144299086e-05,0.003377116250968812,3.821622046675636e-05,0.002086967967998752,1.4518981762262946e-05,0.003377116250968812,K005,N15_M07_F10,1500.0,25.0,0,N15_M07_F10_K005_20.mat
2.570528461119662e-05,0.000789507869228766,1.0951362135021623e-05,0.000293049933664223,5.392099817299909e-05,0.0015685987202260871,4.817260345725884e-05,0.002046491355193641,3.663808966135646e-05,0.0018846838024801642,1.4362740191753943e-05,0.002046491355193641,K005,N15_M07_F10,1500.0,25.0,0,N15_M07_F10_K005_3.mat
2.4995209388389508e-05,0.0008977419359510679,1.0959114859275882e-05,0.0002958944735869736,5.17227101352012e-05,0.00166802654742028,4.8513065317363695e-05,0.002181563436848133,3.612072910165653e-05,0.0017454110338129812,1.420000541824963e-05,0.002181563436848133,K005,N15_M07_F10,1500.0,25.0,0,N15_M07_F10_K005_4.mat
2.3144731903756667e-05,0.0007536854014419969,1.2707834585047088e-05,0.00029072256746929967,4.987002227549549e-05,0.0017367474531706135,4.550406562660707e-05,0.001805411479300624,3.5102749455031255e-05,0.002084933670583975,1.3902273541216687e-05,0.002084933670583975,K005,N15_M07_F10,1500.0,25.0,0,N15_M07_F10_K005_5.mat
2.3429292479344545e-05,0.0007886054026143616,1.4341644085464727e-05,0.00029274981067555606,4.96152989191759e-05,0.0017393554142875404,4.6875383277972695e-05,0.003129851361986684,3.610572703132476e-05,0.001446797138336165,1.4224801598617295e-05,0.003129851361986684,K005,N15_M07_F10,1500.0,25.0,0,N15_M07_F10_K005_6.mat
2.522650184627161e-05,0.0008524783817879554,1.0737803873549482e-05,0.0002795983549230335,5.129464437830981e-05,0.0016907436825342106,4.919434714840391e-05,0.0027312266136165866,3.682612512286639e-05,0.002142704106185864,1.4246879791033666e-05,0.0027312266136165866,K005,N15_M07_F10,1500.0,25.0,0,N15_M07_F10_K005_7.mat
2.511854546532091e-05,0.000811076065637742,1.0719608332890343e-05,0.000299019227881256,5.3757632391380595e-05,0.0016513373478296053,4.9660582153376465e-05,0.0021897082669928613,3.715092320410536e-05,0.0018305828609347047,1.4536957469408797e-05,0.0021897082669928613,K005,N15_M07_F10,1500.0,25.0,0,N15_M07_F10_K005_8.mat
2.1368998090026632e-05,0.0006893739864479716,1.2713388398939736e-05,0.0003637920123876193,4.89738650534982e-05,0.0016342446150397099,4.8582197164653124e-05,0.00225338104836703,3.763834851190903e-05,0.00201394849274358,1.4516545257851665e-05,0.00225338104836703,K005,N15_M07_F10,1500.0,25.0,0,N15_M07_F10_K005_9.mat
6.0686210535164594e-05,0.0014345938700195714,4.9539023717582234e-05,0.0006343831262820174,4.6514745823665165e-05,0.0004220369993382098,4.70268428331824e-05,0.000484422263785109,5.5027156969504174e-05,0.0010089339158174618,4.704133513015655e-05,0.0014345938700195714,K006,N09_M07_F10,900.0,15.0,0,N09_M07_F10_K006_1.mat
6.618858731818233e-05,0.001433152613936786,5.769333534990357e-05,0.0006602524434340371,6.005335570368663e-05,0.0006735871101775868,5.8665739002426204e-05,0.0007254811879569629,6.213022649028099e-05,0.0010821421558191656,5.718486836809216e-05,0.001433152613936786,K006,N09_M07_F10,900.0,15.0,0,N09_M07_F10_K006_10.mat
6.774369343346713e-05,0.0013760494656817612,5.633281435702787e-05,0.0005982118784056273,6.348857961682101e-05,0.0007737897954807608,5.7488125165120445e-05,0.0005891848255411205,6.234225137997331e-05,0.001138348834296535,5.735452597571825e-05,0.0013760494656817612,K006,N09_M07_F10,900.0,15.0,0,N09_M07_F10_K006_11.mat
6.531836161884738e-05,0.0011243015044674314,5.419394270171443e-05,0.00046912963083965036,5.4934773169754165e-05,0.0004769434909021115,5.0342708526124456e-05,0.0005033327532605646,5.6102288963241836e-05,0.0008412670432570216,5.124508188114224e-05,0.0011243015044674314,K006,N09_M07_F10,900.0,15.0,0,N09_M07_F10_K006_12.mat
5.994465988397535e-05,0.0012368843398932506,4.840632201659603e-05,0.0004896367068104624,5.2463970220883684e-05,0.000581849390693174,4.896041045967492e-05,0.0005508800404175993,5.5221734405389365e-05,0.001059923661029831,4.9361152452885945e-05,0.0012368843398932506,K006,N09_M07_F10,900.0,15.0,0,N09_M07_F10_K006_13.mat
5.5675593990828927e-05,0.0011006577569172987,4.5841812204936537e-05,0.00040220429567990734,4.754256533070805e-05,0.00039556369516232607,4.733702321624885e-05,0.0004705847993439054,4.928975999999683e-05,0.0007401809791761496,4.378680794157792e-05,0.0011006577569172987,K006,N09_M07_F10,900.0,15.0,0,N09_M07_F10_K006_14.mat
5.059810955314869e-05,0.001138390236004293,4.79179930446465e-05,0.0004254101074383811,5.207635233406885e-05,0.0006713475798552789,4.343163415129827e-05,0.0005016889354163315,4.85569081280303e-05,0.0007319091847537238,4.392591785934428e-05,0.001138390236004293,K006,N09_M07_F10,900.0,15.0,0,N09_M07_F10_K006_15.mat
5.2047980680903914e-05,0.001109425609391146,4.4717963665364824e-05,0.00044247563256049694,4.938841929721738e-05,0.0006108983431026409,4.580924825474389e-05,0.000596811650450029,4.97068697647676e-05,0.000651807477988107,4.4680151763821744e-05,0.001109425609391146,K006,N09_M07_F10,900.0,15.0,0,N09_M07_F10_K006_16.mat
5.6236090056115744e-05,0.0008675519684415723,4.482263102906449e-05,0.0006499189537442773,4.8958787904217884e-05,0.000450831653588116,4.471428059497626e-05,0.0004948001696090243,5.051962714711679e-05,0.0007944896233870017,4.3970651606456246e-05,0.0008675519684415723,K006,N09_M07_F10,900.0,15.0,0,N09_M07_F10_K006_17.mat
6.849626743982075e-05,0.0012059681682084105,5.445443528427378e-05,0.0005090520902839322,5.176350501981983e-05,0.0005808044283013119,5.2908876285090153e-05,0.0006281465436579933,5.569955781801441e-05,0.000904515657084086,5.168379324032447e-05,0.0012059681682084105,K006,N09_M07_F10,900.0,15.0,0,N09_M07_F10_K006_18.mat
6.352255721987076e-05,0.001161834056897622,4.968743464356816e-05,0.0004272600382252687,5.583884745055602e-05,0.0005207508540446563,5.256674211472195e-05,0.0005254538071846958,5.4895757894954845e-05,0.0007878862637379376,5.008592991802423e-05,0.001161834056897622,K006,N09_M07_F10,900.0,15.0,0,N09_M07_F10_K006_19.mat
6.0971680382958086e-05,0.0010657792130172278,4.82503804713076e-05,0.0004671102210798345,5.315390050481079e-05,0.00044366936049253296,4.880302549745412e-05,0.0005578068451865679,5.554150367829555e-05,0.0008494367088148827,4.746394655908382e-05,0.0010657792130172278,K006,N09_M07_F10,900.0,15.0,0,N09_M07_F10_K006_2.mat
5.7824736608191924e-05,0.000877192074135029,4.481731761727158e-05,0.00039140515310050596,4.7707814179708776e-05,0.0004675404118330334,4.300025303225456e-05,0.0004720619739747092,4.690351330819499e-05,0.0007799170597180338,4.318219169363347e-05,0.000877192074135029,K006,N09_M07_F10,900.0,15.0,0,N09_M07_F10_K006_20.mat
5.419169158394507e-05,0.0009830885518275238,4.732740166824914e-05,0.00045879122125975927,4.975674041927993e-05,0.00044338374983252414,4.531232084204713e-05,0.00041542434602974377,5.1639638273068796e-05,0.000805147111082458,4.509116525368614e-05,0.0010579729111659635,K006,N09_M07_F10,900.0,15.0,0,N09_M07_F10_K006_3.mat
5.658825646498931e-05,0.0012775503828341798,4.528575845580542e-05,0.0005362609820892203,4.904617100723759e-05,0.0005438054733183015,4.4453577181969106e-05,0.0004562892676858713,5.217034564555904e-05,0.0009065759448922942,4.4593589878794815e-05,0.0012775503828341798,K006,N09_M07_F10,900.0,15.0,0,N09_M07_F10_K006_4.mat
5.7858817664680315e-05,0.0013226467442069966,4.7713372017523404e-05,0.0005322916106096926,4.864132528119744e-05,0.0005325302471721132,4.5491097399118524e-05,0.0006043410744182462,5.0215608811308095e-05,0.0008695920520260695,4.418443531904994e-05,0.0013226467442069966,K006,N09_M07_F10,900.0,15.0,0,N09_M07_F10_K006_5.mat
5.395258512497059e-05,0.0011980132966943396,4.517668945542379e-05,0.000556699957482002,4.804531597975143e-05,0.0004342801021046599,4.524663665017e-05,0.0004538039977754583,4.9188650576035695e-05,0.0007980196904582171,4.412573311755761e-05,0.0011980132966943396,K006,N09_M07_F10,900.0,15.0,0,N09_M07_F10_K006_6.mat
5.733529002912525e-05,0.0010602392595882896,4.793354051533833e-05,0.0004368647643540927,4.78172152692284e-05,0.00047545045819160075,4.628358837038186e-05,0.0005050209575697361,5.218511943255309e-05,0.000695310698756792,4.472594099320091e-05,0.0010602392595882896,K006,N09_M07_F10,900.0,15.0,0,N09_M07_F10_K006_7.mat
6.0885886367678335e-05,0.0010376742719339933,5.54403370669698e-05,0.0006344515114695184,5.73028000848159e-05,0.0006411965389562673,5.471406109051681e-05,0.0005778873250296732,5.973474146712207e-05,0.0008425982608688739,5.385696396620221e-05,0.0010376742719339933,K006,N09_M07_F10,900.0,15.0,0,N09_M07_F10_K006_8.mat
6.319149359329524e-05,0.001605396376409287,5.462776033928325e-05,0.0005037196037067276,5.6909761420385205e-05,0.0005132194000750464,5.113370256059832e-05,0.0005626235471814595,5.924852761681538e-05,0.000804058637094123,5.2289051122917443e-05,0.001605396376409287,K006,N09_M07_F10,900.0,15.0,0,N09_M07_F10_K006_9.mat
5.661986745713022e-05,0.0009643568119701522,5.293139248300442e-05,0.00046448396967949465,5.8870822663810565e-05,0.0006904948946547617,7.623053727777086e-05,0.0021587072192046845,8.846112950483174e-05,0.004737120527038973,5.686990171100882e-05,0.004737120527038973,K006,N15_M01_F10,1500.0,25.0,0,N15_M01_F10_K006_1.mat
5.4672530203935384e-05,0.001132441746115327,4.999242232123881e-05,0.0005645807703062649,5.4172090955182726e-05,0.0006262144376398434,7.554164106377464e-05,0.002298908317223302,7.97402239849409e-05,0.004936244331433731,5.228701035809119e-05,0.004936244331433731,K006,N15_M01_F10,1500.0,25.0,0,N15_M01_F10_K006_10.mat
6.927691997299059e-05,0.0010354387470518616,6.83515956523477e-05,0.0007387985839699518,7.394404780878357e-05,0.0009912639923792287,9.073677631326032e-05,0.001894068382023991,9.952518603223845e-05,0.005691463543177011,7.080260030526915e-05,0.005691463543177011,K006,N15_M01_F10,1500.0,25.0,0,N15_M01_F10_K006_11.mat
6.175894317057636e-05,0.0010571909715460738,6.106664899096405e-05,0.0006212619269066577,6.567593362536118e-05,0.0008466452147997055,8.203060517812788e-05,0.0019313277629064898,8.826671189998884e-05,0.005615583515504096,6.13039560933875e-05,0.005615583515504096,K006,N15_M01_F10,1500.0,25.0,0,N15_M01_F10_K006_12.mat
6.306284267054978e-05,0.0011856338799140895,6.232810265158532e-05,0.0006303832885322717,6.669187123518549e-05,0.0007587738409201312,8.358507334037592e-05,0.002121138671150692,9.00463267135232e-05,0.0049617641728888625,6.28526313888471e-05,0.0049617641728888625,K006,N15_M01_F10,1500.0,25.0,0,N15_M01_F10_K006_13.mat
6.303143542153126e-05,0.0010888729898574962,5.955593335175136e-05,0.0006609460949921828,6.507519482682275e-05,0.0007144901997652748,8.159515151674215e-05,0.0019373922768890863,9.017869300810005e-05,0.006427480512874803,6.176206012456702e-05,0.006427480512874803,K006,N15_M01_F10,1500.0,25.0,0,N15_M01_F10_K006_14.mat
5.8874279501056006e-05,0.0011387940501904254,5.6483991345469454e-05,0.0005146148336556784,6.382478214642028e-05,0.000800081737222279,8.248713062976431e-05,0.0023175500951920203,8.81305056137917e-05,0.0058575196021943285,5.9867703115736486e-05,0.0058575196021943285,K006,N15_M01_F10,1500.0,25.0,0,N15_M01_F10_K006_15.mat
5.5791591283379845e-05,0.001165356276249736,4.8596749197837144e-05,0.0006555265387427918,5.3709011972594564e-05,0.0007073250322799763,7.497100395459919e-05,0.0021014336658281493,8.244741870543205e-05,0.00415772262761076,5.383414590470673e-05,0.00415772262761076,K006,N15_M01_F10,1500.0,25.0,0,N15_M01_F10_K006_16.mat
5.137083368046233e-05,0.0009343516223050675,4.86371907121512e-05,0.0004331075016894019,5.2954974155245194e-05,0.0006780912942244251,7.207620153757744e-05,0.0024136955081778826,7.874674730851995e-05,0.004417775418017194,5.0913782661486685e-05,0.004417775418017194,K006,N15_M01_F10,1500.0,25.0,0,N15_M01_F10_K006_17.mat
5.3025061661109766e-05,0.0011028690444012657,5.017750264387337e-05,0.0005277504250356309,5.548252220447343e-05,0.0008049901615098755,7.654339173866705e-05,0.001868636976288721,8.136003685612561e-05,0.006470052196820645,5.3438273119644955e-05,0.006470052196820645,K006,N15_M01_F10,1500.0,25.0,0,N15_M01_F10_K006_18.mat
6.071694900870379e-05,0.0013327689700295552,5.028548643287527e-05,0.0005223927504878731,5.825659247000747e-05,0.0008125303698900462,7.533343807482662e-05,0.0018922597360401846,8.333000746864506e-05,0.00587107884405822,5.416721300704608e-05,0.00587107884405822,K006,N15_M01_F10,1500.0,25.0,0,N15_M01_F10_K006_19.mat
5.719160001873816e-05,0.000898731456005015,5.371370330269324e-05,0.0009753340022329637,5.6104617105683885e-05,0.0007033215596479013,7.196483928044697e-05,0.0018741254147996678,8.654020863488916e-05,0.004993465945309926,5.490634736339915e-05,0.004993465945309926,K006,N15_M01_F10,1500.0,25.0,0,N15_M01_F10_K006_2.mat
5.152033199934927e-05,0.0013054310276352664,4.769591124921515e-05,0.0004662880973033845,5.354424616714892e-05,0.0007027003971743142,7.090914634593568e-05,0.0019335490366597808,7.724206201360689e-05,0.005671844852043891,4.9955491813701796e-05,0.005671844852043891,K006,N15_M01_F10,1500.0,25.0,0,N15_M01_F10_K006_20.mat
5.57838831015111e-05,0.0012392988064642892,4.764611523451645e-05,0.0006060151629413601,5.541267644995017e-05,0.0006311464652193504,7.2491861996288e-05,0.0027068334345588868,8.48315200814433e-05,0.005462700884084033,5.359854468709041e-05,0.005462700884084033,K006,N15_M01_F10,1500.0,25.0,0,N15_M01_F10_K006_3.mat
5.742282038316882e-05,0.0011338486380223813,5.406622089030774e-05,0.0006753839958362857,5.829678849973393e-05,0.0007194485918778288,7.37743091815979e-05,0.002002691742084545,8.613624672933513e-05,0.0062285480027362145,5.616009597938047e-05,0.0062285480027362145,K006,N15_M01_F10,1500.0,25.0,0,N15_M01_F10_K006_4.mat
6.025013832089871e-05,0.0017006694903206594,5.434670612981624e-05,0.00046120353636438475,5.694495602817956e-05,0.000586198549096556,7.636002270594617e-05,0.0017147010753525386,8.637125565970223e-05,0.004844694806430143,5.6900726216759506e-05,0.004844694806430143,K006,N15_M01_F10,1500.0,25.0,0,N15_M01_F10_K006_5.mat
6.24936315979158e-05,0.0010497845239039005,5.784272586920388e-05,0.0006599187859311987,6.27645313310623e-05,0.000813197539871796,8.227012257630174e-05,0.0017168853238954133,9.224107332170988e-05,0.00565152699887772,6.15392450689309e-05,0.00565152699887772,K006,N15_M01_F10,1500.0,25.0,0,N15_M01_F10_K006_6.mat
5.705221506641638e-05,0.0009757341210933271,4.8994788501497946e-05,0.0005156855368262334,5.586718260655632e-05,0.0006887628072463175,7.484634060442137e-05,0.002187291376211742,8.423628972802378e-05,0.005126136060657036,5.451530756343795e-05,0.005126136060657036,K006,N15_M01_F10,1500.0,25.0,0,N15_M01_F10_K006_7.mat
5.274464794363936e-05,0.0008414017697208636,4.915891482372425e-05,0.0005011817727730693,5.446690810146498e-05,0.0005998447948109692,7.39756998390415e-05,0.001910437640604298,8.196094045911696e-05,0.006603153823600136,5.28674801784473e-05,0.006603153823600136,K006,N15_M01_F10,1500.0,25.0,0,N15_M01_F10_K006_8.mat
5.2246872666193805e-05,0.0011982883455693035,4.760489712538162e-05,0.000495766499095048,5.47759737222506e-05,0.0005999172181504478,6.880527499065095e-05,0.0023912251393567474,8.077474756197381e-05,0.005016277117338057,5.09051152603153e-05,0.005016277117338057,K006,N15_M01_F10,1500.0,25.0,0,N15_M01_F10_K006_9.mat
6.21091164060921e-05,0.001139115515965571,7.070615081550945e-05,0.0009764729986525284,7.223379648920896e-05,0.001127113743873919,8.375155555308822e-05,0.0014652596668037142,8.429196592678559e-05,0.002014770292897191,6.313977033430685e-05,0.002014770292897191,K006,N15_M07_F04,1500.0,25.0,0,N15_M07_F04_K006_1.mat
5.2084926513337356e-05,0.001100195591794534,5.516157779463748e-05,0.0008431489215340004,6.05994928359513e-05,0.0008158058809218689,7.622443067489894e-05,0.0017727661243809292,6.964647553427014e-05,0.0017096705444321408,5.076205340794921e-05,0.0017727661243809292,K006,N15_M07_F04,1500.0,25.0,0,N15_M07_F04_K006_10.mat
5.097145278231433e-05,0.0010537199117987576,5.269291671712122e-05,0.000656012979852086,5.623464162594682e-05,0.0007529123912409301,7.298373844160484e-05,0.0017995082569315232,6.962224316521171e-05,0.0015717896082010489,4.876270792552558e-05,0.0017995082569315232,K006,N15_M07_F04,1500.0,25.0,0,N15_M07_F04_K006_11.mat
4.980830709432122e-05,0.0009474761960777424,5.363822034045866e-05,0.0007595129710927752,5.569683082029667e-05,0.0007935490592208932,7.556853360604202e-05,0.002101766852371683,6.977195561579027e-05,0.0017568369484874326,4.951444827918977e-05,0.002101766852371683,K006,N15_M07_F04,1500.0,25.0,0,N15_M07_F04_K006_12.mat
5.195821379818253e-05,0.0014365060064068526,5.787371368606358e-05,0.0008943215158972893,5.95987380811073e-05,0.0008860800599218574,7.840572582634019e-05,0.001916203998361638,7.146563127109461e-05,0.0017210279391593575,5.178333519236808e-05,0.001916203998361638,K006,N15_M07_F04,1500.0,25.0,0,N15_M07_F04_K006_13.mat
5.1831647634741244e-05,0.0011525955255708973,5.615338525114003e-05,0.0009923097618887407,5.841800704302924e-05,0.0007918097211672209,7.448846128849634e-05,0.001943243210062756,6.958254173379808e-05,0.0016492363072433671,4.964689486986131e-05,0.001943243210062756,K006,N15_M07_F04,1500.0,25.0,0,N15_M07_F04_K006_14.mat
5.1009373737707915e-05,0.001005295751267822,5.4483105061561325e-05,0.0008376801366895318,5.73204701894404e-05,0.0009961994772536126,7.539161340481172e-05,0.0018232207353596893,6.982228662523888e-05,0.001641824007772362,5.0100914509257626e-05,0.0018232207353596893,K006,N15_M07_F04,1500.0,25.0,0,N15_M07_F04_K006_15.mat
5.3147175114800716e-05,0.0011034350673881808,5.326118684254329e-05,0.0005882207929522665,5.935653316919477e-05,0.0007023519880672393,7.264359181579314e-05,0.0015215658539436266,6.918196906216279e-05,0.0016657646996587718,4.960456618935105e-05,0.0016657646996587718,K006,N15_M07_F04,1500.0,25.0,0,N15_M07_F04_K006_16.mat
5.2144823721567106e-05,0.0011219366351751276,5.693260953933687e-05,0.0006280004368067816,5.862303248789459e-05,0.0007945650607356516,7.537157564497221e-05,0.0014116428124525268,7.204830104096299e-05,0.0017135762521442567,5.0959337814932275e-05,0.0017135762521442567,K006,N15_M07_F04,1500.0,25.0,0,N15_M07_F04_K006_17.mat
5.389653140258769e-05,0.0007379331031728729,5.465390469497456e-05,0.0007091479922485406,5.902402228803978e-05,0.0007415579309832394,8.175800087392254e-05,0.0018664238850793133,7.275374114893411e-05,0.0016078627889371396,5.2497178223389255e-05,0.0018664238850793133,K006,N15_M07_F04,1500.0,25.0,0,N15_M07_F04_K006_18.mat
5.3721906214583466e-05,0.0009911146907482858,5.3007719222080366e-05,0.0006520727955020812,5.9339994229811214e-05,0.0007433481536835604,7.329143098550508e-05,0.0018230464594259882,6.909916958494552e-05,0.001303786386588862,4.932922389952165e-05,0.0018230464594259882,K006,N15_M07_F04,1500.0,25.0,0,N15_M07_F04_K006_19.mat
4.974680530311813e-05,0.0013218499360692039,5.2259904030025904e-05,0.000702138408077047,5.771055458702781e-05,0.0008146409944177139,7.519064633073759e-05,0.0016122687733624256,6.32166389323834e-05,0.0015524013390763893,4.8726638655940294e-05,0.0016122687733624256,K006,N15_M07_F04,1500.0,25.0,0,N15_M07_F04_K006_2.mat
5.253626483889707e-05,0.0009908117353199526,5.7370166018719356e-05,0.0008428729856899366,6.0289737162959016e-05,0.001042976894500097,7.87130126789101e-05,0.0016660672637489086,7.16409205915807e-05,0.0020431128119814215,5.186795629620864e-05,0.0020431128119814215,K006,N15_M07_F04,1500.0,25.0,0,N15_M07_F04_K006_20.mat
5.463816197139453e-05,0.0013388667077589187,5.966781593707712e-05,0.0009928634179518418,6.116979397477363e-05,0.0010711156295997212,7.743068223675469e-05,0.0018778429310118677,7.29422374837571e-05,0.001949291545771333,5.277242180336817e-05,0.001949291545771333,K006,N15_M07_F04,1500.0,25.0,0,N15_M07_F04_K006_3.mat
5.49894159696393e-05,0.0010664094394572635,5.9274139684831e-05,0.0009411972094729505,6.09676605646218e-05,0.0009933055645192125,7.540698854377757e-05,0.0013974066573248843,7.45319833320111e-05,0.0019374436772216397,5.348993804193219e-05,0.0019374436772216397,K006,N15_M07_F04,1500.0,25.0,0,N15_M07_F04_K006_4.mat
5.1710955853528515e-05,0.0008025557232027886,5.519628914334175e-05,0.0008120431519971547,5.5408864842444826e-05,0.0006432853273526973,7.298139649157323e-05,0.0020205403656736163,7.063484090627997e-05,0.0014925386300366859,4.891849591690071e-05,0.0020205403656736163,K006,N15_M07_F04,1500.0,25.0,0,N15_M07_F04_K006_5.mat
5.706900956260177e-05,0.0012708802798835175,5.841601423407161e-05,0.001063980408668857,5.7822905839994156e-05,0.0007217968869791156,7.350453338237713e-05,0.001982349499351368,7.309167820778942e-05,0.001478404642323935,5.082073342681603e-05,0.001982349499351368,K006,N15_M07_F04,1500.0,25.0,0,N15_M07_F04_K006_6.mat
5.507271922048267e-05,0.0007807960913502109,5.8896113795398634e-05,0.0010162918812642388,5.8023908166055484e-05,0.0006082145562928042,7.384918808460075e-05,0.0016257991543956402,7.208357555661281e-05,0.0014276257391215047,5.113327135898472e-05,0.0016257991543956402,K006,N15_M07_F04,1500.0,25.0,0,N15_M07_F04_K006_7.mat
5.060700234173458e-05,0.001244427247479957,5.3359089205405434e-05,0.0008567893727006745,5.7784825793892415e-05,0.000685845066109635,7.540362134399988e-05,0.0017736854774834318,7.081324760053492e-05,0.0022455003354024203,4.940410243715178e-05,0.0022455003354024203,K006,N15_M07_F04,1500.0,25.0,0,N15_M07_F04_K006_8.mat
5.481429313728609e-05,0.0017105978156703953,5.660949682019183e-05,0.0010036956382918855,5.868374300263029e-05,0.0008484182119403992,7.470012485928829e-05,0.0015038125890296516,7.075379183089151e-05,0.0015969610333552216,5.1216731049524036e-05,0.0017105978156703953,K006,N15_M07_F04,1500.0,25.0,0,N15_M07_F04_K006_9.mat
5.4413686236153516e-05,0.001018549997220908,5.262221840283551e-05,0.0004429381264600738,5.659396720017052e-05,0.0007432449990516922,7.660496445947996e-05,0.0015830580613735437,8.787978316995919e-05,0.007159732013425048,5.5475298760430905e-05,0.007159732013425048,K006,N15_M07_F10,1500.0,25.0,0,N15_M07_F10_K006_1.mat
5.796947525878177e-05,0.0011400064000491085,5.4783379243729384e-05,0.0005110103642012853,6.030144142519697e-05,0.0009789763272349424,7.877834561611092e-05,0.0020028644319616032,9.104106843228402e-05,0.006968808681449287,5.688749045631373e-05,0.006968808681449287,K006,N15_M07_F10,1500.0,25.0,0,N15_M07_F10_K006_10.mat
5.244765643888665e-05,0.001418167863449007,5.0546377408222506e-05,0.0005681300378508923,5.366108412983271e-05,0.0005936069212587326,7.273460479016142e-05,0.0024397287854751658,8.571232719522563e-05,0.0074945284171915524,5.228020733262021e-05,0.0074945284171915524,K006,N15_M07_F10,1500.0,25.0,0,N15_M07_F10_K006_11.mat
5.230305128171085e-05,0.0011139719343273898,4.8959899602748356e-05,0.00046223776092923607,5.2198342932241195e-05,0.0007387503987190051,7.251294160775008e-05,0.0020052793650864164,8.33686821063444e-05,0.006116580072624702,5.100695621187535e-05,0.006116580072624702,K006,N15_M07_F10,1500.0,25.0,0,N15_M07_F10_K006_12.mat
5.185558010891179e-05,0.0012596396585687437,4.802538651884036e-05,0.0005082513976732013,5.2584467917305986e-05,0.0005999097461781688,7.17482365656019e-05,0.0021482173666067463,8.368550196583117e-05,0.006168194101644819,5.138345386074259e-05,0.006168194101644819,K006,N15_M07_F10,1500.0,25.0,0,N15_M07_F10_K006_13.mat
5.1638761054494614e-05,0.0011161559185179383,4.702306747736861e-05,0.00040579251851425235,5.671729840162274e-05,0.000613049768332798,7.416614434668706e-05,0.0018014824693750313,8.4021947781252e-05,0.004854470703043489,5.2231361845693716e-05,0.004854470703043489,K006,N15_M07_F10,1500.0,25.0,0,N15_M07_F10_K006_14.mat
5.4346322512245355e-05,0.0008978002591570073,5.2492250694198946e-05,0.00046850920312717934,5.44327530317474e-05,0.0006454323840236145,7.238269141750403e-05,0.0020277444417624237,8.406308240446048e-05,0.00465902073621964,5.197082420315151e-05,0.00465902073621964,K006,N15_M07_F10,1500.0,25.0,0,N15_M07_F10_K006_15.mat
5.618235850065045e-05,0.0013523708941793153,4.876600625009947e-05,0.0006201970912133052,5.08678740636122e-05,0.0005860548600666692,6.906191450317243e-05,0.0015939241331685797,8.267669773975304e-05,0.004607666898290475,5.0143312381727674e-05,0.004607666898290475,K006,N15_M07_F10,1500.0,25.0,0,N15_M07_F10_K006_16.mat
5.794493359937169e-05,0.0013718888449724559,5.005952954274641e-05,0.0006280946251405305,5.8510727660871784e-05,0.0007263818597714741,7.393852150760057e-05,0.002204520157452254,8.648228081487696e-05,0.0076613075840479,5.350246346486133e-05,0.0076613075840479,K006,N15_M07_F10,1500.0,25.0,0,N15_M07_F10_K006_17.mat
5.6642613465966086e-05,0.0009888192700733412,5.149847845229431e-05,0.0005960465695967238,5.361963960655223e-05,0.0006229722181246627,7.40496488189763e-05,0.0025317918501521165,8.251906154348639e-05,0.004965569590104363,5.234524383147197e-05,0.004965569590104363,K006,N15_M07_F10,1500.0,25.0,0,N15_M07_F10_K006_18.mat
5.479063033197657e-05,0.001098001482712464,4.910342970100456e-05,0.0005632080289451586,5.5610563642477226e-05,0.0006327643023491017,7.299008480269246e-05,0.002425243624613769,8.384688156070316e-05,0.006965891868874561,5.289873799452025e-05,0.006965891868874561,K006,N15_M07_F10,1500.0,25.0,0,N15_M07_F10_K006_19.mat
5.387457698667856e-05,0.0008362986344343335,5.30831251014991e-05,0.0005615029237348954,5.473497705672184e-05,0.0006388431937866203,7.502035942560385e-05,0.0020079766764387486,8.515818984455265e-05,0.009079398748277333,5.4354542277966436e-05,0.009079398748277333,K006,N15_M07_F10,1500.0,25.0,0,N15_M07_F10_K006_2.mat
4.927673548103932e-05,0.001352642907795533,4.8628883729288576e-05,0.0005016892142044094,5.34931566192968e-05,0.0005908613928680293,7.252943883865664e-05,0.0016246212237544864,8.396701190965979e-05,0.005883601045154568,5.1630772348325004e-05,0.005883601045154568,K006,N15_M07_F10,1500.0,25.0,0,N15_M07_F10_K006_20.mat
5.6838633423596405e-05,0.0009334129387087201,5.043229505905948e-05,0.0005320906610427362,5.737511813421475e-05,0.0007186576571202706,7.499775304594407e-05,0.0019085098118271874,8.723061241419325e-05,0.006387411432992156,5.480398546186503e-05,0.006387411432992156,K006,N15_M07_F10,1500.0,25.0,0,N15_M07_F10_K006_3.mat
5.384117076232916e-05,0.0016334447034543414,5.401903619887812e-05,0.0008567190369929815,5.4894176363482466e-05,0.0005692329298217181,7.400770048772867e-05,0.002155217701148715,8.796543512568483e-05,0.006831937758411054,5.4076756962862084e-05,0.006831937758411054,K006,N15_M07_F10,1500.0,25.0,0,N15_M07_F10_K006_4.mat
5.308154012659294e-05,0.0008414921855212516,5.0882004808478314e-05,0.0004787929817283422,5.279579439263659e-05,0.0007576586172623432,7.509757274175324e-05,0.0019467566615803818,8.508793582058725e-05,0.009616274558320289,5.2867083263953885e-05,0.009616274558320289,K006,N15_M07_F10,1500.0,25.0,0,N15_M07_F10_K006_5.mat
5.070637481499571e-05,0.0012034019131343249,4.822789705050665e-05,0.0004044822467388814,5.304326252961145e-05,0.0008005310236481671,7.25270390144502e-05,0.0022627179635822544,8.589529833006743e-05,0.007778584389644079,5.187643355386697e-05,0.007778584389644079,K006,N15_M07_F10,1500.0,25.0,0,N15_M07_F10_K006_6.mat
5.223398606075198e-05,0.0011726349984461512,5.0773765072064434e-05,0.0004996114856458575,5.517030400782532e-05,0.000549763149567791,7.564534915320735e-05,0.002574717036272119,8.655269647897511e-05,0.006649833737807167,5.331836636607444e-05,0.006649833737807167,K006,N15_M07_F10,1500.0,25.0,0,N15_M07_F10_K006_7.mat
5.41063694068838e-05,0.001126351543803986,4.919109739628381e-05,0.0005291932528422359,5.234592433912118e-05,0.0006663098864900842,7.450681797708839e-05,0.0032763140918624146,8.769831744882527e-05,0.00818950830623255,5.2284894786902114e-05,0.00818950830623255,K006,N15_M07_F10,1500.0,25.0,0,N15_M07_F10_K006_8.mat
5.3722745362007865e-05,0.001153136988509495,5.082900928717278e-05,0.0006069339804845529,5.596853598153998e-05,0.0006718006340021832,7.438858276220627e-05,0.002116133500061479,8.422788153831219e-05,0.006755109065533807,5.2633373547505105e-05,0.006755109065533807,K006,N15_M07_F10,1500.0,25.0,0,N15_M07_F10_K006_9.mat
2.1070726353992988e-05,0.00039482207491331006,6.619959954127458e-05,0.0004830474485096253,5.7296650564533425e-05,0.0005094563262581939,1.865278327551903e-05,0.00023472850739929626,6.247554960528565e-05,0.0017103838935392055,1.894886665165543e-05,0.0017989667480211246,KA01,N09_M07_F10,900.0,15.0,1,N09_M07_F10_KA01_1.mat
2.07332122325512e-05,0.0004611114295147026,7.235045939095188e-05,0.0004488260664288777,6.122191772200596e-05,0.0005247920106435007,1.8985875820479703e-05,0.00023110786701607274,6.507726552912562e-05,0.0021270632814697626,1.9715404101348345e-05,0.00233952327267476,KA01,N09_M07_F10,900.0,15.0,1,N09_M07_F10_KA01_10.mat
2.180629227668207e-05,0.0004210831221276708,7.316624873771404e-05,0.0004129385362099411,6.004756939110785e-05,0.000549305502373427,1.8736228460907474e-05,0.00023956445970139636,6.46659867011465e-05,0.0018255242875688667,1.965928196980847e-05,0.0018785167327952318,KA01,N09_M07_F10,900.0,15.0,1,N09_M07_F10_KA01_11.mat
2.1860744134970427e-05,0.0005782126793461693,7.10884066469048e-05,0.0004271332723073732,5.961600745855824e-05,0.000578335658886231,1.878592602694112e-05,0.00023348532737473858,6.573036905567787e-05,0.0017418663101139724,1.9718323079447564e-05,0.001977673703648918,KA01,N09_M07_F10,900.0,15.0,1,N09_M07_F10_KA01_12.mat
2.105068014938501e-05,0.00038444481477757875,7.174611811924026e-05,0.0004516640547867317,6.0802877119064315e-05,0.0005711689296958478,1.828114361513416e-05,0.00022989548321243004,6.295924836269187e-05,0.0017714389309946212,1.9225378716311268e-05,0.002201546374835988,KA01,N09_M07_F10,900.0,15.0,1,N09_M07_F10_KA01_13.mat
2.0135442265971065e-05,0.00046876541916100365,7.18181435322781e-05,0.0004210118549188675,6.066432537465869e-05,0.0005728584896682391,1.7879083642202352e-05,0.00023956177830404443,6.223370879623628e-05,0.00179932681638847,1.9111833783352813e-05,0.00179932681638847,KA01,N09_M07_F10,900.0,15.0,1,N09_M07_F10_KA01_14.mat
2.0753405701398687e-05,0.0003891940264992506,7.364673769286267e-05,0.00047579454360116406,6.028535441614787e-05,0.0005384931929198803,1.85596164761052e-05,0.00023029658310335266,6.551612742495876e-05,0.0017310738800773273,1.9636941034165278e-05,0.001782074683890739,KA01,N09_M07_F10,900.0,15.0,1,N09_M07_F10_KA01_15.mat
2.0556609872612177e-05,0.00040655215868058676,7.27836873192369e-05,0.0004282451747011581,5.9883389408067866e-05,0.0005195520974753459,1.8941230482191516e-05,0.00026891343669364535,6.424736562490075e-05,0.0021503805752009957,1.9408532893137672e-05,0.0021503805752009957,KA01,N09_M07_F10,900.0,15.0,1,N09_M07_F10_KA01_16.mat
2.1131099473510448e-05,0.0004036152045246333,7.300964252402328e-05,0.00039887749079175577,5.968088958733792e-05,0.0005381629455127308,1.86942009797733e-05,0.0002383591488144446,6.611490153365918e-05,0.002671785401337036,1.9621307644192596e-05,0.002671785401337036,KA01,N09_M07_F10,900.0,15.0,1,N09_M07_F10_KA01_17.mat
2.0401947608039468e-05,0.0004203991731112091,7.230346947480766e-05,0.0004223655598586167,5.903951607178057e-05,0.0005185786866341066,1.8596081607867033e-05,0.0002615591396460536,6.214338680174542e-05,0.0018144430483753066,1.902252654201359e-05,0.0018456594299206442,KA01,N09_M07_F10,900.0,15.0,1,N09_M07_F10_KA01_18.mat
1.9669323352232388e-05,0.00039197404783699463,7.361849698292335e-05,0.0004042710081130762,5.992128562116227e-05,0.0004939002759379971,1.8632198037048122e-05,0.00023415179878742034,6.573429711672581e-05,0.002011047107960648,1.9564328252684563e-05,0.002011047107960648,KA01,N09_M07_F10,900.0,15.0,1,N09_M07_F10_KA01_19.mat
2.0699179162878038e-05,0.00044639316452863313,6.94427336941589e-05,0.00047269821132065414,5.7604615711940965e-05,0.0004371224527183148,1.9097123519912082e-05,0.00026615846927941004,6.504538017872724e-05,0.0016965456372140938,1.9473670025396952e-05,0.0018836239706498822,KA01,N09_M07_F10,900.0,15.0,1,N09_M07_F10_KA01_2.mat
2.0182210124256683e-05,0.000392498848175408,7.247486483959973e-05,0.0004055323477039194,5.9428711110216055e-05,0.0005319718822254645,1.9147214648368085e-05,0.0002613139762620088,6.542939622830995e-05,0.0017020082426232122,1.948819148586772e-05,0.0020835257007441772,KA01,N09_M07_F10,900.0,15.0,1,N09_M07_F10_KA01_20.mat
2.0728478610247736e-05,0.0003778383233775568,6.931686339654209e-05,0.00043171532840717683,6.065284838832468e-05,0.0005250517460041117,1.8824288236588983e-05,0.00025409675544288423,6.321284015417798e-05,0.0019764905680651696,1.8900877576780117e-05,0.0019764905680651696,KA01,N09_M07_F10,900.0,15.0,1,N09_M07_F10_KA01_3.mat
2.2622593477683323e-05,0.00044962007842323863,7.039840827251051e-05,0.00046774481040362894,6.0201078326914834e-05,0.0005251722260153247,1.813540569564709e-05,0.0003196784680565322,6.02348224313403e-05,0.0016768919541378707,1.8399953901962852e-05,0.0017069599428449407,KA01,N09_M07_F10,900.0,15.0,1,N09_M07_F10_KA01_4.mat
2.0774408257358083e-05,0.0004483392880227434,6.929758302169948e-05,0.00042561795527835196,5.9582653478841914e-05,0.0004976467293846928,1.8879608959417783e-05,0.00028895917570347275,6.31647826227478e-05,0.002110200822428274,1.873366170861704e-05,0.002117624052580909,KA01,N09_M07_F10,900.0,15.0,1,N09_M07_F10_KA01_5.mat
2.1276774729719238e-05,0.00047885556868111764,7.083933726975241e-05,0.0003995292310133661,5.9537138829839303e-05,0.0005047649097921699,1.845913872602658e-05,0.0002427880359461045,5.9740381729339626e-05,0.001762123358168883,1.832052394294174e-05,0.001762123358168883,KA01,N09_M07_F10,900.0,15.0,1,N09_M07_F10_KA01_6.mat
2.1264579535317303e-05,0.00045039621180610286,7.153986183626806e-05,0.00042223108797290366,6.029790542517271e-05,0.000546547546923847,1.897155793629912e-05,0.000293211060880126,6.540202500748853e-05,0.00196724272610039,1.955164024920023e-05,0.0023182310006194247,KA01,N09_M07_F10,900.0,15.0,1,N09_M07_F10_KA01_7.mat
2.0740452536526116e-05,0.0004425148444911385,6.978273706653651e-05,0.0004198878769152311,5.9556044475317774e-05,0.00048274226182894896,1.8649539607776506e-05,0.00024854169823692126,6.418499112285368e-05,0.0020390706066564326,1.9348264704558584e-05,0.0020390706066564326,KA01,N09_M07_F10,900.0,15.0,1,N09_M07_F10_KA01_8.mat
2.031787603424612e-05,0.00038577907409368897,7.03989856727975e-05,0.00047205999113594354,6.046602113882809e-05,0.0005413065597925758,1.7859610909694214e-05,0.0002192500474667953,6.015604605367484e-05,0.0018583088784911884,1.8881949344581806e-05,0.0018796817554518812,KA01,N09_M07_F10,900.0,15.0,1,N09_M07_F10_KA01_9.mat
2.6266383626706237e-05,0.0004908479917885676,0.00010567103182842642,0.0011241950359374615,0.0001952975235357016,0.005608727323701712,0.0007982844884006356,0.012821479894764865,0.00014454785042277487,0.0059392849641733605,0.00010022555243868898,0.012821479894764865,KA01,N15_M01_F10,1500.0,25.0,1,N15_M01_F10_KA01_1.mat
2.595358611245376e-05,0.0005315355588639623,0.00010530087450732589,0.0013947660177972198,0.00020790357187921575,0.0062316680354904085,0.0008137501841078266,0.012847720162853649,0.00014728467310097531,0.006034007023881903,0.00010234432414877905,0.012847720162853649,KA01,N15_M01_F10,1500.0,25.0,1,N15_M01_F10_KA01_10.mat
2.5302575715312465e-05,0.0004157800539542074,0.00010444508775220746,0.0011822089272467732,0.00019470399401795406,0.005584294756086347,0.0008058596490600396,0.013378313494653984,0.00014917465832146694,0.005471108547996356,0.00010151050049080258,0.013378313494653984,KA01,N15_M01_F10,1500.0,25.0,1,N15_M01_F10_KA01_11.mat
2.5967339461340328e-05,0.0005449525661170832,0.00010468770681503564,0.0011223767419706637,0.00019912549739372785,0.005497743573310158,0.0008035010691148979,0.014366760181067292,0.00014899943872114817,0.00493554386926174,0.00010145802669403948,0.014366760181067292,KA01,N15_M01_F10,1500.0,25.0,1,N15_M01_F10_KA01_12.mat
2.532560479031561e-05,0.00047299879172270793,0.0001075655465603728,0.0013846146209899406,0.00020660314420034874,0.005512960843413009,0.000801474053543111,0.01319151977321649,0.0001520659729496321,0.004701237651255685,0.00010207974047514121,0.01319151977321649,KA01,N15_M01_F10,1500.0,25.0,1,N15_M01_F10_KA01_13.mat
2.4505033451510716e-05,0.000389720949265787,0.0001046189447464932,0.001319703443057121,0.00020719163779785895,0.006489995308333058,0.0008120526949594408,0.01223864752017133,0.00015348989081053786,0.005418431110870698,0.0001031636839315656,0.01223864752017133,KA01,N15_M01_F10,1500.0,25.0,1,N15_M01_F10_KA01_14.mat
2.5263603370561503e-05,0.00041389693943448276,0.00010610680586092963,0.0013884786876069844,0.0002081618078122784,0.006437124636502242,0.0008172554033728792,0.013394279100962058,0.00015370189471967672,0.004655219390828314,0.00010356573524518662,0.013394279100962058,KA01,N15_M01_F10,1500.0,25.0,1,N15_M01_F10_KA01_15.mat
2.464511253991118e-05,0.0004369992934304171,0.00010845069821172529,0.0016701135338526895,0.0002068411276862464,0.005193611872215748,0.0008118732714057613,0.013169226817442375,0.00015650698233680125,0.005805046036945229,0.0001035469223238644,0.013169226817442375,KA01,N15_M01_F10,1500.0,25.0,1,N15_M01_F10_KA01_16.mat
2.4012242621437535e-05,0.00042969293800055545,0.00010687222411527732,0.0015326019363588342,0.00020321563346220543,0.005421115341593488,0.0008228757513757832,0.012353188791051878,0.00015274927339831303,0.0044401992371481186,0.0001037364430121163,0.012353188791051878,KA01,N15_M01_F10,1500.0,25.0,1,N15_M01_F10_KA01_17.mat
2.498802297789456e-05,0.0004004555545870178,0.0001050707104952631,0.0013516446189402122,0.00020296248160100164,0.006005058816614114,0.000816336527334134,0.013315494819297155,0.00015632756428893244,0.004665950455676311,0.00010362306756968506,0.013315494819297155,KA01,N15_M01_F10,1500.0,25.0,1,N15_M01_F10_KA01_18.mat
2.5056461397582063e-05,0.0004609049830606065,0.00010707988983891896,0.0013103983206618059,0.0002051653256093234,0.006208472276870653,0.0008265393944908373,0.013177037284663044,0.00015357962162960132,0.007359557798027456,0.00010428173137449401,0.013177037284663044,KA01,N15_M01_F10,1500.0,25.0,1,N15_M01_F10_KA01_19.mat
2.5993280962428738e-05,0.0004513232252460258,0.00010555086104890655,0.0012757832106348498,0.00021701019719910574,0.006575527776746095,0.0007805631097523302,0.01211745711958587,0.00014453393454044795,0.005112308705875564,9.966591842722484e-05,0.01211745711958587,KA01,N15_M01_F10,1500.0,25.0,1,N15_M01_F10_KA01_2.mat
2.3967678937852065e-05,0.0003964399914223866,0.00010501189151284543,0.0012114651693823787,0.0002020566288939346,0.005196458876377907,0.0008216588549804594,0.013040374370631658,0.00015302646246095284,0.00571642585219122,0.00010351086744574374,0.013040374370631658,KA01,N15_M01_F10,1500.0,25.0,1,N15_M01_F10_KA01_20.mat
2.613867162526978e-05,0.00044344589697674423,0.00010529181622791472,0.0014246416275823584,0.00019703132549707836,0.005026319784345641,0.0008053199331991742,0.014664580819540177,0.00014822948018736618,0.005592556098428081,0.0001014712419664146,0.014664580819540177,KA01,N15_M01_F10,1500.0,25.0,1,N15_M01_F10_KA01_3.mat
2.4952378694974648e-05,0.0004108188104773288,0.00010656576008762734,0.0017899532194630963,0.0002075596744768598,0.006364939607892511,0.0007973289292452867,0.013114415208739646,0.00014588605375838226,0.004767570404116573,0.00010085797329402217,0.013114415208739646,KA01,N15_M01_F10,1500.0,25.0,1,N15_M01_F10_KA01_4.mat
2.5158377159427206e-05,0.0004382879328259807,0.00010780081797829881,0.001683239257591212,0.0002014208310046245,0.006458797685009134,0.0007828338275083309,0.012753311233971044,0.00014386083226747395,0.007284048299268767,9.911772054889008e-05,0.012753311233971044,KA01,N15_M01_F10,1500.0,25.0,1,N15_M01_F10_KA01_5.mat
2.6472039037344917e-05,0.0004590811988195464,0.00010538489068772188,0.0009358384220831944,0.00019827898904212565,0.005993345302061193,0.0008026255636109994,0.013826459244571624,0.00014531185579524223,0.005949365761306139,0.00010072363695903314,0.013826459244571624,KA01,N15_M01_F10,1500.0,25.0,1,N15_M01_F10_KA01_6.mat
2.583895617050541e-05,0.0004925494706164398,0.00010967293353487328,0.0014883832995098126,0.0002001214905550185,0.006047369092832177,0.0008084466192178882,0.013660678017653865,0.0001462452084518624,0.0050448128671482795,0.00010152699044232542,0.013660678017653865,KA01,N15_M01_F10,1500.0,25.0,1,N15_M01_F10_KA01_7.mat
2.554617217987508e-05,0.0005417834962279089,0.00010714485873676132,0.001400956743939287,0.00020113247064802416,0.005731300162794186,0.0008107553316663496,0.01307173346381171,0.0001485215486827787,0.0052742699889503685,0.00010204254584793301,0.01307173346381171,KA01,N15_M01_F10,1500.0,25.0,1,N15_M01_F10_KA01_8.mat
2.618471103289064e-05,0.00049936226161407,0.00010644531552636438,0.0016804421506378757,0.00021084602505674907,0.005895220296261115,0.0008055831107834875,0.014793228523757343,0.00014662008734927037,0.005173548141002511,0.00010173714256337069,0.014793228523757343,KA01,N15_M01_F10,1500.0,25.0,1,N15_M01_F10_KA01_9.mat
3.3909523654771885e-05,0.0003840805828554979,0.00014330414238020745,0.0014648639179422505,0.00010637640935482239,0.0017765109408397228,0.00043728464775041285,0.00841527771868618,0.0002771455894009465,0.009731230609073983,9.618357640665637e-05,0.009731230609073983,KA01,N15_M07_F04,1500.0,25.0,1,N15_M07_F04_KA01_1.mat
3.622227559266219e-05,0.00041763537281999755,0.0001452976679927684,0.0013179219126845739,0.00010864785544422497,0.0018148693195574076,0.0004371364482205543,0.008665140047963817,0.0002819583517808356,0.008140217232446744,9.81013218007341e-05,0.008665140047963817,KA01,N15_M07_F04,1500.0,25.0,1,N15_M07_F04_KA01_10.mat
3.7251390719473844e-05,0.00044277828108557523,0.0001491081851558172,0.0012978494195863197,0.00010753871604917094,0.0017755821036659974,0.0004438844074302529,0.008784194061264608,0.00028764227800640464,0.009342915647410676,9.957683920333983e-05,0.009342915647410676,KA01,N15_M07_F04,1500.0,25.0,1,N15_M07_F04_KA01_11.mat
3.678611572241255e-05,0.000466011925648233,0.00014898233027284188,0.0012595882437173337,0.00010626572922272666,0.0015070457263264545,0.00044061785666860186,0.009400007506096797,0.00028450467426116235,0.009102679753786678,9.885913059086246e-05,0.009400007506096797,KA01,N15_M07_F04,1500.0,25.0,1,N15_M07_F04_KA01_12.mat
3.735781486484474e-05,0.0003988182980365176,0.0001467051641145278,0.0012516250579649398,0.00010567249517626418,0.0016660120214236746,0.0004375132588003793,0.008225248168372265,0.0002839524112508316,0.009312474159583794,9.841916389055962e-05,0.009312474159583794,KA01,N15_M07_F04,1500.0,25.0,1,N15_M07_F04_KA01_13.mat
3.619633689452712e-05,0.00042247081824690056,0.00014749886577035165,0.0013197610785674356,0.00010637188482126033,0.0014029102188936587,0.0004357039107544098,0.009984911073628217,0.00028306316069739073,0.010898387266931656,9.843054514751538e-05,0.010898387266931656,KA01,N15_M07_F04,1500.0,25.0,1,N15_M07_F04_KA01_14.mat
3.725367353177556e-05,0.00043597187337489124,0.00014826311437638064,0.0013940094286119444,0.00010589298773752202,0.0015420378145579085,0.00043920397561887414,0.008404106657928666,0.00028166676392102087,0.009766075510642009,9.841709009725293e-05,0.009766075510642009,KA01,N15_M07_F04,1500.0,25.0,1,N15_M07_F04_KA01_15.mat
3.7438965103184194e-05,0.00042560671343977875,0.00015045805938940186,0.0012252327368509966,0.00010818608273372793,0.0018760106127893358,0.00044306116792637275,0.009350244987223786,0.00022388965055742768,0.007262897929306027,9.890147518681955e-05,0.009350244987223786,KA01,N15_M07_F04,1500.0,25.0,1,N15_M07_F04_KA01_16.mat
3.702493322704288e-05,0.0004209578882275581,0.00014866825096186218,0.0012634565150578861,0.00010712974794403273,0.001411990972639221,0.0004382528873130808,0.009029583082416751,0.00028873221515188333,0.009516167245597283,9.922663438516673e-05,0.009516167245597283,KA01,N15_M07_F04,1500.0,25.0,1,N15_M07_F04_KA01_17.mat
3.648359227355897e-05,0.0003942597096378897,0.00015063638943166676,0.0013052572867792006,0.00010628590638812882,0.0016887924138468508,0.00043942525962384945,0.009342768292417642,0.0002851310721439366,0.007603836587097359,9.903401838532102e-05,0.009342768292417642,KA01,N15_M07_F04,1500.0,25.0,1,N15_M07_F04_KA01_18.mat
3.73625325869707e-05,0.00047971575981036217,0.00014825496352420585,0.0012872070881043793,0.00010851486197501773,0.0016554160707640006,0.0004425169656570377,0.00862934740675076,0.00028695213064293434,0.008836923665150856,9.941798266851037e-05,0.008836923665150856,KA01,N15_M07_F04,1500.0,25.0,1,N15_M07_F04_KA01_19.mat
3.438178003148784e-05,0.00041441091355385847,0.00014487583623822332,0.0012256853638305894,0.0001112153299933362,0.0017266157983400368,0.00043045493328450223,0.007905289498262155,0.00027674092242797085,0.008963291356325434,9.591964034395415e-05,0.008963291356325434,KA01,N15_M07_F04,1500.0,25.0,1,N15_M07_F04_KA01_2.mat
3.7452746951745356e-05,0.00041314494355145073,0.0001476123659108046,0.001276598642599977,0.0001042258944299854,0.0017360739120113164,0.0004458541108643325,0.010485516747947897,0.0002859233991717202,0.008306584134333416,9.912244481154994e-05,0.010485516747947897,KA01,N15_M07_F04,1500.0,25.0,1,N15_M07_F04_KA01_20.mat
3.5083494551597736e-05,0.00045031001521411506,0.00014683316437662228,0.0012604695519047816,0.00011470593675851662,0.00166772460035239,0.0004363381856640739,0.009216754865528056,0.0002793827627734867,0.009171422482243606,9.748003177457029e-05,0.009216754865528056,KA01,N15_M07_F04,1500.0,25.0,1,N15_M07_F04_KA01_3.mat
3.626287153941997e-05,0.0004888730413868599,0.0001426406630197574,0.001383276977791584,0.00010905722947923441,0.001552538520297865,0.0004295422195229786,0.008113892762968797,0.0002767250018521508,0.00898077697506234,9.622589106689976e-05,0.00898077697506234,KA01,N15_M07_F04,1500.0,25.0,1,N15_M07_F04_KA01_4.mat
3.576844239839113e-05,0.0004796242662105425,0.00014948009556752556,0.0013777612293557626,0.00010778556432069218,0.0016640646660032886,0.0004340177127389498,0.00871312426629854,0.0002737854935891379,0.008427420996318456,9.629667386607926e-05,0.00871312426629854,KA01,N15_M07_F04,1500.0,25.0,1,N15_M07_F04_KA01_5.mat
3.607740971928148e-05,0.0004102853579736978,0.0001463991381340089,0.0013092638247764546,0.00010962985283348248,0.0017885601152780204,0.00042176559154122377,0.007929811720030263,0.00027916053809594706,0.008627110565074602,9.659857641067634e-05,0.008627110565074602,KA01,N15_M07_F04,1500.0,25.0,1,N15_M07_F04_KA01_6.mat
3.715071901034292e-05,0.0004813003874403986,0.0001450644520245599,0.0013337035600803507,0.00010442425764903943,0.0013627980530743022,0.00044053991896771653,0.009600414362956493,0.0002813197603996464,0.008901747762754115,9.828878058030999e-05,0.009600414362956493,KA01,N15_M07_F04,1500.0,25.0,1,N15_M07_F04_KA01_7.mat
3.6244689791464996e-05,0.0004286911012580435,0.00014507825330142946,0.0012908595304285241,0.00010910431086147894,0.0016260735758221825,0.0004398185567273558,0.008759728034123972,0.00028020048982588936,0.009368094124580282,9.815705899001767e-05,0.009368094124580282,KA01,N15_M07_F04,1500.0,25.0,1,N15_M07_F04_KA01_8.mat
3.725211627808083e-05,0.0005202489827751522,0.00014738042656050175,0.0012336099632227636,0.00010898810920929614,0.0014946536000238354,0.000435568692863002,0.010311793326599995,0.00028024463833501134,0.008655950466365348,9.804735567099384e-05,0.010311793326599995,KA01,N15_M07_F04,1500.0,25.0,1,N15_M07_F04_KA01_9.mat
2.776811528436092e-05,0.0005510800340453489,0.00010788539121872942,0.0014188471580333815,0.00018301593710570678,0.004565268074655462,0.000842983104367596,0.012495972969619568,0.0001572094078642234,0.005441462006082734,0.00010598729877661681,0.012495972969619568,KA01,N15_M07_F10,1500.0,25.0,1,N15_M07_F10_KA01_1.mat
2.7495991068500382e-05,0.000582738612121824,0.00010892151150962716,0.0012778437029804422,0.0001892800940731663,0.00483921340810336,0.000848616552349757,0.013577908981806107,0.00015450977882064745,0.007091118386335292,0.00010615825542035518,0.013577908981806107,KA01,N15_M07_F10,1500.0,25.0,1,N15_M07_F10_KA01_10.mat
2.689682161871781e-05,0.0005808675069985902,0.00011147671011941042,0.0014305470580385183,0.00018528420282977213,0.004724360823902341,0.0008625287882700381,0.013759382167571698,0.00015186006302556724,0.005105736058054583,0.00010655681355624817,0.013759382167571698,KA01,N15_M07_F10,1500.0,25.0,1,N15_M07_F10_KA01_11.mat
2.6222430825858032e-05,0.0004760190950909784,0.00010878673949487768,0.0011267860808359502,0.00019485253211678789,0.005199130451119668,0.0008393977271898978,0.013341176052224605,0.00015303989426314514,0.004962859916701282,0.00010539402029346828,0.013341176052224605,KA01,N15_M07_F10,1500.0,25.0,1,N15_M07_F10_KA01_12.mat
2.6959380968455764e-05,0.0005691470501524961,0.00011139246957062372,0.0014069613199417927,0.00018971833873228283,0.005196879530321229,0.0008475202278159534,0.014073869363144325,0.0001542245500753229,0.0049985933390022715,0.00010600448980498048,0.014073869363144325,KA01,N15_M07_F10,1500.0,25.0,1,N15_M07_F10_KA01_13.mat
2.7350188396642078e-05,0.000513097950790276,0.00011113853203248936,0.0012753993733137358,0.00018623707696666046,0.005557818117854751,0.0008602628360045937,0.014107378442179458,0.00015423329259636956,0.004865692509702619,0.00010685608134852006,0.014107378442179458,KA01,N15_M07_F10,1500.0,25.0,1,N15_M07_F10_KA01_14.mat
2.725666721485622e-05,0.00048615645335274067,9.868104797010391e-05,0.0009298164235541582,0.00019805182280346843,0.005458589013505389,0.0008721281062571165,0.01330625344894476,0.00013913282626930895,0.005169147165097243,0.0001065290547215688,0.01330625344894476,KA01,N15_M07_F10,1500.0,25.0,1,N15_M07_F10_KA01_15.mat
2.61393428109686e-05,0.0004877685412747096,0.00011062978302553051,0.0014763203379649808,0.00018385140142186646,0.005464599395764603,0.0008513113316931601,0.014081977227182671,0.00015431952934217766,0.005469290094421672,0.0001060089598142552,0.014081977227182671,KA01,N15_M07_F10,1500.0,25.0,1,N15_M07_F10_KA01_16.mat
2.5803757025682416e-05,0.0004608340938066766,0.00010716521328815414,0.0011273755706580797,0.0001887976831429974,0.005386758275668521,0.0008472282698438613,0.01319984963806605,0.00015255864382989425,0.004961764248742284,0.00010535949945355721,0.01319984963806605,KA01,N15_M07_F10,1500.0,25.0,1,N15_M07_F10_KA01_17.mat
2.7154683746410007e-05,0.0005743441998924126,0.00010743834699628378,0.0010085095819759035,0.00019244065232614213,0.005538364899203318,0.0008460281945682125,0.013916077593510498,0.00015580999626726866,0.005366874440642602,0.00010590880905328311,0.013916077593510498,KA01,N15_M07_F10,1500.0,25.0,1,N15_M07_F10_KA01_18.mat
2.5294313994658015e-05,0.0005059599420284062,0.00010735440356914253,0.0009921551401077125,0.00018728248330160453,0.005014909190258785,0.0008464625796573423,0.01386719522630301,0.00015167256733571467,0.0045003557502779476,0.00010500447773552689,0.01386719522630301,KA01,N15_M07_F10,1500.0,25.0,1,N15_M07_F10_KA01_19.mat
2.7216191375293578e-05,0.0004687492832066628,0.00010692718525345163,0.0013284225107236332,0.0001893713698570608,0.004746798519200474,0.000830741046623919,0.014345688105385638,0.00015041198718622836,0.005325894743745987,0.00010392284918046761,0.014345688105385638,KA01,N15_M07_F10,1500.0,25.0,1,N15_M07_F10_KA01_2.mat
2.5410666894106645e-05,0.00046053621490498627,0.00010790643070600768,0.001092533167909198,0.0001951884990874246,0.0059091830969579566,0.0008557835213960739,0.013544686620700136,0.00015466186424885827,0.005400463093516635,0.00010650578183021095,0.013544686620700136,KA01,N15_M07_F10,1500.0,25.0,1,N15_M07_F10_KA01_20.mat
2.6753215431394637e-05,0.0005532331227209481,0.00010727450514306002,0.0012806642294565455,0.00018454691616165045,0.005124601028086219,0.0008472539374194186,0.012746652142001531,0.00015274669671753506,0.005328035359947403,0.00010542374043038444,0.012746652142001531,KA01,N15_M07_F10,1500.0,25.0,1,N15_M07_F10_KA01_3.mat
2.7598854048918547e-05,0.0005850473593863277,0.00010925938528330837,0.0011613187848150363,0.00019049399052453102,0.0047316514815630584,0.0008475215670308808,0.014893680139648357,0.0001568411860301491,0.00511114309244777,0.00010637298061724981,0.014893680139648357,KA01,N15_M07_F10,1500.0,25.0,1,N15_M07_F10_KA01_4.mat
2.7774297660513664e-05,0.0006008892499152072,0.00010565940363331903,0.001374952337785487,0.0001868201539680633,0.004806212191745599,0.0008437719117415793,0.013591855259306894,0.00015263671221827616,0.004317911475847457,0.00010505062409894427,0.013591855259306894,KA01,N15_M07_F10,1500.0,25.0,1,N15_M07_F10_KA01_5.mat
2.7558839965130012e-05,0.0004775098513538198,0.0001063316932069247,0.0011091312618308124,0.00019125817234420843,0.0049514890731767345,0.0008453043813932977,0.013259166413100147,0.00015480413534299113,0.004998619767819376,0.00010589076980969814,0.013259166413100147,KA01,N15_M07_F10,1500.0,25.0,1,N15_M07_F10_KA01_6.mat
2.744343462776872e-05,0.0004865285418931124,0.00010754687425052725,0.001568687204845346,0.00018616635002633022,0.00522368141374971,0.0008451756133758991,0.013490908655051464,0.0001563943879528339,0.005207191585854066,0.00010594101091647738,0.013490908655051464,KA01,N15_M07_F10,1500.0,25.0,1,N15_M07_F10_KA01_7.mat
2.8001888473024564e-05,0.0005504266406401068,0.00010736086787856838,0.0010404427769336807,0.00019003048682517782,0.004354422330756347,0.0008448983715757637,0.018144656511624117,0.00015385610003976313,0.006294611632640739,0.00010566686797958694,0.018144656511624117,KA01,N15_M07_F10,1500.0,25.0,1,N15_M07_F10_KA01_8.mat
2.742084523049871e-05,0.0005750019600887556,0.00010882930762457879,0.0016340378109199073,0.0001938013973438046,0.004719564157115879,0.0008480444075715978,0.013307115782458781,0.00015306863939031602,0.005114958469509521,0.0001060347920948704,0.013307115782458781,KA01,N15_M07_F10,1500.0,25.0,1,N15_M07_F10_KA01_9.mat
0.00010298013679757891,0.0019065728722489344,3.1387654276803334e-06,4.213899806714242e-05,6.226142774467501e-06,9.338077399106004e-05,4.380085993317241e-06,8.00045040141489e-05,4.7121619540454324e-05,0.0020596041043489206,8.509263847811966e-06,0.0020596041043489206,KA03,N09_M07_F10,900.0,15.0,1,N09_M07_F10_KA03_1.mat
0.00010213294045110931,0.0018555929093254317,3.496547650503211e-06,5.071172742737582e-05,6.512231572087971e-06,9.91128995062667e-05,4.600851548115629e-06,7.51935593866991e-05,3.961410928124286e-05,0.0012379458476509955,7.786528777657023e-06,0.0018555929093254317,KA03,N09_M07_F10,900.0,15.0,1,N09_M07_F10_KA03_10.mat
0.00010758751095763362,0.001997420918284924,3.4690620218738324e-06,4.180447872665095e-05,6.7240324583989255e-06,9.148994801361016e-05,4.615676344437159e-06,7.403083281390647e-05,3.95073734047546e-05,0.0014128318676601074,7.755024558692835e-06,0.001997420918284924,KA03,N09_M07_F10,900.0,15.0,1,N09_M07_F10_KA03_11.mat
0.00010435122201121446,0.0019081316980870244,3.4055772531707263e-06,3.5529299875468754e-05,6.617380876663972e-06,0.0001113931783673106,4.498876523719972e-06,6.369807423124015e-05,3.9712721486524044e-05,0.0014159933041452003,7.817202827055705e-06,0.0019081316980870244,KA03,N09_M07_F10,900.0,15.0,1,N09_M07_F10_KA03_12.mat
0.00010826720633339002,0.002041836602152137,3.3543776662338964e-06,3.354735553900462e-05,6.364758699689555e-06,9.723472425865869e-05,4.584670906123178e-06,7.177986381020703e-05,3.834470377544446e-05,0.0012620352517102578,7.678616191305505e-06,0.002041836602152137,KA03,N09_M07_F10,900.0,15.0,1,N09_M07_F10_KA03_13.mat
9.95677172899946e-05,0.0018827682813859162,3.7134659071244776e-06,4.8329389978216255e-05,6.437463647477452e-06,0.00012117912808956948,4.535544766557608e-06,8.308736053885321e-05,3.8979355405935334e-05,0.0011170687943713744,7.656510387540688e-06,0.0018827682813859162,KA03,N09_M07_F10,900.0,15.0,1,N09_M07_F10_KA03_14.mat
0.00010215486728283581,0.001867911025976784,3.6331527730412076e-06,3.888450486948867e-05,6.7660736477365995e-06,9.62210075998534e-05,4.5782333897452555e-06,7.948736406814811e-05,3.850178021165467e-05,0.0017963681448682556,7.570433802086018e-06,0.001867911025976784,KA03,N09_M07_F10,900.0,15.0,1,N09_M07_F10_KA03_15.mat
0.00010793986275205617,0.0020126793411537522,3.5188972281102117e-06,5.058746016903664e-05,6.548763337051342e-06,7.901245739198438e-05,4.4508995645739865e-06,7.840298927512417e-05,3.686739059933026e-05,0.0010991743836981668,7.339668877706909e-06,0.0020126793411537522,KA03,N09_M07_F10,900.0,15.0,1,N09_M07_F10_KA03_16.mat
0.00010445663861757441,0.0020004563944244123,3.523808790503087e-06,4.12921043073187e-05,6.8201689256443746e-06,0.00012696340393713584,4.5227358605463345e-06,7.664558898562782e-05,3.689222080507166e-05,0.0011781791939592722,7.3977655315895605e-06,0.0020004563944244123,KA03,N09_M07_F10,900.0,15.0,1,N09_M07_F10_KA03_17.mat
0.00010846844206052643,0.002075307254497641,3.5586990751278186e-06,4.5016780169511436e-05,6.6601665278752125e-06,9.394478930704151e-05,4.521522944295134e-06,7.973520220513185e-05,3.693454093610922e-05,0.001212422590300521,7.392565105038014e-06,0.002075307254497641,KA03,N09_M07_F10,900.0,15.0,1,N09_M07_F10_KA03_18.mat
0.00010146276294013789,0.0018823271196059675,3.188769830960085e-06,3.907569158889515e-05,6.664627657662853e-06,8.959486078056642e-05,4.454050655991577e-06,7.199715505899435e-05,3.612734908236599e-05,0.0015877942545469625,7.219396443212429e-06,0.0018823271196059675,KA03,N09_M07_F10,900.0,15.0,1,N09_M07_F10_KA03_19.mat
0.00010361945920456425,0.001946241047010257,3.3935584907017193e-06,5.2984255793041526e-05,6.582450714359753e-06,8.639443373319407e-05,4.374219966377203e-06,7.759002114062978e-05,4.675057377580111e-05,0.001481515799242639,8.50104110904615e-06,0.001946241047010257,KA03,N09_M07_F10,900.0,15.0,1,N09_M07_F10_KA03_2.mat
0.00010060681107094475,0.0018722152452485617,3.674691057987117e-06,5.266774887796289e-05,6.595863737299718e-06,7.5664715748408e-05,4.4353587940952854e-06,6.912882890712894e-05,3.6748557739005514e-05,0.0012809622823274993,7.3230681777650295e-06,0.0018722152452485617,KA03,N09_M07_F10,900.0,15.0,1,N09_M07_F10_KA03_20.mat
0.00010256881748303935,0.0019985487479257154,3.6141408766993137e-06,4.2364805847180844e-05,6.523498997406762e-06,9.600927000606131e-05,4.273765811179956e-06,6.776358630891745e-05,4.556875323464711e-05,0.001937081481912321,8.302664634529414e-06,0.0019985487479257154,KA03,N09_M07_F10,900.0,15.0,1,N09_M07_F10_KA03_3.mat
0.00010520772487978959,0.002000496772365589,3.3719178590636557e-06,4.7851056376371995e-05,6.31651314830786e-06,9.726198478455134e-05,4.4027305752818475e-06,9.171707895718494e-05,4.451902500192697e-05,0.0013533053081834162,8.292999021810535e-06,0.002000496772365589,KA03,N09_M07_F10,900.0,15.0,1,N09_M07_F10_KA03_4.mat
0.00010252393569609582,0.0019175665432981535,3.6060734817355557e-06,5.5852571428012845e-05,6.4329304188771635e-06,8.506989266154595e-05,4.3859418514772684e-06,6.990628698511184e-05,4.384419688065125e-05,0.0019242197115475106,8.159190385070498e-06,0.0019242197115475106,KA03,N09_M07_F10,900.0,15.0,1,N09_M07_F10_KA03_5.mat
0.00010090016448524159,0.0018606397851592467,3.3834888289390927e-06,4.406317274756714e-05,6.360697090541761e-06,0.00010015078077570824,4.388267515338141e-06,7.323915957597435e-05,4.2943400400820876e-05,0.0015179098537114355,8.078272653929888e-06,0.0018606397851592467,KA03,N09_M07_F10,900.0,15.0,1,N09_M07_F10_KA03_6.mat
9.68553996360794e-05,0.0018474376866216978,3.5961140030557083e-06,3.9045554576141563e-05,6.2898445488734575e-06,8.79538216271878e-05,4.41536025964398e-06,6.692945815383115e-05,4.124144825243271e-05,0.001297336996068009,7.887606567877986e-06,0.0018474376866216978,KA03,N09_M07_F10,900.0,15.0,1,N09_M07_F10_KA03_7.mat
0.00010211425647280371,0.001891378008783679,3.4340331194905223e-06,4.011775383356109e-05,6.348834237089532e-06,8.711710038332135e-05,4.476565873254797e-06,6.97904643713337e-05,4.024920571789314e-05,0.0016856001227227811,7.769001849538458e-06,0.001891378008783679,KA03,N09_M07_F10,900.0,15.0,1,N09_M07_F10_KA03_8.mat
0.00010345060720945082,0.0019130521622417976,3.449975966230707e-06,4.7364874872631354e-05,6.569648096039487e-06,8.148490087974477e-05,4.473928827573432e-06,7.356133706064264e-05,4.033680366260169e-05,0.0012798415334166545,7.834654145988775e-06,0.0019130521622417976,KA03,N09_M07_F10,900.0,15.0,1,N09_M07_F10_KA03_9.mat
6.606094936272232e-05,0.0019469771436303324,2.398399427941954e-05,0.0007761585988438686,3.099768395314159e-05,0.0009800823544855745,0.00011921169990140754,0.004272670273677196,0.0001394543147436657,0.01505365044032758,3.595329083166994e-05,0.01505365044032758,KA03,N15_M01_F10,1500.0,25.0,1,N15_M01_F10_KA03_1.mat
6.377597211908214e-05,0.0018545051914166364,2.292936014056104e-05,0.0005889552429696863,4.000697208151727e-05,0.0015164735490353954,0.00011991740627514547,0.004982773045479822,0.00014545918090097166,0.009035451503279517,3.740052280492781e-05,0.009035451503279517,KA03,N15_M01_F10,1500.0,25.0,1,N15_M01_F10_KA03_10.mat
6.312039622806111e-05,0.001958744825808457,2.3005021894468054e-05,0.0005649428701708523,4.0478676020706246e-05,0.0013718123097354925,0.00012149482159701171,0.006126688610692415,0.0001468600487944482,0.007893644912323475,3.7702793931041656e-05,0.007893644912323475,KA03,N15_M01_F10,1500.0,25.0,1,N15_M01_F10_KA03_11.mat
6.164183655816724e-05,0.0018814580314056065,2.1379043764993477e-05,0.0006859222162467832,4.011620703639791e-05,0.0014200865833274151,0.00012082792215051437,0.005853059652105482,0.00014348851545528923,0.013059193815143127,3.7018251476157e-05,0.013059193815143127,KA03,N15_M01_F10,1500.0,25.0,1,N15_M01_F10_KA03_12.mat
6.324227846854673e-05,0.0018945868932838679,2.3232086894560483e-05,0.0005927472891672445,3.911174288254402e-05,0.0015020453765983081,0.00012386197773726516,0.005854059867827122,0.0001443062063588193,0.006931736264466553,3.7477325041114745e-05,0.006931736264466553,KA03,N15_M01_F10,1500.0,25.0,1,N15_M01_F10_KA03_13.mat
6.199095535117776e-05,0.0019042818262385514,2.1735013936343915e-05,0.0005481277129339124,4.0035132753438835e-05,0.0013644165557189399,0.00012301657976620395,0.006162667791346752,0.00014518091999603773,0.010885427092597471,3.748791898413313e-05,0.010885427092597471,KA03,N15_M01_F10,1500.0,25.0,1,N15_M01_F10_KA03_14.mat
6.526601204859843e-05,0.0019337148812345003,2.085484389837853e-05,0.0005926542750672072,3.881018706115269e-05,0.001459824577973261,0.0001257123189633226,0.007025069123443467,0.00014266393847227183,0.008868935689077605,3.7302213656136955e-05,0.008868935689077605,KA03,N15_M01_F10,1500.0,25.0,1,N15_M01_F10_KA03_15.mat
6.857713994519513e-05,0.0020514141550613063,2.1494483575516542e-05,0.000624894705588318,3.951349350986701e-05,0.0013972703329021457,0.00011777575758665764,0.004165376523551354,0.00014503698165709754,0.007782744563920001,3.717117794324259e-05,0.007782744563920001,KA03,N15_M01_F10,1500.0,25.0,1,N15_M01_F10_KA03_16.mat
6.575860449306432e-05,0.002013232674294979,2.214990634372932e-05,0.000535610050536857,3.989776037148229e-05,0.0013629467650834591,0.00011981967936013324,0.006353516791096727,0.00014432880535752556,0.007963778380222906,3.718915593284809e-05,0.007963778380222906,KA03,N15_M01_F10,1500.0,25.0,1,N15_M01_F10_KA03_17.mat
6.933823271010796e-05,0.0020383001123178307,2.1407000007469635e-05,0.0006202256120065164,3.992383963899299e-05,0.0012537015908833135,0.00012106961061616476,0.0043216519392973605,0.0001419279310848744,0.008748658034084516,3.695687731468432e-05,0.008748658034084516,KA03,N15_M01_F10,1500.0,25.0,1,N15_M01_F10_KA03_18.mat
6.492155680436509e-05,0.0020056319083532758,2.199950154583735e-05,0.0005920169321067852,3.8468744877964504e-05,0.0014012474707106753,0.0001195745457023525,0.00533654489049286,0.00013959825323373097,0.010995355886829034,3.63372748582887e-05,0.010995355886829034,KA03,N15_M01_F10,1500.0,25.0,1,N15_M01_F10_KA03_19.mat
6.792753539740852e-05,0.0020092019839242936,2.2543945099427532e-05,0.0006321452100589198,3.666235909014154e-05,0.0013367793112008615,0.0001222666840254069,0.005927003542271709,0.00014118768236595113,0.009129953266239846,3.676715075894756e-05,0.009129953266239846,KA03,N15_M01_F10,1500.0,25.0,1,N15_M01_F10_KA03_2.mat
6.608192392891805e-05,0.0019864449025668394,2.2271221934714093e-05,0.0006546937206113635,3.890464133050277e-05,0.0013068083597680559,0.00012109024242824742,0.008653339403871056,0.00014476257996937243,0.01231289182468386,3.733790675429687e-05,0.01231289182468386,KA03,N15_M01_F10,1500.0,25.0,1,N15_M01_F10_KA03_20.mat
6.328611288445599e-05,0.0019169818745374484,2.2980525464931367e-05,0.0007276591632023443,3.744720061495336e-05,0.0013577403818011116,0.00012145691857960824,0.0075230580747617576,0.0001430759396568536,0.008315715080417493,3.697376870919765e-05,0.008315715080417493,KA03,N15_M01_F10,1500.0,25.0,1,N15_M01_F10_KA03_3.mat
6.297456999765973e-05,0.0019939827836826765,2.2093036824602216e-05,0.0005941521402218458,3.969251946463462e-05,0.0013155553953368977,0.00012424916041159557,0.006236604949832656,0.00014557418496950145,0.008174922177262501,3.7676982763836446e-05,0.008174922177262501,KA03,N15_M01_F10,1500.0,25.0,1,N15_M01_F10_KA03_4.mat
6.191621260031269e-05,0.0019176929175182113,2.2512176346142957e-05,0.0008338112014631706,4.039127278877037e-05,0.001378530583032507,0.00012198969019810215,0.007058212259319545,0.00014299478313617832,0.008312423067692505,3.715242186471862e-05,0.008312423067692505,KA03,N15_M01_F10,1500.0,25.0,1,N15_M01_F10_KA03_5.mat
6.309955614196497e-05,0.0018818514067750723,2.2555669831508802e-05,0.0006984175248852288,4.0620019821148704e-05,0.0014277879713302608,0.00012223752797002393,0.004520636511002109,0.0001443317251044999,0.007941664556523738,3.739453790952491e-05,0.007941664556523738,KA03,N15_M01_F10,1500.0,25.0,1,N15_M01_F10_KA03_6.mat
6.764126079039457e-05,0.0020026752288323404,2.271685347740279e-05,0.0006489312883754897,4.090751443380384e-05,0.0014923079513920843,0.00011999506165301037,0.0045424953739559805,0.00014154057410000498,0.007051994582166533,3.6935717426518425e-05,0.007051994582166533,KA03,N15_M01_F10,1500.0,25.0,1,N15_M01_F10_KA03_7.mat
6.34752185125243e-05,0.0018724587132658464,2.4619408884910267e-05,0.0005898241136815952,3.925519992244671e-05,0.0013772100132967452,0.00012336370129354703,0.005898098602498745,0.00014428879519840426,0.007979151367516072,3.749077222659851e-05,0.007979151367516072,KA03,N15_M01_F10,1500.0,25.0,1,N15_M01_F10_KA03_8.mat
6.703276701027564e-05,0.002026013908298551,2.4996810235509635e-05,0.0006125392288348265,3.932268700844708e-05,0.0016843604885838825,0.00012184566808504278,0.005652223837979294,0.00014874953689185166,0.008846426230401062,3.8150430843957935e-05,0.008846426230401062,KA03,N15_M01_F10,1500.0,25.0,1,N15_M01_F10_KA03_9.mat
6.63879635085243e-05,0.0020257573825457984,1.001744943096562e-05,0.00018467674827125376,1.776809405194245e-05,0.0005716415305966751,0.0001549405254642771,0.008147839761991588,0.0002283727340887587,0.01374229112321629,5.302249423519423e-05,0.01374229112321629,KA03,N15_M07_F04,1500.0,25.0,1,N15_M07_F04_KA03_1.mat
6.714297043758019e-05,0.002059139838865209,9.939032156370664e-06,0.0002016130346224249,2.054727274277671e-05,0.0007034936379534851,0.0001619074616374208,0.008846358646632071,0.0002112622150738021,0.015117775892235855,5.0864863239146295e-05,0.015117775892235855,KA03,N15_M07_F04,1500.0,25.0,1,N15_M07_F04_KA03_10.mat
6.783122316047218e-05,0.002062283101510149,9.389665605698355e-06,0.00015506594226775503,2.0532764306805124e-05,0.0007131493778744201,0.00016032234981131675,0.00645248765553016,0.00021647746272425295,0.0156698936954136,5.153093515847939e-05,0.0156698936954136,KA03,N15_M07_F04,1500.0,25.0,1,N15_M07_F04_KA03_11.mat
6.79727725848595e-05,0.002010500253199084,9.362506861146758e-06,0.00016407557171462965,2.0696625608328908e-05,0.0006984065044913096,0.00016300712877213708,0.008035461034194533,0.00021129079338581396,0.011323825586219298,5.094032884554088e-05,0.011323825586219298,KA03,N15_M07_F04,1500.0,25.0,1,N15_M07_F04_KA03_12.mat
6.49760218971013e-05,0.002002186297131043,9.97311268392638e-06,0.00015526904643538476,2.1139747486394235e-05,0.0006475904113199622,0.0001544943544521201,0.00850173556666418,0.00021030780047961002,0.012797731712579767,5.0045315396002656e-05,0.012797731712579767,KA03,N15_M07_F04,1500.0,25.0,1,N15_M07_F04_KA03_13.mat
6.709767398496239e-05,0.0019760595241029794,9.356052038260264e-06,0.00012285812663026494,2.0345225139652448e-05,0.00070956011648988,0.00015560751446008168,0.008375262520655027,0.00021088640076409351,0.00958649732480063,5.017723364401744e-05,0.00958649732480063,KA03,N15_M07_F04,1500.0,25.0,1,N15_M07_F04_KA03_14.mat
6.618081408045339e-05,0.0020201827346943125,1.060424412459179e-05,0.00019122930498831703,2.058994239748375e-05,0.0006500891588136205,0.00015907159828929936,0.007858317045822736,0.0002042947459503161,0.010149252947651878,4.9442778590919214e-05,0.010149252947651878,KA03,N15_M07_F04,1500.0,25.0,1,N15_M07_F04_KA03_15.mat
6.363733664018097e-05,0.001834735931015681,9.627688209043303e-06,0.0001650773656080391,2.0424433464835257e-05,0.0006081252590722752,0.0001558558810261896,0.008482566687498899,0.00020249250595010687,0.011426944590262283,4.8886003952864544e-05,0.011426944590262283,KA03,N15_M07_F04,1500.0,25.0,1,N15_M07_F04_KA03_16.mat
6.608774500510298e-05,0.0019395766641311122,9.132127572336763e-06,0.0001357549843801612,2.083511607017529e-05,0.0006439679501110636,0.00015358188844192638,0.0067349198248828615,0.00021192384926843483,0.012719842649419607,5.016897766592133e-05,0.012719842649419607,KA03,N15_M07_F04,1500.0,25.0,1,N15_M07_F04_KA03_17.mat
6.655444806465596e-05,0.002013338630351585,9.519457338062426e-06,0.00019494188395387666,2.05776033434544e-05,0.0006834081793674757,0.00015610230173176165,0.009990558620916941,0.0002091736486479227,0.011368156097980264,4.988632787704564e-05,0.011368156097980264,KA03,N15_M07_F04,1500.0,25.0,1,N15_M07_F04_KA03_18.mat
6.764117049923063e-05,0.002037096435282427,9.149072881185443e-06,0.00016924099922590802,2.107831054659816e-05,0.0006319624396196543,0.0001542677752951404,0.007597142621790532,0.00016613328305207243,0.010336960949055547,4.861679332651234e-05,0.010336960949055547,KA03,N15_M07_F04,1500.0,25.0,1,N15_M07_F04_KA03_19.mat
6.970144327974698e-05,0.0020264750914270515,9.894466884026522e-06,0.00020327654395421572,2.1017137774108462e-05,0.0007250797457167538,0.00015797488281542137,0.007461153921514883,0.00017930737652733884,0.015121571539397444,5.3280363755044476e-05,0.015121571539397444,KA03,N15_M07_F04,1500.0,25.0,1,N15_M07_F04_KA03_2.mat
6.633980612376556e-05,0.002048609996080883,9.921525955599518e-06,0.0001956726270360805,2.044735258802095e-05,0.0006352379294738801,0.00015755151983686886,0.006976044558953461,0.00020067501398523914,0.008707549219734007,4.872212658191789e-05,0.008707549219734007,KA03,N15_M07_F04,1500.0,25.0,1,N15_M07_F04_KA03_20.mat
6.65966028469729e-05,0.0019618264157849658,1.0639750820541129e-05,0.00023797565285131833,2.0433257065580993e-05,0.0007567179773641774,0.00015534589374422583,0.008646044373102625,0.000233358417840168,0.012081006951848678,5.399557612967738e-05,0.012081006951848678,KA03,N15_M07_F04,1500.0,25.0,1,N15_M07_F04_KA03_3.mat
6.374787499925592e-05,0.0018976643884290971,1.0289430596764302e-05,0.00017951001652250645,2.0265141012744128e-05,0.000661538759556701,0.00015265614029020774,0.0057171147602565215,0.00022791252867805447,0.012167550454559722,5.282565712560375e-05,0.012167550454559722,KA03,N15_M07_F04,1500.0,25.0,1,N15_M07_F04_KA03_4.mat
6.588867132670506e-05,0.001953756562770182,1.0539567695949733e-05,0.00022578405491483646,2.0269466082666533e-05,0.000765863334496265,0.00015741753510218305,0.010746899707423022,0.00021801726128653896,0.013056191832520403,5.160197954685462e-05,0.013056191832520403,KA03,N15_M07_F04,1500.0,25.0,1,N15_M07_F04_KA03_5.mat
6.625798912091514e-05,0.0019737342062872264,1.0210690689235894e-05,0.0002220186887526909,2.010328016729476e-05,0.000679558033388878,0.00015732635969432335,0.008286821521776214,0.00022613628082835215,0.011482910742697723,5.296649302262146e-05,0.011482910742697723,KA03,N15_M07_F04,1500.0,25.0,1,N15_M07_F04_KA03_6.mat
6.394609913635981e-05,0.0018875374093591875,1.0832141774443887e-05,0.00022995428429700934,2.0885135417605732e-05,0.0006991893910125093,0.00015714831653693758,0.009529706613015757,0.00022295845671279848,0.012111266858189192,5.2341648599573144e-05,0.012111266858189192,KA03,N15_M07_F04,1500.0,25.0,1,N15_M07_F04_KA03_7.mat
6.424615761005929e-05,0.0019197361706576955,9.62020121541003e-06,0.0001745220540210297,2.0194663017186282e-05,0.0006285326868534532,0.00015476992555191844,0.0068263833789307905,0.00022155185482431594,0.013043555820896963,5.183507602462792e-05,0.013043555820896963,KA03,N15_M07_F04,1500.0,25.0,1,N15_M07_F04_KA03_8.mat
6.759613197802651e-05,0.0020042298214755713,9.695505243788812e-06,0.00017445021152648848,1.9955685257934023e-05,0.0005693184571203998,0.0001576379219731511,0.007825596220509731,0.00021461145831761443,0.014455800867634015,5.110455576522081e-05,0.014455800867634015,KA03,N15_M07_F04,1500.0,25.0,1,N15_M07_F04_KA03_9.mat
6.485622074793536e-05,0.002023480133481689,1.7360272316388077e-05,0.0004326139297951532,4.527403696904756e-05,0.0016203944657014466,0.0001416960855544429,0.00871312233354191,0.00017134220643768674,0.013815509403235197,4.3109167217684296e-05,0.013815509403235197,KA03,N15_M07_F10,1500.0,25.0,1,N15_M07_F10_KA03_1.mat
6.600625139891378e-05,0.001976242550613076,2.0159617224655956e-05,0.0005508516920773326,4.249278306751971e-05,0.0015094491216519651,0.00012969452619363805,0.005912514314631408,0.00017220074261901396,0.011597074799368633,4.2302790981299775e-05,0.011597074799368633,KA03,N15_M07_F10,1500.0,25.0,1,N15_M07_F10_KA03_10.mat
6.238888345337014e-05,0.001853955989340681,2.1454322769274725e-05,0.0005440173442539909,4.422121605872855e-05,0.0015182929116504505,0.0001346854413555315,0.005285579851194911,0.00017529548137293227,0.014277323634535368,4.323737782891811e-05,0.014277323634535368,KA03,N15_M07_F10,1500.0,25.0,1,N15_M07_F10_KA03_11.mat
6.366566855127878e-05,0.0018339706945990433,1.9881426523003065e-05,0.0005791117740651883,4.1836787981643305e-05,0.0015339100888238223,0.00013130705944968036,0.005639579959370494,0.00016788294215799073,0.013601417861055218,4.168761896342799e-05,0.013601417861055218,KA03,N15_M07_F10,1500.0,25.0,1,N15_M07_F10_KA03_12.mat
6.324767318514265e-05,0.0019391484466027755,1.9885471451080232e-05,0.000570609583046921,4.291260606142456e-05,0.0014475060756636308,0.00013376680220992138,0.004974212051995986,0.0001689962275595288,0.015459809757261361,4.2069325677393304e-05,0.015459809757261361,KA03,N15_M07_F10,1500.0,25.0,1,N15_M07_F10_KA03_13.mat
6.342549489769327e-05,0.0020199960241009543,1.964264308708551e-05,0.0005665894263454515,4.1988045433091614e-05,0.0013390738806325526,0.00013574550497729224,0.005243268980677657,0.00016559760142455945,0.010472677991711803,4.1697012709282354e-05,0.010472677991711803,KA03,N15_M07_F10,1500.0,25.0,1,N15_M07_F10_KA03_14.mat
6.071611130462284e-05,0.0018259413038634938,1.983121847164946e-05,0.0005888270173151938,4.204923144801474e-05,0.0014823829124430284,0.00013325002275034996,0.004423039652590172,0.00017042874438932202,0.009791460636915182,4.224298913129049e-05,0.009791460636915182,KA03,N15_M07_F10,1500.0,25.0,1,N15_M07_F10_KA03_15.mat
6.400553502275186e-05,0.0019637441265110455,1.9809146390501903e-05,0.0005993618922304214,4.2762753394715356e-05,0.0015117700794014036,0.00013488510047330652,0.00614583129627444,0.00016794493261906705,0.010588288869214375,4.200571085555596e-05,0.010588288869214375,KA03,N15_M07_F10,1500.0,25.0,1,N15_M07_F10_KA03_16.mat
6.520675337124236e-05,0.0019351286187337471,2.0080756448980976e-05,0.0006217577836825488,4.185642145106365e-05,0.0016437602411261607,0.00012677513376097523,0.007508965100441644,0.00016450181071216927,0.00814942334924727,4.0816242921377875e-05,0.00814942334924727,KA03,N15_M07_F10,1500.0,25.0,1,N15_M07_F10_KA03_17.mat
6.534158253941837e-05,0.002026798188371434,2.031804210729837e-05,0.0006134069423284854,4.3237974919457385e-05,0.0016046882274226898,0.00012998809021390518,0.005742247025224597,0.00016750823209543423,0.01136443266527164,4.161460275993511e-05,0.01136443266527164,KA03,N15_M07_F10,1500.0,25.0,1,N15_M07_F10_KA03_18.mat
6.42737283599773e-05,0.0018663111449738147,1.956188604901276e-05,0.000593308919262147,4.196775519682996e-05,0.0014913532173285746,0.00013432938708455512,0.007901851516206858,0.00016466190095532494,0.008577852242171922,4.1456196488923863e-05,0.008577852242171922,KA03,N15_M07_F10,1500.0,25.0,1,N15_M07_F10_KA03_19.mat
6.580317728344207e-05,0.0018776374386083945,1.727813149959665e-05,0.00044111442113704813,4.6357577300995714e-05,0.001439782774766855,0.00014320523908957527,0.0074274269205277,0.00016481334177014136,0.015863035097316815,4.2181372768116445e-05,0.015863035097316815,KA03,N15_M07_F10,1500.0,25.0,1,N15_M07_F10_KA03_2.mat
6.704970135177156e-05,0.001960342690915841,2.0341007761388805e-05,0.0006112432145614205,4.2285973895140896e-05,0.0016531489728466593,0.00012922294386817754,0.00562483515142954,0.00016455181344807868,0.007818924436373989,4.105860612562422e-05,0.007818924436373989,KA03,N15_M07_F10,1500.0,25.0,1,N15_M07_F10_KA03_20.mat
6.545743641648385e-05,0.001856961973270872,1.7633732120283887e-05,0.00047423098232466217,4.598161497352041e-05,0.001457685994095608,0.0001438952772340746,0.005684992760022397,0.0001667823327213987,0.01222531447134993,4.254457837048115e-05,0.01222531447134993,KA03,N15_M07_F10,1500.0,25.0,1,N15_M07_F10_KA03_3.mat
6.37461301969547e-05,0.0019977365534529445,1.885876057284424e-05,0.0004561351083654188,4.4705312844150894e-05,0.001472160858928834,0.00013693462938300138,0.005583000067802289,0.00017266515393891973,0.012099417399873101,4.2938209509743384e-05,0.012099417399873101,KA03,N15_M07_F10,1500.0,25.0,1,N15_M07_F10_KA03_4.mat
6.634171962028768e-05,0.0019277668206858836,1.7641274871179036e-05,0.0004836414573414478,4.629985998886702e-05,0.0017282290702177881,0.00014294587544637604,0.006750391697489913,0.00016920074363681314,0.013695044990202854,4.283303666193891e-05,0.013695044990202854,KA03,N15_M07_F10,1500.0,25.0,1,N15_M07_F10_KA03_5.mat
6.589192160306257e-05,0.0020395045379327007,1.9588792670377676e-05,0.00047291979842090554,4.44132714761157e-05,0.0016572671584390078,0.00013752569698016095,0.008987403111268364,0.00017626123245701909,0.014475087946502629,4.357483592720704e-05,0.014475087946502629,KA03,N15_M07_F10,1500.0,25.0,1,N15_M07_F10_KA03_6.mat
6.3991607725168e-05,0.0018948486766239953,1.913208047129667e-05,0.000466121346845435,4.453119616895506e-05,0.0016752192198100583,0.00013609857024026868,0.005471511323217546,0.00017021393658256392,0.014445293979966897,4.250419710626958e-05,0.014445293979966897,KA03,N15_M07_F10,1500.0,25.0,1,N15_M07_F10_KA03_7.mat
6.461894110016817e-05,0.0018772923846460574,1.973211005806706e-05,0.0004822571346322443,4.527911763675599e-05,0.001589780535372741,0.00013521394473380092,0.007863384946099233,0.0001729524128679236,0.011747138240611094,4.29303602313495e-05,0.011747138240611094,KA03,N15_M07_F10,1500.0,25.0,1,N15_M07_F10_KA03_8.mat
6.693290819672276e-05,0.0019092573871380125,1.930800891053677e-05,0.0006261757790793818,4.71527418226149e-05,0.0015070669430171206,0.00013345683658116519,0.004746498738990212,0.00017125421544217045,0.01081450895757258,4.264487491679845e-05,0.01081450895757258,KA03,N15_M07_F10,1500.0,25.0,1,N15_M07_F10_KA03_9.mat
0.0001915783004797182,0.002020213193838914,0.0002870515808442562,0.0014517830364599697,0.00014772271484256536,0.001944244700756447,9.449916338045269e-06,0.00014829820282230907,3.5372635724021134e-05,0.0012568504716024356,1.754023176438717e-05,0.002020213193838914,KA04,N09_M07_F10,900.0,15.0,1,N09_M07_F10_KA04_1.mat
0.00020333203251458022,0.002351128161180416,0.00026187473214423954,0.0015199806601600657,0.00015355654386688656,0.0018501788680241001,1.0747171316346818e-05,0.00020143563577258998,3.823480738610675e-05,0.001118268620886427,1.7847639164458218e-05,0.002351128161180416,KA04,N09_M07_F10,900.0,15.0,1,N09_M07_F10_KA04_10.mat
0.00019732467361407898,0.0022723666056796714,0.0002568898792391934,0.001256406943666535,0.0001521837229591469,0.002230880656144413,1.1015139349984768e-05,0.00022817784000236815,3.822297720519636e-05,0.001279120841198203,1.764640861392475e-05,0.0022723666056796714,KA04,N09_M07_F10,900.0,15.0,1,N09_M07_F10_KA04_11.mat
0.0002062351917608426,0.002391189112745851,0.0002590140611479216,0.0012640547801406733,0.0001550226816456865,0.0022008425671923714,1.109765997767028e-05,0.000255174046505794,3.9849547483732385e-05,0.001223618973718073,1.8065699960613827e-05,0.002391189112745851,KA04,N09_M07_F10,900.0,15.0,1,N09_M07_F10_KA04_12.mat
0.0002055093546178647,0.0023896185012919785,0.0003766429246396426,0.007397135566199348,0.00015173776984981737,0.00449260372991952,1.75823582629852e-05,0.0008400388897782365,5.5590556965379614e-05,0.0034960705487364304,2.3834373952645145e-05,0.007397135566199348,KA04,N09_M07_F10,900.0,15.0,1,N09_M07_F10_KA04_13.mat
0.00021204964228255151,0.0024348765051856827,0.0002874241011875977,0.0014590130226716628,0.00015313957011522968,0.002055428054888657,1.0939426844660352e-05,0.00020482769349370805,3.691538326454273e-05,0.0012128565960170478,1.844683116950127e-05,0.0024348765051856827,KA04,N09_M07_F10,900.0,15.0,1,N09_M07_F10_KA04_14.mat
0.00020026134659622348,0.0021513389351569294,0.00029490029362185677,0.0015245100720132985,0.000152786368306574,0.0022812364970428984,1.0972164485548575e-05,0.00018362968983077327,3.76731564806501e-05,0.0011021810976466562,1.848672444565449e-05,0.0022812364970428984,KA04,N09_M07_F10,900.0,15.0,1,N09_M07_F10_KA04_15.mat
0.0001963792510864703,0.001996574728239292,0.0003535659170521648,0.0017511862499816706,0.00014293643536617424,0.002316140563581826,1.1377466500087382e-05,0.00019580908687420693,4.1732843142240825e-05,0.001292650769697467,2.0058863212562868e-05,0.002316140563581826,KA04,N09_M07_F10,900.0,15.0,1,N09_M07_F10_KA04_16.mat
0.0002139104825747149,0.0022279246189195654,0.000361012902916296,0.00180972459578139,0.00014004856472302012,0.002057263992801482,1.145314198774594e-05,0.00018150552174684404,4.2217430639012384e-05,0.0012362614064733758,2.02723629014954e-05,0.0022279246189195654,KA04,N09_M07_F10,900.0,15.0,1,N09_M07_F10_KA04_17.mat
0.0002139104825747149,0.0022279246189195654,0.000361012902916296,0.00180972459578139,0.00014004856472302012,0.002057263992801482,1.145314198774594e-05,0.00018150552174684404,4.2217430639012384e-05,0.0012362614064733758,2.02723629014954e-05,0.0022279246189195654,KA04,N09_M07_F10,900.0,15.0,1,N09_M07_F10_KA04_18.mat
0.0002002757584638615,0.0020660451745433852,0.00036295424994853113,0.0018420268542429354,0.00014000244280979251,0.0021293130856346234,1.1477245006055908e-05,0.00018728315474747712,4.1312150036957474e-05,0.0015761879748321529,2.0115571270973648e-05,0.0021293130856346234,KA04,N09_M07_F10,900.0,15.0,1,N09_M07_F10_KA04_19.mat
0.00019654547638965722,0.00236953898301882,0.0002691746837277656,0.0014440091876482795,0.00015093908050903395,0.0019731554022613513,1.0416959379041282e-05,0.00014003496551491895,3.490885674300074e-05,0.001073406028576556,1.717752795864713e-05,0.00236953898301882,KA04,N09_M07_F10,900.0,15.0,1,N09_M07_F10_KA04_2.mat
0.00020701132083156818,0.002079982354923811,0.0003658541662696173,0.0018502351029052735,0.00013983893991577123,0.00243752584408625,1.1123957235455257e-05,0.0002181579467805051,4.1763461482767886e-05,0.0013283389466768399,2.0308484016870945e-05,0.00243752584408625,KA04,N09_M07_F10,900.0,15.0,1,N09_M07_F10_KA04_20.mat
0.00020502669724868484,0.0022626522170245225,0.00028078597584741327,0.0014266982653334983,0.00014961039818069263,0.002189878005735985,9.997213239676521e-06,0.00014722342301351957,3.4727640193974806e-05,0.001199849057033975,1.7143495423349556e-05,0.0022626522170245225,KA04,N09_M07_F10,900.0,15.0,1,N09_M07_F10_KA04_3.mat
0.00020235236985861364,0.002323382657001973,0.0002665118892926695,0.0013221595194118933,0.0001524563385891626,0.0019239803890516583,1.0563989697233758e-05,0.00015642269341440733,3.564270818176012e-05,0.0009972432084971155,1.7252624812903507e-05,0.002323382657001973,KA04,N09_M07_F10,900.0,15.0,1,N09_M07_F10_KA04_4.mat
0.00019078322275972734,0.0021779518893995362,0.00026378848110687443,0.0012945474791693137,0.0001528047400062296,0.0020181674930658134,1.1382738566351264e-05,0.0002891113951303923,3.551244811336372e-05,0.0010448263327889227,1.70922526323295e-05,0.0021779518893995362,KA04,N09_M07_F10,900.0,15.0,1,N09_M07_F10_KA04_5.mat
0.00019855727964129293,0.002217531624077346,0.0002616695634530548,0.0012392680958165836,0.00015261430022315122,0.0019893727327281205,1.0731962050844519e-05,0.00018165481475317533,3.426791229811651e-05,0.000938039914890239,1.6906721816368667e-05,0.002217531624077346,KA04,N09_M07_F10,900.0,15.0,1,N09_M07_F10_KA04_6.mat
0.00021114721653653788,0.0023274807494246363,0.0002532433896424677,0.0012937953046475627,0.00016546518002554263,0.001966878198069057,1.060239945991778e-05,0.0002631600794714779,3.161095859185743e-05,0.0011882465331191287,1.7481722723164414e-05,0.0023274807494246363,KA04,N09_M07_F10,900.0,15.0,1,N09_M07_F10_KA04_7.mat
0.00018475227953256707,0.002074956340516953,0.00025308083235969314,0.001177209187883743,0.000151475837068353,0.0019296409906235427,1.1003141047058942e-05,0.00020756687586898664,3.711523066726632e-05,0.001973484676894747,1.715083861391512e-05,0.002074956340516953,KA04,N09_M07_F10,900.0,15.0,1,N09_M07_F10_KA04_8.mat
0.00019403042251313842,0.0021929174429130872,0.00026066104231638974,0.0015581153383403873,0.00015165855905761177,0.0020062840713544043,1.0545486436483202e-05,0.00018188321343001244,3.7589084242858195e-05,0.001087073759991914,1.7424265509299792e-05,0.0021929174429130872,KA04,N09_M07_F10,900.0,15.0,1,N09_M07_F10_KA04_9.mat
0.00040823289648710294,0.0028172602413270697,0.0010923421237297526,0.012279241471559638,7.902906250323732e-05,0.0021504192059965377,0.0002224224796845131,0.007731905556403764,0.00029045841086958673,0.010525793256310494,0.00010292223452642217,0.012279241471559638,KA04,N15_M01_F10,1500.0,25.0,1,N15_M01_F10_KA04_1.mat
0.00047392648065460965,0.0036905885303826886,0.0011363894206925767,0.011545468769345356,7.579596058374692e-05,0.002113254893350589,0.00024787904454155193,0.014951656664334984,0.00029889986672812415,0.011643048009049457,0.0001091249308292954,0.014951656664334984,KA04,N15_M01_F10,1500.0,25.0,1,N15_M01_F10_KA04_10.mat
0.0004767575289350473,0.003878808148077476,0.0011427463362991374,0.012181196730365317,7.686743894931724e-05,0.0022526015589509414,0.00025882203209769773,0.013024097496805076,0.0003180096879652364,0.009561892690932109,0.00011387248712789872,0.013024097496805076,KA04,N15_M01_F10,1500.0,25.0,1,N15_M01_F10_KA04_11.mat
0.0004771127673987872,0.0036607116312760545,0.00114681915915857,0.011769751029669647,7.88954654838777e-05,0.0024947599071582457,0.0002785629823243741,0.012918344533311737,0.00032760226260315425,0.011334993313303269,0.00011733618967670617,0.012918344533311737,KA04,N15_M01_F10,1500.0,25.0,1,N15_M01_F10_KA04_12.mat
0.0004773059860838866,0.0037127219681314413,0.0011475320392343087,0.012609723193045985,7.805623207586872e-05,0.0024441912254609126,0.0002551029648991788,0.011618602498018025,0.00032422153521240236,0.009591886745587584,0.00011487177090813874,0.012609723193045985,KA04,N15_M01_F10,1500.0,25.0,1,N15_M01_F10_KA04_13.mat
0.000476695042844658,0.003652597783439612,0.0011384897985751994,0.01219794030344891,7.816333926747629e-05,0.0024257345918187187,0.0002672199997719907,0.012638666941181239,0.0003181980947861904,0.012371864306834365,0.00011439118656970186,0.012638666941181239,KA04,N15_M01_F10,1500.0,25.0,1,N15_M01_F10_KA04_14.mat
0.0004787851900004706,0.003789294973034957,0.0011435762945830668,0.012013470782952748,7.691003816985337e-05,0.002449773684100673,0.00027210871357384635,0.015447445342627458,0.0003300898663589315,0.010067246974501471,0.00011687533481347071,0.015447445342627458,KA04,N15_M01_F10,1500.0,25.0,1,N15_M01_F10_KA04_15.mat
0.0004796611437555079,0.0036495534833701766,0.001143882353631695,0.012263765985889019,7.704758742066316e-05,0.002450898878764242,0.0002554693649205335,0.01137075082625981,0.00033157915203549225,0.011255829092341758,0.0001158120713846021,0.012263765985889019,KA04,N15_M01_F10,1500.0,25.0,1,N15_M01_F10_KA04_16.mat
0.0004809374730264074,0.003611410031363041,0.0011435507093704156,0.012428923185147333,7.826808169930176e-05,0.0023803296572390414,0.00025204144106759173,0.011347974565100368,0.00031935084635294593,0.00942791242812357,0.00011346896442075108,0.012428923185147333,KA04,N15_M01_F10,1500.0,25.0,1,N15_M01_F10_KA04_17.mat
0.00047806979941267437,0.003667367960704115,0.00113556225826892,0.012615965524388342,7.601757015357634e-05,0.0020459528179387226,0.0002677451910092608,0.013515237540471839,0.00032710589349231394,0.009266766657958609,0.00011584963733145432,0.013515237540471839,KA04,N15_M01_F10,1500.0,25.0,1,N15_M01_F10_KA04_18.mat
0.0004705092736422125,0.003699349904418723,0.0011247806477324167,0.012212176042972213,7.73610066765623e-05,0.0021557067514276344,0.0002591197466665333,0.013996749925894263,0.0003041188940704829,0.010026139965207898,0.00011092845690865737,0.013996749925894263,KA04,N15_M01_F10,1500.0,25.0,1,N15_M01_F10_KA04_19.mat
0.0004516709724364885,0.003465349904649132,0.0010927567315597384,0.011515262899274792,7.73962344335247e-05,0.0021115299526612515,0.00025322429174383317,0.014409944743896704,0.00027671552299047083,0.008861273420744347,0.00010359491023402578,0.014409944743896704,KA04,N15_M01_F10,1500.0,25.0,1,N15_M01_F10_KA04_2.mat
0.00047436791191971016,0.0035919459783006515,0.0011186288794581825,0.013134187923842962,7.825416461961197e-05,0.0023050691085644156,0.00026196326149622624,0.010424976579903057,0.0003045210778632037,0.008948369130076012,0.00011102125194767627,0.013134187923842962,KA04,N15_M01_F10,1500.0,25.0,1,N15_M01_F10_KA04_20.mat
0.0004229341941150562,0.0030208203191639466,0.001065990956885862,0.012068100779580019,7.847303903487214e-05,0.0023124985643552124,0.00022992636828270802,0.009523960149859154,0.00028654858622802784,0.010325354261297088,0.0001022956695555398,0.012068100779580019,KA04,N15_M01_F10,1500.0,25.0,1,N15_M01_F10_KA04_3.mat
0.00045786785349840247,0.003439662704899446,0.0011074908453352018,0.01158396487035163,7.840032831837056e-05,0.002268173457233484,0.00025746579535352687,0.011248881956690077,0.0002820241639227076,0.01004802698831819,0.00010549036390365669,0.01158396487035163,KA04,N15_M01_F10,1500.0,25.0,1,N15_M01_F10_KA04_4.mat
0.0004658440635801837,0.0036360064433379473,0.001132560985750443,0.011403224902885912,7.402534722258055e-05,0.0020013250357613873,0.00025006564825241843,0.010731363387231985,0.00029301257697603845,0.010642914408119913,0.00010768947141495435,0.011403224902885912,KA04,N15_M01_F10,1500.0,25.0,1,N15_M01_F10_KA04_5.mat
0.0004734923862510553,0.003448751064809072,0.0011352555608659682,0.011471753511391286,7.733975165672171e-05,0.0023195468607648166,0.00026624844815915233,0.01273144866921064,0.0002779486165346869,0.010234784483885996,0.00010625526719381681,0.01273144866921064,KA04,N15_M01_F10,1500.0,25.0,1,N15_M01_F10_KA04_6.mat
0.0004701307837893351,0.003532764573397318,0.0011342268018725908,0.01131994931797594,7.649538942600133e-05,0.002324727652624561,0.0002752354870235626,0.011683264014908953,0.00030877230516018056,0.009446638879279113,0.00011263083849415826,0.011683264014908953,KA04,N15_M01_F10,1500.0,25.0,1,N15_M01_F10_KA04_7.mat
0.00047424930947724905,0.0036620843511084365,0.001138191420544685,0.011725513707289956,7.855427751334512e-05,0.002368082362745833,0.0002656262080369035,0.013409906032298333,0.000304594008085785,0.01157049604581155,0.00011154627582228666,0.013409906032298333,KA04,N15_M01_F10,1500.0,25.0,1,N15_M01_F10_KA04_8.mat
0.00046660211227298,0.003648733509090672,0.0011433933678916207,0.011953306310847801,7.722852758362657e-05,0.002119729365146314,0.0002638886192256985,0.011902283383560594,0.00032586352451806713,0.013236832792232362,0.00011511702922021458,0.013236832792232362,KA04,N15_M01_F10,1500.0,25.0,1,N15_M01_F10_KA04_9.mat
0.00027058780190935216,0.002092212868180433,0.0005578266740820201,0.007534294629201518,7.46624917744584e-05,0.0021817289632589314,0.00021119321352651373,0.006414770087580645,0.00017525900088372775,0.008066825063776218,6.803711568623235e-05,0.008066825063776218,KA04,N15_M07_F04,1500.0,25.0,1,N15_M07_F04_KA04_1.mat
0.0002645726652675033,0.0021448839529928233,0.000523830249692011,0.0060170857144036,7.38852586719551e-05,0.002428565018645829,0.00022109599629937016,0.005593718416378719,0.00018888069468934294,0.0080859880376589,7.016361584229715e-05,0.0080859880376589,KA04,N15_M07_F04,1500.0,25.0,1,N15_M07_F04_KA04_10.mat
0.00026161246157655735,0.002152725200151487,0.0005196689262011848,0.005611102250157282,7.326821158587934e-05,0.0022549405064857197,0.00022828544889965028,0.005456951158758721,0.00018828689260885618,0.007786640904115355,7.053306526473879e-05,0.007786640904115355,KA04,N15_M07_F04,1500.0,25.0,1,N15_M07_F04_KA04_11.mat
0.00025162549326055486,0.002193984829593579,0.0005143378558604593,0.005574683520436011,7.383913514168455e-05,0.0021115072310608023,0.00023010837553277263,0.0058758229566410105,0.00019374760611245894,0.010231234333468857,7.130741415338205e-05,0.010231234333468857,KA04,N15_M07_F04,1500.0,25.0,1,N15_M07_F04_KA04_12.mat
0.0002519446835228815,0.0020940064846145076,0.000515714976469465,0.0058528031409943735,7.263173648034615e-05,0.0021444208852846648,0.00022054929187223366,0.005414232371823477,0.0001910022116463392,0.007958599917044649,7.02039926821169e-05,0.007958599917044649,KA04,N15_M07_F04,1500.0,25.0,1,N15_M07_F04_KA04_13.mat
0.0002483852295681137,0.002153522114552787,0.000511303323609779,0.005600712816749136,7.552926633486176e-05,0.002639151329335865,0.0002218981024200124,0.007645954090210976,0.00019247330362232262,0.007683147638834988,7.047266095379443e-05,0.007683147638834988,KA04,N15_M07_F04,1500.0,25.0,1,N15_M07_F04_KA04_14.mat
0.0002528263501426,0.0021392962190757638,0.000504862016663578,0.005792007250644102,7.360377225317525e-05,0.00215619136454155,0.00022517957594097373,0.0062521536285281044,0.00019306973707476988,0.0080021430819983,7.072501109735124e-05,0.0080021430819983,KA04,N15_M07_F04,1500.0,25.0,1,N15_M07_F04_KA04_15.mat
0.00024672380567637974,0.001934879754888549,0.0005158230666506604,0.005808729073210347,7.546139317465854e-05,0.0025732187537564235,0.00022586659248192674,0.005875903302677913,0.00019172944296182262,0.009916674321635413,7.079512410416945e-05,0.009916674321635413,KA04,N15_M07_F04,1500.0,25.0,1,N15_M07_F04_KA04_16.mat
0.0002535591827863352,0.0021693224952566786,0.000508026960637185,0.005642207250265421,7.550753825196976e-05,0.002651583586970299,0.0002300194804743473,0.007154115760895991,0.00018961889134937572,0.0106050448207257,7.060288766456254e-05,0.0106050448207257,KA04,N15_M07_F04,1500.0,25.0,1,N15_M07_F04_KA04_17.mat
0.00025084090781318157,0.002148099209321256,0.0005118686405382834,0.005599247692546514,7.470253864810582e-05,0.00256937671175374,0.00022994151476443564,0.006498910737076186,0.00019381641799403555,0.007833591934481587,7.129737531672616e-05,0.007833591934481587,KA04,N15_M07_F04,1500.0,25.0,1,N15_M07_F04_KA04_18.mat
0.00025025837838846585,0.002051540829027657,0.0005105395543059901,0.0059796432100180825,7.31770877810446e-05,0.0021605836158958224,0.00022294957622461263,0.006142508541865862,0.00019378761812868155,0.009218252823091438,7.065141167201608e-05,0.009218252823091438,KA04,N15_M07_F04,1500.0,25.0,1,N15_M07_F04_KA04_19.mat
0.0002698032952906759,0.002119233426501365,0.0005531637717795616,0.007019908425502518,7.57127391512587e-05,0.002886881075537114,0.00022885908807877522,0.006594203179900879,0.00018541253648300806,0.00782622224664119,7.109596828717712e-05,0.00782622224664119,KA04,N15_M07_F04,1500.0,25.0,1,N15_M07_F04_KA04_2.mat
0.0002528263501426,0.0021392962190757638,0.000504862016663578,0.005792007250644102,7.360377225317525e-05,0.00215619136454155,0.00022517957594097373,0.0062521536285281044,0.00019306973707476988,0.0080021430819983,7.072501109735124e-05,0.0080021430819983,KA04,N15_M07_F04,1500.0,25.0,1,N15_M07_F04_KA04_20.mat
0.00027416547563814073,0.0021362165059002087,0.0005533029397938038,0.007175460671795141,7.741582205942398e-05,0.00285819966584152,0.0002273346501043337,0.006169456812353706,0.00019208388141261543,0.009294267967395489,7.215292145974656e-05,0.009294267967395489,KA04,N15_M07_F04,1500.0,25.0,1,N15_M07_F04_KA04_3.mat
0.000267940841038374,0.0019806008457782516,0.000544484868881154,0.00700896850703638,7.617975943795034e-05,0.00233424470185774,0.00022434134977934972,0.006473069960007811,0.00018260110089893359,0.008587019750065391,7.004079543818608e-05,0.008587019750065391,KA04,N15_M07_F04,1500.0,25.0,1,N15_M07_F04_KA04_4.mat
0.00025025837838846585,0.002051540829027657,0.0005105395543059901,0.0059796432100180825,7.31770877810446e-05,0.0021605836158958224,0.00022294957622461263,0.006142508541865862,0.00019378761812868155,0.009218252823091438,7.065141167201608e-05,0.009218252823091438,KA04,N15_M07_F04,1500.0,25.0,1,N15_M07_F04_KA04_5.mat
0.0002528263501426,0.0021392962190757638,0.000504862016663578,0.005792007250644102,7.360377225317525e-05,0.00215619136454155,0.00022517957594097373,0.0062521536285281044,0.00019306973707476988,0.0080021430819983,7.072501109735124e-05,0.0080021430819983,KA04,N15_M07_F04,1500.0,25.0,1,N15_M07_F04_KA04_6.mat
0.00026560887525578215,0.002014261811347485,0.0005306241386757706,0.006499891863308609,7.496317167990306e-05,0.0023862512798368102,0.0002300917109069432,0.005940459453116535,0.00018931465165057462,0.008191045697874443,7.111116932608357e-05,0.008191045697874443,KA04,N15_M07_F04,1500.0,25.0,1,N15_M07_F04_KA04_7.mat
0.0002596228021571778,0.0020767705074291824,0.0005242383822951141,0.005962209270086445,7.475032207526603e-05,0.002623360414884343,0.00022412618222074807,0.005265530979112643,0.0001850361060718801,0.01410763759157133,6.981247976408206e-05,0.01410763759157133,KA04,N15_M07_F04,1500.0,25.0,1,N15_M07_F04_KA04_8.mat
0.00026031986462806534,0.00201728549815417,0.0005237390946000745,0.005657008480703836,7.234003487447957e-05,0.002090316337063228,0.00022047879644350625,0.0058412008921030455,0.00018804830172199777,0.007974591595993117,6.99288900088877e-05,0.007974591595993117,KA04,N15_M07_F04,1500.0,25.0,1,N15_M07_F04_KA04_9.mat
0.0003005657929064939,0.002152807940199152,0.0008572356010173995,0.009341182134878638,8.871887508660776e-05,0.0030866516417404105,0.00023057787495945936,0.011304729941356272,0.00021190999078495197,0.0063804238092996495,8.314660554769066e-05,0.011304729941356272,KA04,N15_M07_F10,1500.0,25.0,1,N15_M07_F10_KA04_1.mat
0.0003166808468014289,0.002090823005483938,0.000886570183250814,0.011268150080581985,8.875288752419885e-05,0.002694755961362559,0.00024590771035176706,0.010417127327356657,0.00021381646138302619,0.007279869242815161,8.553136899197432e-05,0.011268150080581985,KA04,N15_M07_F10,1500.0,25.0,1,N15_M07_F10_KA04_10.mat
0.00031940764238517865,0.0022037298861997488,0.0008877126787989707,0.0108489551823218,8.921351933665653e-05,0.002287237076163824,0.00022918226928331288,0.009677291619099901,0.00021995158048850343,0.007721688550998529,8.526450056849716e-05,0.0108489551823218,KA04,N15_M07_F10,1500.0,25.0,1,N15_M07_F10_KA04_11.mat
0.00031496225091272453,0.0021317614370172148,0.000894142240609215,0.011036968245882715,9.106650983660967e-05,0.002452462210490684,0.0002439867776938102,0.01185412488435319,0.00021443367263510908,0.007530351175679626,8.578214827237036e-05,0.01185412488435319,KA04,N15_M07_F10,1500.0,25.0,1,N15_M07_F10_KA04_12.mat
0.0003125162945881832,0.0020893718892036595,0.0008873857189233217,0.011247923727977107,9.300785464785009e-05,0.0029800979117266544,0.0002472564221767716,0.012892175794629862,0.000212471856177962,0.008125318020636093,8.555733368599e-05,0.012892175794629862,KA04,N15_M07_F10,1500.0,25.0,1,N15_M07_F10_KA04_13.mat
0.0003134541715797627,0.0021404807431906424,0.0008871100659750479,0.010940293247261692,9.167722217408406e-05,0.0028612641034275557,0.00023720664274792913,0.010597921297072634,0.00020924418161275563,0.007373746299021541,8.411314105048848e-05,0.010940293247261692,KA04,N15_M07_F10,1500.0,25.0,1,N15_M07_F10_KA04_14.mat
0.00031231805964382456,0.002048956405304195,0.0008961518401764041,0.01122445522008826,8.747597643540779e-05,0.00245069353399736,0.0002402938762708834,0.010196909487513025,0.00021854666607509383,0.00900790696241154,8.604275998092235e-05,0.01122445522008826,KA04,N15_M07_F10,1500.0,25.0,1,N15_M07_F10_KA04_15.mat
0.0003180554626193349,0.002220362674290717,0.000898448852747017,0.011212841799253442,8.965133840147865e-05,0.002830143133369767,0.0002446520562445283,0.012564051828074694,0.00021908280187876857,0.008328548265572378,8.671394838215008e-05,0.012564051828074694,KA04,N15_M07_F10,1500.0,25.0,1,N15_M07_F10_KA04_16.mat
0.0003162156702209056,0.002304250749761043,0.000896016839831195,0.011182386976995678,9.2974618330238e-05,0.0029400930192363325,0.0002431514580431467,0.011813093184227122,0.00022326945184941087,0.008024927585684998,8.73525154301573e-05,0.011813093184227122,KA04,N15_M07_F10,1500.0,25.0,1,N15_M07_F10_KA04_17.mat
0.00031855101301954376,0.002149093761143486,0.0009072115730829793,0.011567141145460869,9.24004260130234e-05,0.0026792912112175945,0.0002454066154386022,0.012727639758809212,0.000222599307983377,0.00719395060121941,8.775710766479511e-05,0.012727639758809212,KA04,N15_M07_F10,1500.0,25.0,1,N15_M07_F10_KA04_18.mat
0.00031923890005211564,0.0021242359801990894,0.0009057532125603976,0.010978511940363676,9.102086006670554e-05,0.002922886134578758,0.00024336217521083817,0.01143564342960946,0.0002223653298539926,0.008069640898071988,8.765380186727054e-05,0.01143564342960946,KA04,N15_M07_F10,1500.0,25.0,1,N15_M07_F10_KA04_19.mat
0.0003110704174139531,0.002216256525369079,0.0009057138161601062,0.010594355609306074,8.954758068417373e-05,0.0026103656942953746,0.00022734516369198057,0.010013212082126884,0.00021188503125642137,0.006852532507857927,8.413002339867296e-05,0.010594355609306074,KA04,N15_M07_F10,1500.0,25.0,1,N15_M07_F10_KA04_2.mat
0.000320007138124444,0.0021461471926208235,0.0009051640891687198,0.011044139903936281,8.995883346070831e-05,0.002373462923158237,0.0002429806886790504,0.012047505971289504,0.0002328113729750736,0.007947917122128096,8.91553958935461e-05,0.012047505971289504,KA04,N15_M07_F10,1500.0,25.0,1,N15_M07_F10_KA04_20.mat
0.00031186246507015837,0.0022274074495418923,0.0009007094327532649,0.010384469870168708,8.763863893734334e-05,0.002866013607100621,0.00022004099754767097,0.01106337726574356,0.0002070346035767931,0.006294776720672641,8.263741400138184e-05,0.01106337726574356,KA04,N15_M07_F10,1500.0,25.0,1,N15_M07_F10_KA04_3.mat
0.00031245334980383723,0.0022715049976605524,0.0009044149579866534,0.010250623549724142,8.7912895056438e-05,0.002760007833392727,0.00022827766989869843,0.010446795751596204,0.0002153590535993605,0.007947055896485063,8.472362764341539e-05,0.010446795751596204,KA04,N15_M07_F10,1500.0,25.0,1,N15_M07_F10_KA04_4.mat
0.00031434142040939425,0.0022211277360043827,0.0008883011268444848,0.010626444054968816,8.893919669723411e-05,0.0028181951326274697,0.0002285093667007751,0.015130683077957487,0.00021154257434977228,0.006142865987933043,8.37263669740574e-05,0.015130683077957487,KA04,N15_M07_F10,1500.0,25.0,1,N15_M07_F10_KA04_5.mat
0.00031491097709758416,0.0021168081816557945,0.0008812176965490228,0.010699283131645004,8.827497959102223e-05,0.00271784560965052,0.00022592797268725312,0.011030302140010067,0.00020102307542870147,0.00787434756224433,8.167464221258737e-05,0.011030302140010067,KA04,N15_M07_F10,1500.0,25.0,1,N15_M07_F10_KA04_6.mat
0.0003243635539459059,0.0021687574376345106,0.0008878796889161569,0.01123367261479925,8.928718372330784e-05,0.0025265459161455768,0.0002453782065406322,0.01334635783379468,0.00022048369368772084,0.008722384453215761,8.685771547297892e-05,0.01334635783379468,KA04,N15_M07_F10,1500.0,25.0,1,N15_M07_F10_KA04_7.mat
0.00031673856709524186,0.0020188608453217565,0.0008903826762461985,0.011413764968946218,9.03022556474771e-05,0.002119924029518365,0.00024148403561981182,0.011075779951380996,0.00021807837035714994,0.006797687257047579,8.607011234024004e-05,0.011413764968946218,KA04,N15_M07_F10,1500.0,25.0,1,N15_M07_F10_KA04_8.mat
0.00032393545530872374,0.0023094705520252854,0.0008839388011435084,0.01061990412277867,8.873664976067982e-05,0.002802025345700733,0.00023227588918007795,0.011637856747519769,0.00022142685394407142,0.009258910762662559,8.567728046827266e-05,0.011637856747519769,KA04,N15_M07_F10,1500.0,25.0,1,N15_M07_F10_KA04_9.mat
1.548619596358689e-05,0.00037680329490185916,1.2401861692590058e-05,0.00015552106366611133,1.824746026353939e-05,0.0002603574954128486,1.2002001799695094e-05,0.00016457893967082755,1.5370231966845743e-05,0.0003821848889194001,1.1413032937213873e-05,0.0003821848889194001,KI05,N09_M07_F10,900.0,15.0,1,N09_M07_F10_KI05_1.mat
1.4234654547325897e-05,0.00031693455473524076,1.1527797708452665e-05,0.00012931230447105497,1.695285485183436e-05,0.0002253158148994552,1.219552704355489e-05,0.00019902204981679742,1.5096462404048439e-05,0.0004429877338897964,1.1371900468838026e-05,0.0004429877338897964,KI05,N09_M07_F10,900.0,15.0,1,N09_M07_F10_KI05_10.mat
1.5396585125440558e-05,0.0002780407337460338,1.2807116899450589e-05,0.0001682275954195366,1.8425521053661176e-05,0.00023642308017129425,1.201681234803042e-05,0.00018464530241907334,1.4392664764357819e-05,0.00030197400464598997,1.1209470297248418e-05,0.00030197400464598997,KI05,N09_M07_F10,900.0,15.0,1,N09_M07_F10_KI05_11.mat
1.632152677123367e-05,0.00037018456219007484,1.229570676889044e-05,0.000139440245813809,1.8551612372513553e-05,0.0003021224248763185,1.1361077303978548e-05,0.00014965360190866413,1.4613013421988529e-05,0.00032408124736951527,1.1057792062405462e-05,0.00037018456219007484,KI05,N09_M07_F10,900.0,15.0,1,N09_M07_F10_KI05_12.mat
1.5741182637056334e-05,0.00028352846828200124,1.1527949703956849e-05,0.00016304288267505196,1.821927093726047e-05,0.0003455100103154174,1.094020596156081e-05,0.0001479098405152478,1.4330226476230827e-05,0.00038181025956858815,1.085236325197366e-05,0.00038181025956858815,KI05,N09_M07_F10,900.0,15.0,1,N09_M07_F10_KI05_13.mat
1.5150030083970221e-05,0.00032027302803354525,1.1431283837829904e-05,0.00010643463699891936,1.7153247621945535e-05,0.000367918524007892,1.1656580430550848e-05,0.00016010223470766882,1.474777210397336e-05,0.0003206591285056877,1.100003945361841e-05,0.000367918524007892,KI05,N09_M07_F10,900.0,15.0,1,N09_M07_F10_KI05_14.mat
1.4416962890242031e-05,0.0003649845179401553,1.1496705780954536e-05,0.0001194092921258892,1.7540719191877576e-05,0.00024541920304247745,1.1125978664259737e-05,0.00019746991214696975,1.474283649981581e-05,0.0004580254004711751,1.1129718919373542e-05,0.0004580254004711751,KI05,N09_M07_F10,900.0,15.0,1,N09_M07_F10_KI05_15.mat
1.4422941278153064e-05,0.0003176778612389695,1.1974576226238121e-05,0.00015365229973208973,1.7321493333441402e-05,0.0002529011111082777,1.223694493955204e-05,0.00017896739849258912,1.4840407627407774e-05,0.0002878947563410347,1.1271225713492931e-05,0.0003176778612389695,KI05,N09_M07_F10,900.0,15.0,1,N09_M07_F10_KI05_16.mat
1.567496541623357e-05,0.00042163304038671245,1.1271354366030995e-05,9.914433229289232e-05,1.8486340082801718e-05,0.00027892143216408464,1.1506572445358209e-05,0.0002222161290554425,1.4904572369848766e-05,0.00031004632679236543,1.1080790584309756e-05,0.00042163304038671245,KI05,N09_M07_F10,900.0,15.0,1,N09_M07_F10_KI05_17.mat
1.5193671462636511e-05,0.0002730501456443479,1.1460388211986185e-05,0.00010810096425711689,1.81304755353288e-05,0.00031859364666523665,1.12298210903144e-05,0.0001468977169721112,1.4641658823238593e-05,0.00037520641694442045,1.1015249784320833e-05,0.00037520641694442045,KI05,N09_M07_F10,900.0,15.0,1,N09_M07_F10_KI05_18.mat
1.506018982461024e-05,0.0002978841093000362,1.2026872924753426e-05,0.00012989089196071028,1.7832774808234405e-05,0.0002955389922473654,1.1755603605664371e-05,0.0002679790581562322,1.401336122613997e-05,0.00046623269226540664,1.0886130794774727e-05,0.00046623269226540664,KI05,N09_M07_F10,900.0,15.0,1,N09_M07_F10_KI05_19.mat
1.535755370998257e-05,0.00039214029983775756,1.2626862773458793e-05,0.00012179896871685593,1.7037908403693033e-05,0.0002696553223933318,1.1010866720671988e-05,0.0001363843940041324,1.5553668954468203e-05,0.0003255998406548778,1.114833075591741e-05,0.00039214029983775756,KI05,N09_M07_F10,900.0,15.0,1,N09_M07_F10_KI05_2.mat
1.6229207189512996e-05,0.00035655682493751707,1.2227784581595666e-05,0.00014621517686062786,1.8398112360101647e-05,0.0002853099468972177,1.146216443245621e-05,0.00014773448450561196,1.5298398944517434e-05,0.0003900944026771039,1.1283084933136892e-05,0.0003900944026771039,KI05,N09_M07_F10,900.0,15.0,1,N09_M07_F10_KI05_20.mat
1.651803959908265e-05,0.0006578613303095775,1.3458097269591862e-05,0.00015413869174744452,1.691670678216157e-05,0.0002799392746276595,1.1201279309990741e-05,0.00012951650229245149,1.5152333220693344e-05,0.0003233682552843539,1.1184844163317463e-05,0.0006578613303095775,KI05,N09_M07_F10,900.0,15.0,1,N09_M07_F10_KI05_3.mat
1.4559075085604908e-05,0.0002530268539670007,1.171136651401592e-05,0.00013696298720543558,1.9255087065139946e-05,0.000545853062897368,1.2078696864675967e-05,0.00013466666595945292,1.495805402849147e-05,0.00025009711806598273,1.123748970120493e-05,0.000545853062897368,KI05,N09_M07_F10,900.0,15.0,1,N09_M07_F10_KI05_4.mat
1.6741670948902683e-05,0.0003646277863173597,1.3019207920325842e-05,0.00012770369772432749,1.8236031939311984e-05,0.000268465333234793,1.1742069539471812e-05,0.00015711378824562967,1.526882340056361e-05,0.000394655824674538,1.1202871964759454e-05,0.000394655824674538,KI05,N09_M07_F10,900.0,15.0,1,N09_M07_F10_KI05_5.mat
1.4421534017846868e-05,0.00027620571861922897,1.1906316339100525e-05,0.00012289307533825422,1.8512762054600295e-05,0.00029352053061959337,1.1522683588459497e-05,0.00013851158126768933,1.5038154375643083e-05,0.00046129084382344265,1.1299882973158732e-05,0.00046129084382344265,KI05,N09_M07_F10,900.0,15.0,1,N09_M07_F10_KI05_6.mat
1.49241298719254e-05,0.0002649327088861273,1.2485102227648216e-05,0.00011841098495544836,1.727507376554265e-05,0.00030225913908704714,1.1431606492252798e-05,0.00016610689054287716,1.5432123218258287e-05,0.00033563802486145564,1.1188001399231447e-05,0.00033563802486145564,KI05,N09_M07_F10,900.0,15.0,1,N09_M07_F10_KI05_7.mat
1.5337714952178226e-05,0.0004702503710894806,1.2189976081978357e-05,0.00016768927986376153,1.694972874489301e-05,0.00021007817895589602,1.1814577839076156e-05,0.00017252867488967436,1.5152233391158852e-05,0.00039489485922703096,1.1484423119987368e-05,0.0004702503710894806,KI05,N09_M07_F10,900.0,15.0,1,N09_M07_F10_KI05_8.mat
1.572134319844924e-05,0.00027684039162310833,1.187622377998607e-05,0.0001386138866536842,1.7153411653858333e-05,0.00023138816540976218,1.2057871474495505e-05,0.00015187548799989404,1.5258379239506354e-05,0.00029130490619915086,1.1330813304427979e-05,0.00029130490619915086,KI05,N09_M07_F10,900.0,15.0,1,N09_M07_F10_KI05_9.mat
1.5223210943165574e-05,0.0003040739527879457,3.25246775107195e-05,0.0007286116702322226,0.00011870254385150391,0.004594103494561265,3.317549175115104e-05,0.0010360422163353121,3.334032786425419e-05,0.002110262543116323,2.046283218132479e-05,0.004594103494561265,KI05,N15_M01_F10,1500.0,25.0,1,N15_M01_F10_KI05_1.mat
1.5756399224736077e-05,0.00045964165467448736,2.9824208130631546e-05,0.0006491554958949319,0.00011800784279001244,0.004557959461344594,3.446606216801982e-05,0.0011630093063069065,3.329087712573881e-05,0.0020334991643343606,2.0391734436749957e-05,0.004557959461344594,KI05,N15_M01_F10,1500.0,25.0,1,N15_M01_F10_KI05_10.mat
1.4218190795103646e-05,0.0003807450488199519,3.319997913851361e-05,0.0008746846032867923,0.0001258712940706294,0.004954271550947013,3.591102567569977e-05,0.0014436062676980363,3.349860904211657e-05,0.0015072465563497556,2.1286614701833027e-05,0.004954271550947013,KI05,N15_M01_F10,1500.0,25.0,1,N15_M01_F10_KI05_11.mat
1.4464609165056984e-05,0.00060595141863341,2.8745453794672734e-05,0.0005717744761336114,0.00012099318945492844,0.004462206021705153,3.5082180833571296e-05,0.0022175665810028793,3.40579506849277e-05,0.0022243934460632812,2.0739798681470927e-05,0.004462206021705153,KI05,N15_M01_F10,1500.0,25.0,1,N15_M01_F10_KI05_12.mat
1.508539882293175e-05,0.0003348134216670366,3.038909990780293e-05,0.0005945390201051676,0.00011932603370892128,0.004221534281925879,3.446608697974794e-05,0.0015020614326202583,3.331526520192832e-05,0.0016389353207215704,2.03784307293295e-05,0.004221534281925879,KI05,N15_M01_F10,1500.0,25.0,1,N15_M01_F10_KI05_13.mat
1.516778469650947e-05,0.0003283612327582722,2.838607372728944e-05,0.0007480233343968656,0.00011681659456535107,0.004115301627909384,3.440821101899989e-05,0.0015667128847335417,3.3734313450326085e-05,0.0020410776120026166,2.064233088209735e-05,0.004115301627909384,KI05,N15_M01_F10,1500.0,25.0,1,N15_M01_F10_KI05_14.mat
1.4442010003546187e-05,0.00034633177982023314,2.8923803263634692e-05,0.0004934688497398787,0.00011705462952705929,0.004189653114519699,3.4857132794967183e-05,0.0021232473867430633,3.361377277825355e-05,0.001839256726158511,2.0518735554709476e-05,0.004189653114519699,KI05,N15_M01_F10,1500.0,25.0,1,N15_M01_F10_KI05_15.mat
1.4104964775511634e-05,0.0003161612843052683,2.9027110448502457e-05,0.0006759055450569734,0.00011247016526767782,0.004330633528480571,3.515117140512919e-05,0.0014260199363950313,3.34799709895384e-05,0.001941679402083501,2.041359515333422e-05,0.004330633528480571,KI05,N15_M01_F10,1500.0,25.0,1,N15_M01_F10_KI05_16.mat
1.3851716399725555e-05,0.00027921362042953506,2.9083042253680568e-05,0.0004800710235834422,0.00011216031102712846,0.004025531470224259,3.4644023638432915e-05,0.0011365693267080881,3.346034177861964e-05,0.0026269179793762445,2.0215318436699253e-05,0.004025531470224259,KI05,N15_M01_F10,1500.0,25.0,1,N15_M01_F10_KI05_17.mat
1.5286779419459494e-05,0.0002967784748637361,2.6909995782290703e-05,0.0004847071775683025,0.00012045090458796051,0.004087852954136238,3.499127720019086e-05,0.0014510462911491498,3.349797399203801e-05,0.0015212751071998886,2.0758021923642626e-05,0.004087852954136238,KI05,N15_M01_F10,1500.0,25.0,1,N15_M01_F10_KI05_18.mat
1.5334866611121137e-05,0.0005127264944943781,3.275425736459099e-05,0.0008846625092253125,0.0001152177251988072,0.0042620980995216945,3.3694489833125016e-05,0.0012818325372404326,3.325308657752181e-05,0.0017654068293227344,2.0148653379874955e-05,0.0042620980995216945,KI05,N15_M01_F10,1500.0,25.0,1,N15_M01_F10_KI05_19.mat
1.3256308889246612e-05,0.0003944417128801267,2.617919421902321e-05,0.0004619735466341693,0.00011423161818856888,0.004224702369142778,3.344983052614012e-05,0.0015319225635126183,3.2729145204330565e-05,0.0014328170339514546,1.9796480001832713e-05,0.004224702369142778,KI05,N15_M01_F10,1500.0,25.0,1,N15_M01_F10_KI05_2.mat
1.4425922115612066e-05,0.0002968808929419458,3.2242367112858295e-05,0.0008164390987682292,0.00011840425486705749,0.004178623118612476,3.418996557171446e-05,0.0012066591214917853,3.374133307866651e-05,0.0017520662892557546,2.0693905478571026e-05,0.004178623118612476,KI05,N15_M01_F10,1500.0,25.0,1,N15_M01_F10_KI05_20.mat
1.539103177610979e-05,0.0004599616180017054,3.215250250887772e-05,0.0007602743181410204,0.00011582088436478661,0.004663496434718044,3.249669813177022e-05,0.0007782498491717883,3.33411251268553e-05,0.001416223178005867,2.020699879273543e-05,0.004663496434718044,KI05,N15_M01_F10,1500.0,25.0,1,N15_M01_F10_KI05_3.mat
1.369346096746184e-05,0.0003545985222096422,3.221938158465962e-05,0.0007133403656302054,0.00012080971128645044,0.0044456096578296056,3.278923109009446e-05,0.0013470747030013752,3.3426507036978845e-05,0.0017235498737772788,2.0083530586486362e-05,0.0044456096578296056,KI05,N15_M01_F10,1500.0,25.0,1,N15_M01_F10_KI05_4.mat
1.5113219648462361e-05,0.0004312986685714569,2.9756035432245616e-05,0.0005193285051815775,0.00011574657233383718,0.004417984768120764,3.275458167734646e-05,0.0020030290183753684,3.394253765037203e-05,0.0021026383701278043,2.0358640177381325e-05,0.004417984768120764,KI05,N15_M01_F10,1500.0,25.0,1,N15_M01_F10_KI05_5.mat
1.5133355034838326e-05,0.0003496444026381941,3.086137064091567e-05,0.0007541579780172128,0.00011675451859624185,0.004478422304154881,3.2754183897237877e-05,0.0010567959682691588,3.309483539208799e-05,0.0014351201169595343,2.0161699373793537e-05,0.004478422304154881,KI05,N15_M01_F10,1500.0,25.0,1,N15_M01_F10_KI05_6.mat
1.4099979079007457e-05,0.000369210443790539,3.094996826558666e-05,0.0006046580712895019,0.00011555602957996715,0.004527294937888305,3.392913619468843e-05,0.0010373181722529163,3.4023053845882596e-05,0.0018337755426064005,2.052394041386849e-05,0.004527294937888305,KI05,N15_M01_F10,1500.0,25.0,1,N15_M01_F10_KI05_7.mat
1.4953190155390861e-05,0.0004047377445795431,2.9845498176379404e-05,0.0006227727972926866,0.00011696149664192868,0.0041893330624585366,3.465130801818096e-05,0.001493604001786936,3.431735706101809e-05,0.002387841653227696,2.0860020982014435e-05,0.0041893330624585366,KI05,N15_M01_F10,1500.0,25.0,1,N15_M01_F10_KI05_8.mat
1.5711420045078858e-05,0.0003832879308773578,3.075019465376614e-05,0.0005866888186048751,0.00011467918159877868,0.004266478346070703,3.475408623378458e-05,0.0011468031085714193,3.366709090553446e-05,0.0016731165689503013,2.0351486830837333e-05,0.004266478346070703,KI05,N15_M01_F10,1500.0,25.0,1,N15_M01_F10_KI05_9.mat
1.4311970362391416e-05,0.0004654743517321138,2.031233779534024e-05,0.00034274239994265304,5.451275516585081e-05,0.0017515215854531714,3.6661653462470163e-05,0.0010205283127091307,2.2733994755771808e-05,0.000618159287504228,1.6740564720543036e-05,0.0017515215854531714,KI05,N15_M07_F04,1500.0,25.0,1,N15_M07_F04_KI05_1.mat
1.3958453729986941e-05,0.00046996319302101676,2.0449514326799232e-05,0.0004146549218951453,5.485369802585366e-05,0.0016394820641649898,3.445768145832861e-05,0.0008902593923839621,2.3829778767905955e-05,0.0006350300564786703,1.6588250899685022e-05,0.0016394820641649898,KI05,N15_M07_F04,1500.0,25.0,1,N15_M07_F04_KI05_10.mat
1.4537539952041698e-05,0.0002899105367384284,2.418376851767358e-05,0.0005894567053280022,5.408710890080806e-05,0.0016552612733663839,3.602253970840628e-05,0.000842754163625388,2.3861878657239236e-05,0.0008626287540834261,1.6808480148433107e-05,0.0016552612733663839,KI05,N15_M07_F04,1500.0,25.0,1,N15_M07_F04_KI05_11.mat
1.376778627946126e-05,0.0002781648611563378,2.4061365069944756e-05,0.0006149819885874859,5.340461030642181e-05,0.002000793105333899,3.587227932861306e-05,0.0011283885165052536,2.346030575173797e-05,0.0008814802585080534,1.6374724653470106e-05,0.002000793105333899,KI05,N15_M07_F04,1500.0,25.0,1,N15_M07_F04_KI05_12.mat
1.4286552739579034e-05,0.00033338756808060316,1.9696493289371457e-05,0.00042270856221941316,5.700331967409153e-05,0.00201295879813785,3.5147128902997184e-05,0.0009994211033554849,2.4121758632789236e-05,0.0006243635883504229,1.6679048117216653e-05,0.00201295879813785,KI05,N15_M07_F04,1500.0,25.0,1,N15_M07_F04_KI05_13.mat
1.4547518601088718e-05,0.00027728564386126454,3.744904964072057e-05,0.001446484327730312,5.676489533754805e-05,0.0019375436958490892,3.5144359281050014e-05,0.0008863524210676115,2.406838333921042e-05,0.000772606231384693,1.706651003068846e-05,0.0019375436958490892,KI05,N15_M07_F04,1500.0,25.0,1,N15_M07_F04_KI05_14.mat
1.61495278978724e-05,0.00034609765991953825,2.021324707571493e-05,0.0006067521163720407,5.5431896382158954e-05,0.0016898377774268807,3.4824336458181856e-05,0.0007830892179212691,2.4340026324762866e-05,0.0007557555917710216,1.686124706708355e-05,0.0016898377774268807,KI05,N15_M07_F04,1500.0,25.0,1,N15_M07_F04_KI05_15.mat
1.4098223323301815e-05,0.0002998556272267598,2.282331438256955e-05,0.0006020339788292118,5.367915329860651e-05,0.0019716105844339625,3.412912425737187e-05,0.0007541941666377408,2.382200966997534e-05,0.000854196320525734,1.6387763077698256e-05,0.0019716105844339625,KI05,N15_M07_F04,1500.0,25.0,1,N15_M07_F04_KI05_16.mat
1.5448012354411685e-05,0.0004648049917503832,2.0027083891984217e-05,0.0003101272229176455,5.51598130015524e-05,0.0018924606787019743,3.503142874979121e-05,0.0009826223102111127,2.4247509894314427e-05,0.0007333559894471707,1.6699226766651142e-05,0.0018924606787019743,KI05,N15_M07_F04,1500.0,25.0,1,N15_M07_F04_KI05_17.mat
1.4158371974373694e-05,0.00026829600699169564,2.3279933304929917e-05,0.0006002235791836964,5.735202126395482e-05,0.002056881355241766,3.548833734560186e-05,0.0008201279206047102,2.4509157862747958e-05,0.0006895206644898859,1.7170483115153226e-05,0.002056881355241766,KI05,N15_M07_F04,1500.0,25.0,1,N15_M07_F04_KI05_18.mat
1.4296170195839603e-05,0.00034683951764146197,1.9303295932792175e-05,0.0004247747573876668,5.2631141707559544e-05,0.0016991410442800236,3.4554542795649534e-05,0.001159749253065899,2.370946705555737e-05,0.0007813034934828701,1.621469036900122e-05,0.0016991410442800236,KI05,N15_M07_F04,1500.0,25.0,1,N15_M07_F04_KI05_19.mat
1.572118478592627e-05,0.00041203016652711027,1.705896386706173e-05,0.00027707841982407524,5.794283504436972e-05,0.0017666106628044112,3.6637047795129774e-05,0.0009608601246782102,2.355634267688311e-05,0.0008222474122657113,1.7127185886503337e-05,0.0017666106628044112,KI05,N15_M07_F04,1500.0,25.0,1,N15_M07_F04_KI05_2.mat
1.3696788518255579e-05,0.0002951461140084004,1.999852554833197e-05,0.0005326133835083901,5.207231161841794e-05,0.001797957460027703,3.432750433543331e-05,0.0007400857418407187,2.3659992272038714e-05,0.0008342297621609892,1.595646530253907e-05,0.001797957460027703,KI05,N15_M07_F04,1500.0,25.0,1,N15_M07_F04_KI05_20.mat
1.4223412241431954e-05,0.0003953386883056992,2.5122751677913575e-05,0.0008343011658475488,5.495637763730533e-05,0.00184137947006309,3.472424188496972e-05,0.0014501475118158646,2.3255377087891796e-05,0.0008666738875510999,1.6426909897213437e-05,0.00184137947006309,KI05,N15_M07_F04,1500.0,25.0,1,N15_M07_F04_KI05_3.mat
1.53738066522902e-05,0.0003496975815783289,2.8003171404224428e-05,0.0009386873018396935,5.75766172760591e-05,0.001963933678520985,3.642714618113635e-05,0.0008786196530252806,2.3547721834866937e-05,0.000916478580951262,1.703766192573512e-05,0.001963933678520985,KI05,N15_M07_F04,1500.0,25.0,1,N15_M07_F04_KI05_4.mat
1.4739808835343458e-05,0.00033732410700263474,2.4974277739223647e-05,0.0007442970944727767,5.658142133738009e-05,0.0018403358034513398,3.532248727768534e-05,0.000882602815969743,2.3125354009084575e-05,0.0007191742588923208,1.668683361901538e-05,0.0018403358034513398,KI05,N15_M07_F04,1500.0,25.0,1,N15_M07_F04_KI05_5.mat
1.495001050009869e-05,0.00026165319503001865,2.459636523769647e-05,0.0007342010483025862,5.789877676595523e-05,0.0016200639770759004,3.505534617090631e-05,0.0010648910192022614,2.300548034302765e-05,0.0007397072913681398,1.6430559614736902e-05,0.0016200639770759004,KI05,N15_M07_F04,1500.0,25.0,1,N15_M07_F04_KI05_6.mat
1.3297521804880764e-05,0.00030567704385403463,1.6890665620968034e-05,0.00027637090941089697,5.997783015804787e-05,0.001852758343924359,3.8025341221386666e-05,0.0008741966996981369,2.306532080688636e-05,0.0007136289687993695,1.6912942613926353e-05,0.001852758343924359,KI05,N15_M07_F04,1500.0,25.0,1,N15_M07_F04_KI05_7.mat
1.4073976739657481e-05,0.00043549179133406857,2.3620963098691094e-05,0.0006210773456408128,5.579454428278043e-05,0.002062542739321654,3.6281906897498003e-05,0.0009063376107310122,2.376910996194658e-05,0.0007070399322374902,1.692617192395306e-05,0.002062542739321654,KI05,N15_M07_F04,1500.0,25.0,1,N15_M07_F04_KI05_8.mat
1.5013522441621498e-05,0.0005625591607652922,1.7688962042530092e-05,0.0003025274401312386,5.5735929188656574e-05,0.001677945797377788,3.680814142054544e-05,0.000985514917188418,2.2861161129532273e-05,0.0010341143520322435,1.6476626668929564e-05,0.001677945797377788,KI05,N15_M07_F04,1500.0,25.0,1,N15_M07_F04_KI05_9.mat
1.5305355082317468e-05,0.000346492509689212,2.9560776951850477e-05,0.0004818414945223152,0.0001233957833033039,0.004665959716685236,3.32379716751584e-05,0.001350111849769257,3.385179021053139e-05,0.0016301962263793642,2.0703826595886087e-05,0.004665959716685236,KI05,N15_M07_F10,1500.0,25.0,1,N15_M07_F10_KI05_1.mat
1.5952572930501916e-05,0.0003759120075006102,3.607081963135566e-05,0.0008673377034319107,0.00012024198579692589,0.004302563729114747,3.603071004825771e-05,0.0012085604087938892,3.434509058636283e-05,0.0015467980802985595,2.143939102488502e-05,0.004302563729114747,KI05,N15_M07_F10,1500.0,25.0,1,N15_M07_F10_KI05_10.mat
1.554563577839734e-05,0.0004721590231110505,3.0718431248989575e-05,0.0005889156036342825,0.00012022001397654418,0.00443065062859072,3.471654649443071e-05,0.0010554772704291099,3.560448605469626e-05,0.0015239344153426288,2.1471763903959178e-05,0.00443065062859072,KI05,N15_M07_F10,1500.0,25.0,1,N15_M07_F10_KI05_11.mat
1.4642084794287548e-05,0.00034365602328835623,3.198225293152803e-05,0.0005401645467574425,0.00012128304538278687,0.004622310772544783,3.535884276612688e-05,0.0012360650130679956,3.3604971707122445e-05,0.0014815173178185739,2.0645601541222368e-05,0.004622310772544783,KI05,N15_M07_F10,1500.0,25.0,1,N15_M07_F10_KI05_12.mat
1.5143408930333112e-05,0.0004800183839015107,3.474988836745848e-05,0.0007662602498904348,0.0001177222930037537,0.0045387282623765264,3.534250636373227e-05,0.0014217830952087704,3.342653265748601e-05,0.0020167049837072986,2.0595855182191753e-05,0.0045387282623765264,KI05,N15_M07_F10,1500.0,25.0,1,N15_M07_F10_KI05_13.mat
1.5325000158373687e-05,0.0003551313535046857,3.226141848532783e-05,0.0006915826324816033,0.00011960264292552999,0.004171174620979731,3.463117867845054e-05,0.0012282206965730541,3.4582817555725276e-05,0.0019455531599854347,2.1437199533948712e-05,0.004171174620979731,KI05,N15_M07_F10,1500.0,25.0,1,N15_M07_F10_KI05_14.mat
1.669116158536234e-05,0.0004006671493518997,3.4747039092151206e-05,0.0006378597714398406,0.00012085216969436276,0.0043060396598528896,3.575477177322985e-05,0.0010461824984891754,3.474835617915833e-05,0.0017759440357406023,2.1510334047421515e-05,0.0043060396598528896,KI05,N15_M07_F10,1500.0,25.0,1,N15_M07_F10_KI05_15.mat
1.618567557394578e-05,0.0005196526709825844,3.6050302773083456e-05,0.0006939103162516591,0.00012008889292567367,0.004398682183593916,3.652779532839028e-05,0.0014323725093685622,3.429551218295047e-05,0.0015740197987100123,2.1311906106626078e-05,0.004398682183593916,KI05,N15_M07_F10,1500.0,25.0,1,N15_M07_F10_KI05_16.mat
1.5312406968969875e-05,0.00036173577799023204,3.060280952369437e-05,0.0006512473504697748,0.00011651940111199107,0.004157914042551957,3.505209259254661e-05,0.001262248836910475,3.4191395810585566e-05,0.00149609858497082,2.0872502182263736e-05,0.004157914042551957,KI05,N15_M07_F10,1500.0,25.0,1,N15_M07_F10_KI05_17.mat
1.6226460188846753e-05,0.00043721651696494387,3.0801189373659554e-05,0.0005876464234025455,0.00012057361647443224,0.004336245508786065,3.604396975003774e-05,0.0011758629290371193,3.4112460029261024e-05,0.00217755518680888,2.1259830204746896e-05,0.004336245508786065,KI05,N15_M07_F10,1500.0,25.0,1,N15_M07_F10_KI05_18.mat
1.4843519456130608e-05,0.0005599229327777893,4.1271223535378235e-05,0.001000276935454388,0.0001242478361324357,0.004301544835342738,3.669881040814448e-05,0.0012162403490340332,3.4449678060504624e-05,0.0015893788657768988,2.182626059097563e-05,0.004301544835342738,KI05,N15_M07_F10,1500.0,25.0,1,N15_M07_F10_KI05_19.mat
1.6815482285495795e-05,0.00036546688561626977,3.0218930212083848e-05,0.0007887990791287698,0.00011712346521895687,0.004424222527908091,3.4829137469972344e-05,0.001215858680322552,3.402331782253433e-05,0.001990380051733015,2.0961697614011525e-05,0.004424222527908091,KI05,N15_M07_F10,1500.0,25.0,1,N15_M07_F10_KI05_2.mat
1.4375840862585805e-05,0.0003564456529705258,3.1644286893130696e-05,0.0006399739235025292,0.00011932057830215606,0.004476118260025095,3.547957809928477e-05,0.0011139238142437195,3.330279236595129e-05,0.001410884376580974,2.0612201402705974e-05,0.004476118260025095,KI05,N15_M07_F10,1500.0,25.0,1,N15_M07_F10_KI05_20.mat
1.5517162819537726e-05,0.00036750816227195575,3.306808362924488e-05,0.0008997219469888205,0.00012013790867783283,0.0044842229589448545,3.5668555666058296e-05,0.0012664027857848623,3.472912562199228e-05,0.0018225117073260503,2.1395781463579473e-05,0.0044842229589448545,KI05,N15_M07_F10,1500.0,25.0,1,N15_M07_F10_KI05_3.mat
1.414336004195817e-05,0.0003978655171857419,2.9792323688694343e-05,0.0005185944087499815,0.0001148159638176169,0.004036447365036581,3.4157247043761524e-05,0.00103968767544603,3.342743886497544e-05,0.002163139047003561,2.0027232149765807e-05,0.004036447365036581,KI05,N15_M07_F10,1500.0,25.0,1,N15_M07_F10_KI05_4.mat
1.635268988835778e-05,0.0006240805373436621,3.471997648456212e-05,0.0007125920690433961,0.00012379674516603203,0.005379700206063056,3.6027059404476956e-05,0.0014195647548778125,3.3910210082699527e-05,0.0018631481788071564,2.1305579166131605e-05,0.005379700206063056,KI05,N15_M07_F10,1500.0,25.0,1,N15_M07_F10_KI05_5.mat
1.589214951926886e-05,0.00040501597218354265,2.999571343673376e-05,0.0005767772331785353,0.00011833174805060947,0.0042338550832847,3.5255462450481975e-05,0.0014872409419849515,3.425698728616133e-05,0.0020116993520076973,2.1122651037367593e-05,0.0042338550832847,KI05,N15_M07_F10,1500.0,25.0,1,N15_M07_F10_KI05_6.mat
1.5350959982537897e-05,0.00036695677846058824,2.9413604979487237e-05,0.0004841294438583392,0.00011874056914594663,0.0044841518989592035,3.519094064519484e-05,0.0011313056295103132,3.3549509289024934e-05,0.0020288996865114937,2.0574756714069738e-05,0.0044841518989592035,KI05,N15_M07_F10,1500.0,25.0,1,N15_M07_F10_KI05_7.mat
1.520111097645811e-05,0.0002870688426345371,3.119717397525071e-05,0.0007955313136930218,0.00013049387305992738,0.004474736481341746,3.5199036577914505e-05,0.0012285008196115568,3.464086692676487e-05,0.0016993495073019621,2.148942719517148e-05,0.004474736481341746,KI05,N15_M07_F10,1500.0,25.0,1,N15_M07_F10_KI05_8.mat
1.570672560902694e-05,0.0003910888321657828,3.125232412947688e-05,0.0004917992963497816,0.00011833699772174794,0.00442806822119337,3.5110768287528514e-05,0.0019043334685350446,3.429188105639401e-05,0.0015781998941625844,2.1044524437441848e-05,0.00442806822119337,KI05,N15_M07_F10,1500.0,25.0,1,N15_M07_F10_KI05_9.mat
