RMS,STD,Peak,Peak_to_Peak,Kurtosis,Crest_Factor,Label,SNR,Condition,Severity
1.1146594126471374,1.1146455729613187,4.634535337330542,8.628409985452288,-0.2054618778559969,4.157803975587721,0,0,A,Normal
1.111227159178016,1.1110708379371614,4.395635395328005,8.254465723720172,-0.2822713851111498,3.955658713902829,0,0,A,Normal
1.1308962716809479,1.130810241008405,4.136324550282499,7.859144747485778,-0.25393700405820585,3.6575631681359475,0,0,A,Normal
1.1228520966150308,1.1228484041112627,3.768045495419839,7.517127359513605,-0.3052389538244227,3.355780789632983,0,0,A,Normal
1.1152687268510006,1.1151869435634933,4.425481200418831,8.273364217334652,-0.23263066150862022,3.9680850846722193,0,0,A,Normal
1.1333551113057907,1.1333545893761232,4.145745068095875,8.22758843094039,-0.23200042250787378,3.6579400637452206,0,0,A,Normal
1.1147125156854505,1.1146898014032276,4.044705286801193,7.983067353005002,-0.20568975709616977,3.6284739158186037,0,0,A,Normal
1.1198227647710208,1.1197846569919037,4.399293024061561,8.088970717516997,-0.2671878898463236,3.9285618782371508,0,0,A,Normal
1.127019581676825,1.1270187920728698,3.6714813415144065,7.312501395943498,-0.2989658902696921,3.257690816739696,0,0,A,Normal
1.1264727737258493,1.1263482628304706,4.31480582790048,8.187544728740104,-0.3482558306144492,3.8303684993904508,0,0,A,Normal
1.1297440570192587,1.1297424665813618,4.49480515629467,8.289341452106871,-0.2293372578461157,3.978604825020157,0,0,A,Normal
1.1234202272401574,1.123410405547587,4.047737324696777,7.886348989774075,-0.2645919887903343,3.60304828642851,0,0,A,Normal
1.108402209672853,1.10840142230628,4.036242143242039,7.995577913005496,-0.2330789616513984,3.6414959371412152,0,0,A,Normal
1.1121534723864577,1.112126320810425,3.6545026707460906,7.198281150630959,-0.29353877170885534,3.28596975281142,0,0,A,Normal
1.1177740783724945,1.1177611615621004,3.8973224912448075,7.5372130339644965,-0.30661845612373373,3.4866817603423055,0,0,A,Normal
1.106209952184166,1.106192368348033,4.0671663754312695,8.12224685257242,-0.2907338468071039,3.6766676772350646,0,0,A,Normal
1.1112841004657537,1.1112249430233545,3.6943991414656754,7.279235543631828,-0.2701223375785111,3.324441643606081,0,0,A,Normal
1.1245389411274849,1.1243053508883516,3.911383537531779,7.8225103713927355,-0.207507422832919,3.4782108422231683,0,0,A,Normal
1.1224261299800917,1.1224260774581147,4.059669658248273,7.728088714529173,-0.19659362270335912,3.616870232983866,0,0,A,Normal
1.1102221494079119,1.1102220289843958,3.585903922601505,7.1339772331744395,-0.26640551293638115,3.2298976601339553,0,0,A,Normal
1.1131031908498745,1.113102736631425,3.8538961110624608,7.378837390105629,-0.2595083972650327,3.462299041762643,0,0,A,Normal
1.1197379292365375,1.1196851880495193,4.6005429965441,8.501436537117435,-0.1881889881406682,4.108589051440682,0,0,A,Normal
1.113933779109851,1.113933592386621,4.23205971693557,8.072419516149175,-0.20770335119467376,3.799202247298243,0,0,A,Normal
1.1158240289284453,1.115780538548028,3.947677398757998,7.6767286020413135,-0.25558254368768196,3.537903196572182,0,0,A,Normal
1.1173101517132193,1.1172880893525963,4.0162636877695554,7.956552564639468,-0.21462557467393895,3.5945826515683645,0,0,A,Normal
1.120355930892651,1.120345086529934,4.001844305146194,7.740007494260848,-0.24105370836783457,3.5719401261683847,0,0,A,Normal
1.114600724950735,1.1145985190410823,4.079218533224079,7.6443160291839,-0.27220698852369063,3.6598025121546365,0,0,A,Normal
1.120890637436272,1.1207547033115273,3.974864897479881,7.925096425509665,-0.23149510405236207,3.546166561415204,0,0,A,Normal
1.1127239998539116,1.1127239735549876,3.9627793453382605,7.8539423787651215,-0.2326246962380849,3.5613317820578416,0,0,A,Normal
1.1105175583397997,1.1105123685789537,5.034109808447218,9.013759073714594,-0.2265100300459979,4.53312040916589,0,0,A,Normal
1.126540134635749,1.1265387121541306,4.243300242194918,8.031846266187603,-0.19613006595842197,3.766665839710122,0,0,A,Normal
1.1122531394341928,1.112236697078971,3.6741146062201757,6.991065339370599,-0.2564865383436219,3.3033079215125536,0,0,A,Normal
1.1159250562818952,1.1159211242249385,3.8180629888741766,7.504720396532845,-0.23205657948384584,3.42143315752352,0,0,A,Normal
1.1094910653110728,1.1094000669831354,3.8513649270371397,7.511115095236171,-0.27330040904205966,3.471289717828702,0,0,A,Normal
1.1175118456223954,1.11750954524845,3.8062189455676627,7.585997475972832,-0.24400752834511374,3.405976375532555,0,0,A,Normal
1.1173453225291392,1.1173387549984908,3.975962252972569,7.894114779277459,-0.26975400707062214,3.5584005882558123,0,0,A,Normal
1.1135285998907387,1.1135241456474712,3.840889044913374,7.544142008330432,-0.2719613203598179,3.4492953708510483,0,0,A,Normal
1.1064397214721609,1.1064167857305476,4.2385062308529475,8.092489568650556,-0.20266882230868655,3.8307610876564073,0,0,A,Normal
1.1181107415101361,1.1181075309741169,4.1690260119164675,7.83637900053256,-0.29709595922946663,3.7286342552131484,0,0,A,Normal
1.1209354179714826,1.1208629460484785,3.9460258479022707,7.857145990361305,-0.2076293433316181,3.5202972308995775,0,0,A,Normal
1.118682226054293,1.1186767849576555,4.191331272375635,8.070693712914077,-0.20316457028737656,3.7466683341871714,0,0,A,Normal
1.1112962509670037,1.1112878567919209,4.079238753592872,8.015831045337855,-0.25712205339917116,3.6707032441109093,0,0,A,Normal
1.1211609238010944,1.1211440169647422,3.9644363809111303,7.763400982722599,-0.20090636849693055,3.5360101273155524,0,0,A,Normal
1.1234197525574197,1.123385440353505,4.514651896554773,8.220193586915563,-0.2221851099162313,4.01866878900549,0,0,A,Normal
1.1243424740774313,1.1243388417907962,4.072154699248268,7.740886326581257,-0.2373487515723789,3.6218098961258547,0,0,A,Normal
1.1169755162135566,1.1167250683354628,4.054168435489055,7.681700490392478,-0.23233956332962613,3.6295947195264495,0,0,A,Normal
1.1167129822066588,1.116712794173198,3.9760806273634426,7.8000633865148785,-0.25221132168608484,3.560521540196109,0,0,A,Normal
1.11484568082051,1.1148154998039863,3.849702510199889,7.507101590855979,-0.2942302134320305,3.4531259136839143,0,0,A,Normal
1.1212329762599984,1.121221891557832,3.9563265962962317,7.898873723696518,-0.28752533011660075,3.528549980302055,0,0,A,Normal
1.1278242821277666,1.1278174832619483,4.008472818852027,7.927835467206452,-0.29163476909960506,3.554164316527744,0,0,A,Normal
1.1122248830674517,1.1122234158887416,4.028262103333056,7.884948323486336,-0.23952482883043835,3.621805414228229,0,0,A,Normal
1.1211095311997157,1.1211088137077625,4.256172048817165,8.253317148279573,-0.20425194123280876,3.796392707733537,0,0,A,Normal
1.115752539422623,1.1157490941099892,4.063477947957384,7.879010219914042,-0.253000673952283,3.6419168268800384,0,0,A,Normal
1.1289568967707164,1.1289539501520454,3.8860309587383646,7.684864439932278,-0.27583014867148936,3.442142893013914,0,0,A,Normal
1.11274606502948,1.1127041560169055,4.0059621440390485,7.968125190275997,-0.22853001037460485,3.6000685780299015,0,0,A,Normal
1.1094455560786678,1.10942080257867,4.011978831552379,7.596480749986077,-0.27764225326841885,3.6162016329424103,0,0,A,Normal
1.1165659124758354,1.1165301690308824,3.9343456365224223,7.7282604685207925,-0.2596148656699788,3.523612527090799,0,0,A,Normal
1.1136685552097818,1.113599088237048,3.834874440431395,7.540427117423356,-0.28222344945442357,3.44346118285527,0,0,A,Normal
1.1192075910486858,1.11920515144317,4.174214428821687,8.282833773840085,-0.1669746083729584,3.7296159016492116,0,0,A,Normal
1.1198643612095969,1.1198637753033,3.594457788708544,7.157219365037309,-0.2879774101738084,3.2097260286291007,0,0,A,Normal
1.1259946384759387,1.1259756967307166,4.328138327391206,8.610635212050564,-0.2550759341467108,3.843835644945385,0,0,A,Normal
1.1225987817658418,1.122597419592736,4.139027809600485,8.156765630605763,-0.24587809061179522,3.6870054349157733,0,0,A,Normal
1.1279851550183164,1.1279631426004668,4.224543965336409,7.984911868320417,-0.22012283983298175,3.7452123784978446,0,0,A,Normal
1.1121847080691523,1.112149989638355,4.948646879303663,9.409182820657382,-0.2563232974569605,4.449482935163654,0,0,A,Normal
1.1216594153879007,1.1216592368536555,3.9585876605347186,7.7824695159648005,-0.2336957441644425,3.5292242959202818,0,0,A,Normal
1.1191722432595483,1.119121441044187,4.159394213337624,8.117466777761678,-0.30982137188894354,3.716491575258818,0,0,A,Normal
1.1212199217786922,1.1212104363513227,4.192013381540181,8.274603376645619,-0.25302135905981915,3.7387967339092696,0,0,A,Normal
1.1095026154897967,1.1094989836774702,4.8123176107386865,8.853777747493373,-0.22626861299094836,4.337364818751923,0,0,A,Normal
1.114697772991445,1.1146767140613665,3.559938177737934,7.011330603633397,-0.24944505702183362,3.1936353189119147,0,0,A,Normal
1.116126598967531,1.1161261287439,3.793304143578577,7.580826897861195,-0.3023519140442881,3.398632509150449,0,0,A,Normal
1.120240090616743,1.1202396845922964,4.171547502357609,7.541878371807384,-0.25197020049341745,3.7237977263079234,0,0,A,Normal
1.1096291584356,1.1095729307821813,3.8251106890483872,7.2230269265301,-0.25974003660968936,3.4471973451393283,0,0,A,Normal
1.1155765703831966,1.1155581636198395,4.342790445876682,8.003391157898157,-0.22721609987395963,3.8928663089302327,0,0,A,Normal
1.1266668835216849,1.1266235793034713,4.076238000680749,8.119208839886202,-0.2159270384607357,3.6179620261309418,0,0,A,Normal
1.109745767750087,1.1097373771993044,4.0771605901427215,7.727222950174774,-0.2924944972436738,3.6739591252587607,0,0,A,Normal
1.1314505732480733,1.131440318267537,4.445807559422731,8.34025246089688,-0.2073704069474891,3.9292989588224607,0,0,A,Normal
1.1092460826537738,1.10922991277716,4.124897107593939,7.612936236405236,-0.18697204541801682,3.7186492448325668,0,0,A,Normal
1.1172310407415904,1.1172240259591684,3.918193221708523,7.687454097706226,-0.2336207742155043,3.507057250313886,0,0,A,Normal
1.1198338635353633,1.119737475602048,4.388635604596065,8.075477618492249,-0.20814403249319602,3.9190059771374965,0,0,A,Normal
1.1204040729316953,1.120400594954319,4.46799687373391,8.465125098560257,-0.22310453641545802,3.9878441909290516,0,0,A,Normal
1.1257903363798807,1.1257900690147238,4.037792282716916,7.937397147689476,-0.2424589374702184,3.5866290127351252,0,0,A,Normal
1.1184798030486578,1.118465347424281,3.7955548725463037,7.415348490916797,-0.2615229280716065,3.3934943323971525,0,0,A,Normal
1.1280191991246524,1.128015854061675,4.572879610674008,8.318564091039608,-0.20668080432292335,4.053902286612304,0,0,A,Normal
1.1168280475212922,1.1167856301681776,3.962120241805386,7.772598045271064,-0.26462536216461885,3.5476546730707432,0,0,A,Normal
1.1108153068642863,1.1107815799210292,4.473730599569491,8.187821798746098,-0.21162061183022285,4.027429737350629,0,0,A,Normal
1.1208568483518626,1.120812928517112,4.475906249466617,8.164447481557644,-0.20776116157382463,3.9932898264823984,0,0,A,Normal
1.1184691104361446,1.1183649203141117,3.9458067895637496,7.753747842326325,-0.2603786860386035,3.5278638924816534,0,0,A,Normal
1.1073690525151798,1.1073444665950278,3.938414900641842,7.4184967455445765,-0.28450036709024307,3.5565513517796763,0,0,A,Normal
1.121747753301469,1.1217343876231498,3.9211030873313435,7.61300023968433,-0.28425905974375487,3.4955301455170815,0,0,A,Normal
1.1129935715928647,1.1129022999491391,3.995861115961931,7.671517103405694,-0.24031253932128793,3.590192448500165,0,0,A,Normal
1.1116933699463707,1.1116916209661745,3.7368476041634864,7.378936328225716,-0.2567110711773122,3.3614013586711917,0,0,A,Normal
1.1158186233345195,1.1157684297942516,4.160588106435314,8.138158867162606,-0.2584941572875623,3.728731551371481,0,0,A,Normal
1.1142492229605814,1.1141314327469323,3.7783640290168794,7.441520633836195,-0.20981225283622562,3.3909505621890355,0,0,A,Normal
1.121436480566393,1.1214276395870197,4.056525035763974,7.975980232469828,-0.21879792839192147,3.6172579598223735,0,0,A,Normal
1.1207040899986103,1.1205941535426347,4.079747263065479,7.881188659704036,-0.2798901997684191,3.640342976771449,0,0,A,Normal
1.1097922236113138,1.1097076777562545,4.454579515218661,8.476630374166891,-0.2653255575963769,4.013886041409859,0,0,A,Normal
1.1158082258900366,1.1157478850085136,4.031457262776584,7.782298279078851,-0.26590481710690783,3.61303776870873,0,0,A,Normal
1.1214402835932074,1.1214342695610018,3.8302953250356335,7.559382214024938,-0.31684498000964734,3.415514299845715,0,0,A,Normal
1.1189316381432182,1.118796297183768,3.96154321460021,7.811493481868755,-0.33142369644811653,3.540469390224848,0,0,A,Normal
1.1260671579336663,1.1260659450414952,4.083401194264625,7.926277258104999,-0.25496266105123855,3.6262501445807795,0,0,A,Normal
0.9071821710766688,0.9071791333923134,2.702577418536664,5.35179105051766,-0.6387670708822397,2.979090093149836,0,5,A,Normal
0.9021670433536201,0.9021666071969496,2.809440929317473,5.39445489062316,-0.5797121906291691,3.114102815010794,0,5,A,Normal
0.9082006340493829,0.908197886631108,2.840505906766215,5.595639258231376,-0.595788138392761,3.127619383066588,0,5,A,Normal
0.9071363256004861,0.90711585588881,3.0545159191056306,5.713050460499151,-0.6078728876182726,3.36720714726496,0,5,A,Normal
0.9101205825981551,0.910093868625992,2.8159148739019506,5.53931212461382,-0.5967932437373968,3.094001968248266,0,5,A,Normal
0.9136185541205825,0.9136131513174053,2.834984837137684,5.518487146054294,-0.6076214936868016,3.1030289658100716,0,5,A,Normal
0.908845167484923,0.9088419186149463,2.726330816560234,5.3643562255622355,-0.584723737042915,2.999774784636748,0,5,A,Normal
0.9048937131338749,0.9048898165550611,2.8273680342053593,5.609924490723706,-0.5658484470702905,3.124530531230537,0,5,A,Normal
0.9027724060600949,0.9027249510656153,3.405023797087773,6.045083329983727,-0.5854077942118869,3.771741110196395,0,5,A,Normal
0.9086843137929695,0.9086756026506531,3.034124398544999,5.918019588746924,-0.5991291965250181,3.3390302357924053,0,5,A,Normal
0.9050899841803302,0.9050890357545105,2.9982019616620406,5.825603949304616,-0.5996924127951182,3.312600972352246,0,5,A,Normal
0.9144547323946315,0.9144235863061746,3.2264575240433393,5.817705754126416,-0.5792186685916922,3.5282856654854804,0,5,A,Normal
0.906747743006015,0.9067473132788525,2.6522249952304557,5.296187810525259,-0.5996033340289864,2.924986597085869,0,5,A,Normal
0.8983685724540396,0.8983309309111945,2.7561981985340127,5.362657818461892,-0.6191201550249428,3.068003804947239,0,5,A,Normal
0.9024224834823152,0.9024179597075223,2.999637319025504,5.781722846128909,-0.5773510824741144,3.323983360266409,0,5,A,Normal
0.9070597132258279,0.9070516632501838,2.7013592102579054,5.334794861938528,-0.6081714364570208,2.9781492561839267,0,5,A,Normal
0.901451626420841,0.9014506557656915,2.6153344206459606,5.205826793909249,-0.6054271704217502,2.9012476587678777,0,5,A,Normal
0.9062799252953896,0.9062591349384063,2.690263885189699,5.34657054941245,-0.5369043647705949,2.9684690238646128,0,5,A,Normal
0.9058024032991642,0.9057905592285624,2.740786982895651,5.277418175797479,-0.5727784447264299,3.025811118311238,0,5,A,Normal
0.907272011340172,0.9072720059810816,2.785060487611563,5.413970485276184,-0.5783710516753828,3.06970837058847,0,5,A,Normal
0.9155921269958256,0.9155483219373266,2.7550077380788345,5.454644320594934,-0.5760519275393237,3.008990200820496,0,5,A,Normal
0.9052758883281254,0.905270344500854,2.879625343581397,5.620151507444512,-0.6040336217467064,3.180936751667521,0,5,A,Normal
0.9074353768541057,0.9074095832331275,2.6888887742236784,5.287787805747276,-0.6289964598435303,2.963173844451062,0,5,A,Normal
0.9108997661048164,0.9108988682193334,3.019653175392782,5.718483358514088,-0.6000038442784357,3.3150224511588178,0,5,A,Normal
0.91005371282729,0.9098716955611983,2.8202303281990737,5.486883189305927,-0.6188023183173703,3.098971289768582,0,5,A,Normal
0.9099591002593765,0.9099446504142888,3.002933357863875,5.598994929108561,-0.6017684665233074,3.3000750879989145,0,5,A,Normal
0.9030006128755543,0.9029864835710703,2.787617119524519,5.508551065817263,-0.532870587488433,3.0870600526477054,0,5,A,Normal
0.905476323719758,0.9054751057062824,2.868103468589794,5.441269741991042,-0.5783291984287011,3.1675079662021766,0,5,A,Normal
0.9112930210824671,0.911283674414956,3.224234202910507,6.0934544729601665,-0.5685077277134813,3.5380872324476313,0,5,A,Normal
0.9024610527507797,0.90243824040497,2.6153679309696107,5.061622163572026,-0.6062986836075033,2.898039669410377,0,5,A,Normal
0.9004647851580149,0.9004520122161559,3.4593412853890118,6.111121177445648,-0.5786618713208003,3.8417285633018525,0,5,A,Normal
0.900345225973048,0.9003437432429363,2.6659250713327616,5.151677467921848,-0.6011113444733449,2.961003173478888,0,5,A,Normal
0.9071166597866934,0.9070474036193692,3.000843306012696,5.768742666553486,-0.5969949691853595,3.3081117777269555,0,5,A,Normal
0.9055635947037035,0.9055526087626086,2.797904332118697,5.348666040941458,-0.5884092794070526,3.089682876478884,0,5,A,Normal
0.9127479694083246,0.9127474600645148,2.7726881564332686,5.4422079744366485,-0.5853886508834591,3.037736866432716,0,5,A,Normal
0.9058681709528514,0.9058678202849282,2.711058976341838,5.402882228741081,-0.6249197499086927,2.9927742946196783,0,5,A,Normal
0.9028428527626869,0.9028392964046993,2.7295784398636753,5.372413142312716,-0.6184615669870084,3.0233151112745724,0,5,A,Normal
0.9068894566368413,0.9068846313179124,2.941294666999622,5.663497957856266,-0.5852862550481897,3.2432780483602497,0,5,A,Normal
0.9091105849768731,0.9090785491795815,2.993704388517039,5.659612097064335,-0.6068879776243792,3.2930035553300656,0,5,A,Normal
0.9096849969778955,0.9096827175410943,2.9093298407793053,5.585798542631713,-0.6000403453476939,3.198172829544862,0,5,A,Normal
0.9069174192592557,0.9069055032896429,2.859707231290863,5.623599871675972,-0.5887970256468651,3.153216787507059,0,5,A,Normal
0.906010113088032,0.9060085370200268,2.9123625083520457,5.679053793902969,-0.5515322782528225,3.2144922736299164,0,5,A,Normal
0.9129144058536737,0.9128795934932813,2.8610074232054536,5.5457052464341885,-0.5718991318919957,3.1339273483477372,0,5,A,Normal
0.9091895967814717,0.9091856535426341,3.065191083977668,5.601700341897059,-0.5843141864855648,3.371344211183712,0,5,A,Normal
0.914351005537603,0.914350993067702,2.7010135748701316,5.362309589852393,-0.6041392279667144,2.9540226439430013,0,5,A,Normal
0.9107746185607895,0.9107592674779454,2.6421468794567744,5.174610354788909,-0.60517682484724,2.900988703036002,0,5,A,Normal
0.9061880516144681,0.9061829625253629,2.7505896504755656,5.394778134949074,-0.6080209046437215,3.0353408937307265,0,5,A,Normal
0.90421264224389,0.9042122819693444,2.629371560721614,5.1690895772234535,-0.6133691393530407,2.9079128491242696,0,5,A,Normal
0.9081577723756208,0.9081573207603696,2.7583197449504935,5.293048290536449,-0.5742655300964623,3.037269325719796,0,5,A,Normal
0.9093549710584123,0.9093365540694317,2.7021866349369805,5.3771040403188906,-0.6002866417812451,2.9715421600344514,0,5,A,Normal
0.9111468199436312,0.9111261512195915,3.017069592261533,5.619981282378756,-0.5764966904426272,3.311288067106667,0,5,A,Normal
0.9042122768660776,0.9041983935455807,3.0364880432172936,5.691065745710219,-0.5982149540157939,3.3581583892462743,0,5,A,Normal
0.9060954713359481,0.9060477553458977,2.845602121830852,5.482540328326033,-0.5785130777324641,3.140510257307978,0,5,A,Normal
0.9083309370094022,0.9083234137475503,3.0792896375239023,5.877669830769003,-0.581575476934808,3.3900525811244373,0,5,A,Normal
0.9021465583629397,0.9021440426676591,2.884461841653377,5.4961748815793605,-0.5649928438074121,3.197331758254005,0,5,A,Normal
0.911676072557601,0.9116738063420798,2.834144411364054,5.654508289932212,-0.5510424836752126,3.108718652024279,0,5,A,Normal
0.9011328423918687,0.90111378530496,2.923862527005892,5.4410259284510705,-0.5972811810493197,3.2446520529038874,0,5,A,Normal
0.9062682105434963,0.9062613156519385,2.726739497659219,5.4420378852193725,-0.5564690728584951,3.0087555383013727,0,5,A,Normal
0.9045914723240848,0.9045897307680456,2.9811260578891403,5.645172081676784,-0.5839380553096305,3.2955495923811924,0,5,A,Normal
0.9076148970096685,0.9075926228146729,3.0989207366005456,6.064970715327782,-0.5683070262033665,3.4143564046938883,0,5,A,Normal
0.9108043140218872,0.9107876005950718,2.884921962508251,5.619931267897144,-0.5791176470376573,3.1674443325472925,0,5,A,Normal
0.9002740276440264,0.9002518769300081,3.0437350085473693,5.640960528304769,-0.5510603283430551,3.3808983876972176,0,5,A,Normal
0.9085300855539519,0.9085273996480873,3.1172776898354693,5.7170507546299385,-0.5884763615785555,3.4311221382776695,0,5,A,Normal
0.9059888206995096,0.905979144833994,2.7716659426630743,5.446913535163766,-0.6265359986994281,3.0592716812146583,0,5,A,Normal
0.9068767366105754,0.9068755863008374,2.6971614525909304,5.276652035724021,-0.5826573997207345,2.9741213372298976,0,5,A,Normal
0.9137909589502173,0.9137881600703693,3.0168923443478803,5.787620292289737,-0.6118546145954555,3.3015125776837966,0,5,A,Normal
0.9091093556587324,0.9090899368523963,2.8676658264397483,5.50969803597741,-0.5807555695055591,3.154368403085967,0,5,A,Normal
0.9052436644533064,0.9052399465805022,2.799898305411176,5.419675673890599,-0.5933223621164356,3.0929775212534487,0,5,A,Normal
0.903615575926217,0.9036014890821444,2.6657057629525243,5.199246359950694,-0.6067834553627272,2.9500440607391516,0,5,A,Normal
0.9059295498888965,0.9059189572515857,3.125615429305885,5.873044446011884,-0.6169257203622034,3.4501749387567844,0,5,A,Normal
0.9108439289145799,0.9108326471402367,2.710103460668525,5.3116470547573424,-0.5966298753954256,2.9753763236892383,0,5,A,Normal
0.9068921755867104,0.9068908921711122,2.6801538708751202,5.34520793308563,-0.5840515310663652,2.955317007935596,0,5,A,Normal
0.9003743995731421,0.9003554415878997,2.8932238252006792,5.535710481941398,-0.6099740186615468,3.2133563843800155,0,5,A,Normal
0.9143706646352497,0.9143663538475479,2.673879731401999,5.32535633052225,-0.6019401770833137,2.9242842479735853,0,5,A,Normal
0.9072082111122759,0.9072060328973068,2.6576798821039627,5.289159772308135,-0.5870126433328684,2.9295148010681404,0,5,A,Normal
0.8968165963599911,0.8968165390222503,2.871331405193466,5.467462255841221,-0.5849970569456535,3.201692984772647,0,5,A,Normal
0.9018666176231033,0.9018655774997666,2.646612236085433,5.236590807179657,-0.5891754697006162,2.9345938571943817,0,5,A,Normal
0.9104047774714741,0.9103415683365915,2.711879149020489,5.190723288567955,-0.6115908273827042,2.9787619926076903,0,5,A,Normal
0.9082165314048167,0.9081852730941435,2.7348179400190116,5.341849024677363,-0.6284433246184613,3.0111959488216242,0,5,A,Normal
0.905096242043917,0.9050406559190244,2.9066169421237857,5.747196491602897,-0.5412536451251548,3.2113899131433485,0,5,A,Normal
0.90454470057124,0.9045442060853897,2.8632085330481223,5.603400613273874,-0.5753210825740136,3.1653588056399453,0,5,A,Normal
0.9128412216686722,0.9128338814828104,2.923297773402822,5.712659007952796,-0.5576692920511368,3.2024164816516927,0,5,A,Normal
0.9108787051997154,0.9108214797221023,2.8300710455679887,5.437677556797379,-0.5974606274703027,3.1069680621718776,0,5,A,Normal
0.9111181012358999,0.9110918241619932,2.735704058211911,5.291239277108381,-0.5752512208024227,3.002578979059931,0,5,A,Normal
0.9052187309155275,0.9052175884455735,2.6064956522542664,5.204693634398731,-0.5562717098914605,2.87940976388998,0,5,A,Normal
0.905211466916835,0.9052109468238623,2.7392884865042815,5.318966656057674,-0.5959246909029732,3.0261310054261052,0,5,A,Normal
0.9087003386395248,0.9086728044352894,2.7729867260771517,5.436270253872166,-0.6028958179620583,3.0515964484274023,0,5,A,Normal
0.9033406840109959,0.9033404842607116,2.8436609218288047,5.553115882103697,-0.5987660634166234,3.14793850444379,0,5,A,Normal
0.9006923399857567,0.900691025029922,2.605986315326077,5.110888504738668,-0.6095391132161252,2.893314619914817,0,5,A,Normal
0.9060246190072777,0.9060103254125219,2.777493897476218,5.348197830343217,-0.6114253255097233,3.065583251500926,0,5,A,Normal
0.9046536540889956,0.9046520455500717,2.6940609108448585,5.379340133994284,-0.570463964691954,2.978002574430357,0,5,A,Normal
0.909087096771382,0.9090802700177099,2.7855383463045884,5.505549768936715,-0.5861659233101242,3.064105030417232,0,5,A,Normal
0.9065887191061597,0.9065886521285744,2.921381797426184,5.554742286701766,-0.6341151368795339,3.222389310454343,0,5,A,Normal
0.9063493758866022,0.9063379415092222,2.762293137884897,5.445165711207977,-0.5885145368695173,3.047713399904741,0,5,A,Normal
0.9071177938986369,0.9071074141041421,2.708012425077638,5.290406111759988,-0.5940042574724291,2.9852930273135363,0,5,A,Normal
0.9078063988881997,0.907805688934827,3.0093702457260445,5.568786401155538,-0.6049403409986578,3.31499122435318,0,5,A,Normal
0.9067610746020079,0.906759699343158,2.8122468008920087,5.5280953946181945,-0.6017812337862751,3.1014198554193,0,5,A,Normal
0.9093009854640771,0.9092961320826713,2.8372973680028375,5.624497981011425,-0.5722553338836995,3.1203060519666925,0,5,A,Normal
0.9082966557167003,0.9082958019366185,2.8174782958989972,5.563050528010123,-0.6145765914544268,3.1019362211301313,0,5,A,Normal
0.9018995775709012,0.9018990267144809,2.9871862138591214,5.404397576231392,-0.5987382804065775,3.3121051258329137,0,5,A,Normal
0.8257153636856402,0.825715218256286,2.143624585287262,4.230392860016195,-0.8367436824841312,2.5960817487021663,0,10,A,Normal
0.830029171334267,0.8300250505629694,2.1973991077382733,4.381967493448103,-0.8571031958933752,2.647375759343454,0,10,A,Normal
0.8236881340217188,0.823660874685043,2.2895869850175026,4.484553974868921,-0.8301831106869026,2.779677028778384,0,10,A,Normal
0.8289699363312725,0.8289682462027831,2.4321412446732187,4.488921899233526,-0.8414471333649183,2.9339317845916284,0,10,A,Normal
0.8288912215223228,0.828857791715844,2.0271995817632575,4.045954424728853,-0.8415923088043176,2.445676258991076,0,10,A,Normal
0.8299097075652784,0.8299090798746831,2.3429802797010097,4.373403126605103,-0.8340786349708784,2.8231749289626396,0,10,A,Normal
0.8267504257410591,0.8267403244790749,2.2479959806678034,4.4412638295361715,-0.8384578126632798,2.7190744760159133,0,10,A,Normal
0.8284070487396098,0.8283891016308922,2.090767783860871,4.171590430975034,-0.8414109449598408,2.523841132257259,0,10,A,Normal
0.8273398391371469,0.8273382229858732,2.196005694848356,4.370398235307911,-0.8294358068820338,2.6542970505791486,0,10,A,Normal
0.8328364467356547,0.8328338091852022,2.0874319822970695,4.122959171872932,-0.8224695896529264,2.5064128623079194,0,10,A,Normal
0.8314319704427051,0.8314280390602748,2.149937662579645,4.239868023056822,-0.8264564798838725,2.5858251053719847,0,10,A,Normal
0.8268864152244096,0.8268863628676031,2.1450158992093176,4.178148984132761,-0.8524272359915215,2.59408772440309,0,10,A,Normal
0.8310612980310513,0.8310602372411832,2.2241367440725948,4.321261191440242,-0.8477333505582321,2.676260763606746,0,10,A,Normal
0.8322601977191703,0.8322456708338539,2.114687859265738,4.227320599821181,-0.8239206805927135,2.5408975042433757,0,10,A,Normal
0.8275804077955782,0.8275705608756493,2.0772532760413083,4.096541008605971,-0.8363368800105322,2.5100319636305524,0,10,A,Normal
0.8296087616106023,0.829603849329466,2.2433292485286147,4.371456859856116,-0.856767560775102,2.7040809503667917,0,10,A,Normal
0.828756865160174,0.8287424019815414,2.2503895316330613,4.270381993554355,-0.8518081463863258,2.715379656249518,0,10,A,Normal
0.8302470191994443,0.8302030594137433,2.0705511917034083,4.061151739429476,-0.8654062147728792,2.4938977723761204,0,10,A,Normal
0.8318594887976167,0.8318564970984248,2.1590002351211264,4.309173432174397,-0.8317907029716118,2.595390524716837,0,10,A,Normal
0.8263873181185607,0.8263766856792655,2.274941593049633,4.356052549943216,-0.8594714132579138,2.752875731719845,0,10,A,Normal
0.8297026381025039,0.8296710064438636,2.201787480843856,4.217970706498728,-0.850248508887137,2.653706737487606,0,10,A,Normal
0.8324762625917375,0.8324717021014638,2.1915296935578246,4.157076377687424,-0.8625205275095986,2.6325431631347227,0,10,A,Normal
0.8264580578556031,0.8264579410001742,2.1955327881330886,4.3169389624581465,-0.8230770511043142,2.6565568176923593,0,10,A,Normal
0.8354274486612526,0.835400787835548,2.178834745666968,4.308091380573057,-0.8522829262604081,2.608047831273063,0,10,A,Normal
0.8284157816515916,0.8284153056030883,2.282181898464591,4.416073608437756,-0.8484840609104518,2.754874966185051,0,10,A,Normal
0.831550158873897,0.8315483933854348,2.0902134013575195,4.125368665221192,-0.8531999856065813,2.5136347808388746,0,10,A,Normal
0.8298890852556988,0.8298888645546058,2.115457555287974,4.121754593778777,-0.8475506142115279,2.5490846823659283,0,10,A,Normal
0.8290342811504358,0.8290318734427131,2.250029193777868,4.42012300824021,-0.814263361757062,2.714036373327703,0,10,A,Normal
0.8312838877415575,0.8312778706823386,2.1474034758032343,4.18029022238391,-0.8203572906052181,2.5832372159134795,0,10,A,Normal
0.8325734721741829,0.8325322220729792,2.1507817818419785,4.265841595356212,-0.8291306483842202,2.5832936716388835,0,10,A,Normal
0.8323413028763668,0.8323392327064363,2.2142145902678454,4.388364661634374,-0.8305727761642645,2.660224336598538,0,10,A,Normal
0.8346687614873901,0.8346603119880386,2.195846598303341,4.267343374218173,-0.868390691738985,2.6308000246592615,0,10,A,Normal
0.8294615146567522,0.8294600734979418,2.1285734189633874,4.2255503570193955,-0.8433244606171981,2.566211188043165,0,10,A,Normal
0.8340940567749849,0.8340924013168131,2.28224160426222,4.462073150151716,-0.8357296052720495,2.736192142510259,0,10,A,Normal
0.8265436535836864,0.8265340341096586,2.297793585717607,4.4734149499807465,-0.8466565832353683,2.780002696475799,0,10,A,Normal
0.8258541952414744,0.8258519213086465,2.104696614067904,4.09365098399391,-0.8447589249075196,2.5485087152127437,0,10,A,Normal
0.8270490558962861,0.8270475516642338,2.1302786322394307,4.227804785071289,-0.8201270912069898,2.5757584958860926,0,10,A,Normal
0.8266907204937669,0.8266875224774193,2.2155426255861617,4.2878423955195,-0.861070041515922,2.68001390442953,0,10,A,Normal
0.8300460954291516,0.8300460500873844,2.198544103604851,4.241522531412254,-0.8462382421726642,2.6487012175729308,0,10,A,Normal
0.8248604343531534,0.8248514323920478,2.1471104878506413,4.157154192494902,-0.8637715155113868,2.60299851760302,0,10,A,Normal
0.831547651064841,0.8315459304532429,2.07907306917702,4.118881125540212,-0.8570820367064882,2.5002452553556687,0,10,A,Normal
0.831164982862733,0.8311587784019858,2.114812095836916,4.139856130728347,-0.854808045679559,2.5443950833359126,0,10,A,Normal
0.8265893016367142,0.8265758649150765,2.0536437306655513,4.061561936719566,-0.8585059106332373,2.484478962647072,0,10,A,Normal
0.8228386201266353,0.8228291143734638,2.2348261953615807,4.2721241566135815,-0.8606907268591946,2.7159957501966057,0,10,A,Normal
0.8273944853659264,0.8273885694868391,2.0641779780650484,4.114559997274578,-0.8507906155701894,2.494793009349268,0,10,A,Normal
0.8295211765633295,0.829520922050286,2.221688608329057,4.3331295498765,-0.8378641916042175,2.6782783503290624,0,10,A,Normal
0.8280389990399153,0.8280255820176781,2.1719547491957103,4.235247532663728,-0.8412872953792396,2.623010210526343,0,10,A,Normal
0.8285100935554128,0.8285016082054538,2.194461999560438,4.311709196604726,-0.8520350062383386,2.648684689094457,0,10,A,Normal
0.8302198376347331,0.8302178553293865,2.175783938446723,4.2141078606719375,-0.8743000591372874,2.6207322926003003,0,10,A,Normal
0.8289686257315115,0.8289604352331718,2.173974808878828,4.328741285809281,-0.8679428147667974,2.6225055344651134,0,10,A,Normal
0.8250781388893479,0.8250781387938854,2.175701586336041,4.203093780300489,-0.8420472168222295,2.6369642871216916,0,10,A,Normal
0.8267697874530717,0.8267603211852872,2.063538367406897,4.076572380380503,-0.8707757179192441,2.4959044207019057,0,10,A,Normal
0.8249416302248122,0.8249359804998566,2.232541277030046,4.366074747381232,-0.8221758559578025,2.706302113061789,0,10,A,Normal
0.8304008867149216,0.83039770792277,2.1749065702357067,4.274359252113509,-0.8435049558462939,2.6191043446974986,0,10,A,Normal
0.8291642400882218,0.8291551352994968,2.3542329680913032,4.4074322283319844,-0.8152716031622438,2.839284250658008,0,10,A,Normal
0.8270691211313793,0.8270569775117026,2.3210911762258655,4.61988177754112,-0.8382787714218138,2.8064053135616485,0,10,A,Normal
0.8315895040306499,0.8315840130399828,2.2045516013230886,4.29985114587935,-0.8360442276502584,2.651009411058939,0,10,A,Normal
0.8283894567999559,0.8283756440074536,2.1360768452801824,4.139116697343212,-0.8384378620128237,2.5785900915878197,0,10,A,Normal
0.8275599291931641,0.8275481664913902,2.2217601030942085,4.337029563611291,-0.8420954279882689,2.684712036819292,0,10,A,Normal
0.8313604931752954,0.8313419469595289,2.2856550174127115,4.486916897771153,-0.8534737978554747,2.749294723739985,0,10,A,Normal
0.8329239223725797,0.8329239191213189,2.102402495840481,4.182111695946842,-0.8311327356632603,2.5241230793945713,0,10,A,Normal
0.8263611548218489,0.826357040822128,2.2137029320221466,4.379625170929864,-0.8149294944657908,2.6788564771045995,0,10,A,Normal
0.8309744175888477,0.8309301416223012,2.219798776625014,4.4148288664927495,-0.8183028436488846,2.671320235183622,0,10,A,Normal
0.8331874525351785,0.833187450700145,2.2080093674211403,4.364758352229975,-0.8452144399545047,2.6500751549999064,0,10,A,Normal
0.8313758056231655,0.8313681894330941,2.086430686561196,4.155763908943257,-0.8476588844137405,2.5096119858783865,0,10,A,Normal
0.8314997807265221,0.8314920406967916,2.2142389285777817,4.333189750156284,-0.8335997204722183,2.662945895960541,0,10,A,Normal
0.8285210394794421,0.8285123045301253,2.1066554862749305,4.071434168431381,-0.8270794537033943,2.5426698730529975,0,10,A,Normal
0.8328061409868407,0.8328061383442884,2.2616357858369147,4.370310180301627,-0.8476505565578458,2.715680966469544,0,10,A,Normal
0.828045276064873,0.828038872743388,2.1650666724508616,4.305227903594394,-0.851805574360279,2.6146718483075313,0,10,A,Normal
0.827884005699628,0.8278667212626942,2.090139429658282,4.119632713104963,-0.8445392769674198,2.5246766639632656,0,10,A,Normal
0.8331327472574142,0.8331320434599986,2.224874962687469,4.275801885478884,-0.8360641037883214,2.6704927516191446,0,10,A,Normal
0.8315502088810587,0.8315502081780844,2.1853133454103832,4.2987040393363625,-0.8453541680659415,2.627999274212149,0,10,A,Normal
0.825875993726227,0.8258759382437587,2.0483871895254273,4.05294869971425,-0.8559314885440448,2.4802599967622445,0,10,A,Normal
0.8267604766189084,0.8267443204841242,2.1146720511002,4.170250829098407,-0.846155586225755,2.5577807731548696,0,10,A,Normal
0.8323217689361592,0.8323111490275126,2.249128125970907,4.309108931946595,-0.8445764684629076,2.702233931530655,0,10,A,Normal
0.8376079625030941,0.8376076987204215,2.128602132801715,4.176341320170078,-0.8379698636274799,2.5412868884873476,0,10,A,Normal
0.8300429581404286,0.8300429120745965,2.1765619915519574,4.3114008153789625,-0.8441196895551166,2.6222281271178756,0,10,A,Normal
0.8279598454084699,0.8279494569329525,2.1270949480950447,4.203650506307301,-0.8537442768874639,2.56907984111917,0,10,A,Normal
0.8321868426662654,0.8321671161866454,2.196795957329308,4.250157512518707,-0.8287160045947339,2.6397869381002654,0,10,A,Normal
0.8265937271616549,0.8265912429058396,2.2072829160616774,4.40340014742578,-0.8335671658478114,2.6703359141630703,0,10,A,Normal
0.8255466374844734,0.8255466237429647,2.1213050949027146,4.232864978307086,-0.8228570456837185,2.5695763250475494,0,10,A,Normal
0.8293934742967689,0.8293924395250721,2.1392929296981116,4.2033671423423415,-0.8528238250403226,2.579346228292896,0,10,A,Normal
0.8339516097910828,0.8339501657525983,2.174286990983833,4.292609960553866,-0.8550283534611913,2.6072100172916794,0,10,A,Normal
0.8275012865926329,0.8274749234677864,2.069559315551457,4.088904686169725,-0.8707835823471823,2.500974136334209,0,10,A,Normal
0.8281727163185673,0.8281690108515106,2.2283079257807605,4.324415105678504,-0.8791118162248379,2.6906318958274076,0,10,A,Normal
0.8293885213907926,0.8293826272927477,2.2234764119518804,4.415630015208232,-0.853993380720254,2.680862291442564,0,10,A,Normal
0.8309191600029504,0.8309078973411781,2.1949597195597956,4.330227031500393,-0.8286022860287345,2.6416044125784772,0,10,A,Normal
0.8272946252238318,0.8272933053479457,2.237774572367995,4.344327910925788,-0.8492899554006814,2.7049306306837733,0,10,A,Normal
0.8319956172444578,0.831968224329476,2.170135736490757,4.244423466248364,-0.8509085027587924,2.608349961840154,0,10,A,Normal
0.8271223787055999,0.8271197466304627,2.2804018673287247,4.417231703044768,-0.8268055312881204,2.757030792586492,0,10,A,Normal
0.8312355772500625,0.8312199251602047,2.373160575206618,4.484861562949919,-0.8418763795942841,2.854979551113095,0,10,A,Normal
0.8341518290408682,0.8341516955524624,2.1117598403745816,4.148468998207502,-0.8703630752238602,2.5316252591602466,0,10,A,Normal
0.8266851967840784,0.826684468233942,2.170421732924554,4.2986025901169915,-0.8340404156516885,2.6254513100849026,0,10,A,Normal
0.8334030907255332,0.8333924711635817,2.212099570226922,4.216276687784934,-0.8546324003207406,2.654297296043312,0,10,A,Normal
0.8291866154377457,0.8291865884873095,2.171250615967467,4.1299515139102265,-0.864351216386468,2.618530708942059,0,10,A,Normal
0.8286450857635416,0.82863408727172,2.2132902437330713,4.249963729432917,-0.8503735633185716,2.6709749225069874,0,10,A,Normal
0.8307920461277208,0.8307878916588564,2.2382622927703966,4.295106289571262,-0.8261616174675797,2.6941306229432773,0,10,A,Normal
0.8313988832058518,0.83138939557319,2.150643244574125,4.20733031186707,-0.8401831746717745,2.586776682067821,0,10,A,Normal
0.828601578699461,0.828601569812856,2.2382486019044427,4.418806646081045,-0.8117505411027102,2.7012362267249186,0,10,A,Normal
0.8287807858801163,0.8287736629096285,2.0130195267812887,4.0159503876877025,-0.8501594460705904,2.4288926107807636,0,10,A,Normal
0.7935429829584909,0.793539611648942,1.6546073265667285,3.260308205771765,-0.9927342215354202,2.085088472962124,0,20,A,Normal
0.7956082393539977,0.7956032637569018,1.596263918318135,3.181835047960207,-1.0048227294928886,2.0063441268710815,0,20,A,Normal
0.7946099258353103,0.7946064146246893,1.6116826989437594,3.179393048240768,-0.997169475539065,2.0282690242631003,0,20,A,Normal
0.7932523067654365,0.7932499982752768,1.6209791213133742,3.179385366662857,-1.0096821202479807,2.0434597006380915,0,20,A,Normal
0.7938573642110063,0.7938523756585556,1.5857333255658452,3.146774235729496,-0.9930612110864314,1.997504082036026,0,20,A,Normal
0.7947517625001557,0.7947492138274338,1.6524806155289609,3.2058106820597327,-1.002818611756721,2.0792412090166796,0,20,A,Normal
0.7947140842913702,0.7947080094903606,1.6189360484458373,3.2223684767392866,-1.0014991559152637,2.037130183604847,0,20,A,Normal
0.7944551191762526,0.7944455189207992,1.5984505754844873,3.141927791054136,-1.003463031222454,2.0120086546133336,0,20,A,Normal
0.7959030522597461,0.7958931310909274,1.6309846916916557,3.2345290730968377,-1.002889444267027,2.0492253259500974,0,20,A,Normal
0.7936975300578765,0.7936885693155706,1.6133735159020577,3.1559822788023784,-1.0003667998882289,2.032730926836084,0,20,A,Normal
0.79418577817398,0.7941793434399061,1.5744501449032686,3.137484045575566,-1.0054690462402445,1.9824708376461992,0,20,A,Normal
0.795692372174933,0.7956802880384338,1.5956536212250334,3.171903360842462,-0.9917523171814633,2.0053649840371084,0,20,A,Normal
0.79447526580622,0.7944735384648369,1.5970088515855934,3.180327492873041,-1.0053542705493372,2.0101429463193874,0,20,A,Normal
0.7945269911012373,0.7945224552328893,1.5681550585659156,3.1275070789398223,-1.0032291120602872,1.9736963956283067,0,20,A,Normal
0.7952351970937439,0.7952294630042119,1.5895611560647183,3.1629002338868357,-1.0030657438229653,1.998856642505145,0,20,A,Normal
0.7943467062411468,0.794343305676508,1.6107121603162406,3.207367481844564,-0.9980309183029665,2.027719316591794,0,20,A,Normal
0.7944558590989985,0.79445167158646,1.6214036908467624,3.2178504846693854,-1.0037654011911732,2.0408983989187455,0,20,A,Normal
0.7943716199423292,0.7943640283248193,1.6079890834972983,3.1943721611753286,-0.9995653953000558,2.0242277583054102,0,20,A,Normal
0.7958326889733162,0.7958222969902063,1.5915026735913456,3.170771707097493,-1.0010912534852416,1.9997955545712798,0,20,A,Normal
0.7947771428997191,0.7947750636581472,1.6300804760325616,3.2063078935202234,-1.0038334236714685,2.050990633783534,0,20,A,Normal
0.7956375317964438,0.7956343562941323,1.6493877809409265,3.224483335538774,-0.9974575829989485,2.0730391855909915,0,20,A,Normal
0.7952943985580175,0.7952884165293825,1.681679598288041,3.271959203051293,-0.9968890111899134,2.1145372095379606,0,20,A,Normal
0.7933374582953986,0.7933355418024945,1.6595086635704852,3.2364112048294453,-0.9960484666735812,2.091806766739821,0,20,A,Normal
0.7953954212315496,0.7953872957390519,1.6487772466801363,3.2395135407094777,-0.9940936834089,2.072902612548679,0,20,A,Normal
0.7948318837716905,0.7948317177187028,1.6351804840671298,3.266384778207528,-0.9928128047896401,2.057265841309435,0,20,A,Normal
0.7954916378451671,0.7954892171042495,1.6308333683877674,3.2192962584221356,-0.9955406328371792,2.0500949234430412,0,20,A,Normal
0.7950805963707919,0.7950758402202339,1.6139065348128803,3.1871854150929244,-0.9932255989892846,2.029865327087196,0,20,A,Normal
0.794435692768822,0.7944321822421808,1.6181346905798808,3.1848865211950415,-0.9963092527994353,2.0368353352053536,0,20,A,Normal
0.7950486995268892,0.795045717500883,1.657332845026743,3.234489410583779,-0.999892794838122,2.084567707629702,0,20,A,Normal
0.7941500107324182,0.7941471751717137,1.5876520256553102,3.1610247334409616,-0.9928098539143737,1.9991840385307953,0,20,A,Normal
0.7943497024565683,0.7943391163544002,1.6134688164605884,3.19926769181692,-1.0008407393397243,2.031181998899038,0,20,A,Normal
0.7954443153545213,0.7954394932873776,1.6216027024575534,3.1715694098271285,-0.9975089032383591,2.0386124724957293,0,20,A,Normal
0.7938830306110567,0.7938789882178295,1.6160208018107807,3.202443357661993,-1.0007041254291191,2.0355905586833356,0,20,A,Normal
0.7956316213694529,0.7956270459077803,1.6121110852245584,3.2167473105816287,-1.0000255144444943,2.026202883251132,0,20,A,Normal
0.7935586424334833,0.7935530380148321,1.6165133101512787,3.1717446672329217,-1.0002021374591645,2.037043292974755,0,20,A,Normal
0.7949638241392752,0.7949540433617567,1.611418760552025,3.2145229860614024,-0.9985539962269767,2.027034075791742,0,20,A,Normal
0.7940915389034551,0.7940902611256399,1.6590951830201033,3.262880799084412,-0.9992637745897812,2.089299660982554,0,20,A,Normal
0.7947076865738851,0.7947025338861932,1.6118363540475213,3.220987854564037,-0.9966746012283716,2.028212865281839,0,20,A,Normal
0.7921941106839869,0.7921898049795347,1.6133569729374824,3.2130643628841193,-1.0064864814283139,2.036567744166258,0,20,A,Normal
0.7946560616700203,0.7946492041097457,1.5876636278659488,3.1635327292221422,-0.9954437955998388,1.9979255233130324,0,20,A,Normal
0.7946814866785414,0.7946746045816634,1.5695693711172147,3.1382344841870733,-1.0061535710142653,1.9750924080003454,0,20,A,Normal
0.7939657504329539,0.7939613282221911,1.5677714811172132,3.1263550792638792,-1.0057574213620883,1.9746084516395055,0,20,A,Normal
0.7942772900146237,0.7942747373148679,1.5921462224884795,3.176476516696124,-1.0042439975314383,2.0045218999767274,0,20,A,Normal
0.7926235509843237,0.7926201991147377,1.5860906530030843,3.1555558395388394,-0.9993601328194979,2.0010642517918997,0,20,A,Normal
0.7941485385751861,0.7941460344516489,1.5791022590626471,3.152741044875483,-1.0003140505865131,1.9884217905831296,0,20,A,Normal
0.7942107198163967,0.7942069810290888,1.5768280012327478,3.1462265148626214,-0.9975694928470897,1.985402566207208,0,20,A,Normal
0.7941277362195681,0.7941244753036765,1.5789121845704186,3.1468637213528794,-0.996809483789884,1.9882345277181777,0,20,A,Normal
0.7946835791062379,0.7946768274578255,1.660091394919331,3.264679729550914,-0.9945601573000658,2.0889967259502167,0,20,A,Normal
0.7937157051187164,0.7937127307654813,1.6269104919368969,3.1810406412531265,-1.0003823526670497,2.0497395748186173,0,20,A,Normal
0.7942303990484741,0.7942268056149369,1.6096919152518403,3.2013160973131907,-1.00379875843589,2.0267316853904456,0,20,A,Normal
0.7943026529731122,0.7942943156834585,1.606033194511845,3.1788336068084524,-0.999069953133009,2.0219411184142304,0,20,A,Normal
0.7947216284538247,0.7947201638648504,1.5699671979031273,3.1196589914817627,-1.000383220252125,1.975493231457141,0,20,A,Normal
0.7950543755256623,0.795051750520487,1.635466433177301,3.2119910772043414,-0.992556464187524,2.057049786180961,0,20,A,Normal
0.7960099550042025,0.7960015344910275,1.5883724134771853,3.1624647898681326,-0.9995047819907121,1.99541777523222,0,20,A,Normal
0.793690451547245,0.7936860309760486,1.6150212056864834,3.169152144166498,-0.99695419496312,2.034825041095191,0,20,A,Normal
0.7948359189841379,0.7948260976654449,1.6189587207496006,3.182649687939273,-1.0035558711625918,2.036846451049615,0,20,A,Normal
0.7943213941703202,0.7943204021925904,1.675532390333669,3.2746472577452757,-0.9996722265437259,2.1093884699955563,0,20,A,Normal
0.795641010517218,0.7956338001724549,1.6008307066083634,3.156613409503592,-0.9980100369048115,2.0120012486130148,0,20,A,Normal
0.7957620180962676,0.7957600598642433,1.6462526827324029,3.2215953764813294,-0.9972895400455788,2.0687751429388364,0,20,A,Normal
0.7945088420702254,0.794503771317609,1.6422568682143408,3.2833675278354058,-1.0042807152954225,2.067008925835446,0,20,A,Normal
0.7948844129105813,0.7948781012594522,1.5974087402951365,3.164331253732122,-1.002449614283409,2.0096113527324047,0,20,A,Normal
0.7937765426594452,0.7937738736018368,1.5835549329895822,3.1586197792065276,-1.001457998518439,1.994963126126261,0,20,A,Normal
0.7954181789615945,0.7954167475447685,1.6186938454627922,3.1911514627081035,-1.0006206214613163,2.0350224426300776,0,20,A,Normal
0.7933437003400017,0.7933373969196303,1.6311851102130916,3.215778828242094,-0.9983025526875999,2.0560888168822893,0,20,A,Normal
0.7937786511985928,0.7937736102782403,1.587106414234171,3.160012667694138,-0.9990653587505651,1.999431972424134,0,20,A,Normal
0.7946491360633345,0.7946430451653611,1.6732649566486861,3.2527492366824076,-0.9983948748065283,2.1056651051531814,0,20,A,Normal
0.7936761948398323,0.7936733804537743,1.610485333114206,3.201920031208826,-0.9972780202593454,2.0291465758768408,0,20,A,Normal
0.7937818407516628,0.7937727903013799,1.603018364658248,3.1861649256931632,-0.9991018971826726,2.0194696859533696,0,20,A,Normal
0.7929910153617026,0.7929854754776915,1.6085429355345215,3.190770266667896,-0.9945312360219054,2.0284503914597645,0,20,A,Normal
0.7961950146995045,0.796188954330751,1.5899215062968188,3.1643387707364017,-0.9966904900979086,1.9968995999012606,0,20,A,Normal
0.7930650735759266,0.7930608772912502,1.6740814104883934,3.2808251069165246,-1.002918684714739,2.1109004371355913,0,20,A,Normal
0.7935778090164896,0.7935671698904287,1.6133504706660988,3.2024402331721094,-0.9977316036574702,2.033008549805071,0,20,A,Normal
0.7950156592144512,0.795012147292315,1.5804447921250362,3.1508030474813404,-0.9886517652850504,1.9879417138609088,0,20,A,Normal
0.793592436767365,0.7935851933148982,1.6006066802386352,3.179453565863769,-0.9961939028349804,2.0169127200336963,0,20,A,Normal
0.7937603276135682,0.7937599405355372,1.5821454312925423,3.1620156210084747,-0.992065157017604,1.993228152444007,0,20,A,Normal
0.7932203834866317,0.7932176475096021,1.6073058979195216,3.1462615026605363,-1.0042082219462327,2.026304330272685,0,20,A,Normal
0.7946310142970734,0.7946298418865296,1.6278035894620904,3.2553481558923707,-0.9995636327891146,2.048502462368697,0,20,A,Normal
0.7951450608155904,0.7951393533549522,1.6034781408383338,3.1985042069784044,-1.003086018767347,2.016585677075861,0,20,A,Normal
0.7947023484414035,0.7947007657499126,1.608650240277096,3.199887957433397,-0.9928796573496719,2.0242172977493196,0,20,A,Normal
0.792753382936864,0.7927525320422559,1.6097436272213463,3.1777713318539345,-0.9967789017830819,2.030573015352933,0,20,A,Normal
0.7935662830780951,0.7935632983207219,1.6240544080018098,3.177606471664368,-0.999032342445958,2.0465264750190832,0,20,A,Normal
0.7961147882259059,0.7961120689374589,1.619485699239576,3.200430885916105,-1.0048026424326824,2.0342364231777466,0,20,A,Normal
0.7935452212117281,0.7935434094945669,1.5977069269268156,3.1824136671706422,-0.9938829473579069,2.013378550106002,0,20,A,Normal
0.794382404026138,0.7943788094950154,1.6427301155842498,3.1965315406696795,-1.0027433226977227,2.067933664263538,0,20,A,Normal
0.794098764761434,0.7940965044593126,1.5913265663500853,3.171540733698055,-0.998159532995182,2.00394036229002,0,20,A,Normal
0.7942417262096824,0.7942386225986354,1.6112202635118618,3.2015030041296946,-0.9975203264296337,2.028627066977459,0,20,A,Normal
0.7947579450025506,0.794751211426717,1.6154481712593884,3.209769416941225,-1.0023839205411809,2.0326291563580456,0,20,A,Normal
0.7940317974197806,0.7940258576079058,1.6051328754755936,3.183292247064486,-0.9993539527832125,2.021496973662137,0,20,A,Normal
0.7938087683712942,0.7938003525450494,1.5910046606667119,3.155608854057918,-0.9956702056297435,2.004266926820515,0,20,A,Normal
0.7938722750605537,0.7938655318355474,1.6081369278819797,3.1687757918110377,-0.9996271199609144,2.025687227532057,0,20,A,Normal
0.7926100731793231,0.792608818159022,1.5997411668946766,3.170178006330187,-1.0012648280345784,2.0183205097025625,0,20,A,Normal
0.7936954552775571,0.7936944822105026,1.6782528262863627,3.257678247557673,-1.002143949489673,2.1144795716380584,0,20,A,Normal
0.794750962023101,0.7947464025748306,1.5860205487860377,3.1636090355092916,-0.9918434941872829,1.9956195394198677,0,20,A,Normal
0.7949190600118218,0.7949114351620159,1.6555770967571874,3.2184363575605865,-0.9990108886439515,2.082698956460506,0,20,A,Normal
0.7952747921404141,0.7952697486356239,1.5800610124391627,3.13577900542083,-0.9979143087236402,1.986811386522844,0,20,A,Normal
0.7935532333698863,0.7935487455382217,1.633532429257408,3.2433891788543185,-0.9966895391963457,2.058503904420481,0,20,A,Normal
0.794778667280761,0.794775687426668,1.6350113985117631,3.208368158457298,-0.9997748278678027,2.057190845478725,0,20,A,Normal
0.7948991996738916,0.7948945874824164,1.5961238803270164,3.156411095243487,-1.0031597095069036,2.007957588813561,0,20,A,Normal
0.7951759802818479,0.7951662260097283,1.600616627561358,3.1707388193697623,-1.0021715632757526,2.012908673365642,0,20,A,Normal
0.794930224377958,0.7949302032223545,1.566021002655523,3.1255898502945563,-0.9945736869088067,1.9700106432372129,0,20,A,Normal
1.1230612291558675,1.1229065503963198,3.931195394668956,7.659909949324419,-0.23922953255378943,3.500428376130286,1,0,A,Mild
1.1334664899940907,1.1333262057697326,4.108000954388111,8.00264281035972,-0.23037438920617515,3.624280903451789,1,0,A,Mild
1.1207394037206737,1.1206070725797117,4.402887412426228,8.305861583419745,-0.22483851479000494,3.928555913898765,1,0,A,Mild
1.1256865303689036,1.1256495413550076,4.048281079270652,7.527821320242197,-0.3096444252242323,3.596277444968602,1,0,A,Mild
1.128463800184144,1.1284606640700496,3.883168823377731,7.6269590027532,-0.2312000178932343,3.4411106698717946,1,0,A,Mild
1.1114724688665187,1.111460450376396,3.960352081036593,7.86697793487511,-0.2488229721410362,3.563158055615508,1,0,A,Mild
1.13054055134112,1.1305289830986756,3.9236151630765868,7.582425416390741,-0.23486603520160898,3.470565614317984,1,0,A,Mild
1.1227246715952686,1.1226863849147597,3.719169483737239,7.377938960282782,-0.2902869243843966,3.3126282674920713,1,0,A,Mild
1.1255655056120544,1.1254933260229527,4.004895227140387,7.684173887954659,-0.24160549843187296,3.5581183033524333,1,0,A,Mild
1.1085762750815593,1.1085518874841482,4.007743708917241,7.805491199792373,-0.2531771635584472,3.615216921923019,1,0,A,Mild
1.1150350517399368,1.1150288148693293,4.3436097800039795,7.9602615297273935,-0.2505524308352718,3.8954916916971087,1,0,A,Mild
1.1079291568943832,1.1079181654296182,3.6951915284642536,7.2211800153317185,-0.2764749501202157,3.3352236516838136,1,0,A,Mild
1.1181990892870501,1.1181955274324058,4.170603615490453,8.06747511818818,-0.2100224249712208,3.7297505027924664,1,0,A,Mild
1.1176523593531316,1.1176148201905294,3.897860616694272,7.692037096057302,-0.2810983264651048,3.487542959199096,1,0,A,Mild
1.1142556553060858,1.1142461200744735,3.698911779499301,7.360520278420417,-0.3140134673987922,3.3196257626201686,1,0,A,Mild
1.1172536596071452,1.1172516994203183,4.189818317002601,7.785691708249937,-0.26146732015661245,3.750104804736865,1,0,A,Mild
1.1139868669526602,1.1139804053937934,4.108523253937331,8.055371297321571,-0.24248482816298544,3.6881253952089237,1,0,A,Mild
1.119216567079111,1.1192122275103893,3.8480180627238614,7.576439329736457,-0.2656285340919786,3.438135367104396,1,0,A,Mild
1.123800698342791,1.123771401038926,4.262845830260564,7.970145485209811,-0.2576682883977268,3.793240061646834,1,0,A,Mild
1.1361127409235106,1.1358918184430173,4.753285663777735,8.687556530632474,-0.26535680151686014,4.183815120244086,1,0,A,Mild
1.1159021690208761,1.115902151275077,4.581928791780743,8.446278889157133,-0.19322996651340718,4.106030903946585,1,0,A,Mild
1.120933019440662,1.1209242469881175,4.497478409214035,8.702083394242674,-0.2204708308859753,4.012263294249506,1,0,A,Mild
1.128348336892473,1.1283294048871564,4.083960129176935,8.038536356779984,-0.2545092858110829,3.61941432060277,1,0,A,Mild
1.1304894958751404,1.130382572421352,3.974204992363707,7.449079883694666,-0.29722238046334004,3.5154727282867633,1,0,A,Mild
1.1201948295043604,1.1201874744997742,4.213299692414347,8.002540816379124,-0.23266221879932525,3.761220442589042,1,0,A,Mild
1.1085578277436923,1.108551293309913,3.93302367681213,7.331766341363779,-0.288482852145894,3.547874164415244,1,0,A,Mild
1.1241080589289247,1.124030750064378,3.973690967891627,7.829057058681687,-0.29432133199852206,3.534972404412658,1,0,A,Mild
1.1232422915427465,1.1232365967403295,4.247613035905164,8.048570207288,-0.22910254377492212,3.7815643765257168,1,0,A,Mild
1.1252580797319223,1.1252177259598448,4.155653762676537,7.944903102706136,-0.27584295829484606,3.6930672505515947,1,0,A,Mild
1.122745736106371,1.122740546256324,4.0918943032593775,7.605138883489567,-0.2961567904993436,3.6445422785125623,1,0,A,Mild
1.1312166899732072,1.1312072580305348,4.194799300639529,7.923467045704333,-0.21403656814072924,3.7082190687434804,1,0,A,Mild
1.1318457221678382,1.1318164470999343,3.9914864205932945,7.9009897818219965,-0.28034183312845773,3.526528697699498,1,0,A,Mild
1.1181095900566087,1.118013740058234,4.070647181011263,7.865565625019528,-0.30100447554806786,3.6406513433134675,1,0,A,Mild
1.1235294161335105,1.1235277212068373,4.179596167682673,7.986511651819054,-0.2340691278173499,3.7200594017967448,1,0,A,Mild
1.1202537093724718,1.1202295844711685,3.856296683781249,7.422804396451815,-0.24846499124107435,3.442342258292022,1,0,A,Mild
1.117504491776876,1.1175044900085545,4.008717692687838,7.6790844322416705,-0.3012056281094804,3.5872049930768686,1,0,A,Mild
1.1109785327297979,1.1109729382852702,4.362175878537451,7.864945926782083,-0.2538998993981889,3.9264267940615376,1,0,A,Mild
1.116752064560863,1.1167515116041697,3.74930132206662,7.403614145780743,-0.31569884961536143,3.357326519509007,1,0,A,Mild
1.1244422275360701,1.1243975841452072,3.853067857125119,7.661773867457816,-0.28351017884063046,3.4266481307520262,1,0,A,Mild
1.132734250556483,1.1327268451834616,4.173429418961362,8.085521904381482,-0.23311056132270336,3.684385297708676,1,0,A,Mild
1.1144993373970387,1.1144664530437807,3.8122898468783437,7.523200413864748,-0.3206827523515101,3.420629980617226,1,0,A,Mild
1.1226389159536285,1.1226388220161043,3.9697642971133202,7.751505802944563,-0.24148710305032228,3.536100736131344,1,0,A,Mild
1.1251106661027808,1.1250962784059113,4.442016471738752,8.26992662959229,-0.30032403656292495,3.9480707147904384,1,0,A,Mild
1.1197429088665314,1.1197377120548315,4.312280804149639,8.381325582460502,-0.22834322884807534,3.8511347292342126,1,0,A,Mild
1.1196817889003579,1.1196816471172473,3.6851313353755497,7.262651895308649,-0.2742943999814007,3.291230929990141,1,0,A,Mild
1.1188028833501786,1.1188013098253646,4.192276525144406,8.07979219192746,-0.21925448319418095,3.747109153482802,1,0,A,Mild
1.111388804447949,1.1113854753018118,3.7202106166480338,7.1999655274535765,-0.28786726159682674,3.3473529711287164,1,0,A,Mild
1.1129838069746782,1.1129837399342246,4.093127307483499,7.885650088107649,-0.21207454746533339,3.6776162257108407,1,0,A,Mild
1.1224086561521782,1.1224011797421758,3.9339738591806594,7.589030826107077,-0.24927834062600507,3.5049389877899197,1,0,A,Mild
1.130413734020359,1.130338979337937,3.9249385008978006,7.845622874405186,-0.2939104089421387,3.4721256322130913,1,0,A,Mild
1.128162238669974,1.128139745923384,4.402988821244809,8.035954009830409,-0.22548755480441862,3.902797550142816,1,0,A,Mild
1.1178623699165717,1.1177963252691812,3.96991224724743,7.86386239079647,-0.32437903474025154,3.5513425928665194,1,0,A,Mild
1.115712876278076,1.1156908703012887,4.249658978440081,8.023055884298232,-0.23438302002134792,3.8089181085877444,1,0,A,Mild
1.1239380889122903,1.1239296946265882,4.080006051563208,8.101541099089495,-0.25132948642304065,3.6300985719878054,1,0,A,Mild
1.1059263850060868,1.1058097463287104,4.664403043580842,8.4548716148178,-0.2056334749704667,4.2176433321600975,1,0,A,Mild
1.1211000423992543,1.1210882056497937,4.112623679914072,7.974886561748173,-0.2661948019766087,3.668382414037457,1,0,A,Mild
1.1201765485497632,1.1201668013036097,4.155819143012445,7.870586879897102,-0.2269042754093311,3.7099679942351735,1,0,A,Mild
1.1222514948036244,1.1222496866703755,4.215035404210552,8.010689700410287,-0.23103160079319585,3.7558741723468265,1,0,A,Mild
1.122221049592194,1.1221247898833893,3.954807630642028,7.434693146846719,-0.2919565171054397,3.5240896898870084,1,0,A,Mild
1.1344027934849805,1.1344027917962785,4.109970408839427,8.020322903827775,-0.23980442806618552,3.623025641724006,1,0,A,Mild
1.11983442222474,1.1198183730601037,3.8535913515398876,7.493338366128365,-0.27186207945024243,3.441215303851866,1,0,A,Mild
1.1258026161528378,1.1257949531025415,3.960333551310643,7.607162880724742,-0.24484463937372514,3.5177867722888574,1,0,A,Mild
1.131726524573873,1.1316771291158845,4.2828788013757455,8.101714358731492,-0.2716804433052329,3.7843760912013353,1,0,A,Mild
1.1311990898503677,1.1311986436380872,3.912995742343462,7.7542107837635275,-0.21772436563193986,3.459157435196543,1,0,A,Mild
1.1266350447493254,1.1266292743067272,4.50947478173222,8.247528324595732,-0.2296940841292674,4.002604750090631,1,0,A,Mild
1.1241515727468976,1.124125239552629,3.983466948004641,7.665345990086547,-0.2816151535312401,3.543531890695951,1,0,A,Mild
1.1279801782177883,1.1279781225920669,4.361378859597803,8.322780502826593,-0.2034808021432597,3.8665385649673323,1,0,A,Mild
1.1323043910138175,1.132203253363685,4.496774924278316,8.412801742638084,-0.2439048460235873,3.9713481286176893,1,0,A,Mild
1.1252532218601046,1.1251504724664936,4.116131746713361,8.032163706411913,-0.2835809704903576,3.6579604188194828,1,0,A,Mild
1.125985701880068,1.1259815571001233,4.515350146927636,8.449761269119024,-0.2005474630641082,4.0101309806939085,1,0,A,Mild
1.1199059692316429,1.1198961963602656,4.108461238596977,8.178060334219696,-0.2938295105807063,3.6685769622388515,1,0,A,Mild
1.1149583780792423,1.114933305527,3.7473635291450753,7.477896344489643,-0.24055760099048085,3.3609896143394358,1,0,A,Mild
1.1169361798837119,1.1168195149159634,3.856621992653116,7.692234274339238,-0.24371564982329685,3.452857971755058,1,0,A,Mild
1.1170401390891531,1.117021649588491,3.7920511484000823,7.454451753208838,-0.2532082302882115,3.394731322271161,1,0,A,Mild
1.1234626743297835,1.1234537408253287,4.180575358163194,8.02622842121909,-0.22376354858526692,3.7211519827814232,1,0,A,Mild
1.121647961935699,1.1216051099842417,4.339634268101466,8.274308747960074,-0.17556644384564413,3.8689806564728952,1,0,A,Mild
1.1252779433606284,1.1252271002380234,4.5546234265746275,8.926039145351595,-0.2512144068674256,4.047554165126797,1,0,A,Mild
1.1318196951467436,1.13174304031344,4.502416953891803,8.418616040005666,-0.23612076872921017,3.978033756788489,1,0,A,Mild
1.1202347693544195,1.120230097911045,4.052464683000413,7.877898379284423,-0.2677083540253,3.617513751457482,1,0,A,Mild
1.1181505177770341,1.1181405508952704,4.101117228019977,8.08707962794013,-0.2567150657680455,3.6677684827024013,1,0,A,Mild
1.1203474570758936,1.1203465461301916,4.19606506370841,8.256945399549839,-0.2010543215117382,3.745324753679665,1,0,A,Mild
1.1215353642256805,1.121496815908899,4.030153390988156,7.825610861827866,-0.299362447525374,3.593425155853748,1,0,A,Mild
1.1113150353757075,1.1113069207657043,4.108398561623178,7.881507853140309,-0.23727873714820902,3.696880210240504,1,0,A,Mild
1.1218045266802308,1.1218011070673832,4.370847840370578,7.90106524424384,-0.3292075991949748,3.8962651125194503,1,0,A,Mild
1.1199187374521424,1.119890999603099,4.464912984210338,8.512425028898765,-0.22708806158356287,3.986818717193878,1,0,A,Mild
1.1273951601928116,1.1273931448177987,3.7665994622771697,7.4107160167659165,-0.31890272379797757,3.340975369836598,1,0,A,Mild
1.1233248959639959,1.1232805436599604,4.648282187585506,8.4939781673863,-0.23140104319089483,4.137967745828799,1,0,A,Mild
1.1208810461685865,1.1208429735911696,4.02262723612031,7.5970678871638775,-0.25994967905391286,3.588808330616811,1,0,A,Mild
1.122092886049423,1.122091657618803,3.8040286130067433,7.4731972198618415,-0.2229229773819248,3.3901191784573825,1,0,A,Mild
1.1272272007733903,1.127174282811623,4.615140552433279,8.38152183669354,-0.2332114589317973,4.094241648238112,1,0,A,Mild
1.1238841602551353,1.1238444093714077,3.9558610698992096,7.862359322434013,-0.18055282672723116,3.5198121032341816,1,0,A,Mild
1.1194856831420081,1.1194731906391122,4.1448553028603925,7.790193538093292,-0.2878100599181148,3.7024638771861924,1,0,A,Mild
1.116249858210798,1.1162140974283283,4.3003289035179035,8.028057943474966,-0.2528984431065844,3.8524787903765256,1,0,A,Mild
1.1210700124930975,1.1210493086397633,4.211612289860133,7.706360359168597,-0.23452521990258823,3.75677900838157,1,0,A,Mild
1.1142921881791465,1.1142260106677961,3.8879907138880325,7.716141450547081,-0.21176104691514208,3.489202163609671,1,0,A,Mild
1.1156585050833006,1.1155324610198227,4.198563601966242,8.115443884860792,-0.3500895814346032,3.76330533298158,1,0,A,Mild
1.1264406903111577,1.1264204234354143,4.088404631088645,7.773744816429759,-0.24994036828334476,3.6294894762362513,1,0,A,Mild
1.111767537472468,1.1117250891620274,3.8517819060910723,7.5509280630156725,-0.21990057134158292,3.4645569116434634,1,0,A,Mild
1.1181628877087544,1.118000784559319,3.879722453857924,7.3938431831391505,-0.31794136746296475,3.4697292286349493,1,0,A,Mild
1.106028212836729,1.1060260500749712,3.9984985001739695,7.672203727122164,-0.28224605038290607,3.6151867138349614,1,0,A,Mild
0.8980661073656021,0.8980660874549821,2.6967640706088707,5.347978319923664,-0.5575014479150893,3.002856970651738,1,5,A,Mild
0.907269512808738,0.9072537193991507,2.7435333670852486,5.4711615800536,-0.593424588068364,3.02394528676686,1,5,A,Mild
0.9078730296853615,0.9078393134760924,2.8190791814153333,5.3883343956749705,-0.5645750932563609,3.1051469635487816,1,5,A,Mild
0.9110262026715295,0.911025166040526,2.5601625073611363,5.056338235853004,-0.6111447192527475,2.810196347650171,1,5,A,Mild
0.9025269778880121,0.9025269728467842,2.9642054946249434,5.820478718982198,-0.5974685056376692,3.2843400443956035,1,5,A,Mild
0.9081682562651873,0.9081069139135638,2.7644655176034263,5.359722116015629,-0.5728248838784857,3.0440014815891074,1,5,A,Mild
0.9041634056112976,0.904163334432752,2.9323740521863817,5.649728537440881,-0.621577594574839,3.243190372434756,1,5,A,Mild
0.918111048842005,0.9180819851759017,2.8049132686595137,5.512820574526817,-0.6074169439153199,3.055091507936098,1,5,A,Mild
0.9094036208067123,0.9093911780956568,2.9262567877684686,5.4296566889700335,-0.6065177083536959,3.2177756068011356,1,5,A,Mild
0.9101778019773595,0.9101710145536847,3.024730701988476,5.686863963264312,-0.5607232635891863,3.3232305769457953,1,5,A,Mild
0.9104653349375921,0.9104633010813703,2.9244129348423558,5.8119081220722855,-0.5955494412554758,3.2119981097828507,1,5,A,Mild
0.9138309259038708,0.913820848525477,2.8736851719685976,5.593956586492928,-0.5630855173344766,3.1446573873895036,1,5,A,Mild
0.9072175369685498,0.9072161921805786,2.915339976843188,5.4839567474229165,-0.6217561896088002,3.2134960558464747,1,5,A,Mild
0.9152124217494373,0.9152104697158068,3.090952781456188,5.6795118151953865,-0.5911913483779592,3.3773064132453556,1,5,A,Mild
0.9097524096153596,0.9097523894088011,2.6810077402562422,5.288408181627199,-0.5852938349345371,2.946964154115034,1,5,A,Mild
0.9180824081443762,0.9180634330796449,3.088612744173674,5.967753759772917,-0.6006709500660152,3.3641998983689967,1,5,A,Mild
0.910808242416215,0.9107962938965887,2.6737963727440937,5.233469637548074,-0.6016668314661615,2.935630408494086,1,5,A,Mild
0.9069950794142313,0.9069884839029988,2.974664238882657,5.831048642624043,-0.5807619435163422,3.2796917054983337,1,5,A,Mild
0.9065181084987579,0.9065162399927774,2.8520484983091414,5.570443033476279,-0.5899995041495676,3.1461572268338744,1,5,A,Mild
0.9145919162883228,0.9145692063551644,2.7366341482692143,5.379881106486786,-0.6173114630999557,2.992191489484472,1,5,A,Mild
0.9080478240635127,0.9080443142434584,2.8304952112373725,5.550203964731196,-0.580004783755935,3.117121297170132,1,5,A,Mild
0.9146454308415339,0.914642205250781,2.7882069646322982,5.503465348295742,-0.5863277737564387,3.0484020043340343,1,5,A,Mild
0.9127343922289822,0.9126673458489741,2.7799988703042264,5.548996337870751,-0.5823320735883009,3.0457917374135652,1,5,A,Mild
0.9096195530158367,0.9096155715375196,2.6855523907927434,5.266958201981453,-0.6165027990836176,2.9523907900713158,1,5,A,Mild
0.9146904321097509,0.9146904284200775,2.879806108067689,5.4897455523895395,-0.5770702639910881,3.1483942621170327,1,5,A,Mild
0.9090849005781206,0.9090180486228617,2.9404869963337026,5.702453596127594,-0.5445983786434603,3.2345570743323737,1,5,A,Mild
0.9074143114818882,0.9074138953553015,2.6642533106580624,5.308817753469691,-0.6352881310734011,2.936093553899431,1,5,A,Mild
0.9110481005357057,0.9110451977371656,2.737288333370198,5.301630602607183,-0.605896442723616,3.004548642119603,1,5,A,Mild
0.9164998273019411,0.9164997968025511,2.8285812947109097,5.616628998161325,-0.5783237294714278,3.0862867732751167,1,5,A,Mild
0.9077713460658579,0.9077516250315157,2.7892418691848446,5.492662148866961,-0.5759536761652577,3.0726260321753847,1,5,A,Mild
0.9057406518396234,0.9057313743074563,2.7896711601491897,5.556845011435158,-0.5607879665256603,3.079988906850068,1,5,A,Mild
0.919148001130931,0.9191263395177994,2.867238498084416,5.730633021495931,-0.594822895187312,3.119452465279292,1,5,A,Mild
0.9111350951071812,0.9111215081621444,2.6971271030722486,5.369709075800625,-0.5824831832078532,2.9601835310217885,1,5,A,Mild
0.9083013586518686,0.9082947345370687,2.8244372050417246,5.597033014691635,-0.6015441613509784,3.109581614227517,1,5,A,Mild
0.904226721120576,0.9042261043448561,3.153480911244441,5.928194698024123,-0.5842790690901283,3.4874891856065084,1,5,A,Mild
0.9130528058063115,0.9130490555504714,2.710171102796469,5.3792351017608375,-0.561913464391484,2.968252313077482,1,5,A,Mild
0.9137166538577872,0.9137105483629508,2.8399727440978912,5.656453044920854,-0.5742665279166843,3.108154734957814,1,5,A,Mild
0.9171503157820351,0.917078916526884,2.6553305720212244,5.2721683397894985,-0.5951375274060213,2.895196704759436,1,5,A,Mild
0.9106604192490858,0.9106538879941496,2.8555438828691653,5.423979465778754,-0.5860683304230934,3.135684633382656,1,5,A,Mild
0.9126494336915266,0.9126272175711779,3.0549933758352683,5.769824028247054,-0.6141521602782976,3.347389767698962,1,5,A,Mild
0.9118139560242239,0.9117984828709707,2.980354543733311,5.785430982852031,-0.5439136185846807,3.268599393596179,1,5,A,Mild
0.9115635873069025,0.9115599076646166,2.88273828322768,5.7122426117919725,-0.554641361931913,3.162410525572177,1,5,A,Mild
0.9056925079085025,0.9056243769907406,2.7558361715827053,5.398059359165117,-0.5756610376134721,3.042794488768271,1,5,A,Mild
0.9151965864348115,0.9151887693016288,2.937857446901176,5.666422762283367,-0.5562562595902603,3.210083484189696,1,5,A,Mild
0.9079509752351809,0.9079424058872106,2.844951751520232,5.632307623862178,-0.5849302520997921,3.133375952135876,1,5,A,Mild
0.9156397936664079,0.9156380610325932,2.764304888750008,5.358791331241926,-0.5618323788037425,3.018987278481169,1,5,A,Mild
0.9107602263435594,0.9107583320936427,2.8796931965871453,5.6246925035691095,-0.5982360868452523,3.161856560368568,1,5,A,Mild
0.9111900946610841,0.9111852547138146,2.800973183821327,5.517756987489466,-0.5434538347739979,3.0739723798941703,1,5,A,Mild
0.8975961665236849,0.8975820367695765,2.7027316924869167,5.3204656885277295,-0.581070071231379,3.011077579524845,1,5,A,Mild
0.9027164883967106,0.9026806563879802,2.8681691947010988,5.603109825247466,-0.5877999335007678,3.177264657916212,1,5,A,Mild
0.9069366157975806,0.9068788253607465,2.9779623306564327,5.808621875302848,-0.5930790982543268,3.2835396418938774,1,5,A,Mild
0.9085750448726915,0.9085749905867323,3.0141747888528854,5.858555074421291,-0.5751738740354244,3.317474770920247,1,5,A,Mild
0.9090927752376808,0.9090927386089958,2.8718256406492815,5.458582785496293,-0.6060597107279162,3.1590017200372618,1,5,A,Mild
0.9045513735446292,0.9045495060005945,3.226819929292194,5.995627481144852,-0.5602912195214365,3.567315272152409,1,5,A,Mild
0.9139527476308416,0.9138877251608303,2.8061666229212108,5.540856877697745,-0.5813131857112368,3.0703629155833134,1,5,A,Mild
0.9110918263367507,0.9110818015383348,2.8205886495992267,5.5707395845413465,-0.5841169249719314,3.0958335571289637,1,5,A,Mild
0.908179813459966,0.908171199021874,2.758039123816737,5.4599909022331055,-0.5849441500045902,3.036886619742419,1,5,A,Mild
0.9153070023658609,0.9151943643736797,2.8625080299095282,5.602067672426598,-0.6211165141585466,3.127374774267644,1,5,A,Mild
0.9138013856690408,0.9137863628974765,2.765639390133974,5.5192435667536275,-0.5927195058304311,3.02652133549689,1,5,A,Mild
0.9012534706366658,0.9012529426857943,2.767782246673288,5.3912196488058335,-0.595561328351808,3.0710364363069402,1,5,A,Mild
0.9052596037324478,0.9051869438678346,2.816672224270339,5.44689377365857,-0.6006233434683503,3.1114524636435834,1,5,A,Mild
0.9057095548276092,0.9057061697998756,2.6588718498077775,5.302633459222272,-0.5762430445704636,2.9356782598079816,1,5,A,Mild
0.909777104035143,0.9097763569264883,2.8601615452740186,5.607468815551332,-0.5902186654922699,3.1438047106135305,1,5,A,Mild
0.9085831258062057,0.9085697912628012,2.8295122057805724,5.446765896384299,-0.5713661700324937,3.1142029005545138,1,5,A,Mild
0.9162351605347614,0.9162290810385071,2.871268713931019,5.647845649079935,-0.5985514638240512,3.1337683136447203,1,5,A,Mild
0.909842023205509,0.9098409124750341,3.061546484871826,5.768969113428268,-0.5848977051450679,3.364920949777129,1,5,A,Mild
0.9049265603212028,0.9048835075554617,2.716064162018487,5.267709936720253,-0.5821147120764838,3.001419431267906,1,5,A,Mild
0.9062247180597699,0.9062244175760824,2.9393131926967495,5.78928863804332,-0.5480947658322219,3.243470558814406,1,5,A,Mild
0.9086360561665393,0.9086148134540732,2.7410746804507524,5.38552722814493,-0.5697396697689725,3.016691514548873,1,5,A,Mild
0.914084331841306,0.9140802286092902,3.208867226476235,6.088916461875139,-0.5669768683976502,3.510471752658075,1,5,A,Mild
0.9081140709381457,0.9080994294850848,2.8003242500978334,5.5249677969060205,-0.5802614544766196,3.083670146422136,1,5,A,Mild
0.9128082242882366,0.9128082181968805,3.0534492038009136,5.751159233514594,-0.5648178509644368,3.3451157894439927,1,5,A,Mild
0.9092191611470006,0.9092056652242307,2.603751105403733,5.194066712686146,-0.5879245372055468,2.863722209856468,1,5,A,Mild
0.907313376323469,0.9073126990071674,2.9454650492522747,5.5625376795332615,-0.5878372894894981,3.246359114849177,1,5,A,Mild
0.909775894468945,0.90977392713449,2.851194780280145,5.520442053700224,-0.5864762024554881,3.133952875223679,1,5,A,Mild
0.9022124533221434,0.9022039689187087,2.872159598892517,5.666958111959869,-0.5876202127200498,3.183462596106491,1,5,A,Mild
0.9053563057270253,0.9053555822703067,3.1676474960935637,6.113764327978295,-0.5710031099043866,3.498785479325577,1,5,A,Mild
0.9079634224390754,0.9079622533552044,2.7643903968227743,5.522649165716059,-0.5646255377236296,3.04460546372755,1,5,A,Mild
0.9094121075689345,0.9094076422099018,2.8204355580597174,5.37429864716042,-0.6288148623923346,3.101383338296851,1,5,A,Mild
0.9117025517854963,0.91170141163875,2.9328053780388945,5.623601539143914,-0.5736018478947367,3.216844542439012,1,5,A,Mild
0.9177760053034072,0.9177753158572933,3.0034679278677165,5.6578916898450355,-0.5595438892843574,3.272550067240864,1,5,A,Mild
0.9135051300942835,0.9135048083026073,2.917895706613509,5.550306812461497,-0.6028823662619329,3.1941755010312325,1,5,A,Mild
0.9106603815366113,0.9106373222326541,2.707983104295393,5.414949622637771,-0.5988056921204183,2.97364765086854,1,5,A,Mild
0.9106392803740464,0.9106367549171652,2.8980984063791086,5.689177481245018,-0.5915447972483032,3.1824878070147715,1,5,A,Mild
0.9118330960805053,0.911796835831271,2.916111196735529,5.55131754975956,-0.6053027520038103,3.1980756229077114,1,5,A,Mild
0.9082645289621327,0.9082626278035211,3.0787216746288872,5.6074870922598326,-0.5943977571907624,3.3896751182685954,1,5,A,Mild
0.909640235265388,0.9095956528711611,2.7538854671333834,5.309233761559023,-0.5958668681721795,3.027444653797593,1,5,A,Mild
0.9086459494152724,0.9086431346103097,2.7659857364457703,5.4906707082588895,-0.5718949475082598,3.0440742494100417,1,5,A,Mild
0.9135662144822927,0.9135587087189556,2.7125372225129745,5.216901046869374,-0.574172711931686,2.9691741873906072,1,5,A,Mild
0.916208562863653,0.9162040367420273,2.734430480090926,5.396709418501528,-0.5893024206223214,2.9845065751670496,1,5,A,Mild
0.9140949294842272,0.9140949279018146,2.8158373049077645,5.615568253091098,-0.6066667781931536,3.080464855544691,1,5,A,Mild
0.9114377668387433,0.9114373203473806,2.911323042994443,5.539240592341736,-0.5786609060645187,3.1942093568189067,1,5,A,Mild
0.9051681983916422,0.9051622684849716,2.761014781659214,5.350152354900544,-0.6031985198739238,3.0502781544525677,1,5,A,Mild
0.9054584191843685,0.905451843903099,2.8036625046790524,5.334986855703033,-0.6062745454189864,3.0964011657261685,1,5,A,Mild
0.9028760597806996,0.9028638548765613,2.8309417994304127,5.534458907911422,-0.5671801738409465,3.135471107870578,1,5,A,Mild
0.9128885499822511,0.9128885267790305,2.76884824793514,5.30525140476219,-0.624219840532604,3.033062741326938,1,5,A,Mild
0.912121999554741,0.9120793798728942,2.6934701244475527,5.331610296492885,-0.5930306382740125,2.9529713412924914,1,5,A,Mild
0.9089530758880157,0.9089528300353298,2.706405134883574,5.385196651278773,-0.5638526169878815,2.977497086127917,1,5,A,Mild
0.9078705589376705,0.9078701203346967,2.8674512517930997,5.377618378096449,-0.5749372146082097,3.158436214903146,1,5,A,Mild
0.9137642889584922,0.9137576129453809,2.9071420703922266,5.775297818945734,-0.5743149584250604,3.1815010780359834,1,5,A,Mild
0.8296713832894708,0.8296664013080137,2.293725276500347,4.402411563862447,-0.8313344491738284,2.76461900783683,1,10,A,Mild
0.8287129749172646,0.82870478030914,2.3799342524258162,4.44042970361285,-0.8522076941560566,2.8718438403397983,1,10,A,Mild
0.8354874933036257,0.8354855559593781,2.2716216525651007,4.481112661591887,-0.8388643434040346,2.7189176029228332,1,10,A,Mild
0.8309712473024551,0.8309696450043639,2.2904393025528846,4.524276689624159,-0.8370020744448134,2.756340017766241,1,10,A,Mild
0.8312002819825296,0.831181565158342,2.2000210349056046,4.348186965610854,-0.8394692735292071,2.646800154660974,1,10,A,Mild
0.8332326866267206,0.8332233129419132,2.368423488664857,4.5209934161711995,-0.829088498879555,2.8424514864548103,1,10,A,Mild
0.8307491414636928,0.8307248873360698,2.1526192537385156,4.166571696937327,-0.8415876441569927,2.59117842715531,1,10,A,Mild
0.8308953926492991,0.8308790140812049,2.121910433823541,4.179148310088761,-0.8485091916534389,2.553763629688518,1,10,A,Mild
0.8296872027147014,0.8296839697316782,2.4030922135008854,4.395015656285706,-0.856815749361842,2.896383366692977,1,10,A,Mild
0.8342029961850279,0.8341999886040492,2.114039826055519,4.138906848375713,-0.8417996867754072,2.534203108504085,1,10,A,Mild
0.83181430248353,0.8318121167189597,2.300249691559598,4.295451598938594,-0.8456699910665781,2.765340394715253,1,10,A,Mild
0.8330614205076295,0.8330429399955829,2.319524571157747,4.391527977746043,-0.8409604066434895,2.784338002045917,1,10,A,Mild
0.8319461030886816,0.831945719995151,2.262030466132222,4.483690057340121,-0.8406786826862818,2.7189627521953788,1,10,A,Mild
0.8343922858815732,0.8343889334028365,2.088336270311211,4.158946255283617,-0.8672424191467982,2.5028230793202857,1,10,A,Mild
0.8305308373997022,0.8305235304489952,2.0737543696234058,4.098372309475342,-0.8666705124683958,2.4969023138455584,1,10,A,Mild
0.8322408737887705,0.8322173572839695,2.1029862261556764,4.2050177279657195,-0.8241912067225146,2.526896109514361,1,10,A,Mild
0.8314536088330613,0.8314535833718435,2.1957499729937067,4.381293616077205,-0.8211893263773309,2.640856867619379,1,10,A,Mild
0.8366030260976993,0.8366022915840294,2.2556811070716614,4.37426257604395,-0.8095517265517311,2.696238283518043,1,10,A,Mild
0.8284592037383383,0.8284384193691311,2.0675040169607954,4.070466401850821,-0.8290137076867978,2.4956014824041945,1,10,A,Mild
0.8306305893595203,0.8306134557491127,2.2170097684806596,4.262309004679603,-0.8397922227913024,2.669068292067288,1,10,A,Mild
0.8298986880177341,0.8298888480615102,2.0750927491711835,4.099891759388651,-0.8353431900965562,2.5004169534569027,1,10,A,Mild
0.8313433664857882,0.8313432918946037,2.15023505123055,4.270169356277939,-0.8549049597336249,2.5864584212897643,1,10,A,Mild
0.8327806108692333,0.8327783933501375,2.221547547027084,4.322709278757573,-0.8632923258602081,2.667626404880265,1,10,A,Mild
0.8307938583526513,0.8307872380403134,2.195205274364376,4.35226286768995,-0.8500880615943105,2.6422983900207964,1,10,A,Mild
0.8257545360500351,0.8257542834326211,2.2111904028332128,4.321134229722693,-0.8476607279703914,2.6777817212005357,1,10,A,Mild
0.8269253780189009,0.8269211381703528,2.393471332382219,4.4814201092305455,-0.8465950023056292,2.894422394093596,1,10,A,Mild
0.8313304963537855,0.8313225192580765,2.2587037795006366,4.3325421303106335,-0.8353235815486664,2.7169745238594136,1,10,A,Mild
0.8344777145299543,0.8344719724063248,2.171507930664397,4.338441929253483,-0.8603939730517594,2.6022359768919254,1,10,A,Mild
0.8302476158664974,0.8302366501701293,2.14833827870689,4.210632050902097,-0.8328415214214848,2.5875874108530286,1,10,A,Mild
0.8288315204799298,0.8288238647128485,2.272074633417952,4.524307626027339,-0.8196430422502403,2.7412985356810764,1,10,A,Mild
0.8332898166633107,0.8332886088963272,2.2835116235340935,4.372064813307824,-0.8368078680614457,2.7403570496970833,1,10,A,Mild
0.8286854894577659,0.8286846363927042,2.246519447865109,4.34479929245437,-0.8471203302470203,2.7109433873821964,1,10,A,Mild
0.8285229245272285,0.8285172461888966,2.250731212430451,4.20116589076402,-0.8407881452769033,2.7165587647617144,1,10,A,Mild
0.8308516831189727,0.8308503257425006,2.232893282840858,4.367314965569943,-0.83772812648761,2.6874751874590856,1,10,A,Mild
0.8334101712629063,0.8334028987927682,2.3881886225989315,4.455040795215453,-0.8436944009587388,2.8655621264856834,1,10,A,Mild
0.8342404736904983,0.8342340911779409,2.3412503940444247,4.5173524796635345,-0.846827855720206,2.806445464923612,1,10,A,Mild
0.8336793037106803,0.8336737116582406,2.1624282775880026,4.232098883682795,-0.8704263208923448,2.5938370641601662,1,10,A,Mild
0.8298927587176148,0.829872040660337,2.195945601721745,4.3413428901481765,-0.8610795744169848,2.646059480161042,1,10,A,Mild
0.8284467527155931,0.8284405334192839,2.227280045712118,4.304374056292466,-0.8500452072073807,2.688501147975103,1,10,A,Mild
0.8313110674165267,0.8313108873094127,2.1054554099606997,4.206126260195464,-0.8482953369232371,2.5326926255220483,1,10,A,Mild
0.8312660362724024,0.8312496475236569,2.182034616620357,4.281637644646732,-0.8540875213376888,2.624953410108185,1,10,A,Mild
0.8309289586808727,0.8309265371975223,2.169142358422879,4.245726869844412,-0.8296500703256995,2.6105027821710105,1,10,A,Mild
0.8291272476320195,0.8291122015324243,2.0321637440454823,4.051613970835049,-0.847708161489932,2.4509672669054416,1,10,A,Mild
0.831989451934283,0.8319884234937035,2.1766362119068914,4.297264974668339,-0.8327392806527767,2.616182461023339,1,10,A,Mild
0.8301263550134186,0.830123238455066,2.216280241333784,4.390306666321084,-0.8392187510955882,2.669810719716228,1,10,A,Mild
0.8314701188071344,0.8314492162746849,2.4062600767062476,4.613071100237704,-0.8254610402988805,2.8939826246051754,1,10,A,Mild
0.8359030672282579,0.8358822987046233,2.2357497278780767,4.362693673319638,-0.8445366821043616,2.674651901076906,1,10,A,Mild
0.8339075970162485,0.8339073938340721,2.1589735547463786,4.27074821294468,-0.836478281771381,2.588984154205171,1,10,A,Mild
0.8347160186099635,0.8347143355379676,2.2068573086159247,4.216689704013432,-0.8483341798399011,2.6438420485699576,1,10,A,Mild
0.8322480764810385,0.8322477255844926,2.335057639828206,4.649155329818042,-0.8306518658467277,2.8057230840369587,1,10,A,Mild
0.8290264947844151,0.8290253853062962,2.3023646702115514,4.5613200684814705,-0.8646180225711415,2.7771906986039956,1,10,A,Mild
0.8307315978658076,0.8307284144851087,2.190393341106618,4.26040686265852,-0.8357083218800301,2.6367040169578857,1,10,A,Mild
0.8317451709927697,0.8317419207179491,2.103526765122321,4.170153992513848,-0.8579236548304499,2.5290519722664033,1,10,A,Mild
0.835299467620149,0.8352877825455451,2.133182876560757,4.187930210967716,-0.8460258241771825,2.5537941292341615,1,10,A,Mild
0.8340755851891384,0.8340642022643112,2.1619559972323623,4.166048163613211,-0.8412566928019332,2.5920384622481287,1,10,A,Mild
0.830211947415685,0.8302012861108273,2.3198066902529844,4.486878131175612,-0.8300125892524237,2.7942342885743403,1,10,A,Mild
0.8289781035265879,0.8289716932215871,2.2361354013296744,4.367487915757261,-0.8348099969925813,2.6974601522245814,1,10,A,Mild
0.8303658784518689,0.8303658605370732,2.368980859803906,4.474030987097492,-0.8373588725996468,2.8529361830481585,1,10,A,Mild
0.8316064542475514,0.8315886961968838,2.3001279444691924,4.373111006616631,-0.8434508814122328,2.7658851524311205,1,10,A,Mild
0.8274712440196469,0.827450703951897,2.3324394470909064,4.392814457164962,-0.8259014960731577,2.818755895081626,1,10,A,Mild
0.8326528546838033,0.832652122530806,2.1542693830787405,4.197417064727085,-0.8523488977260931,2.5872359302687022,1,10,A,Mild
0.8273761215896723,0.827355244249874,2.032357258543746,3.984672763818155,-0.8506265592211704,2.456388582545618,1,10,A,Mild
0.8364600829876165,0.8364502986029198,2.1987422996786252,4.364262082045608,-0.8286031892606274,2.628627886013751,1,10,A,Mild
0.8276845688408536,0.8276731976483528,2.1855241989876735,4.205986348901172,-0.8429875198572372,2.6405279030977127,1,10,A,Mild
0.8313664033456274,0.8313625107884969,2.228506307066501,4.373345770522183,-0.8474941360304427,2.680534476854527,1,10,A,Mild
0.8325316562385939,0.8325301419422194,2.0836426586964034,4.143422874221889,-0.8400586775123182,2.5027788950517165,1,10,A,Mild
0.8309697719705196,0.8309678301122492,2.2664363441251627,4.468648687857951,-0.8351021787884321,2.727459434235075,1,10,A,Mild
0.83250933401715,0.8325062360603837,2.1252842060044514,4.2313987298236135,-0.8279009443114687,2.5528653183372834,1,10,A,Mild
0.8302010716946854,0.8302008354088373,2.2040053797771977,4.306481636658857,-0.8249754618592879,2.654785033315089,1,10,A,Mild
0.8318296144488606,0.8318218664309603,2.222183401419824,4.3054162495510635,-0.8472063816940998,2.6714405965122556,1,10,A,Mild
0.8292251464961603,0.8292173855610765,2.216390255652203,4.392946861341332,-0.8310409621354693,2.672844962574306,1,10,A,Mild
0.8309895879636114,0.830980109602938,2.177949689789602,4.227917690299433,-0.8580074592929696,2.6209109251618843,1,10,A,Mild
0.8318888422149967,0.8318885716837322,2.244567026367895,4.338328573728777,-0.8327934348691661,2.698157388902447,1,10,A,Mild
0.8329692455161123,0.8329676173720078,2.305065031308828,4.486044618080211,-0.8413837420402075,2.7672870801857723,1,10,A,Mild
0.829833325974922,0.8298318912529301,2.3093127737161,4.386384243567926,-0.8416826909322155,2.782863379225009,1,10,A,Mild
0.8358317913880157,0.8358173158585024,2.1515904151048044,4.272273405925603,-0.8335444831427674,2.574190689171786,1,10,A,Mild
0.8321983289326398,0.8321890069776521,2.23344246747234,4.412137954563834,-0.8303453804655025,2.6837862920692315,1,10,A,Mild
0.8315460508939873,0.8315428539002432,2.228938502675466,4.345323811621934,-0.8402495285977207,2.680475122549323,1,10,A,Mild
0.8295842128800952,0.8295781262354055,2.058398583808091,4.095093769404478,-0.8182430685178659,2.481241267431886,1,10,A,Mild
0.8320278316874644,0.8320259554563084,2.2951552830577517,4.361932875754807,-0.8601054149380443,2.758507823473727,1,10,A,Mild
0.8271556171315549,0.8271496822832841,2.1062224369568905,4.118857476095943,-0.8346817042432759,2.5463436303085714,1,10,A,Mild
0.8334656708637707,0.8334638110476751,2.185622536973894,4.2525634390579405,-0.8341582456732297,2.622330605061156,1,10,A,Mild
0.8310772328596445,0.8310752356601313,2.2917480869693536,4.432753390331711,-0.8202490227286532,2.7575633122371825,1,10,A,Mild
0.8296779839175618,0.829676922665991,2.0388901495090748,4.06851956042882,-0.8468230870037652,2.4574475748794393,1,10,A,Mild
0.8292124799630214,0.8292117073952906,2.107145632404381,4.19501748269765,-0.8612370088851447,2.541140761048783,1,10,A,Mild
0.8302692576515991,0.8302549052522875,2.317830292439756,4.543476791011506,-0.8622127441168632,2.791660983565374,1,10,A,Mild
0.8325213098500268,0.8325210941090087,2.2245442018617396,4.260184244970289,-0.8503348480857964,2.6720567696489073,1,10,A,Mild
0.8327969497843376,0.8327969493383195,2.2962040248533913,4.388267491681368,-0.8512617629088943,2.757219542468329,1,10,A,Mild
0.8323098680207303,0.832295685731684,2.2380755289671384,4.448936844948015,-0.8384634698840081,2.6889931442112793,1,10,A,Mild
0.8345027079940384,0.8344891893822679,2.135373275337508,4.252975243434054,-0.8612748301235977,2.5588572150598257,1,10,A,Mild
0.8331334243814223,0.8331177277749505,2.216771969621319,4.325425159057466,-0.8282604706140138,2.660764656354063,1,10,A,Mild
0.8335132758703185,0.8335116297313965,2.2983012315069256,4.444697836158139,-0.8306267211478016,2.7573660768715875,1,10,A,Mild
0.8325209761776403,0.8325207783320828,2.296044044471908,4.525292913664801,-0.8460326492253518,2.757941373457942,1,10,A,Mild
0.8297663182614055,0.8297622408783865,2.0768746465133447,4.093773045387858,-0.8485737030174567,2.5029633052170435,1,10,A,Mild
0.8368772422983446,0.8368567390575594,2.1183903213133846,4.2133659742834375,-0.8240697782856943,2.5313035344294663,1,10,A,Mild
0.8331018461798974,0.833082357683579,2.228822938941384,4.226061078983891,-0.8293355800313948,2.675330692353428,1,10,A,Mild
0.8290313843618077,0.8290177471118882,2.0224723703075287,4.0212441602009275,-0.8566758293271493,2.4395606830547645,1,10,A,Mild
0.8311021169994721,0.831101797110297,2.1527614051153057,4.296576020229593,-0.8454853587312745,2.5902489731194764,1,10,A,Mild
0.8325690055459419,0.8325645048692675,2.1588509103622586,4.281384774480112,-0.8491770852646834,2.5929993742039814,1,10,A,Mild
0.8288857662908342,0.8288857517500807,2.1923991044057494,4.293818616410512,-0.8618203307866787,2.644995478950587,1,10,A,Mild
0.7971706810178936,0.797168029917269,1.7076503081028638,3.370412009225195,-1.000993598049005,2.1421388778653956,1,20,A,Mild
0.7962429713416118,0.7962422805725506,1.6994629546761248,3.3912459897278966,-0.9988870931910148,2.134352221423886,1,20,A,Mild
0.7976569554695153,0.7976506356390111,1.6785660198929495,3.3508874932686386,-1.000802990481884,2.1043708180353233,1,20,A,Mild
0.797859552884302,0.7978579676704661,1.7170355415403145,3.3472979735764277,-0.9947665448042997,2.152052369785065,1,20,A,Mild
0.7959219255957916,0.7959150617108136,1.7405699028128285,3.3909167468489243,-0.9982462617842147,2.186860101271762,1,20,A,Mild
0.7985151100383112,0.7985119453265946,1.8060330195318794,3.5070926109619966,-0.9971010467636447,2.2617393169244218,1,20,A,Mild
0.7975742565740549,0.7975666030170274,1.705945666635019,3.3378943552407545,-0.9971382168747795,2.138917665124792,1,20,A,Mild
0.7985283430570824,0.7985250665901409,1.6734259170806585,3.3162407326532337,-0.9960516994291848,2.09563747064271,1,20,A,Mild
0.7968424928184668,0.7968332924593371,1.6757039687800506,3.323920598922416,-0.9960117423857806,2.1029299816241127,1,20,A,Mild
0.7963365153352867,0.7963314038188969,1.6709252662480285,3.3338914756922318,-0.9969370392836394,2.0982652861830755,1,20,A,Mild
0.7985954317027216,0.7985933378741117,1.6742178362946867,3.3003506702934633,-0.9968758460992979,2.096453059748928,1,20,A,Mild
0.7968363518735072,0.7968348597073642,1.721707503066392,3.3751050846867354,-0.9988324150443106,2.1606789135791113,1,20,A,Mild
0.7975759335038634,0.7975691469991163,1.6730080889648198,3.3447019128461504,-0.9911914201183123,2.0976160622287834,1,20,A,Mild
0.7980054293767987,0.798003180434017,1.7359320695139364,3.4206049024576344,-0.9986996760755482,2.175338670151167,1,20,A,Mild
0.7967584343033031,0.7967473496830478,1.6744679266893856,3.2943026277882943,-1.0053190873538949,2.1016005034870626,1,20,A,Mild
0.7961646798927756,0.7961594555470481,1.746356887227809,3.428740554722517,-1.0042454391423787,2.1934618946710893,1,20,A,Mild
0.7965301464822445,0.796528401848968,1.695859036248836,3.363959630428796,-0.9990927622188925,2.1290581953970507,1,20,A,Mild
0.796736300818513,0.796735094667343,1.69235876143353,3.3336846475822974,-0.9929461401985242,2.124114038352357,1,20,A,Mild
0.7973664721518517,0.797365732292344,1.6739711650981637,3.3330010822023954,-0.9969351366592774,2.099374909231661,1,20,A,Mild
0.7978735720072234,0.7978715108222901,1.7890772858206043,3.4529723919214392,-0.9959668415547349,2.242306737043306,1,20,A,Mild
0.7973942767004447,0.7973925366823286,1.8040609220076462,3.448436833240008,-1.0073958991557572,2.2624452855025616,1,20,A,Mild
0.7968276893933774,0.7968231131812854,1.756644230840622,3.4228692533036496,-1.002358698203014,2.2045471740294946,1,20,A,Mild
0.7971244622414956,0.7971179709940511,1.701116279503153,3.313621340554672,-0.9999485026116464,2.1340660838831282,1,20,A,Mild
0.7968682200407033,0.7968627909343449,1.727678810488654,3.3786621109890906,-0.9992322424174533,2.168085973362579,1,20,A,Mild
0.7980887002234793,0.7980861011520459,1.768121196313712,3.5033892327079523,-0.996048231693845,2.215444468539156,1,20,A,Mild
0.7966216366272865,0.7966195287128401,1.6647939579903224,3.3094592312363598,-1.000658669691364,2.0898176517508094,1,20,A,Mild
0.7980303409719364,0.798028851822709,1.7108368622648862,3.419591996581411,-0.9988851389808886,2.143824331517553,1,20,A,Mild
0.7954110745173413,0.7954100322305873,1.7028485690382278,3.386511433445458,-1.0002689012140658,2.1408409105587616,1,20,A,Mild
0.7967612769165671,0.7967590256646423,1.6571940468797113,3.3100951367014537,-1.000461487822791,2.0799128859436835,1,20,A,Mild
0.7969255965711817,0.7969205111368812,1.7514364266558902,3.404038821054467,-0.9963446519307939,2.1977414631824432,1,20,A,Mild
0.7964615746045638,0.7964574165224897,1.6278235155413596,3.2272639081234775,-1.0087654186737853,2.0438192719461195,1,20,A,Mild
0.7965129210364258,0.796509988797873,1.6966186407028059,3.3776557891899643,-1.0016825391586088,2.130057901000726,1,20,A,Mild
0.7963929705458656,0.7963838028927046,1.7027396575465477,3.3686915450107673,-1.0039848508215283,2.1380646496408073,1,20,A,Mild
0.7966578736981151,0.7966549012147384,1.6736590888406482,3.306040938380124,-1.0052933615392294,2.100850495673207,1,20,A,Mild
0.7965642307832634,0.7965609940649111,1.720652667975673,3.412328871766757,-1.0004786841324937,2.160092810448884,1,20,A,Mild
0.7961148190273123,0.7961136209911386,1.669864925796007,3.315551319566746,-1.0021974536992435,2.0975177020774924,1,20,A,Mild
0.7961090162669641,0.7961037933950232,1.7032944675194825,3.3662601070678493,-1.0016940352153292,2.1395241514866936,1,20,A,Mild
0.7972395405950536,0.797234933916634,1.7453144630493154,3.3667564001089834,-0.993141760295015,2.189197065848773,1,20,A,Mild
0.7970483054451785,0.7970434923737938,1.6885376065081152,3.320313687841977,-1.0025139034861972,2.118488421558101,1,20,A,Mild
0.7968841647643463,0.7968814975235156,1.6604445192570663,3.290921770263158,-1.0057858822310581,2.083671118936202,1,20,A,Mild
0.7959049360305034,0.7959015172247712,1.6895565081431374,3.3537917092751437,-0.9968509053786785,2.1228119485847547,1,20,A,Mild
0.7981030038796209,0.7981022222394667,1.724655972633668,3.4269646675129515,-0.9960959915758334,2.160944093995417,1,20,A,Mild
0.797189290605201,0.7971879775713001,1.7179938998242024,3.393326940262373,-1.0011908327645271,2.155063947886148,1,20,A,Mild
0.796902082585339,0.7968952223626092,1.752263789681118,3.4426181255898793,-0.998742618588428,2.19884453557501,1,20,A,Mild
0.7985023229073633,0.7985000380604341,1.6891552957233968,3.3179249445033845,-0.9990804026602547,2.11540436046967,1,20,A,Mild
0.7980903371572751,0.7980874656088652,1.726851344774193,3.407349436044348,-0.9876546935773511,2.1637291724707257,1,20,A,Mild
0.7970298007623366,0.7970230854586583,1.7226371078220724,3.41125964616187,-0.9955213050469185,2.1613208266170454,1,20,A,Mild
0.7977331377362351,0.7977256191050162,1.7515195152010061,3.4518609278619072,-1.0005852351455908,2.195620856582911,1,20,A,Mild
0.7978071401150871,0.7978037137498449,1.800000092087254,3.4997177288644727,-0.9933230820097521,2.256184485673563,1,20,A,Mild
0.7956031349370357,0.7955966939068794,1.7106948447424086,3.3828763114500675,-1.000318311735766,2.1501861539017106,1,20,A,Mild
0.7965811297789797,0.7965765747353435,1.6677308984316765,3.2759804202376266,-0.9980980910727815,2.0936108527883497,1,20,A,Mild
0.7955953892411208,0.7955926527472327,1.6905922111127383,3.363216342816811,-1.0044870998249438,2.1249396791066255,1,20,A,Mild
0.7970023088282807,0.7969997158510062,1.692115009842115,3.3743365894504183,-0.9966365429602533,2.1230992571775498,1,20,A,Mild
0.7970798632271225,0.7970749535674949,1.6760282370762822,3.3108522102950246,-0.9980850645968791,2.1027105493426688,1,20,A,Mild
0.7972282929231169,0.7972229116466525,1.7144537290612325,3.368471106085411,-1.003065836122877,2.1505179184936063,1,20,A,Mild
0.7974352460678252,0.7974328186404886,1.723842754030623,3.427255248788461,-0.9976998139788136,2.161733836735883,1,20,A,Mild
0.7965810324632236,0.7965765738740568,1.7338049652922196,3.4003661112046184,-0.9956564531950796,2.1765581838308026,1,20,A,Mild
0.7963276300430735,0.7963265428444444,1.7671873312756068,3.382887290030121,-1.0022642306248755,2.219171186085832,1,20,A,Mild
0.7991418684028252,0.799137823037896,1.7203119902512582,3.381984494814991,-1.000541330003638,2.152699111722797,1,20,A,Mild
0.797811760129507,0.797805932137885,1.686029975760246,3.370144939194386,-0.997317189006317,2.113318028160623,1,20,A,Mild
0.7971213380237283,0.7971193081137442,1.6942707031235447,3.362783711365736,-1.0004998256129343,2.125486575637385,1,20,A,Mild
0.7972077277105942,0.7972049312316052,1.7219722925043175,3.3577217706135514,-0.9970969866235766,2.1600045165761808,1,20,A,Mild
0.7986152824111563,0.79860653791754,1.7592566444122053,3.495751055850964,-0.999875487733036,2.2028837703940605,1,20,A,Mild
0.7974462683312513,0.7974414649056659,1.7318296052971587,3.4509679144937246,-1.004616861402248,2.171719492676557,1,20,A,Mild
0.7977474033387044,0.79773964681487,1.687105557397974,3.36807794305278,-0.9960099573158834,2.1148367896117986,1,20,A,Mild
0.797468008504785,0.7974640646567444,1.6496348293905483,3.2932933277891174,-0.9968468851143739,2.0685906040087247,1,20,A,Mild
0.7971231774708183,0.7971166292336305,1.745489302070424,3.4319496836841035,-1.0052717791694799,2.1897359798377263,1,20,A,Mild
0.7973445205922268,0.7973386198190379,1.6849459145808963,3.32115216027367,-0.998940041149015,2.1131968315646095,1,20,A,Mild
0.7960781252831246,0.7960745651208067,1.7376670016821045,3.4200100266345137,-1.0007887433153337,2.18278451133688,1,20,A,Mild
0.7969442925028849,0.7969384414002124,1.7490429947693245,3.4201194388118745,-0.9973825046015987,2.1946866440015227,1,20,A,Mild
0.7987120469476184,0.7987048631168584,1.707940163401004,3.364488713391312,-0.9965079067881146,2.1383678510022714,1,20,A,Mild
0.7968947146981321,0.7968930298238934,1.6534565383985154,3.2699451523780834,-1.001081022303128,2.0748745196846405,1,20,A,Mild
0.7969344298272844,0.7969281185071976,1.6626739154271566,3.2888122807948976,-0.996124705758453,2.086337160495751,1,20,A,Mild
0.7958666645018903,0.7958660119338098,1.694667134931251,3.368216926811148,-0.999748864155948,2.1293354911301554,1,20,A,Mild
0.7959667352096127,0.7959616138378575,1.69498583082693,3.3879094354202874,-1.0011818428853647,2.1294681747982427,1,20,A,Mild
0.7965882081672547,0.7965852663001621,1.7001489023016774,3.357399294223416,-1.0030855035362165,2.134288312167317,1,20,A,Mild
0.7976515927021577,0.7976448813940128,1.6863054105235817,3.371605489650091,-0.997354391708074,2.1140876868445577,1,20,A,Mild
0.797778323937894,0.7977734607899727,1.7341186054197792,3.4006237047009833,-0.9957095103603932,2.1736847860945114,1,20,A,Mild
0.7970235320570777,0.7970197015675091,1.6819343169663707,3.3587834400139336,-0.9968129383524023,2.110269332481794,1,20,A,Mild
0.7980630791412905,0.7980589780368306,1.734128442988499,3.3980819049150774,-0.9933741566289509,2.1729215250183076,1,20,A,Mild
0.7965573971636075,0.796553607572346,1.7222983694301073,3.3948921622408363,-0.9935905724471907,2.162177359174481,1,20,A,Mild
0.7960678107761188,0.7960616672833366,1.7095265006798284,3.3741071767829336,-0.9918067626851785,2.1474634164809925,1,20,A,Mild
0.7968073136620369,0.7968053992961238,1.7689149100423527,3.4377156711188626,-0.9980658874197341,2.2200033555322407,1,20,A,Mild
0.7970023403333426,0.7969982957944132,1.7045675210553062,3.3657655805854745,-0.9993051948602067,2.138723357251848,1,20,A,Mild
0.7974999133079432,0.7974983043060977,1.7430370374149244,3.411317059088473,-0.9990604349042265,2.185626616791713,1,20,A,Mild
0.7972733633104693,0.7972668410594456,1.758485619861015,3.419087166391959,-0.9979163852287107,2.2056244454967904,1,20,A,Mild
0.7978060137865998,0.7978030766857729,1.678251289688798,3.3489066603095954,-0.9956679675529077,2.1035831526555815,1,20,A,Mild
0.7965846460974882,0.7965807128999358,1.7043931147403768,3.334437241436291,-0.9999840947840064,2.1396258678726636,1,20,A,Mild
0.7976861201223092,0.7976801242814638,1.7046293903288339,3.359308521076452,-1.0017115774675966,2.13696759581007,1,20,A,Mild
0.7969681878286542,0.7969642350358513,1.698266933430995,3.347959007397883,-0.999549923404043,2.1309093127768826,1,20,A,Mild
0.7969234207031601,0.7969195678993837,1.7395690655964513,3.389356848251377,-0.9929320447913543,2.1828559939442536,1,20,A,Mild
0.7967817396194886,0.796778205929048,1.7070468924213662,3.359192807170193,-1.0061685283596549,2.142427226352582,1,20,A,Mild
0.7972516891119066,0.7972482999665368,1.7221293858717324,3.3881610798978627,-0.9918545634677112,2.160082455002494,1,20,A,Mild
0.7979608666120793,0.7979580557541914,1.6785864530670005,3.335572165873714,-1.001791561987353,2.1035949547172823,1,20,A,Mild
0.7974585371043268,0.7974461080921261,1.7341274485269986,3.3721014634144826,-0.9974114258463316,2.1745675390520436,1,20,A,Mild
0.7962676690998864,0.7962648907720858,1.727981303163984,3.4344463692405283,-1.0040349422685986,2.17010104795203,1,20,A,Mild
0.7961140139459086,0.7961121064823494,1.6555996312253733,3.290863835567542,-0.9997490094909072,2.0796011654404336,1,20,A,Mild
0.7979654017330229,0.7979634269094437,1.7180162015662017,3.3590597109548614,-1.002311137743203,2.1529958539994474,1,20,A,Mild
0.7981056782945922,0.7981026977560761,1.7371794810796604,3.426121361001345,-1.000199956485575,2.17662839436464,1,20,A,Mild
0.7961981480059892,0.7961980508907494,1.665730679650295,3.329436536532188,-1.0005357222253157,2.092105694822296,1,20,A,Mild
1.1243416740664314,1.1243410644154213,3.993870346865448,7.824786345635582,-0.2332881739958923,3.5521856380371717,1,0,A,Medium
1.136243697004914,1.1362410716474163,4.822429297974545,8.791232167001983,-0.20214406736741175,4.244185741743824,1,0,A,Medium
1.1282148291398755,1.1282146657962642,4.194641607711237,8.064339698328173,-0.27250510798397176,3.7179458196885546,1,0,A,Medium
1.1243126430408803,1.1243044134125249,4.048417256860751,7.753896519633673,-0.22500685748939508,3.6007931440770515,1,0,A,Medium
1.1225006157883934,1.1223504863607041,4.458834895749587,8.880126589601744,-0.18830280368636032,3.9722338081907456,1,0,A,Medium
1.124722998109332,1.1247193406907952,4.269792857484488,7.8960115467769505,-0.24517761479078937,3.79630617019661,1,0,A,Medium
1.1264575281465472,1.1264547433428571,4.160004354993953,8.218172785131342,-0.24699537849829412,3.692997073612486,1,0,A,Medium
1.136708913152489,1.1366354352696755,4.142289199007641,7.624999031036588,-0.2918208432762426,3.6441072565531605,1,0,A,Medium
1.1298799500399357,1.1298728937903078,3.8336682493583254,7.533553487461957,-0.23533315039252356,3.3929872365845806,1,0,A,Medium
1.1330960398834884,1.1330307296001876,3.7423851714903145,7.436791356295641,-0.26728126052441903,3.3027960912078806,1,0,A,Medium
1.1367746120278595,1.1367028611321082,4.212535976282232,8.111741987651785,-0.32194037050346225,3.70569146399884,1,0,A,Medium
1.1356056879916305,1.1355999511410113,4.102139703484226,7.97173412328425,-0.22196632907575076,3.6122923184182385,1,0,A,Medium
1.1434009225964994,1.1433993503755584,4.45037623735284,8.326024990019027,-0.24466051600832905,3.8922272576505135,1,0,A,Medium
1.136764195114098,1.1367545726049793,4.035566195891573,7.734190736696329,-0.2576536965405749,3.5500468903196936,1,0,A,Medium
1.1354117983101168,1.1354043035097965,3.9750538632875547,7.680334701069734,-0.240715466408699,3.500979881663905,1,0,A,Medium
1.1324570398946732,1.132455911848004,3.8275718190470474,7.514744002239019,-0.2513317829492099,3.3798825776234653,1,0,A,Medium
1.1400420891180576,1.1400380236540864,3.8389206773372138,7.419175418199068,-0.2256367613101795,3.36734995486616,1,0,A,Medium
1.1301288713603865,1.130125839300447,4.350396376117766,8.370825889833736,-0.11843655697424493,3.8494692829862847,1,0,A,Medium
1.1249789497718552,1.1249777746280587,4.205556082930501,7.867155447934244,-0.19008108554416836,3.738342023007083,1,0,A,Medium
1.1263850792472963,1.1263715009194397,4.013324020170788,7.958920637251887,-0.2814476828562755,3.563012413883075,1,0,A,Medium
1.1266719759316166,1.1266112471337837,3.9328412007046087,7.640301500586867,-0.2963732862147488,3.490671006929627,1,0,A,Medium
1.1325229750862194,1.132516519019487,4.605661794611624,8.468978180109318,-0.2695055285376027,4.066727029763784,1,0,A,Medium
1.1229042221599366,1.1228169074659,3.875372371659452,7.540463951044954,-0.23583442866706017,3.45120473784048,1,0,A,Medium
1.1304871842203945,1.1304568534646708,4.18272893926674,8.040053081066002,-0.22306153622194014,3.6999348578650446,1,0,A,Medium
1.1289986881087064,1.1289929859378611,4.086587563525617,8.091583664853143,-0.19880393036406696,3.6196566094965537,1,0,A,Medium
1.126696161604204,1.1265658126046185,4.603029300491754,8.545375135010637,-0.20237440154098962,4.085422012921304,1,0,A,Medium
1.1319833537831767,1.1319833173075484,4.1440333808955545,8.038113111253812,-0.30520631259446285,3.6608607070465053,1,0,A,Medium
1.1328870017823514,1.1328681448617994,4.353231074369752,8.523723988415036,-0.20196557328129217,3.842599542161654,1,0,A,Medium
1.1349536506732738,1.1349444363914867,4.232455000550113,8.177228231786941,-0.18388632809664918,3.7291875294108694,1,0,A,Medium
1.129066329058354,1.1290565896699396,4.39466204039695,8.24234251392935,-0.26551664307268785,3.89229749155846,1,0,A,Medium
1.1260710558756999,1.1260695689799172,4.051044485393753,7.957401700209527,-0.2933741602294213,3.5975034295179706,1,0,A,Medium
1.1256902123108241,1.1256490929445075,4.22771720006787,8.405726652610197,-0.24220133518148046,3.7556666601810322,1,0,A,Medium
1.1274581161612645,1.1273103027250235,4.419684970808081,8.335976756734041,-0.21546434907495993,3.9200435984762714,1,0,A,Medium
1.1329112260934147,1.1328994643217853,3.9271814061215045,7.396346512246683,-0.290372930453616,3.4664511355082,1,0,A,Medium
1.1333860125359247,1.1333702444556202,3.941340803822093,7.874134679289067,-0.219667793607786,3.4774920108670084,1,0,A,Medium
1.1239782169967056,1.1239779375488061,3.780906871574988,7.471740323556475,-0.24522755081250214,3.3638613403715723,1,0,A,Medium
1.1329420363688023,1.132940359114002,4.619499200753337,8.473176305130368,-0.21082528571294556,4.077436490536899,1,0,A,Medium
1.1293856637728532,1.1293801234143652,4.198579059385214,8.379782713724317,-0.23064777473421438,3.717577789467717,1,0,A,Medium
1.1448277661075745,1.1448252107058192,3.7899095294755045,7.495943477427806,-0.2704149205904254,3.310462623003313,1,0,A,Medium
1.1321999586174762,1.1321795286165695,3.8043283379144284,7.351151931740301,-0.29495673297225933,3.3601205413925954,1,0,A,Medium
1.1410642928036625,1.141013477909849,3.896863858061791,7.734870764059993,-0.2673795516447721,3.4151133136301777,1,0,A,Medium
1.139415093041581,1.139371832692804,3.9283479042140197,7.604830922064709,-0.30420215020480956,3.447688141226563,1,0,A,Medium
1.1217904604151563,1.1217891894360563,4.165191600921569,7.856355555406165,-0.21168454113533786,3.712985399590668,1,0,A,Medium
1.1216909215240707,1.121586439835012,3.872307980665415,7.661727103027706,-0.2636289965245173,3.452205867373883,1,0,A,Medium
1.1192612261134012,1.119251252252325,3.7768087599746383,7.482199208333629,-0.24083177254521582,3.374376483217851,1,0,A,Medium
1.1310635179792832,1.131053939104636,3.998659011620341,7.921932151745313,-0.24410237117740996,3.5353089796090313,1,0,A,Medium
1.130115798740203,1.1301095797879872,4.180239068508271,8.192747612579366,-0.20116345933958435,3.6989475531341074,1,0,A,Medium
1.1225925904563265,1.1225921161325263,3.922296333858406,7.504604361450084,-0.27161015777992414,3.4939624287596787,1,0,A,Medium
1.1362362356399,1.1362358717593908,4.538287128203926,8.20703212060815,-0.2462495030904175,3.9941404664392484,1,0,A,Medium
1.1320957038028878,1.1320906807230913,4.109065515742518,7.920054930692512,-0.23592029184047902,3.62960967163776,1,0,A,Medium
1.1339238477740066,1.1339038131193584,4.3490041282277465,8.154464361224026,-0.24822604688058592,3.8353582004340314,1,0,A,Medium
1.1279966085737931,1.1279666438963118,3.7101337095627436,7.376741384014442,-0.2926766434245076,3.2891355181056183,1,0,A,Medium
1.1366219865732907,1.136621895024039,3.914840250590273,7.633747897014576,-0.25294938426084856,3.444276370539696,1,0,A,Medium
1.1330383247020266,1.1329882946821905,4.314105294757254,8.340281995977037,-0.30265841350584655,3.807554608439043,1,0,A,Medium
1.1289230499086578,1.1288934650082938,4.431366150246548,8.051745669801608,-0.24105623433203238,3.9253039882612852,1,0,A,Medium
1.1250566284168957,1.125049339999335,4.3514208224201765,8.153237708210694,-0.22483798092153062,3.867734932190217,1,0,A,Medium
1.130968909291937,1.1308955867944377,4.393406564841132,8.347339885678092,-0.21133334573613505,3.884639558828988,1,0,A,Medium
1.1350551416338506,1.1350548166777792,3.82553260722899,7.435904607581046,-0.2470085448307815,3.3703495688520846,1,0,A,Medium
1.147263335304199,1.1472350278728614,3.9796139382084075,7.815855191231457,-0.30207602272519773,3.468788564704899,1,0,A,Medium
1.137784049609822,1.1377835952949045,4.07505668857404,7.9531539540411265,-0.2648759315683744,3.581573049799293,1,0,A,Medium
1.1229593771336637,1.1228879151849656,4.044312411170694,7.687356021921152,-0.3061477525584264,3.601477037837057,1,0,A,Medium
1.1321408226781369,1.1321297687099736,4.161692434398095,8.136796994293919,-0.21613543892857967,3.67594944995747,1,0,A,Medium
1.135220796222736,1.1352182527820576,4.0391635890074005,7.855459109959154,-0.2449806141880022,3.5580422790412802,1,0,A,Medium
1.1158795780919881,1.1158795395289238,4.2838275272659025,8.092529941765847,-0.20410710912702879,3.8389693757015446,1,0,A,Medium
1.1371134000656198,1.1371061991124491,4.567676600654893,8.287303398903116,-0.2573442347679289,4.016905086503513,1,0,A,Medium
1.1335546081473233,1.1333204364173006,4.229778276715066,8.343708394989125,-0.28021720421683627,3.731428769566026,1,0,A,Medium
1.1360823523047074,1.1359762991610316,3.800662866781013,7.464733627898568,-0.25751363926326043,3.3454114123600447,1,0,A,Medium
1.1311458625795403,1.1311449019974924,4.02723384280095,7.969453078777593,-0.18643383058754814,3.5603134626837405,1,0,A,Medium
1.1268649719285015,1.1267640405993444,3.9553281972175074,7.501530877634197,-0.2158991854897918,3.510028526708406,1,0,A,Medium
1.1328846982552265,1.1328560364371434,3.7435413946740814,7.365095695421511,-0.2568542226964783,3.3044328345502136,1,0,A,Medium
1.121495916020274,1.121458160714774,4.076399584588803,8.05577224154841,-0.2542243925632528,3.6347877208989416,1,0,A,Medium
1.1217385811460066,1.1217384689064847,4.299337594591438,8.535021680427462,-0.23209907113246686,3.8327446936870864,1,0,A,Medium
1.127451837255839,1.1274490060112619,3.8815035491860366,7.596193427988021,-0.2663318436029609,3.4427222706323497,1,0,A,Medium
1.1387005011274698,1.1386982860199195,4.223331212602759,8.251032866438997,-0.24160695568386537,3.7089043242020896,1,0,A,Medium
1.1331324289386975,1.1331143050058419,4.16270802925766,7.938790061357136,-0.2716550279872054,3.673628891864379,1,0,A,Medium
1.1163556865547744,1.1163533657211016,3.9579688119803174,7.659565636403658,-0.26048631301077174,3.545437049902212,1,0,A,Medium
1.1293944403560103,1.1293940049032414,4.786760576448595,8.776333990705925,-0.238450112834943,4.23834260680414,1,0,A,Medium
1.1320821339957996,1.1320816738994268,4.4986732007591135,8.245190884922366,-0.2574483356601269,3.9738046080460494,1,0,A,Medium
1.1344215516938982,1.1344186320516036,3.8147518559110614,7.616230910749493,-0.26571638091596217,3.362728652514527,1,0,A,Medium
1.1379243394761045,1.1378310255447261,3.9793592196587593,7.888250954773845,-0.2694864041022975,3.497033222341337,1,0,A,Medium
1.1258786159951233,1.125866979938528,4.137334395653294,7.788211748585265,-0.2644191661752173,3.6747606152875143,1,0,A,Medium
1.1371126794947277,1.1371116823123106,4.196249860549887,7.850301199902682,-0.23614025577652153,3.6902674081644022,1,0,A,Medium
1.1372988783893385,1.1372988159117916,3.922623502204172,7.6290204824254015,-0.2356159886831195,3.4490700525084983,1,0,A,Medium
1.1319141032938533,1.1316790644420036,3.9978101643551263,7.9951651547903255,-0.2198475112495979,3.531902423268301,1,0,A,Medium
1.133413473514263,1.1334119713681283,4.185962222845268,8.002245407488571,-0.21767025565719234,3.6932349232326223,1,0,A,Medium
1.129679517882426,1.1296671021206872,4.097666738729994,7.629947636668337,-0.3028302925268127,3.6272824937209034,1,0,A,Medium
1.1222472251752909,1.1222102388746975,4.018138406863499,7.810062745239605,-0.20124414650320155,3.580439600762551,1,0,A,Medium
1.1271323140234668,1.127129538293484,3.82348951337661,7.381077353520199,-0.2901563449297129,3.3922277498442877,1,0,A,Medium
1.144749033629323,1.144746763199541,4.7683685629394255,8.856231958939368,-0.2167593933628944,4.165427026238009,1,0,A,Medium
1.126659789457383,1.1266107918544985,4.020577900852895,7.68230626982842,-0.30188183875451235,3.5685820497678966,1,0,A,Medium
1.1273493171650286,1.1273423384565664,4.29320135183869,8.124852612853894,-0.2780827746310841,3.8082263292046004,1,0,A,Medium
1.122313459762061,1.1222720347307773,3.9674640837924393,7.642940622018173,-0.2678885336586516,3.5350766305819517,1,0,A,Medium
1.1455391994197397,1.1455387417352523,4.647163273165781,8.472994363904684,-0.24815297289931326,4.0567474910677435,1,0,A,Medium
1.1372017961056384,1.1371758975565074,4.1066464474443025,7.7471450339397565,-0.23713935631685246,3.6111853336035558,1,0,A,Medium
1.1360869569278522,1.1360582188670334,3.880466783397816,7.663725958249897,-0.28705279957120533,3.4156424028413936,1,0,A,Medium
1.1337242710454631,1.1337055795458888,3.8412976599220663,7.426735249847592,-0.3057143065982215,3.388211541400464,1,0,A,Medium
1.1400904765451076,1.140080257249746,4.422389790748355,8.557081895936175,-0.2137634035951641,3.8789814332541552,1,0,A,Medium
1.1284625500820307,1.1284625356513502,4.036585617716828,7.754734110835797,-0.17012261909541904,3.5770665295214257,1,0,A,Medium
1.112601787219035,1.112601461126385,4.127541515080566,7.767011696431671,-0.2396264531581922,3.7098102506175348,1,0,A,Medium
1.131319674979468,1.1313182955905798,4.311454304898246,8.618516296465906,-0.21034936731801457,3.8109956012004234,1,0,A,Medium
0.9212970998918131,0.921296277720274,2.9256464437328358,5.670530005190686,-0.544321709455891,3.175573269552668,1,5,A,Medium
0.9168655659933425,0.9168581388048542,2.982663246642681,5.81455548141764,-0.5727139883409675,3.2531085878563126,1,5,A,Medium
0.9145241055139691,0.914507212142946,3.056198887060914,5.876193840457312,-0.5344661635434722,3.3418461783938525,1,5,A,Medium
0.9194442106034271,0.9194302820501986,2.8312126836626392,5.551908104730009,-0.6036941804857348,3.079265333352338,1,5,A,Medium
0.9174098104774387,0.9173982278938435,2.7520590841972004,5.400934076092124,-0.5497058064148561,2.9998143171860923,1,5,A,Medium
0.9156215516923196,0.9156210724732576,3.0895116853859257,5.699376348432162,-0.5740894291057814,3.3742234219756635,1,5,A,Medium
0.9164468393549993,0.9164458297197144,2.912415156779245,5.579039144812166,-0.5773357058164286,3.177942278494866,1,5,A,Medium
0.9244368069874838,0.9244331318472884,3.0755254756178596,5.684161038194347,-0.5908808742332066,3.3269180244350656,1,5,A,Medium
0.9166690025729991,0.9166655416928132,2.8845296746433093,5.58834837649014,-0.5718378293628041,3.146751626319555,1,5,A,Medium
0.9195428925090467,0.9195315233569306,2.9063070204467425,5.662684336003791,-0.60007476660292,3.1605997328919044,1,5,A,Medium
0.9201477965522471,0.9201469694128718,2.8250850599723005,5.63369072454996,-0.5771656056257282,3.0702513993488534,1,5,A,Medium
0.9259758664096116,0.9259383879354566,3.1322878349077055,5.90229858784288,-0.5394022001294378,3.3826884139571267,1,5,A,Medium
0.914559301665504,0.9145383361478862,3.2817780354861417,6.146086278680007,-0.5628615176068377,3.5883709558359915,1,5,A,Medium
0.926445397958664,0.9264365021978432,2.936561022195142,5.8496376219641775,-0.5344975742110001,3.1697076035625846,1,5,A,Medium
0.9138631991981674,0.9138605484335598,3.1054926831821446,5.87108769982481,-0.5797549501688319,3.398203019781226,1,5,A,Medium
0.9171539051974097,0.9171095706679898,2.9318570747238573,5.722339606738694,-0.5288217756147349,3.1966903898128196,1,5,A,Medium
0.9208460101751385,0.9208448992237457,3.151375965522421,5.998017387723584,-0.524502604356818,3.4222616275690343,1,5,A,Medium
0.9137865222688859,0.9137811001978648,2.6633063713114176,5.214038127378154,-0.5853149055905602,2.914582680316363,1,5,A,Medium
0.9248604893456179,0.9248580870498682,2.782132246428825,5.512930836568528,-0.5637444426428235,3.0081642350159363,1,5,A,Medium
0.9110705714930302,0.9110695435172583,2.8954129478823702,5.674301713681714,-0.594635575672672,3.1780336655342407,1,5,A,Medium
0.918396454530322,0.9183668256398697,2.7860400903323663,5.569184128835293,-0.5789390026063126,3.0335919488682888,1,5,A,Medium
0.9061725887881056,0.9061622431889117,2.9921096550735697,5.909503918989549,-0.525570714284346,3.3019202876961313,1,5,A,Medium
0.9240661719701582,0.9240645259911593,2.6969733046941666,5.323950746401583,-0.6042966467059592,2.9185932636664713,1,5,A,Medium
0.9238754225718061,0.9238744932925859,2.9388673707742887,5.794588732223101,-0.5772468487986626,3.1810212708043677,1,5,A,Medium
0.9172706244549003,0.9172390356048689,2.660723141642799,5.296182218366759,-0.5972584465736999,2.900695902285073,1,5,A,Medium
0.9205429310241733,0.9205412509094792,3.557608658080514,6.351235340318921,-0.5417207166941953,3.864685218018465,1,5,A,Medium
0.9208971805736114,0.9208786352008193,2.985604786175404,5.758251490770906,-0.5689454584137628,3.242060947907041,1,5,A,Medium
0.9190187405703133,0.9190034606623162,2.8105934352995687,5.501483297680692,-0.5411346392617489,3.058254757193967,1,5,A,Medium
0.9092998888634782,0.9092787412800344,2.7839747253835854,5.466889713562054,-0.5384154935230079,3.061668388482086,1,5,A,Medium
0.9171982114225784,0.9171956037266378,2.7981154586417376,5.478171893350818,-0.5820548211123486,3.0507205790358536,1,5,A,Medium
0.9165063416848943,0.9165063207357086,3.0275801826727875,5.793397297034934,-0.579125047071857,3.3033925080179154,1,5,A,Medium
0.9226552621468538,0.9226549782785205,2.833449737186396,5.512073718337813,-0.558752623453064,3.0709733672286927,1,5,A,Medium
0.9185741013202804,0.9185565307537937,2.901278680080168,5.674356227661025,-0.5794468986477761,3.1584590463742845,1,5,A,Medium
0.915582857143543,0.9155828324739193,2.8345480167769015,5.499792273877161,-0.572326072677015,3.0958945928937456,1,5,A,Medium
0.9213782704704216,0.9213752128065094,2.9449213642299936,5.820979603338191,-0.5846163700743805,3.196213171737191,1,5,A,Medium
0.9181079624322431,0.9181075229477265,2.9026324817413345,5.77822530181488,-0.5903468743387505,3.1615372053322655,1,5,A,Medium
0.9117541928123449,0.9117509425146958,2.6371168506697265,5.222425399036926,-0.5774198121534249,2.892355057381668,1,5,A,Medium
0.911688617494563,0.9116837500998741,3.1097639001775126,6.077547960131492,-0.5583614764085119,3.4109934472183516,1,5,A,Medium
0.9202461862426538,0.9202458622168679,2.633261934843418,5.241223337194918,-0.5767527197595799,2.861475520583217,1,5,A,Medium
0.9169293202374481,0.9169121231852037,2.853817284673428,5.40564599178738,-0.5798846615462083,3.1123634305143644,1,5,A,Medium
0.9290837129190487,0.9290805051551463,2.647464491330936,5.2690628760991505,-0.6245579656471252,2.8495435389917447,1,5,A,Medium
0.9144732974759601,0.9144675602442885,3.02513430798514,5.804312788608039,-0.5353776018013399,3.308061937220934,1,5,A,Medium
0.9168595953453631,0.9168547488671821,2.9171978967989123,5.725506012770495,-0.5290909171642793,3.181728054773818,1,5,A,Medium
0.9170865275867227,0.9170841926869857,3.1139467699534196,5.916340936509559,-0.5456522956454517,3.3954776090186916,1,5,A,Medium
0.9154505757895453,0.9154478509627724,3.133041284923526,5.92401781828174,-0.5756490862110923,3.4224035330595357,1,5,A,Medium
0.9214653826685021,0.9214392867681168,3.0025856356118297,5.667474371007885,-0.5671462987462816,3.2584898923891665,1,5,A,Medium
0.914964472815205,0.9149627904460913,2.8929186929947157,5.599349101081587,-0.5488707072364156,3.1617825379532496,1,5,A,Medium
0.9222034213024913,0.9221924298812421,3.0454107289401184,5.67905672802652,-0.5907699268226541,3.3023199205213047,1,5,A,Medium
0.9193344751966835,0.9193326653303697,2.9585202484861783,5.63647008856967,-0.5584300297332812,3.2181108489956594,1,5,A,Medium
0.9203129218731994,0.9202957608700142,2.780836051111385,5.370530951341574,-0.6069461586104863,3.0216201305217885,1,5,A,Medium
0.916209024303518,0.9162085534608024,3.0327760569609836,5.8161698749049275,-0.547274428400208,3.3101355438694062,1,5,A,Medium
0.9164926879682732,0.9164388421549494,2.674738182752364,5.348155376133801,-0.5859037629273227,2.918450106439864,1,5,A,Medium
0.9214012986159605,0.9213924887122452,2.9349717305431327,5.828517727595968,-0.5752143947997652,3.185334918619891,1,5,A,Medium
0.9182060569182982,0.918205672718173,2.758586478249131,5.444470677878443,-0.5759873334609993,3.0043218049634253,1,5,A,Medium
0.920001714023891,0.9199983275884324,2.9125181602530996,5.58666333724824,-0.5910923095768581,3.1657747109126215,1,5,A,Medium
0.9184961845944767,0.9184961737212537,2.9607979244663394,5.718914027740552,-0.5604984045332708,3.223527733839804,1,5,A,Medium
0.9233832377844391,0.9233830022668368,2.788676453186566,5.405600538248345,-0.5884888858327857,3.020063976770579,1,5,A,Medium
0.9208475053028777,0.9208406217133591,2.8532054294210383,5.566487436882885,-0.5351774313340445,3.098455947364037,1,5,A,Medium
0.9135336817226496,0.9135139346505616,3.094714909549822,5.8233165102738305,-0.5777930286283008,3.387630879371761,1,5,A,Medium
0.9166159257834615,0.9166061448929349,3.1490401092360267,6.233512143819775,-0.535163889704175,3.435506650775721,1,5,A,Medium
0.9208619080387376,0.9208215618378537,2.7653651847850096,5.376357678678411,-0.595372740455121,3.0030183251631253,1,5,A,Medium
0.9077145823509434,0.9077101380504062,2.8562082254702945,5.634999491064396,-0.538661139366559,3.1465928619025076,1,5,A,Medium
0.923848980348017,0.9238267734773935,3.334392859595203,6.076453643989339,-0.5415848776674159,3.609240179427514,1,5,A,Medium
0.9179070471504416,0.917901603675457,2.9855988531019797,5.6883731589570745,-0.5607423957037327,3.2526156786468716,1,5,A,Medium
0.9215010476495705,0.9214955706338042,3.1043044211612045,6.0004228278762355,-0.554170823070435,3.3687475766622383,1,5,A,Medium
0.9133408347753563,0.9133380522161414,2.795073766061704,5.56613743945147,-0.6085525380323134,3.060274609039215,1,5,A,Medium
0.9194550716929935,0.919449607023582,3.1049707858378266,5.811227255579725,-0.5535923637458242,3.3769684690744497,1,5,A,Medium
0.9231523304073971,0.9231200170631813,2.7125979818990107,5.38400711225827,-0.5737487303476714,2.9384077714475487,1,5,A,Medium
0.9167730777077829,0.916755090069006,2.9778641412946207,5.9300689855000766,-0.5799080901858527,3.2482019964419164,1,5,A,Medium
0.9225994879764975,0.9225894751834395,2.834610896077834,5.630459181849352,-0.5872809582241398,3.072417590752059,1,5,A,Medium
0.9192607714388249,0.9192602540890227,3.196625293306248,5.965485516032351,-0.5664112855569119,3.4773868227868543,1,5,A,Medium
0.9169435979713726,0.9169234347135486,2.970668124706497,5.755799482598935,-0.563859699508328,3.239750112524634,1,5,A,Medium
0.9163893659708031,0.9163806105806646,2.813633425509758,5.608056900357816,-0.5593924787998295,3.070347092612817,1,5,A,Medium
0.9167690732222128,0.9167678338779076,2.912882942325143,5.761476119985922,-0.5983620748931924,3.177335522551052,1,5,A,Medium
0.918979644713028,0.9189794489015835,3.104765030025277,5.849608766015917,-0.5703462272135851,3.378491621536198,1,5,A,Medium
0.9156860741914051,0.9156793778716223,3.161398943416434,5.9516821283535934,-0.5576516828004658,3.4524921067606074,1,5,A,Medium
0.9171318879044001,0.91711629297779,3.151348039253472,5.879785527001598,-0.5695318971874395,3.436090360410587,1,5,A,Medium
0.9150998931090681,0.9150601444549745,2.891879601683044,5.440044140810525,-0.573374828776632,3.1601791492487576,1,5,A,Medium
0.919719742949104,0.9197190287412603,3.100521355977305,5.743234896897093,-0.5699104674248998,3.3711588554524305,1,5,A,Medium
0.9188767600745112,0.918862049619878,2.856125710215538,5.628951866062282,-0.6137121519626936,3.1082794062437014,1,5,A,Medium
0.9184598338706874,0.9184462356540233,2.9368898695004946,5.774689837562532,-0.5764821309691932,3.197624720422981,1,5,A,Medium
0.9205668685835655,0.9205620749239065,2.861048117033433,5.646823807372796,-0.5317159435655996,3.107919929201447,1,5,A,Medium
0.9132524112174758,0.9132495388293971,3.0656360632779,5.833743312606528,-0.5839300159132721,3.3568332540080967,1,5,A,Medium
0.9192181530822678,0.9192016213352184,2.8450117975664657,5.607477873208639,-0.5836079137941641,3.095034392028422,1,5,A,Medium
0.9190086385530087,0.9190012956426781,2.8515823444452737,5.606384379304802,-0.5812910785030132,3.1028895973547406,1,5,A,Medium
0.9209887271073723,0.9209837833304646,2.7779671219254993,5.509081581425438,-0.5875143733558104,3.016287865596897,1,5,A,Medium
0.9112565604666365,0.9112397929248457,2.837030008343274,5.6119834128626085,-0.5486840929427306,3.113316415401703,1,5,A,Medium
0.9198541931808636,0.9198386754324533,2.95110976998619,5.680546618001448,-0.5914619817160314,3.208236470370622,1,5,A,Medium
0.9163145070532801,0.9162904364154829,2.9480827435166006,5.617067490745234,-0.526086736798173,3.2173262791584083,1,5,A,Medium
0.9155998551979145,0.9155864940502166,2.763358517027882,5.43653837132023,-0.5837171269568997,3.018085358292853,1,5,A,Medium
0.926261547570574,0.9262490630366859,3.1938300902430123,6.131134180876712,-0.5100661183664146,3.4480866647437582,1,5,A,Medium
0.9125459815513459,0.9125459183775693,2.8429948364981215,5.537283849519879,-0.5451784100732682,3.1154537896983285,1,5,A,Medium
0.9196017304322073,0.9195686528727647,2.9450586457654806,5.630831624975903,-0.5809542957882465,3.2025370856809077,1,5,A,Medium
0.9187266682109789,0.9187265315176618,2.8571982958934283,5.523519632688917,-0.5761127877115122,3.1099546739589075,1,5,A,Medium
0.9263361082002067,0.9262928756315378,2.9885221793520014,5.773603877929678,-0.6003143614027677,3.2261747684201247,1,5,A,Medium
0.9225482597650774,0.9225482484049765,2.894500065051245,5.68824347822833,-0.5733690373513762,3.1375053114167883,1,5,A,Medium
0.9198122161696654,0.9198091036501068,2.977909360716711,5.9491173302084555,-0.5508214974331533,3.237518820001643,1,5,A,Medium
0.9174975369794465,0.9174963108523806,2.8538895487271185,5.611425538172869,-0.5715613681822362,3.1105146702873934,1,5,A,Medium
0.9106028823250386,0.9105967666934618,2.7884241530669245,5.546369959442316,-0.5179750735948847,3.062173651314668,1,5,A,Medium
0.918685923434157,0.9186577420256578,2.8275219069273376,5.589691328481349,-0.5655486312883387,3.077789519575662,1,5,A,Medium
0.8384661200683279,0.8384655396360589,2.2695547554161912,4.389040710888513,-0.826647959848275,2.7067936331538855,1,10,A,Medium
0.841434469747994,0.8414322271601796,2.293757545992916,4.456881537515466,-0.8387127948226127,2.72600853478214,1,10,A,Medium
0.8390372352585029,0.839030651715388,2.2490683879750044,4.489626373846168,-0.7847152928975194,2.6805346574184856,1,10,A,Medium
0.8398401461629883,0.8398260099368751,2.3157637975169876,4.505770939487395,-0.8173530532875355,2.7573864003728703,1,10,A,Medium
0.8435940375952223,0.8435837777090728,2.231307693218898,4.406166517903673,-0.8176304666283416,2.6450017351705557,1,10,A,Medium
0.8371433560496495,0.8371433540212004,2.1982372284833627,4.348767334296202,-0.7984677677527316,2.625879083430233,1,10,A,Medium
0.8430653081978843,0.8430646130296214,2.2930768451314876,4.50525426584854,-0.8158080756829715,2.7199278903233632,1,10,A,Medium
0.8402220216688896,0.8402205784636189,2.3913508748936887,4.586014889916509,-0.8003896679481048,2.84609402422454,1,10,A,Medium
0.842409963915945,0.8424099154535455,2.3385714805145796,4.451508973871565,-0.8332307204537845,2.7760491692711273,1,10,A,Medium
0.8443635362584695,0.8443478189333347,2.3585729184414315,4.666997033870721,-0.8044271397457048,2.7933145110608435,1,10,A,Medium
0.8424628478337955,0.8424615514852324,2.2846834657249113,4.4936821785299035,-0.7777690977891543,2.71191005229425,1,10,A,Medium
0.8419637298642743,0.8419627086487074,2.303458399800996,4.461041396350913,-0.8246460508194504,2.735816660620662,1,10,A,Medium
0.8406141001004394,0.8406137015215911,2.2850348593899783,4.320278007904168,-0.7883921571581607,2.718292328331103,1,10,A,Medium
0.8356330686548484,0.8356210986835045,2.3491919843207696,4.532087671868488,-0.8083564390119204,2.8112721629151856,1,10,A,Medium
0.8375616617204024,0.8375538143318243,2.359515729187647,4.64665611777871,-0.8093553722108653,2.817124800508489,1,10,A,Medium
0.8389160478875353,0.8389142651823104,2.305669999302374,4.503540981747656,-0.8093057952687333,2.7483918147808173,1,10,A,Medium
0.8400021547828088,0.8399544882355523,2.3454189100581315,4.4455374821555065,-0.8392930522059876,2.792158206623367,1,10,A,Medium
0.8403754682979551,0.8403751759355392,2.445362571571649,4.782949676488901,-0.8308192770243301,2.9098452582443133,1,10,A,Medium
0.8392712467408701,0.8392602323033772,2.3205840704634193,4.5942797410815945,-0.8068856018004253,2.7649988957383087,1,10,A,Medium
0.8404126746099349,0.8404097919299711,2.3666704009480597,4.508978771729807,-0.8063507702236037,2.8160812806000513,1,10,A,Medium
0.8432098753548498,0.8432097442542693,2.2751844115880457,4.4635275911918475,-0.8249138889757774,2.698242131747538,1,10,A,Medium
0.8374799267450196,0.8374746392293089,2.4033847036745355,4.538189145881657,-0.8060726565788596,2.8697818621344386,1,10,A,Medium
0.8380078412475693,0.8380030993276373,2.4287079882686,4.580972316846674,-0.7833966263647976,2.8981924377376993,1,10,A,Medium
0.8376088795800586,0.83760688241858,2.2950564680038643,4.471719256416467,-0.8155462437727174,2.7400097156975076,1,10,A,Medium
0.8399857858600674,0.8399833804276744,2.169393938083959,4.297235182885542,-0.8454352587083553,2.582655533703705,1,10,A,Medium
0.8381947362899714,0.8381767883915175,2.302342493245349,4.542234402625623,-0.8305607629458267,2.7467871051493447,1,10,A,Medium
0.8346648329283244,0.8346598371832172,2.154958963717731,4.261647703324216,-0.8025663713598745,2.581825516905161,1,10,A,Medium
0.8390737620197949,0.8390684738318024,2.37673326602773,4.6694189076801695,-0.8002682601078872,2.832567735530812,1,10,A,Medium
0.8369537276296523,0.836953576540946,2.2902333479720283,4.558676008367163,-0.8248302638751488,2.736391836688784,1,10,A,Medium
0.8462382514085474,0.8462124155855657,2.5720034511732415,4.808054473752604,-0.8082000554704853,3.039337263344207,1,10,A,Medium
0.8440816813243373,0.8440728760716969,2.495256234517651,4.75831497338489,-0.8054083364845415,2.956178637359685,1,10,A,Medium
0.8434324548872129,0.8434279607193084,2.349487869682788,4.5574823818894465,-0.8207474184284247,2.7856265858265683,1,10,A,Medium
0.8416090043773857,0.8415870163974485,2.3435413392809537,4.422581077459279,-0.8044243209396278,2.784596323342195,1,10,A,Medium
0.8376843868668993,0.8376825107727252,2.148713964443948,4.22868821070845,-0.8308887678167687,2.565063881016753,1,10,A,Medium
0.840922753861557,0.8409227335605811,2.34341003674376,4.536163888541688,-0.7884763550737643,2.7867126034855287,1,10,A,Medium
0.8406481780055529,0.8406466838050093,2.347986326453743,4.580224458401089,-0.8117328565945319,2.793066573967205,1,10,A,Medium
0.8401014246215692,0.8400886764210247,2.294603541287716,4.55459810102014,-0.8085525964107334,2.7313410905371804,1,10,A,Medium
0.8406124166965938,0.8406116579224535,2.2157943428244855,4.422752351101927,-0.8126909750887177,2.6359286382326217,1,10,A,Medium
0.8402225836260554,0.8402219879426074,2.2804902010883836,4.416295532032413,-0.8255109587309146,2.7141500901424536,1,10,A,Medium
0.8418643457266671,0.8418629731510905,2.434636441458851,4.530174629032284,-0.8254580693106139,2.8919581329428556,1,10,A,Medium
0.8388453039058941,0.8388338377996645,2.3536758924882353,4.593453938947944,-0.8076953917895695,2.8058521416629194,1,10,A,Medium
0.8397993961348508,0.8397968471026934,2.2172175272201606,4.364007324465515,-0.8216390695801561,2.6401751863895493,1,10,A,Medium
0.8367799602677567,0.8367799418124866,2.2677668274075193,4.453050393890079,-0.8286543751037119,2.710111301759508,1,10,A,Medium
0.8393202393090493,0.8393105057498398,2.3830429694562887,4.6816896491899165,-0.8094359938872744,2.839253550489945,1,10,A,Medium
0.8386480348912245,0.8386406595468807,2.365827014528981,4.547828616729033,-0.806105791487556,2.8210010828151963,1,10,A,Medium
0.8357943381583823,0.8357693415191269,2.30534631374898,4.5477023928818205,-0.7997899335874039,2.758269838042524,1,10,A,Medium
0.8430496428963636,0.8430445545020611,2.523534963058929,4.813885689894873,-0.8174392770488406,2.993340883686429,1,10,A,Medium
0.8386318525360844,0.8386265488011108,2.2581279486253174,4.406240607242877,-0.8189929232640005,2.6926331760433047,1,10,A,Medium
0.8420134301664522,0.8420067033701724,2.421391092568542,4.544271183175596,-0.8204459925795851,2.8757155240265857,1,10,A,Medium
0.8380640442525027,0.8380620811527293,2.5754849073526467,4.814545866861577,-0.8240502656742574,3.0731361463547904,1,10,A,Medium
0.8418140550785547,0.8418106592306586,2.3538253441904113,4.600556955271668,-0.8202464786889196,2.7961345263720525,1,10,A,Medium
0.8433263117390224,0.8433149542970534,2.4507292225599038,4.647911057478802,-0.8160791738869277,2.906027226289498,1,10,A,Medium
0.8382390260648815,0.8382389768376598,2.6899376996909172,4.881464615776892,-0.8029288307020477,3.2090341967479694,1,10,A,Medium
0.8398053825338267,0.8397991104490233,2.316438984219651,4.5361805621569875,-0.8151687424939844,2.758304521972204,1,10,A,Medium
0.8367541423979242,0.8367520459215864,2.2945143244117046,4.411030492623059,-0.8265245369112191,2.742160699481225,1,10,A,Medium
0.8369430174993272,0.8369325560034266,2.189133882949628,4.306309488950022,-0.8412597785051035,2.615630738506505,1,10,A,Medium
0.8402000848671998,0.8402000748371842,2.2218841477682436,4.334268938119413,-0.8130929048585549,2.6444702729581726,1,10,A,Medium
0.8389694277944266,0.8389641042423911,2.372686580250851,4.615178227555742,-0.8283231609570296,2.8280965928501423,1,10,A,Medium
0.8369476907681067,0.83694599804177,2.3263018587332174,4.554900543858482,-0.8045717310247773,2.7795068728826524,1,10,A,Medium
0.8416270113065529,0.8416151443158334,2.278505774992365,4.4805745522143585,-0.8266110445265213,2.7072631277068715,1,10,A,Medium
0.8404478774381919,0.8404477221648416,2.215047866010529,4.412979256304814,-0.8261374887053408,2.6355564996633922,1,10,A,Medium
0.8381043234504573,0.8380909126591575,2.247694651871837,4.494769535463547,-0.8123864418595454,2.6818793185771037,1,10,A,Medium
0.8397226127207164,0.8397184477833405,2.4046545706664135,4.660751234447865,-0.8126186315110582,2.8636296489328656,1,10,A,Medium
0.8425678245863177,0.8425577973775132,2.2506728381841756,4.343625817186336,-0.7765791810795113,2.6712067236714225,1,10,A,Medium
0.8383284883196875,0.8383241677078591,2.328061969804,4.465916477892879,-0.8110090615472001,2.77702833941654,1,10,A,Medium
0.8378810875400886,0.837879677820459,2.3354852495154392,4.541682824579533,-0.7878229728781077,2.7873707668615895,1,10,A,Medium
0.8386304820274278,0.8386275562295531,2.239260374939158,4.474647662339553,-0.8166438074083828,2.670139498776199,1,10,A,Medium
0.8439393978380573,0.8439393655778433,2.403283578101451,4.545286494199305,-0.7928339670490088,2.847696865744162,1,10,A,Medium
0.8359964333421178,0.8359954942558353,2.239574945190552,4.411676311816114,-0.7870090623859807,2.678928827766951,1,10,A,Medium
0.8379575036368411,0.8379552994376558,2.093457892717789,4.163560222521109,-0.8010950559950198,2.4982864687432453,1,10,A,Medium
0.8419589129384389,0.8419492407006405,2.2543813820383893,4.5086098431732236,-0.8216249196363785,2.6775432237786903,1,10,A,Medium
0.8385708415925668,0.838552227281866,2.5305854577553055,4.7093314123202195,-0.796257319836136,3.0177360483335662,1,10,A,Medium
0.8359934367991234,0.8359903546028447,2.319201018111536,4.453256071467857,-0.8052786114851167,2.7741856766141155,1,10,A,Medium
0.8391698624750868,0.8391684745945422,2.346771069426071,4.594318469373213,-0.8063456129534061,2.7965387871585317,1,10,A,Medium
0.833693562946157,0.8336920205996946,2.291349631199755,4.455115540127371,-0.8050279829468816,2.7484314777511827,1,10,A,Medium
0.8399382216118898,0.8399382202422635,2.409369871223511,4.583417218108969,-0.8360976992548084,2.8685084322032535,1,10,A,Medium
0.8356301621676616,0.8356216171065148,2.250030067000114,4.468613733608756,-0.8121896010249898,2.692614710272588,1,10,A,Medium
0.8396183641467154,0.8396170984671437,2.3989313657371647,4.625620974353062,-0.8043159708342773,2.8571687664015575,1,10,A,Medium
0.8438945823763865,0.8438945452438559,2.3869490502863666,4.764152547725583,-0.8266532158163762,2.828491970602272,1,10,A,Medium
0.8425533071731651,0.8425453612544475,2.2739046607362425,4.539795055422115,-0.8275909752945658,2.6988258681998145,1,10,A,Medium
0.8384834708793933,0.8384789637936518,2.143363173325236,4.272307379113278,-0.8108797629042299,2.5562378362417775,1,10,A,Medium
0.8376424739365684,0.8376393891371677,2.3678230181454496,4.702269019533544,-0.8083068919479448,2.8267704800326974,1,10,A,Medium
0.8377043396664583,0.8376802381135564,2.216300183083326,4.362328437364703,-0.8241414500445696,2.6456830627925023,1,10,A,Medium
0.8400911870240246,0.8400822657265081,2.3444182608969757,4.553920890615947,-0.8077774254652734,2.7906711760683316,1,10,A,Medium
0.8398547477232756,0.839848597820393,2.298721610014256,4.467720449683119,-0.8174055095523007,2.7370466336539225,1,10,A,Medium
0.8407238455696711,0.8406765263064704,2.2744954068042595,4.5357999596004825,-0.8295658294830255,2.7054013262381904,1,10,A,Medium
0.8397824707499487,0.8397817677586525,2.3179744299934892,4.46885367029663,-0.814934969417795,2.760208161910637,1,10,A,Medium
0.8385766219696742,0.8385754105779291,2.185247811549391,4.369351351399041,-0.7952549655491961,2.6059011833845487,1,10,A,Medium
0.8381385709223557,0.8381068755028475,2.5056556216825885,4.772441156185259,-0.8011198599612093,2.989548158993759,1,10,A,Medium
0.8365720693518498,0.8365554678558423,2.4345206584250607,4.524582024250558,-0.8409104210974867,2.910114678238364,1,10,A,Medium
0.8393341975425594,0.839332815293772,2.3639290610247112,4.726125923981021,-0.8092704472101526,2.816433630305937,1,10,A,Medium
0.8415255236542342,0.8415207376191937,2.246067579485092,4.353239046597726,-0.8340684746723519,2.6690427281774944,1,10,A,Medium
0.8448396967589351,0.8448355277981064,2.4644287599808163,4.698494520054095,-0.8045742683967867,2.91703712483578,1,10,A,Medium
0.8408670786061959,0.8408639935917492,2.2788144723276917,4.514300626755815,-0.8195192597633887,2.7100769316655944,1,10,A,Medium
0.837862870122135,0.83785458080739,2.203996035210058,4.370656748258904,-0.813517724412395,2.6304973209861684,1,10,A,Medium
0.8376384036456479,0.8376382389960995,2.342131434007415,4.581783931163413,-0.8110399099927945,2.7961127663366105,1,10,A,Medium
0.8376947692222827,0.83769384649939,2.3015950953263404,4.596677222386576,-0.8201653241677285,2.747534280849271,1,10,A,Medium
0.8391895497798022,0.8391742631780991,2.518637990413911,4.795797936821403,-0.8247835667410319,3.001274254517093,1,10,A,Medium
0.8401075588592787,0.8400935459173866,2.3501429207960554,4.497496397308557,-0.8056858380793512,2.7974309908449633,1,10,A,Medium
0.8406104296400781,0.8406034284649239,2.4038354353458615,4.605456479065451,-0.8321839666588553,2.8596307523511277,1,10,A,Medium
0.8056659677493601,0.8056644699199804,1.8923381015731435,3.739006685413366,-0.9663429914823527,2.348787434647908,1,20,A,Medium
0.8050494542068677,0.805043446640051,1.869216570308973,3.6930320658220026,-0.9740755971442705,2.3218655208586156,1,20,A,Medium
0.8049803558686577,0.8049764625885854,1.9290895062543474,3.7992684259552743,-0.9721343358245753,2.3964429593721683,1,20,A,Medium
0.805432017723272,0.8054268728895263,1.8977985309507437,3.719394743910991,-0.9702550645640651,2.3562491795586697,1,20,A,Medium
0.8058508664229966,0.8058471516881108,1.975565246081113,3.925150398246892,-0.9713451152248203,2.4515271105312992,1,20,A,Medium
0.8045498572825815,0.8045454343966385,1.9171724634775598,3.768227077049415,-0.9645632721623687,2.3829131857072623,1,20,A,Medium
0.8044576883951401,0.8044555976676115,1.9054485422005494,3.7789661305703373,-0.9708278236668479,2.3686125071435895,1,20,A,Medium
0.8059224270824578,0.8059161037024354,2.0447786847698555,3.9396164117076946,-0.9650832512102352,2.5371904491753825,1,20,A,Medium
0.8046481723500815,0.8046444709733541,1.9135481203852356,3.79711183900885,-0.9753710850165302,2.3781177738793158,1,20,A,Medium
0.8047220201338117,0.8047145665062565,1.8760509889997987,3.7498108952514144,-0.9669201902682585,2.331303160671362,1,20,A,Medium
0.8055492448924154,0.805544235458105,1.9151954504308268,3.799016726121714,-0.9711434042464595,2.377502632612621,1,20,A,Medium
0.8024744684744225,0.802466946479667,1.8939762427619329,3.705480471137901,-0.9710741366678803,2.3601700953334444,1,20,A,Medium
0.8035539947841723,0.803549036705214,1.8886741255947903,3.756676224391365,-0.9725020409731036,2.350401015804883,1,20,A,Medium
0.805571220687104,0.8055670045068272,1.8477365330749513,3.6896814609159243,-0.9745797981930777,2.2936972990407263,1,20,A,Medium
0.8045766695477454,0.8045750553966912,1.9183162369023983,3.7747106593478086,-0.9704574409630151,2.384255360002781,1,20,A,Medium
0.8044605129708039,0.8044594735965326,1.9239805591158916,3.8202902513072363,-0.9729126221598321,2.3916407680605674,1,20,A,Medium
0.8049520468388786,0.8049489714940075,1.8637152163031139,3.6980841120965016,-0.9692167590679306,2.3153121029036408,1,20,A,Medium
0.8054897555232969,0.8054869499314674,1.9337077787584858,3.835581145433239,-0.9726563343087928,2.400660921506354,1,20,A,Medium
0.8064011298594067,0.8064002868203992,1.914261017845527,3.7794997902724674,-0.9699816351259369,2.3738322615932743,1,20,A,Medium
0.8043544623676705,0.8043517160260376,1.90856985937019,3.75653420909043,-0.96717060787158,2.3727970051315297,1,20,A,Medium
0.8048742267471761,0.8048729874266375,1.9788004052325325,3.8292365429171125,-0.964894516041221,2.4585212688815608,1,20,A,Medium
0.8043348715649444,0.8043266128223796,1.9091665216822005,3.781377432150081,-0.9754159213626794,2.373596606557234,1,20,A,Medium
0.8043415132713846,0.8043369297127946,1.9463560335005363,3.8276057225755196,-0.971533795731669,2.419812979171493,1,20,A,Medium
0.8042413837435457,0.8042401451015926,1.8665239730999963,3.658444988799391,-0.9728827639545874,2.3208504446908544,1,20,A,Medium
0.8036448454697412,0.8036423070761862,1.8977203460129064,3.765600977130621,-0.9682949420981335,2.361391797272915,1,20,A,Medium
0.80355925324429,0.8035578463950057,1.8740537035300058,3.713278456087851,-0.9703112098830977,2.3321910561837247,1,20,A,Medium
0.8046510817043949,0.8046465369956478,1.8967398948630065,3.723587278014583,-0.9685605575705063,2.357220338094087,1,20,A,Medium
0.8044166534322083,0.8044077623794483,1.8970585414890229,3.7506540115557883,-0.9679362245215533,2.3583034157669838,1,20,A,Medium
0.8037183425532866,0.8037098307443635,1.9250873010446647,3.767852690821848,-0.966614062346931,2.3952262865234175,1,20,A,Medium
0.8056091650034076,0.8056056922425898,1.900380877321672,3.725555044711185,-0.9719327873042389,2.3589365164603526,1,20,A,Medium
0.8035742954756454,0.8035685117482066,1.8913008327212961,3.7515730841319024,-0.9629185543220413,2.353610417070163,1,20,A,Medium
0.8051116502987378,0.8051100587347094,1.9049341657674952,3.7696021356439133,-0.969406848302925,2.366049683991862,1,20,A,Medium
0.8059478990181773,0.805943072576949,1.8757782368133853,3.707271615553224,-0.9702922803603284,2.3274187315315267,1,20,A,Medium
0.8050272796388585,0.8050197273576182,1.8720017387075414,3.7110942475061908,-0.9695333604342413,2.325389196186415,1,20,A,Medium
0.8037455074803341,0.8037448827221224,1.9078825584989452,3.7920659598535296,-0.9692846590173976,2.373739623727386,1,20,A,Medium
0.8045464976800238,0.8045440799618604,1.8884838804807274,3.7613944027636745,-0.9680428107913643,2.3472650566826485,1,20,A,Medium
0.8041095923167353,0.8041032237843374,1.8756451160645358,3.736812713377847,-0.9721117666464014,2.332573984922353,1,20,A,Medium
0.8054026447897727,0.8053967809794683,1.9526690984616155,3.829585245922427,-0.9628692955080655,2.4244632310231657,1,20,A,Medium
0.8030537705486073,0.8030468595302318,1.9047558074500048,3.780309168569544,-0.9713295996773708,2.3718907466791026,1,20,A,Medium
0.8048319498500572,0.8048284237964127,1.8992144225166256,3.748489543889961,-0.9628828889172887,2.359765194299823,1,20,A,Medium
0.8041011524143469,0.8040960320928047,1.8983082863296104,3.728955691268559,-0.9611121639449602,2.360782944570918,1,20,A,Medium
0.8050927826364278,0.8050918705940144,1.9687034511486663,3.9011002429133104,-0.9654074576477396,2.445312507586736,1,20,A,Medium
0.8044383986587513,0.8044354721700668,1.8854823764246509,3.7449801151762747,-0.9701865026039078,2.343849298552053,1,20,A,Medium
0.8047582028920415,0.804753385856955,1.8655829030998203,3.7156364969252014,-0.9731655248001401,2.3181906023393326,1,20,A,Medium
0.804708157463195,0.8047053376072624,1.8941693461881497,3.7676223576182926,-0.9639745213627564,2.3538587606212795,1,20,A,Medium
0.8045946374724682,0.80458770898447,1.942782558308757,3.8145415881455413,-0.9734225805069001,2.414610373755114,1,20,A,Medium
0.8057620176579897,0.8057498770842084,1.9395314639673125,3.819196160827976,-0.9708223341780329,2.4070773025572887,1,20,A,Medium
0.8045762066472236,0.8045672805744979,1.890868465695975,3.715166955220856,-0.9729629470559371,2.350142161891011,1,20,A,Medium
0.80613553470571,0.8061311075688911,1.936375381462596,3.8240503519794915,-0.9700061338644734,2.402046923994604,1,20,A,Medium
0.8042775676263559,0.8042728309999543,1.915452572615017,3.805917470745986,-0.9598190920764833,2.381581495885859,1,20,A,Medium
0.8044949275402735,0.8044932185978085,1.9563932886595359,3.785797012736599,-0.974042747280027,2.431827997525314,1,20,A,Medium
0.803902639585468,0.8038997334337485,1.8864942686848531,3.765492386889287,-0.9722956863002072,2.3466700764381403,1,20,A,Medium
0.8055610108182142,0.8055593234858462,1.8233143361661188,3.6451042219998677,-0.9765702077051897,2.263409365249896,1,20,A,Medium
0.8043796543118784,0.8043790429127786,1.9157765406565663,3.755226224625373,-0.965875580014874,2.3816819960413507,1,20,A,Medium
0.8033434726378963,0.8033408397206466,1.8875511025701737,3.6862755172473465,-0.9693156110955603,2.3496190195858846,1,20,A,Medium
0.8049835957415535,0.8049823767113536,1.9333506423830078,3.802938671057097,-0.973199833273259,2.401726758918607,1,20,A,Medium
0.8030753362564552,0.8030743042352987,1.9132850721053936,3.8031078909211224,-0.9738901947829577,2.3824478049894964,1,20,A,Medium
0.8037307171605209,0.8037267026422639,1.8938037434037873,3.731386225430792,-0.967850102936529,2.3562664745405733,1,20,A,Medium
0.8043504358635923,0.8043445568518768,1.8731156906652275,3.7103591821006194,-0.9613157165947999,2.328730870462143,1,20,A,Medium
0.8046783961545293,0.8046740203865225,1.9586547660708715,3.8220876507819264,-0.9707272084235301,2.434083946370463,1,20,A,Medium
0.8046786981330871,0.8046751158995886,1.8754429943791227,3.743443169134841,-0.9669664025249971,2.330673098132567,1,20,A,Medium
0.8037906306582895,0.803784965753993,1.8916032073477658,3.77534063985086,-0.968039802576854,2.3533531434654544,1,20,A,Medium
0.8045219449541892,0.804519932187342,1.8466542844147704,3.666108385716485,-0.9729210428705479,2.295343583847078,1,20,A,Medium
0.8044522516387405,0.8044470614345368,1.9096375188189263,3.752785466173619,-0.9651519105864894,2.3738357558560197,1,20,A,Medium
0.8046082963018379,0.8046034518554376,1.9171768144558765,3.7811158059213734,-0.9693447073895856,2.3827455213520112,1,20,A,Medium
0.8057674064351633,0.8057648656200682,1.88096276016415,3.7122723099076356,-0.9653836774144717,2.334374343193917,1,20,A,Medium
0.80500419185767,0.8049999290728338,1.9691429375441305,3.9101357385082274,-0.9664944237031041,2.4461275574230648,1,20,A,Medium
0.8064796926453219,0.8064696185006327,1.9108684578342996,3.7787824538285086,-0.9716784896885517,2.369394388055189,1,20,A,Medium
0.8035408166732453,0.8035392381891223,1.837535841540328,3.6662516637187377,-0.9705647592849718,2.2867983846146673,1,20,A,Medium
0.8047895419172493,0.8047859553340809,1.9151215742119154,3.804230170616866,-0.9674920847754933,2.3796551451818364,1,20,A,Medium
0.8065756636124225,0.8065739162457368,1.9912086219404164,3.903156242250213,-0.971050037270555,2.4687189457494423,1,20,A,Medium
0.8048476676622855,0.804840514149707,1.9241344871486936,3.8094576987305997,-0.9732510169794724,2.390681571753105,1,20,A,Medium
0.8054603189144579,0.8054585904579211,1.9374099934704567,3.8578764536036303,-0.9623844300046978,2.4053450529773586,1,20,A,Medium
0.8063261690409678,0.8063179648534226,1.8500084456766834,3.6890998134584603,-0.9749571695949122,2.2943673623752727,1,20,A,Medium
0.8053429079289516,0.8053366197119132,1.8500490501257738,3.6794402180541157,-0.9734705877593304,2.297219025475031,1,20,A,Medium
0.8038101709949026,0.8037995839758395,1.9109512949580816,3.7386669856587087,-0.9610328023537513,2.3773664030561266,1,20,A,Medium
0.8039737720285056,0.8039732792201641,1.9535027942420824,3.782469786615258,-0.9704435309031538,2.4298091084653186,1,20,A,Medium
0.8030372317296253,0.8030306847117689,1.863577587326074,3.6731098724051305,-0.968093120525594,2.320661500727929,1,20,A,Medium
0.8059678030834209,0.8059650581926404,1.997779955545194,3.86178543928331,-0.9801423872480428,2.478734197448351,1,20,A,Medium
0.8039516569273167,0.803947141061542,1.943575545802048,3.80020442707262,-0.971491589339077,2.4175278812538874,1,20,A,Medium
0.8037805241028592,0.8037773812157346,1.8658467422403877,3.729918141125606,-0.9647157124712185,2.3213385822242403,1,20,A,Medium
0.8047474762012973,0.8047401886204212,1.8475711192834094,3.664390796725155,-0.9740327110887175,2.2958395943092875,1,20,A,Medium
0.8057108877004087,0.805707681537698,1.9407385979829743,3.832448248002177,-0.9734060379850105,2.4087282766180125,1,20,A,Medium
0.8049139508791643,0.8049106767368106,1.8572713068674145,3.707075560922152,-0.966900542174387,2.3074159726500167,1,20,A,Medium
0.8042014850313697,0.8041959580038045,1.8715945698816971,3.707420551593935,-0.9706242939649892,2.3272707209794463,1,20,A,Medium
0.8055013843075851,0.8054960518316475,1.8392232171935299,3.664866513954908,-0.9733784696865309,2.283327195985566,1,20,A,Medium
0.8061480551422474,0.8061420318015152,1.8487820246242146,3.650347770833023,-0.9756661405616227,2.2933529552434275,1,20,A,Medium
0.8050455105892471,0.8050430623618124,1.8564948878412904,3.6990453645914645,-0.9724298155291948,2.3060744559427984,1,20,A,Medium
0.8044050768398765,0.804398667516061,1.891042317001251,3.742771640255567,-0.9674452879618127,2.3508582571734298,1,20,A,Medium
0.8046653088837487,0.8046623446370157,1.9091337131669766,3.786813393331488,-0.9715200265314881,2.372581111785934,1,20,A,Medium
0.8044994859191263,0.8044944906315703,1.8294793641708147,3.642480913488881,-0.9635403232123858,2.274059084177869,1,20,A,Medium
0.8045172868991178,0.8045148265488525,1.9371614887789643,3.797212273616904,-0.9720443706326134,2.4078556425374535,1,20,A,Medium
0.80542483400021,0.8054195383021773,1.8768589238427333,3.73559211514335,-0.9641824103338759,2.3302719814599655,1,20,A,Medium
0.8034409558118278,0.8034320128176151,1.9154849183073752,3.744222902868721,-0.9682886416746683,2.384101662295638,1,20,A,Medium
0.8054958060118299,0.8054891725279094,1.887881644786668,3.7056783528696924,-0.9719523594787804,2.343751054563457,1,20,A,Medium
0.8045040270616792,0.8045008835754475,1.8557271087281944,3.697128693658258,-0.9673280893845067,2.3066722431532596,1,20,A,Medium
0.8038404451024775,0.8038319662466086,1.8856330843736173,3.7227658763587366,-0.9750569074578292,2.345780304862898,1,20,A,Medium
0.8034089282333586,0.8034035325991187,1.8572893668796335,3.700203628969476,-0.9734215378708453,2.311760924743127,1,20,A,Medium
0.8054834069729562,0.8054807372155466,1.8802805644712763,3.735607402220579,-0.9719522124018991,2.3343504635774655,1,20,A,Medium
0.8048200092400384,0.8048160777203175,1.9386707414860438,3.780081640796112,-0.9723366256578876,2.408825227042576,1,20,A,Medium
1.1533158145745936,1.1533127352770451,3.9389893859117384,7.694779555672463,-0.24943511207345193,3.415360594326589,1,0,A,Strong
1.1429712071327671,1.142947804735097,4.531559668926967,8.415014704333311,-0.19484915783245293,3.964719006609746,1,0,A,Strong
1.1429143915017563,1.1429025690314356,4.3518570230507425,8.323194148015114,-0.20949519143603101,3.807684158506858,1,0,A,Strong
1.154681914650726,1.1546371046381245,4.531802951611503,8.172024446509788,-0.1950355368309471,3.924719781362737,1,0,A,Strong
1.1474734442603884,1.147298646882664,3.9405218367802894,7.761360975681626,-0.23334425830521166,3.434085430465172,1,0,A,Strong
1.1606981428170609,1.1606082197580128,4.28695379951779,8.465426548413525,-0.2871458365063373,3.693426948296119,1,0,A,Strong
1.1487471280575392,1.1486259012689792,4.42299552952522,8.32970695709556,-0.1930139767414274,3.850277769141616,1,0,A,Strong
1.1504459685347992,1.1504250417849382,4.492189984958646,8.678176027065506,-0.18231314980782232,3.9047379084476876,1,0,A,Strong
1.1499293267567117,1.1499290774406885,4.460109576884699,8.786352530366155,-0.1702052789625048,3.8785945128159307,1,0,A,Strong
1.1612348264511365,1.161234477836439,4.174974434863872,8.07809602398992,-0.24161346112797233,3.595288687321806,1,0,A,Strong
1.1499923416341757,1.149988192994776,4.357201982502762,8.383833346612569,-0.26263291891621243,3.7888965210942525,1,0,A,Strong
1.1541132550611548,1.1539815219034095,4.306341672377855,8.04805004373568,-0.1989480353920383,3.7312990328229687,1,0,A,Strong
1.15866786852377,1.1586569647456433,4.246359010490736,8.152213493782563,-0.200121261278849,3.6648630085003715,1,0,A,Strong
1.140259761478943,1.140259648862267,4.277071485074725,8.266814435821987,-0.24292233018247478,3.750962394329574,1,0,A,Strong
1.162143347063077,1.1621263497171392,4.030264244379856,7.7472352199438586,-0.22622811674638577,3.4679579370006124,1,0,A,Strong
1.1591922214389379,1.1591832117291927,4.213796647649302,8.402414006889137,-0.2648312819431031,3.6351146684012403,1,0,A,Strong
1.1686120119427978,1.1686056173113375,4.465520711410987,8.54730913116898,-0.1865292398541918,3.821217534797656,1,0,A,Strong
1.1479740980594244,1.1479698872474982,4.4856582464218295,8.43906584160099,-0.25751617538410354,3.9074559730960337,1,0,A,Strong
1.1431126160357261,1.143095499046356,4.096476450987566,8.081667349000067,-0.20797129435362605,3.583615816606067,1,0,A,Strong
1.1439199797447157,1.1439199796193025,4.445422836038203,8.395271103081695,-0.1795460727010778,3.886130948626556,1,0,A,Strong
1.148735755068634,1.1487357406653944,4.239530909826282,8.412052769895087,-0.23393607394959215,3.6906058605035597,1,0,A,Strong
1.1446712612058223,1.144577979547401,3.950856174208978,7.885096139982712,-0.2253258157346245,3.4515203693041596,1,0,A,Strong
1.1460482930789349,1.1460427991443098,3.880379207103245,7.552608353253438,-0.2947797824909397,3.385877567757942,1,0,A,Strong
1.1558057096220515,1.1558029367910196,4.531397699628404,8.492309980838513,-0.18144204597755698,3.9205531361409967,1,0,A,Strong
1.1476354424476973,1.1476298318599032,4.087807856434914,8.159227267377553,-0.21301473843169516,3.5619393626571556,1,0,A,Strong
1.1462065743528178,1.1461671279923216,3.928060198106645,7.731197906730744,-0.29839236687626114,3.4270089580707075,1,0,A,Strong
1.1525578088799084,1.1525341786834966,4.328521234091408,8.466485227354706,-0.24997684480132598,3.7555784193575503,1,0,A,Strong
1.1406846040450118,1.140626384193244,4.343220172440814,8.317166418302623,-0.2490233794897181,3.8075557056167906,1,0,A,Strong
1.1499912499325136,1.1499084708365948,3.9336177077086005,7.558848961645317,-0.3002397839476987,3.4205631633627145,1,0,A,Strong
1.140408617186386,1.1404065621526027,4.1342852170801745,8.110346869626749,-0.22102372983770913,3.6252665533870436,1,0,A,Strong
1.158491270515583,1.1584854442298504,4.059177388915282,7.693737097225503,-0.2599259086900787,3.503848058439627,1,0,A,Strong
1.158242754798287,1.158208366770738,4.231172399957323,7.923057475655823,-0.24023275115008547,3.653096367258693,1,0,A,Strong
1.150063517618148,1.1498840212572417,3.983393264036515,7.855984529143947,-0.28746930492927714,3.4636289239801004,1,0,A,Strong
1.1456677023948905,1.1456670974951597,4.656699074901554,8.863988931185904,-0.1913474642337354,4.064615826358065,1,0,A,Strong
1.1412272137231878,1.1412116024161159,3.870143649299729,7.718733787880058,-0.2660744357075844,3.3912121992548787,1,0,A,Strong
1.1495845513968683,1.1495825688224475,3.9723362339610615,7.729111295413187,-0.23265846378847854,3.4554537368601967,1,0,A,Strong
1.1354472472758894,1.1354261030269344,5.137722151440483,8.796679596673844,-0.2443128319372514,4.524844429159224,1,0,A,Strong
1.1525597900432603,1.1525587922656377,4.410266562851826,8.647993907790951,-0.17151634398434812,3.8264969860576956,1,0,A,Strong
1.1453987348973633,1.1453930933955603,4.185733876621536,8.094622169547073,-0.2156113917899951,3.654390169198686,1,0,A,Strong
1.1366529405447774,1.1366422652840529,4.702083593866842,8.93360534914608,-0.2456597213965419,4.136780389283309,1,0,A,Strong
1.1423014383241805,1.1423004696584853,4.556534271736422,8.858379901494015,-0.2806620947815994,3.988907059787222,1,0,A,Strong
1.1395002191681087,1.1394990007121442,4.054111745543393,7.722332341994284,-0.24497718509023247,3.5577981270623136,1,0,A,Strong
1.1598383463910187,1.1597999569049382,4.289663400648919,8.099995438385204,-0.23536632479537678,3.698501100603149,1,0,A,Strong
1.1552846793234584,1.155240813337076,4.244119123308447,7.872718793162762,-0.24529347295304094,3.6736565448040297,1,0,A,Strong
1.1563442261629358,1.156341077924457,3.8195453761498204,7.618725495214292,-0.20301992555383164,3.3031214146535843,1,0,A,Strong
1.157014153685353,1.1569647922872788,4.026371400693539,7.583789004019485,-0.2956422273286945,3.479967282914069,1,0,A,Strong
1.1556438607610051,1.155613850928113,4.290626777226342,8.110086617469177,-0.16960200297138206,3.712758681901285,1,0,A,Strong
1.1520947058210782,1.1520713402916827,4.119577149992063,8.211486194019695,-0.26585852868231186,3.5757278713090783,1,0,A,Strong
1.1548453239954914,1.1548434700875916,4.032335913857514,8.051182249302737,-0.2599233021198577,3.491667524709358,1,0,A,Strong
1.1559305997839093,1.1559304279812468,4.257293786843636,8.422794234210365,-0.2555297101582332,3.6830012006252786,1,0,A,Strong
1.1483162009660886,1.1482192332039889,4.849386097488227,9.399120672940182,-0.24547028738008425,4.2230407386122355,1,0,A,Strong
1.145493371185795,1.1454645765693914,4.621984943410348,8.442359870909849,-0.23450947773640785,4.034929454568339,1,0,A,Strong
1.1514597291303532,1.1514572556522205,3.899696053999154,7.60234315402076,-0.2486842669839362,3.3867411558929836,1,0,A,Strong
1.1472421264740182,1.1472060168828504,4.0823579888976145,7.950901527906392,-0.21736121837108158,3.558410116480384,1,0,A,Strong
1.150723869133061,1.15069629519832,4.3310507941210465,8.348267307450982,-0.23374461988588324,3.7637620199744344,1,0,A,Strong
1.1303256604978111,1.1303243344493579,4.288242581188306,8.253766754257645,-0.24068784789346997,3.7938115810798316,1,0,A,Strong
1.1549228639515685,1.1548190511188217,4.476119812799681,8.184714986424616,-0.22079549082226757,3.875687245020535,1,0,A,Strong
1.1562815924653644,1.1562797254954136,4.414563352878045,8.553555146813242,-0.23968291994466773,3.817896420426048,1,0,A,Strong
1.1529555767410502,1.1529340246733084,4.4899861328853525,8.61947628127837,-0.26297408476453654,3.8943270872384943,1,0,A,Strong
1.1511341902158982,1.1511189906974735,4.870063813807306,9.179688982747816,-0.2136904530924859,4.230665595028424,1,0,A,Strong
1.1342766431701703,1.1342230252444896,3.9321270700584314,7.779706815149394,-0.21423966106768333,3.4666384904731857,1,0,A,Strong
1.1458100877926085,1.1458043282365893,3.989936475420655,7.947450777658302,-0.3010496422750726,3.4821970219403697,1,0,A,Strong
1.13977945124915,1.1397406709139957,4.101100412102868,8.027299526986958,-0.271741034900729,3.5981526141818367,1,0,A,Strong
1.1439225082551323,1.1439121131668788,4.331288646700722,8.302861850486982,-0.2003762177310171,3.786347952281661,1,0,A,Strong
1.1572937865593007,1.1572704023919242,4.041028588126221,8.028756089793252,-0.1848956754924007,3.4917914837687203,1,0,A,Strong
1.1457228470873184,1.1457153148876107,4.084462123189672,7.7092272413169045,-0.2155157773956864,3.564965238821309,1,0,A,Strong
1.153343051272494,1.1532275611090248,4.716845714276841,9.119417495007484,-0.17697577195063907,4.089716159535276,1,0,A,Strong
1.1504034151828297,1.1503917553659753,4.506740143330891,8.28170548485752,-0.19538380170476177,3.917530219270646,1,0,A,Strong
1.1588902826669216,1.1588693723170347,4.509033057913034,8.467141635954157,-0.25586209539141835,3.8908196274944364,1,0,A,Strong
1.1407351991618302,1.1407173376739421,4.422194702122509,8.721096553358242,-0.17302243164015474,3.8766180839968585,1,0,A,Strong
1.1482741299417991,1.1482741298927697,4.116638680323344,7.985860669148885,-0.27443425978618086,3.585066120519495,1,0,A,Strong
1.1502670483702127,1.1502603146474077,4.093015963720681,7.983601473289784,-0.2545708818884185,3.5583180179941545,1,0,A,Strong
1.1376465279852945,1.1376464208269674,4.046772093053981,7.893406193927954,-0.20754765449840162,3.557143623705843,1,0,A,Strong
1.14840522350965,1.1482980590908738,4.253360072752146,8.028039687562424,-0.26592622418319456,3.7037101414023703,1,0,A,Strong
1.1564158266030646,1.156398987046971,3.8010642112506856,7.484943541017829,-0.21553961738737604,3.286935480999247,1,0,A,Strong
1.147434298187486,1.147429285209172,4.083470697804616,7.900141865392966,-0.21136394506453948,3.558783892249832,1,0,A,Strong
1.148988171407887,1.1489695979935879,4.109188639704913,7.9992422232958695,-0.20535813398946834,3.576354171400921,1,0,A,Strong
1.1591065881595488,1.1589900967106679,4.026232461930746,7.880149067186072,-0.28799375950578154,3.473565333041264,1,0,A,Strong
1.1432001278319193,1.1431941899574807,4.264031453582,8.32541958607329,-0.1778593606069112,3.729908132243426,1,0,A,Strong
1.1586966909446523,1.1586364196787193,4.085531883206081,7.923395907047875,-0.24722520321266828,3.5259718225960097,1,0,A,Strong
1.1487110507814864,1.1487103782669748,4.354724967817528,8.370056694088962,-0.1795761543608223,3.790966374751022,1,0,A,Strong
1.1458900558680734,1.1458854447757325,4.009782828655376,7.634773948983058,-0.21361191664681956,3.4992736066792633,1,0,A,Strong
1.1384485230283834,1.1384415324304993,4.8877419441713394,9.045634351015211,-0.2549606821785009,4.293335926309142,1,0,A,Strong
1.146482558624402,1.1464761528532597,3.933648099585755,7.74423799949051,-0.1960307181593799,3.4310579519897026,1,0,A,Strong
1.1434727373547422,1.1434233353813832,4.035488043753521,7.767761090754517,-0.28129551331441416,3.529151078047593,1,0,A,Strong
1.1601900183875313,1.160126414438246,4.499197932576902,8.742736306339248,-0.23576765924013499,3.8779836589441,1,0,A,Strong
1.155385919833743,1.1553682473725182,4.268538269550059,8.210832518578691,-0.24710194294316423,3.694469697332204,1,0,A,Strong
1.159281331752271,1.159240345743152,4.214695384304378,8.372654909198566,-0.27525191303320407,3.635610501838931,1,0,A,Strong
1.152425942863034,1.152425406942455,3.9264332827934183,7.702925936820776,-0.2734475329430621,3.4071024755298103,1,0,A,Strong
1.1471450262573164,1.1470851567906208,4.4104056236948255,8.406286269849172,-0.2324727706885672,3.8446800733506614,1,0,A,Strong
1.1451200539683286,1.1451195724880487,4.124329452853443,8.223611883558782,-0.24288074495192813,3.6016568206633752,1,0,A,Strong
1.1517204391402542,1.1517181650325081,4.0694159249357345,7.9531793895371745,-0.20593470795954438,3.533336551683936,1,0,A,Strong
1.1556368084855515,1.1556339127189597,4.187588133635391,7.945762116827257,-0.22580525275344998,3.6236195514775753,1,0,A,Strong
1.1596946013653981,1.1596860773344404,4.695948292055843,9.25375809570858,-0.12474065448578475,4.049297363742954,1,0,A,Strong
1.151644716093952,1.1516249254830466,4.26765677740031,8.230530042687842,-0.24494191012086963,3.705706037427042,1,0,A,Strong
1.1422301728805144,1.1422265177006994,4.395633084593127,8.506343255600893,-0.1507129965570826,3.8482901160876115,1,0,A,Strong
1.1418579405579756,1.1418489606355637,4.1546415360608915,8.302473495854288,-0.18809572033220423,3.638492485353039,1,0,A,Strong
1.1492671760631044,1.1492638007192368,4.4524685169306295,8.42122637710344,-0.179896270859365,3.8741805297031746,1,0,A,Strong
1.14847372566562,1.1484345383547498,4.350101824119308,8.181163670027317,-0.2397656743346115,3.7877242873781234,1,0,A,Strong
1.1442888155817255,1.1442857602995908,4.387133765591189,8.319201141423395,-0.24714931802414064,3.833939216963236,1,0,A,Strong
0.9331801023546208,0.9331581499670665,2.923202922614916,5.843018090909044,-0.5160396538194592,3.13251741570467,1,5,A,Strong
0.9344364790929356,0.9344317283268625,2.9329746650309385,5.761196026009336,-0.5473143719824147,3.1387630199090673,1,5,A,Strong
0.9352770076483826,0.9352730733737598,2.7976133835724415,5.548141685935413,-0.5693308225324061,2.9912136839615373,1,5,A,Strong
0.9371521474616114,0.9371450769600751,2.956695167985033,5.81160413744365,-0.5190331593809798,3.154978811064559,1,5,A,Strong
0.9331904153390235,0.9331873837526014,3.4130870871541186,6.179155347881461,-0.5184269369166148,3.6574390725114347,1,5,A,Strong
0.9369515967541753,0.9369514219829431,2.8808142180449314,5.624430058426264,-0.5431048999343884,3.0746670671406737,1,5,A,Strong
0.9377486972550904,0.9377347717999575,3.270469368370246,6.224500659989095,-0.5269167769122127,3.487575485781346,1,5,A,Strong
0.9322152890224746,0.9321102863542056,2.8121315652438152,5.600752154334604,-0.49873096351763335,3.0166117187292967,1,5,A,Strong
0.9294270888212164,0.9294242122164187,3.083113553437097,5.999998093408056,-0.5007325778581908,3.3172193822620137,1,5,A,Strong
0.9303686465886573,0.9303674847101117,3.109647505222298,5.958077408131505,-0.5830899530386988,3.3423820940487503,1,5,A,Strong
0.9350387662493856,0.9350386188841178,3.213366651594706,6.225915236596474,-0.506057913551444,3.4366132908950044,1,5,A,Strong
0.9344351905856679,0.9344316882188723,3.221613966726851,5.999545886302865,-0.5215716159760433,3.4476590770384705,1,5,A,Strong
0.9395692143937414,0.9395684000423311,3.0825660892010642,5.869348025041347,-0.5079574284344126,3.28082917360175,1,5,A,Strong
0.9331896293857574,0.9331886758475902,3.2489792708017404,6.208953587890088,-0.5497078593091032,3.4815852732314205,1,5,A,Strong
0.9283695414073858,0.9283676741388092,2.9724404183604154,5.7586364038278965,-0.5354698588358104,3.20178580380208,1,5,A,Strong
0.932972858269293,0.9329715536629348,2.7504758457645746,5.352887941221367,-0.5721613895110287,2.9480770221620727,1,5,A,Strong
0.927578036613781,0.927575597177157,2.932307078099334,5.6770640400769885,-0.5351737011852067,3.1612510886997955,1,5,A,Strong
0.9274254297344289,0.9274188173222915,3.08655065396037,6.169944345286417,-0.5642241829012558,3.3280849920669238,1,5,A,Strong
0.9342447300964415,0.9342441309242197,3.325479168433022,6.454737829136453,-0.5316314834386828,3.559537518707475,1,5,A,Strong
0.9319829402028523,0.9319727103932127,3.0370355344257085,5.934040735797895,-0.534410532478955,3.2586814665992465,1,5,A,Strong
0.9336700069567919,0.9336390716327639,2.8913115887483847,5.650269972316944,-0.5363728945282022,3.096716792019847,1,5,A,Strong
0.9334829523123076,0.9334828013500001,3.258408426283812,6.193878359646108,-0.5529937225129196,3.4905923222405817,1,5,A,Strong
0.9446462455348561,0.9446461088118882,2.9090730027494676,5.616096532974172,-0.5618014311018364,3.0795369340639875,1,5,A,Strong
0.9281786527232164,0.9281734443920587,2.913117623106756,5.768639875860455,-0.5596924246822916,3.138531159448514,1,5,A,Strong
0.927645668712129,0.9276364042588287,3.1345862333996712,6.043633913964808,-0.5302784491189323,3.3790770971328814,1,5,A,Strong
0.9342608324770508,0.9342527730760403,2.887033150115342,5.624609207824997,-0.54096901703823,3.0901789412072556,1,5,A,Strong
0.9388557271444021,0.9388293881345326,2.934546198733811,5.733244004194459,-0.5588192357744757,3.12566256336258,1,5,A,Strong
0.92424833654648,0.924246833263629,3.0524379340259857,5.977728180869011,-0.5394303616695146,3.3026166381122617,1,5,A,Strong
0.927662214719362,0.9276619774859427,3.2059360458470607,6.050156109855689,-0.5294259629895604,3.4559303968383857,1,5,A,Strong
0.9333019801329825,0.9332947968946753,2.9511740350697355,5.652231797497727,-0.5543941220122952,3.1620784032293967,1,5,A,Strong
0.9463341328260951,0.9463286770046778,3.019433037347415,6.034601974479969,-0.5544935103908548,3.190662719023247,1,5,A,Strong
0.9384140043046036,0.938356305629464,3.0009731087048963,5.995554939174777,-0.545048028993715,3.1979202089260363,1,5,A,Strong
0.9365670746515066,0.9365610072160528,3.1043361174003308,5.884218688861258,-0.5103746726570328,3.3145902748667986,1,5,A,Strong
0.9367323274248998,0.9367025467000586,2.8218324271573354,5.64022443171991,-0.5542061209174411,3.0124213124090873,1,5,A,Strong
0.9308613311174737,0.9308587055642041,2.9052507920671347,5.759006586012467,-0.4970045071619613,3.1210349973174414,1,5,A,Strong
0.9329128193220556,0.9329128098798768,2.898317755859,5.676200406081123,-0.5854948462010094,3.1067401967583606,1,5,A,Strong
0.9331446554472687,0.9331434911865282,2.8913112493992945,5.753367236367318,-0.546343327386098,3.098459850272036,1,5,A,Strong
0.9307545203940961,0.9307535884373881,2.8936486522698854,5.624390321392537,-0.5443425072721069,3.108927852474645,1,5,A,Strong
0.933798337442783,0.9337964280315157,2.9470277011432673,5.776926859437848,-0.5178485222689964,3.155957322877373,1,5,A,Strong
0.927792249985332,0.9277353678720615,3.1903312724842,6.213564341573827,-0.5680575725550199,3.438626775050813,1,5,A,Strong
0.934529283085144,0.9344961111192218,3.2051439289836257,6.079325382458755,-0.5539373516767334,3.429688065421068,1,5,A,Strong
0.9338990593041984,0.9338984210889816,2.8758642719652623,5.730397934960372,-0.5611984828576584,3.079416606445589,1,5,A,Strong
0.9362972933632936,0.9362606545833583,2.9995677665784894,5.620815254905601,-0.5545584802691916,3.2036488707594977,1,5,A,Strong
0.9338239289014724,0.9338201504417053,3.0095429569831893,5.963984715733909,-0.48808259300368206,3.2228162760013466,1,5,A,Strong
0.9318679479045459,0.9318090770303743,3.193397161601669,6.3041158310575085,-0.47081440842856637,3.426877347571116,1,5,A,Strong
0.9330537902655666,0.9330507273661511,2.8454339938122972,5.595389775816154,-0.5631963354388363,3.0495926638939297,1,5,A,Strong
0.9295632214743165,0.9295318081053333,3.258507172628791,6.366903914185691,-0.4966198470331915,3.505417487861338,1,5,A,Strong
0.935216815281975,0.9351957698039111,3.033416927035125,5.844677851696491,-0.5356464677173123,3.243544039700063,1,5,A,Strong
0.9320982659600557,0.9320982366817793,3.051165035919425,5.8790607965027135,-0.5568512792263318,3.2734370906448826,1,5,A,Strong
0.9369673584567267,0.9369606349686581,2.972012004577958,5.775327408674837,-0.5470090405055101,3.171948283740792,1,5,A,Strong
0.9287326771340224,0.9287276399430486,2.978869348205615,5.75984786790058,-0.5460391416991879,3.20745616208758,1,5,A,Strong
0.9303836391224658,0.9303725114015362,3.0189529158600834,5.956552832214987,-0.5404300155670692,3.244847382212727,1,5,A,Strong
0.9287860212484129,0.9287783508298239,3.0137961022046484,5.689593918070169,-0.5713366886848181,3.2448766812335337,1,5,A,Strong
0.9294293217653785,0.9294275578050739,3.1957006318964387,5.933207399616832,-0.5416542127390209,3.438347120173113,1,5,A,Strong
0.9321485082045483,0.9321349886826309,3.4197477517074715,6.1468625295742605,-0.5685427211899916,3.668672664932325,1,5,A,Strong
0.9333970740292584,0.9333845818013989,3.1467190577884256,6.084272643836553,-0.5327451728355914,3.3712544696597027,1,5,A,Strong
0.9364228911148865,0.9364127512809697,3.019302755738593,6.008736244155186,-0.5406908396857504,3.2242940496081545,1,5,A,Strong
0.9324718626697444,0.932469855387734,3.279024164583185,6.219493368727792,-0.587505532442786,3.5164859078911683,1,5,A,Strong
0.9376347236549453,0.9375874876640224,3.169592986053747,6.074612013746564,-0.5185058152753763,3.380413402031999,1,5,A,Strong
0.9336732145726555,0.9336439330406751,2.931166904107579,5.673907264935372,-0.5910819699839966,3.139392732230389,1,5,A,Strong
0.9317427467301366,0.9317396436202533,3.5166761254317658,6.265232932303384,-0.5333951422128185,3.774299438094055,1,5,A,Strong
0.938730677306779,0.9386753812628128,3.074891643143133,6.137585919449375,-0.5249211870398485,3.2755844860263927,1,5,A,Strong
0.9306570786048886,0.9306568520659502,3.0552997502176344,5.889768573145572,-0.4923871685534169,3.282949026506857,1,5,A,Strong
0.9294367001717329,0.9294347664965432,3.005752697665301,5.802121702050963,-0.5422070070172644,3.2339509480418895,1,5,A,Strong
0.9332893337699125,0.9332893259211187,3.0819945068591412,5.922315737042998,-0.5223603677292963,3.3022926496007265,1,5,A,Strong
0.9276403783098958,0.9276327985614207,3.1128847712353163,5.878610254992598,-0.537212502576621,3.3557021061403156,1,5,A,Strong
0.9339948102648531,0.9339919620983554,2.902654004814988,5.751345345211595,-0.5208198769265091,3.107783868726082,1,5,A,Strong
0.9340047720156535,0.9339818717010655,3.256077778706727,5.997708941469963,-0.5504642687649581,3.486146833789578,1,5,A,Strong
0.9362039377642296,0.9361937039936147,3.2625181698752597,6.161546387796528,-0.5508001521378687,3.484837051280253,1,5,A,Strong
0.9277764805284633,0.9277687599790634,3.3272773069503927,6.129377481536259,-0.5631471458717443,3.5862919321420708,1,5,A,Strong
0.9383118058228611,0.9383118014779221,2.976701004364207,5.76872120805748,-0.5116057527284497,3.1724006730936973,1,5,A,Strong
0.9249032380297146,0.9249010968806363,2.804519251766397,5.558633096221181,-0.5331693871937166,3.032229898708924,1,5,A,Strong
0.9365024451159331,0.9364907809142713,2.9145619659189146,5.692064374806724,-0.5488369068706298,3.1121776361813027,1,5,A,Strong
0.9427105215956788,0.942709714737612,3.0724371107730057,5.762792304921646,-0.5586321645869208,3.2591522428034914,1,5,A,Strong
0.9308991209650164,0.9308845808062698,3.1902040247932053,6.026384426113381,-0.5418870558512481,3.4270136827351183,1,5,A,Strong
0.9324462599044442,0.9324461726624722,2.9164139067017594,5.6597910008023895,-0.5124398041361014,3.127701865628835,1,5,A,Strong
0.932301820780438,0.9322999820598732,2.969481986078831,5.731782255407534,-0.556062752613852,3.185107998172793,1,5,A,Strong
0.9355047053979175,0.9354954289844117,3.2788097450231115,6.130413429313474,-0.540581884397596,3.504856497358255,1,5,A,Strong
0.9333830190520418,0.9333556862557868,2.9347788397899466,5.795608536190982,-0.5421755414643874,3.144238517185103,1,5,A,Strong
0.9325517440007455,0.9325506415427866,3.48566219487854,6.37459395007315,-0.5044942320954124,3.7377681370523,1,5,A,Strong
0.9256863061890908,0.9256861759493152,3.024194497985895,6.025856049776342,-0.5389529474334451,3.266975516183276,1,5,A,Strong
0.9298389448246784,0.9298379256553596,2.916850576557561,5.614946282627777,-0.535142263653686,3.1369417174794014,1,5,A,Strong
0.931328039517407,0.9313221108095331,2.8915510883568833,5.734802727767335,-0.54990613954809,3.1047611213930804,1,5,A,Strong
0.9371090824418161,0.9370982173509467,3.202622957484491,5.9287832981149595,-0.5392561231588355,3.417556202890967,1,5,A,Strong
0.93221009132843,0.932210031000393,3.0851976783348767,5.987900031905788,-0.5152680012894959,3.3095518993345894,1,5,A,Strong
0.9359820431883891,0.9359769293492174,2.9388237552068652,5.705091120295108,-0.5535880506987123,3.1398292056927377,1,5,A,Strong
0.9295991399151892,0.9295924530691487,3.334924300478292,6.522913069563493,-0.5527749328345073,3.587486430745353,1,5,A,Strong
0.932197891565942,0.9321907901847363,2.9658562726819775,5.769820404005671,-0.5544538607233567,3.181573676056934,1,5,A,Strong
0.93563032816463,0.9356267869885815,2.9614724502151493,5.800973955753105,-0.5956534221449288,3.1652163905636668,1,5,A,Strong
0.9251749104628884,0.925160089675139,3.111999536227704,6.081109261613472,-0.47238113554877925,3.3636877751804706,1,5,A,Strong
0.9358396854709412,0.9358342627048114,3.069344909366512,5.96933281538826,-0.5382363434261981,3.279776394417309,1,5,A,Strong
0.9409686978914172,0.9409511808140878,2.9361411123976584,5.7981909295013345,-0.5368658381029681,3.120338773199524,1,5,A,Strong
0.9307745759084959,0.9307741993914973,3.0469628396535526,5.960031705434757,-0.5322018201279386,3.273577640084895,1,5,A,Strong
0.9344093811032554,0.9344043851881599,2.7211693268717014,5.394730599040985,-0.5574489856555203,2.9121810866868887,1,5,A,Strong
0.9401204205918173,0.9401182921301343,2.988399342624475,5.65444673150792,-0.5750914192835461,3.178741017819016,1,5,A,Strong
0.9335881760933008,0.9335212933195068,3.109328985745905,5.811910931803725,-0.574006829622379,3.3305145302473984,1,5,A,Strong
0.9384078409908418,0.9383930947324857,3.241571716107309,6.030077646239846,-0.48064687235134684,3.4543314479177973,1,5,A,Strong
0.9306433403319534,0.9306432041407714,2.991418069878611,5.950280258301655,-0.511286452420054,3.2143549953428936,1,5,A,Strong
0.9319493115449824,0.9319379011887882,2.78200676804503,5.544390112330278,-0.50351768299763,2.985148155142718,1,5,A,Strong
0.9267727849664049,0.9267635614977681,3.176797099609069,5.917855629842733,-0.5600290276781457,3.427805769808213,1,5,A,Strong
0.8554275325668911,0.8554160313073137,2.6317910541373246,4.9790616224667605,-0.7736085693706256,3.07657978489432,1,10,A,Strong
0.8536695473677001,0.8536558954995962,2.5768179943852885,5.055716275768621,-0.762653715502613,3.0185192880909675,1,10,A,Strong
0.8470133861366865,0.8470132786809373,2.4943230819792594,4.859103425548896,-0.7395562995736067,2.944844937287377,1,10,A,Strong
0.849613877672978,0.8496138530469537,2.8039284445652246,5.123721799559483,-0.7400439087977579,3.300238518048872,1,10,A,Strong
0.8477383774014451,0.8477332152510838,2.6278937703775247,4.81073984775953,-0.7903187794183957,3.0998877017137683,1,10,A,Strong
0.851176479053963,0.8511760536496813,2.53376992072637,4.825630455074492,-0.7754935276052839,2.976785640907887,1,10,A,Strong
0.8543218702779632,0.8543200468852419,2.4173331309591064,4.675783533547002,-0.7690543367273137,2.8295344120976322,1,10,A,Strong
0.8517675811932462,0.8517602246637784,2.7157225409019006,4.990549478844781,-0.788670319570723,3.1883375240666343,1,10,A,Strong
0.8562800540266738,0.8562588077864106,2.4220199308062744,4.803875382741641,-0.772186030175122,2.828537135037396,1,10,A,Strong
0.8544224557967328,0.8544078997369366,2.441120592718069,4.85730384886872,-0.7732469929355559,2.857041708298467,1,10,A,Strong
0.8507159512992163,0.8507119097566322,2.4636383198650047,4.826236255785105,-0.7660693236251088,2.8959587699073093,1,10,A,Strong
0.8512106644038573,0.85118668255848,2.514656388803026,4.891715135580796,-0.7651727815796803,2.9542115647295817,1,10,A,Strong
0.8564009425995929,0.8563999073124302,2.6959032663663858,5.108632581580929,-0.7844874301827494,3.147945234837096,1,10,A,Strong
0.8555622371635246,0.8555622346719244,2.451155816806199,4.851467748580573,-0.7657903636349706,2.864964943909401,1,10,A,Strong
0.8511220623212619,0.851115761317132,2.517015914084401,4.9192594068906015,-0.7711177867212471,2.957291351630286,1,10,A,Strong
0.8508078150520717,0.8508046073466927,2.519735470438836,4.79939622268204,-0.7785277337778043,2.9615800723276404,1,10,A,Strong
0.8591811345504363,0.8591808029398662,2.4747031031291096,4.781579157373113,-0.7681521817512689,2.8803042846418987,1,10,A,Strong
0.8528917051020435,0.8528873416906013,2.4582636637917803,4.915926127037533,-0.8031494174443043,2.8822694007765777,1,10,A,Strong
0.8501444927841403,0.8501440733348665,2.4059145831531574,4.733971080739133,-0.7530880507863662,2.8300066677771705,1,10,A,Strong
0.8542263417779129,0.8542263130513452,2.5114125749145217,4.913952168791917,-0.7820506440681454,2.939984933837892,1,10,A,Strong
0.8550346546179625,0.8550282986101082,2.4276911103727046,4.831847352670085,-0.7717455766483483,2.8392897261660344,1,10,A,Strong
0.8539327628670966,0.8539327491363802,2.3495555571420677,4.626880232164073,-0.7825219220805377,2.751452642774107,1,10,A,Strong
0.8521737990921955,0.8521617075617357,2.6936023861502227,5.021406159786073,-0.7831362709097651,3.1608603655963914,1,10,A,Strong
0.8497719456853299,0.8497550535237502,2.6421676588346026,5.113474103969894,-0.7548834755408933,3.1092667535684875,1,10,A,Strong
0.8528577385636555,0.8528486784502816,2.7528670215003412,5.182889193059045,-0.746465015835311,3.2278150235660585,1,10,A,Strong
0.8531750043602536,0.8531717947081083,2.811849753507198,5.199289730233358,-0.7570595110922875,3.295747928780029,1,10,A,Strong
0.8539105980957677,0.8539017333725778,2.5650651199658023,5.046464957588281,-0.7650050510109119,3.0039036003135835,1,10,A,Strong
0.8495055161653456,0.8494805868572114,2.7474866281504506,5.181203174685891,-0.7696533335736011,3.2342187023723654,1,10,A,Strong
0.8534241054396562,0.853392326342689,2.3756861608031796,4.725627933475138,-0.7727188424253679,2.7837111064249864,1,10,A,Strong
0.851717679366532,0.8517134549199964,2.423512604986988,4.583101288486688,-0.7846960472914781,2.8454412344586815,1,10,A,Strong
0.8582336046522628,0.8582331695113619,2.293358717790522,4.555784909411529,-0.7885202332021013,2.67218471213294,1,10,A,Strong
0.855680792656979,0.8556795149938397,2.5709754622007304,4.849174564519389,-0.781527899191929,3.004596438606014,1,10,A,Strong
0.8512850699666951,0.8512799008488809,2.5768349834593725,5.078580294927504,-0.7698569522074643,3.026994216590908,1,10,A,Strong
0.8519214108807515,0.8519134807065757,2.362659011923097,4.701192398298398,-0.7810965039287403,2.773329771675163,1,10,A,Strong
0.8504027753216403,0.8504000867786453,2.5499436101063724,4.974215277059384,-0.7398377221681001,2.998512803702845,1,10,A,Strong
0.8553893712198583,0.8553840099643403,2.4685628620241475,4.928123803832645,-0.7844714749902941,2.8858937754905303,1,10,A,Strong
0.8529073185445765,0.852906728910902,2.521840871272123,4.853239535650664,-0.7530800363282633,2.9567583914925937,1,10,A,Strong
0.8518610393922215,0.8518559915724707,2.6008904712896497,5.1386166655664764,-0.7477782641517363,3.053186319150493,1,10,A,Strong
0.8508647657506013,0.8508647484871927,2.3420612570409842,4.68154638347573,-0.7962398485999325,2.7525658028334323,1,10,A,Strong
0.850041749682608,0.8500363723107267,2.385299316050893,4.760300504716488,-0.7680195308668454,2.8060966616540015,1,10,A,Strong
0.8570325324317777,0.8570315307832823,2.482128995356434,4.7259653744761225,-0.7634351057363089,2.896189936120096,1,10,A,Strong
0.8534326826316811,0.8534309740753172,2.3876087073229715,4.7252846000750335,-0.7469647305777491,2.7976532372306626,1,10,A,Strong
0.852762637271384,0.852759761934822,2.5364372329810063,4.991038698811758,-0.7601424772885808,2.9743765992104647,1,10,A,Strong
0.8580919050170995,0.8580915536435906,2.6180246390502466,5.037019617484949,-0.7634132343438194,3.0509839607426157,1,10,A,Strong
0.8555661211818189,0.8555640311435411,2.5665560502852305,5.012726359397652,-0.7907667170073558,2.999833661879891,1,10,A,Strong
0.8499963234415446,0.8499960841723652,2.621318057388865,5.070349139672251,-0.7626056976884277,3.083916935987943,1,10,A,Strong
0.850847012073026,0.8508438376692763,2.44406186516709,4.724460600764785,-0.7543117469834093,2.872504493154784,1,10,A,Strong
0.8507427607588208,0.850742329931526,2.503703853223701,4.898584452192555,-0.7668865676075063,2.942962278033985,1,10,A,Strong
0.8539936286556697,0.8539878622484208,2.5205643231282857,4.892818061163255,-0.7675443102878243,2.951502491998775,1,10,A,Strong
0.8543854299276191,0.8543841764693187,2.5071989240013934,4.756507097590175,-0.7711512453243232,2.9345057115660267,1,10,A,Strong
0.8529489224262901,0.8529486643852923,2.8358682007756344,5.241029296635434,-0.7531789965837707,3.3247808001313275,1,10,A,Strong
0.8529015895764199,0.8529012384503191,2.629891414561117,5.093487155705088,-0.7867019794241319,3.083464079211309,1,10,A,Strong
0.8538845075380372,0.8538841937615317,2.5690934657289453,5.093782226863285,-0.7627054993043196,3.0087130555117865,1,10,A,Strong
0.8494116291680261,0.8494057980694651,2.3823795250381132,4.762023514370749,-0.7812379890483285,2.8047408856075875,1,10,A,Strong
0.8498559208349843,0.8498559207643892,2.4985965656528633,4.9802534049919505,-0.7735978413008131,2.9400237197829835,1,10,A,Strong
0.8502987339713007,0.8502898570352776,2.384008309991764,4.694386790870789,-0.7956074693787327,2.8037302829528015,1,10,A,Strong
0.856284376583562,0.856284376555356,2.4732990477893955,4.878036344769564,-0.7632305827857664,2.8884084720282575,1,10,A,Strong
0.8551494270416242,0.8551493162934696,2.6692888246960402,5.028223000198457,-0.7613743648975211,3.121429706069502,1,10,A,Strong
0.8552106376855872,0.8552081582421618,2.4068634764034478,4.680271600458337,-0.7668048826767384,2.8143516583435155,1,10,A,Strong
0.8487431818545255,0.8487304129978759,2.5087624532392434,4.799605343528995,-0.7927343015026729,2.9558557958103813,1,10,A,Strong
0.8532041917769171,0.8531702582723961,2.501129278194685,4.91410261057544,-0.7447718429978982,2.9314545126480605,1,10,A,Strong
0.8541504090962035,0.8541275755412564,2.358664154291971,4.699890453401945,-0.7723061038694818,2.76141547106174,1,10,A,Strong
0.8516756867023378,0.8516498160072462,2.4096113319993218,4.798780647753169,-0.7779932131789562,2.8292592704263555,1,10,A,Strong
0.8523510598578564,0.852328790123572,2.480478260648991,4.807525841080361,-0.764037668178954,2.910160352311466,1,10,A,Strong
0.851519399759621,0.8515132408471087,2.511955844030613,4.9642941259304525,-0.7724894010235905,2.9499690139058763,1,10,A,Strong
0.8505088442927292,0.8505040455274211,2.461006063486707,4.7591866156699645,-0.7666601890864184,2.893569043991828,1,10,A,Strong
0.8552592256421793,0.8552560335061167,2.5340163030578613,5.047025100444422,-0.7571688818787319,2.9628634536566056,1,10,A,Strong
0.8516365576549322,0.8516352753415662,2.720321007885426,5.0725311781550015,-0.7586934897206681,3.1942276120415807,1,10,A,Strong
0.8544745729222086,0.8544649859154382,2.5224271663383684,4.907692902789671,-0.7709401168653955,2.9520213313217107,1,10,A,Strong
0.8506520733420208,0.8506494095956032,2.4718521767487514,4.821698131631404,-0.7652764623169146,2.9058321894607273,1,10,A,Strong
0.855008902629149,0.8550054412741049,2.509183790992798,4.895390187033058,-0.7822009789661006,2.934687326970594,1,10,A,Strong
0.8521006014568899,0.8520912339228781,2.471720373258332,4.808803005264465,-0.7792969581423606,2.9007377403938883,1,10,A,Strong
0.8511390256830174,0.851137675994082,2.448167015580503,4.808048388310579,-0.7797296568428851,2.876342103589847,1,10,A,Strong
0.8544828731616742,0.8544624885456488,2.3880388964425343,4.736168880860936,-0.7486354037506016,2.794718269315973,1,10,A,Strong
0.853189801140484,0.8531708211032814,2.3773269968445403,4.746058063512149,-0.790253814750201,2.7863987516806894,1,10,A,Strong
0.8481308810413389,0.8481308388760034,2.591528990587825,4.8097053567350105,-0.7716307659812882,3.0555767376444707,1,10,A,Strong
0.8517636332976016,0.8517351073199502,2.4521070506485723,4.8389014235229375,-0.7691716494570806,2.8788585879808504,1,10,A,Strong
0.8515550711103691,0.8514822513127556,2.4831944823561685,4.777353962961086,-0.772722622058029,2.916070336024485,1,10,A,Strong
0.8533587441671875,0.853357916229257,2.422131911951177,4.788957528198926,-0.7629521863436008,2.8383513129814957,1,10,A,Strong
0.8550873850920647,0.8550751641848667,2.43381822481857,4.77587828906506,-0.7825259138856637,2.8462801197289656,1,10,A,Strong
0.8518502135186284,0.8518491047556489,2.471663770837049,4.744966095279417,-0.7841415035685122,2.901523920065318,1,10,A,Strong
0.8512882659813521,0.8512865675279148,2.387451383249933,4.6598449452774275,-0.7751969448133798,2.804515789369792,1,10,A,Strong
0.8517720995560982,0.8517684188426972,2.5017149407392383,4.9649456276354,-0.7593048241606342,2.9370707752026735,1,10,A,Strong
0.8557530357367443,0.8557497776552626,2.3683373298648798,4.677316753078713,-0.7838996163307379,2.7675476813540074,1,10,A,Strong
0.8545134582112816,0.8545132110846972,2.5258937867450335,4.861081537331421,-0.7770584105279283,2.955943832683905,1,10,A,Strong
0.8485588574164318,0.848557966881225,2.404974643478841,4.687860303190314,-0.77350317272428,2.8341871897974844,1,10,A,Strong
0.8551668543969991,0.8551575198819651,2.840743657675377,5.038147425385786,-0.7724982181768945,3.321858936731664,1,10,A,Strong
0.8557310625067247,0.855727493412686,2.506687828379279,5.008619049360846,-0.7766966082508824,2.9292939548511248,1,10,A,Strong
0.8541194394633,0.8541131098756846,2.4476881459586974,4.809312947539153,-0.7689310662946478,2.8657445702169504,1,10,A,Strong
0.8524621892307984,0.8524543259435663,2.393709876809973,4.749792575543524,-0.7773774910245397,2.8079953657180825,1,10,A,Strong
0.85277606172867,0.8527759751689982,2.532297051860909,4.925163907294663,-0.7631158259214419,2.9694748310918424,1,10,A,Strong
0.8550506591572252,0.8550235618302694,2.5512603526306075,4.909028383405852,-0.7633846590919084,2.983753448181935,1,10,A,Strong
0.8511014965302769,0.8510994510223971,2.368171720711988,4.617253566852247,-0.785068444163262,2.7824786237204595,1,10,A,Strong
0.8545610381611926,0.8545595959716876,2.445473010699783,4.876836190744262,-0.7870958205952179,2.8616715500648686,1,10,A,Strong
0.8489923072327044,0.8489825874784251,2.5538960360950913,5.0018917783358186,-0.7566346778868374,3.0081497963385924,1,10,A,Strong
0.8511450088611844,0.8511297419903965,2.697393929188434,5.062956282282071,-0.7540984688304104,3.16913557749401,1,10,A,Strong
0.8522769448356141,0.8522711356108521,2.4446633590020004,4.869304362051762,-0.7429410736727724,2.868390813356477,1,10,A,Strong
0.8523982627833812,0.8523956375692239,2.4574058268979253,4.853833337500704,-0.7695782005686471,2.882931528829761,1,10,A,Strong
0.8532147260448478,0.8532100519943988,2.5687716687753985,5.100808152356466,-0.7529983882456004,3.0106977650083073,1,10,A,Strong
0.8498987943469823,0.8498940611502256,2.4124717206051,4.805651934210392,-0.7669346908357739,2.8385399963518205,1,10,A,Strong
0.8162126567355598,0.816210097410059,2.1320910052681175,4.241953955165361,-0.9173278679646804,2.6121758682294995,1,20,A,Strong
0.8174260211648718,0.8174226034037039,2.0491311219596495,4.048239321234928,-0.9184341669688543,2.506809263350264,1,20,A,Strong
0.817308226477122,0.8172991635147508,2.1898104234181237,4.201637903847368,-0.9047918359038873,2.6792957081283224,1,20,A,Strong
0.8181887946852778,0.8181857162178836,2.1151026071300505,4.191945610065704,-0.9125525053376098,2.585103365958024,1,20,A,Strong
0.8168042733760336,0.816801340333343,2.128245568860138,4.241811233675015,-0.9105031380082602,2.6055759479117633,1,20,A,Strong
0.8172885991544946,0.8172878362234285,2.0791553576500506,4.117030280866651,-0.9104138224078846,2.54396716141763,1,20,A,Strong
0.8184354982760712,0.8184289965143121,2.0517696523836966,4.054947553974486,-0.9155603844791971,2.506941178266931,1,20,A,Strong
0.816911196056159,0.8169064194554723,2.079112121341563,4.117200274516524,-0.9179425059388566,2.5450895169254517,1,20,A,Strong
0.8174595452132085,0.8174542985509388,2.1152737463759443,4.210479480910534,-0.9102384857487449,2.587618872104848,1,20,A,Strong
0.8176402642743263,0.8176352174432534,2.0752179313030386,4.113914034620583,-0.9162737167924151,2.538057409813153,1,20,A,Strong
0.8149024043410785,0.814894843924891,2.135209115154652,4.14849091145876,-0.9138604545450129,2.6202022521717305,1,20,A,Strong
0.8163475463694516,0.8163396988879874,2.0381609916737586,4.045794382528426,-0.9074921358589845,2.4966829394393195,1,20,A,Strong
0.8184456504409947,0.8184388323221788,2.116343129208297,4.172495288591456,-0.9063504475024851,2.5858077785225806,1,20,A,Strong
0.8173243474598348,0.817320026398621,2.0386776153577686,4.0623510831516665,-0.917858038020857,2.4943311938446247,1,20,A,Strong
0.8176114679801312,0.817608781656934,2.0588186739355807,4.108037959517658,-0.9122322883726177,2.5180892814796136,1,20,A,Strong
0.8157308079916137,0.8157267069325593,2.105156174421671,4.140945393685944,-0.9135799861143692,2.5806996055533475,1,20,A,Strong
0.8178996661759387,0.8178941653183974,2.068698816136018,4.132300139408478,-0.9130336778091785,2.529281893227988,1,20,A,Strong
0.8167970470161915,0.8167945243735767,2.070722582191313,4.137042460724908,-0.9133916870533123,2.5351739330544674,1,20,A,Strong
0.8166783786778232,0.8166722831359831,2.105853094195344,4.184164247283547,-0.909859099492973,2.5785586458216936,1,20,A,Strong
0.8165239736641873,0.8165147969273463,2.081140270554216,4.129091233313759,-0.9094724670264602,2.548780363686087,1,20,A,Strong
0.8180192135127159,0.8180169777211632,2.0256173482055435,4.049596084674318,-0.9102089849064603,2.476246663580422,1,20,A,Strong
0.8173598741688008,0.8173555687352082,2.071415603606657,4.100677675110197,-0.9100932517540907,2.5342761115024706,1,20,A,Strong
0.8170022075748777,0.8169972581402875,2.0771927161971795,4.120830133049222,-0.9075887841568178,2.5424566750718434,1,20,A,Strong
0.814997793826364,0.8149963734580958,2.123280468853704,4.24157296812427,-0.9148655363194949,2.6052591613592404,1,20,A,Strong
0.8169346084999961,0.8169304382051518,2.076913266533847,4.065766604783917,-0.9158407090944154,2.5423249852853513,1,20,A,Strong
0.8161364206468236,0.8161347972790832,2.076717988706643,4.101661382263321,-0.9165572605607273,2.5445721281017626,1,20,A,Strong
0.816656552156021,0.8166444959051407,2.0631314383889503,4.086016600249881,-0.9169975372642973,2.5263146826437173,1,20,A,Strong
0.8167742146815076,0.816767135743281,2.117571775624663,4.16975502331296,-0.9087022031452583,2.5926036076572125,1,20,A,Strong
0.8171309163391937,0.8171254932920128,2.0767846522507085,4.098243696886298,-0.915293620815095,2.541556818771288,1,20,A,Strong
0.8175515270201442,0.8175489158955567,2.1721723458116364,4.237048129540812,-0.912999493547348,2.656924088600124,1,20,A,Strong
0.8167769198238589,0.8167717250761753,2.138888768021737,4.163720529547017,-0.9145912000830969,2.6186939372417584,1,20,A,Strong
0.817770038728971,0.8177651255812917,2.1542334296255863,4.179874047008807,-0.9086700038609576,2.634277764655978,1,20,A,Strong
0.8177594032413372,0.8177566325662539,2.108069446167793,4.141790291950302,-0.9156106757039102,2.577860233477082,1,20,A,Strong
0.8167348491815875,0.816734634700906,2.0967828993232063,4.135715027003369,-0.9125449312518028,2.5672749257905383,1,20,A,Strong
0.8175896192852757,0.817584326018606,2.043889894335015,4.047788370268251,-0.9163121343385545,2.499897070759964,1,20,A,Strong
0.8168080120796426,0.8168059113997923,2.099942736435245,4.185807977129134,-0.9155322680667766,2.570913489313926,1,20,A,Strong
0.8178428620376758,0.8178420095625779,2.0498320571671655,4.089617611207059,-0.9088262119705868,2.506388638105807,1,20,A,Strong
0.8165713728107138,0.8165662685489049,2.0386426717796184,4.047692838357827,-0.9080054990700619,2.496588466924113,1,20,A,Strong
0.8172768079891559,0.8172755238366032,2.011920824139108,4.0133499026897255,-0.9115285884129922,2.4617373262912943,1,20,A,Strong
0.8173805031687963,0.8173758273451338,2.0303584259204195,4.044244519038701,-0.9144961457895007,2.4839819619494063,1,20,A,Strong
0.8174277056238903,0.8174251112831425,2.1848880840803138,4.24448945237485,-0.9117955899491856,2.6728823467180236,1,20,A,Strong
0.8171633888379448,0.8171594213951119,2.1188429283409973,4.1761110862300725,-0.9122996784749606,2.592924447281123,1,20,A,Strong
0.8161461262240616,0.8161441746269771,2.098385205397331,4.157180667455841,-0.9108040927177656,2.5710900756285016,1,20,A,Strong
0.8171929399860327,0.8171923276901604,2.0933065007628557,4.16584281270706,-0.9001963528366113,2.561581724872261,1,20,A,Strong
0.8164853086529781,0.8164813949788279,2.0861788768045586,4.106815785390435,-0.905279164822641,2.5550721546310453,1,20,A,Strong
0.8168638427294346,0.8168624864772586,2.1015385468746937,4.16260299000547,-0.9089815957329099,2.5726913555785513,1,20,A,Strong
0.8169753306302506,0.8169738860248539,2.129677252843374,4.239829118321646,-0.9099470175698707,2.6067828158292703,1,20,A,Strong
0.8170474955553672,0.8170335577543832,2.1337540154443264,4.126483780736466,-0.9159262413041782,2.611542201710026,1,20,A,Strong
0.8161260995525861,0.816116536095113,2.1990781185896364,4.2884120210947385,-0.9050778218534665,2.6945322785231447,1,20,A,Strong
0.8175546870017455,0.8175483276557745,2.1535931839708193,4.243067209740817,-0.9063444493845583,2.634188535899399,1,20,A,Strong
0.8187871294886439,0.8187821414541196,2.067051206564623,4.081427583778107,-0.906726459455407,2.5245282102266997,1,20,A,Strong
0.8178647766974687,0.8178592102433652,1.9917346232922706,3.9656452183687536,-0.9139209552425531,2.4352859788568946,1,20,A,Strong
0.8167741161892327,0.816764568900771,2.201027883605236,4.250868125222464,-0.9098734580006678,2.6947816293131592,1,20,A,Strong
0.8160293357563948,0.816028635297949,2.091183773220879,4.149564277547742,-0.9106890429172312,2.562633083873776,1,20,A,Strong
0.8177815265468791,0.8177743206146733,2.075004519509792,4.11811037420827,-0.910429878250834,2.5373580255249784,1,20,A,Strong
0.8178133098168415,0.8178118795009764,2.200539353431663,4.394618004025743,-0.9167820876294108,2.6907600145618793,1,20,A,Strong
0.8174153206561654,0.8174125200294753,2.126621385696253,4.19069032289148,-0.9067696811480856,2.601641212192042,1,20,A,Strong
0.8167560631133132,0.8167512940351602,2.0499064203946817,4.096103820493958,-0.911343195039477,2.5098147573962812,1,20,A,Strong
0.8178577224346812,0.8178541217809185,2.0576312057995176,4.096228432266884,-0.9110453068575977,2.515879167435326,1,20,A,Strong
0.8164930646534233,0.8164867900800887,2.1556398389244236,4.188886113526647,-0.9150058843550002,2.6401202070705008,1,20,A,Strong
0.8178079997272946,0.8178056650400971,2.1350800439758686,4.170409165982049,-0.9130789633147671,2.6107350926963666,1,20,A,Strong
0.8169838673194997,0.8169829467735991,2.1326259930264264,4.224015628250781,-0.9080179048256785,2.610364877856781,1,20,A,Strong
0.8147115737443308,0.814709341131102,2.110754494324381,4.164479217505374,-0.9116893341958154,2.5907996919984453,1,20,A,Strong
0.8176949024974886,0.8176899045991325,2.1357270750458444,4.229560340628556,-0.9184079234400113,2.6118874760288775,1,20,A,Strong
0.8159913738298026,0.8159887949592023,2.032915120738887,4.043669443761715,-0.9230408907258791,2.4913438866363644,1,20,A,Strong
0.8154988518643292,0.8154980165638488,2.1770524167076797,4.240294705449934,-0.9090416268161916,2.669595931043525,1,20,A,Strong
0.8167760275262789,0.8167676169557534,2.0901019529066667,4.127613228876497,-0.9191921515561456,2.5589658394319366,1,20,A,Strong
0.8181349019544786,0.8181319606674035,2.1639567579259698,4.193432547204328,-0.9063783009966615,2.6449877064973,1,20,A,Strong
0.8169391092433408,0.8169371016921796,2.0830732987389964,4.138213806106341,-0.9136137212166702,2.549851359997154,1,20,A,Strong
0.8170899413175372,0.8170841760487302,2.128706946446304,4.181284174321339,-0.9188535844109906,2.605229655640868,1,20,A,Strong
0.8185996721940626,0.8185939835260577,2.098922221707502,4.138775980548852,-0.9130380572110672,2.564039900091626,1,20,A,Strong
0.8166579121889436,0.8166560021684226,2.0586186759236047,4.105398139822565,-0.9087869121321139,2.5207845845829735,1,20,A,Strong
0.8170259230893017,0.8170114238423669,2.149885215556568,4.182831726195856,-0.9103929241593964,2.631354960473615,1,20,A,Strong
0.8176131662354523,0.8176019603321274,2.087393127130242,4.128413736210405,-0.9115043956771638,2.553032672824063,1,20,A,Strong
0.8170087952479895,0.8170068948627206,2.1363167411402464,4.237531527992455,-0.8998197475768088,2.6148026233815544,1,20,A,Strong
0.8169806400935002,0.8169781102940435,2.070868927642393,4.101122075391295,-0.9129831893338349,2.534783354725995,1,20,A,Strong
0.8173687290724813,0.8173668065834667,2.0711221354945186,4.127714135546129,-0.9108305586884078,2.533889616556225,1,20,A,Strong
0.8158370793604404,0.8158337647751872,2.0571865174102415,4.06219170878701,-0.9103162026149558,2.521565358395984,1,20,A,Strong
0.8180214932111304,0.8180150195877932,2.0831105386097817,4.060325508790574,-0.9133621470406763,2.5465229897964714,1,20,A,Strong
0.8174327987050406,0.8174305352888734,2.097672128145056,4.144722244916036,-0.9089210330150994,2.5661707377880396,1,20,A,Strong
0.8171772651948948,0.817169318836107,2.1300984789984603,4.235677394445146,-0.9096281095536622,2.606654112544892,1,20,A,Strong
0.817237357437717,0.8172310538457677,2.0565139359611786,4.093922897367438,-0.9114768799431996,2.5164218415185564,1,20,A,Strong
0.8168217257623374,0.8168162832482369,2.077804731210072,4.108617152347788,-0.9105629204902064,2.5437677104766805,1,20,A,Strong
0.8162911565647015,0.8162834498210942,2.0879453508783326,4.159607117015417,-0.9097044937810077,2.5578438944080806,1,20,A,Strong
0.8168335019854888,0.8168286218355433,2.117114494641407,4.179324180364765,-0.9102515529664994,2.5918556101032912,1,20,A,Strong
0.8159483573511183,0.8159455985812698,2.074269192693539,4.096818757825885,-0.9193455151712238,2.542157446615143,1,20,A,Strong
0.8183038292436836,0.8183018595923633,2.05781048457999,4.067694352671266,-0.8993961610175591,2.514726695684559,1,20,A,Strong
0.8161488856922078,0.8161472018172753,2.083342336454768,4.158240069667331,-0.9153018595800764,2.552649857124787,1,20,A,Strong
0.8178702090865796,0.8178661391677272,2.1531635835621388,4.215404554046457,-0.9060979450743871,2.6326470381735168,1,20,A,Strong
0.8167305397480822,0.8167278847220437,2.0933414426557753,4.105531323364323,-0.9077166072305682,2.5630747728638377,1,20,A,Strong
0.816100471881642,0.8160982845602845,2.049628467718264,4.075958193758487,-0.9059923767088383,2.5114903597501153,1,20,A,Strong
0.8170908902085379,0.8170756188914344,2.094666367082417,4.145442338371118,-0.9087645191596003,2.563565929058169,1,20,A,Strong
0.8169110833983854,0.8169053860010091,2.1064823002967605,4.133145153226334,-0.9137162509004728,2.578594345340136,1,20,A,Strong
0.8171407164455565,0.8171399676015662,2.0720942716353234,4.104907466428772,-0.9088334592038878,2.535786346137092,1,20,A,Strong
0.8177939588114738,0.817786453771252,2.083798351634345,4.13570449023057,-0.9066122900367737,2.54807256666801,1,20,A,Strong
0.8158295748582665,0.8158278075298337,2.060036760166587,4.090321585302121,-0.9065018472825428,2.525082227528312,1,20,A,Strong
0.8182989176498662,0.8182958937040788,2.120200847103889,4.199414571545399,-0.9100951638497126,2.590985764948892,1,20,A,Strong
0.8169148509226325,0.816912016723624,2.1036087589648926,4.163371581216241,-0.9124813140218535,2.5750649000799215,1,20,A,Strong
0.8178961788573018,0.8178943715655287,2.0757011765353677,4.136235166692461,-0.9165576985382549,2.53785410690556,1,20,A,Strong
0.817894691223064,0.8178936649229638,2.1140416096756525,4.193030502592413,-0.9049249215286093,2.58473570297217,1,20,A,Strong
1.1186966164932914,1.1186803067220346,3.762636305897221,7.479273354624285,-0.29716739747684207,3.3634108215073737,0,0,B,Normal
1.1232565026993502,1.123191463959473,3.87611192097738,7.4942319723052435,-0.2897727943657742,3.4507807536947386,0,0,B,Normal
1.12749980206599,1.127497283809965,4.252233523739229,8.203165941496259,-0.17163591485007101,3.7713829447664553,0,0,B,Normal
1.1055575422899941,1.1055428590632634,3.875753056721849,7.644612481500194,-0.28374636325178804,3.505699982557051,0,0,B,Normal
1.1290444491943212,1.1290444483156925,4.006020243662134,7.621085853265729,-0.21608267895009936,3.5481510462416286,0,0,B,Normal
1.1184397163125765,1.118439488473396,4.1737066974121015,8.080321860496277,-0.20787293575647459,3.7317225385848625,0,0,B,Normal
1.1119497160953402,1.111947849226081,5.005493597804042,8.692480997520079,-0.1939654522599672,4.501546720458773,0,0,B,Normal
1.1115754334066847,1.1115744264891416,3.9501806657575607,7.606548138652073,-0.1963957800174807,3.5536775526347335,0,0,B,Normal
1.112132810841736,1.1119277582140792,4.1219868126886325,7.780463395956993,-0.2784424275733035,3.7063800047126017,0,0,B,Normal
1.104761856326878,1.104740839699655,4.400002694735684,7.764790323949947,-0.21357904400798944,3.9827612345024765,0,0,B,Normal
1.1139792549793224,1.1139244805782982,4.06626533970417,7.829437448897772,-0.3223382740304146,3.650216394541071,0,0,B,Normal
1.1141126364818021,1.1139898378932505,4.040831105854508,7.826684697376011,-0.2959277650731451,3.626950250393745,0,0,B,Normal
1.1244205608455866,1.124403220411064,4.15680383792543,7.678966453895898,-0.28092352322329983,3.6968408286659495,0,0,B,Normal
1.1118261711174682,1.111820340829381,4.323676668650862,8.125293836430316,-0.27863404311147777,3.88880634488505,0,0,B,Normal
1.1139664256947843,1.1138871719356611,4.480969746951224,8.117826341316693,-0.2741126046529101,4.022535727821805,0,0,B,Normal
1.115923718100592,1.1159098259834215,3.8490809999514783,7.601130874918495,-0.21323698269867464,3.4492330770628112,0,0,B,Normal
1.1076977631679756,1.10769566044144,3.5092857016346946,6.976049389373181,-0.27539839422228196,3.1680895442076764,0,0,B,Normal
1.1190111022531448,1.1189334680290295,4.067201004680191,8.077948143922985,-0.2547151726816925,3.634638652369779,0,0,B,Normal
1.1261383247143362,1.1261376076905902,4.207146421764518,8.350468031120691,-0.2473433940709988,3.7359055539040744,0,0,B,Normal
1.1225627582012423,1.1225619985270359,4.549492169313135,8.214347193994865,-0.22961663566355384,4.052773117650092,0,0,B,Normal
1.1117524424622045,1.1117413655344344,4.001032409638557,7.551623048941078,-0.2681497711440959,3.598851917768175,0,0,B,Normal
1.1243057877327114,1.1242532977166508,4.196096239687737,8.185629731610636,-0.20055034059993737,3.732166360318784,0,0,B,Normal
1.121362450990996,1.1212532217323181,3.9246810061735995,7.490851473051167,-0.23029878446735985,3.4999219054509902,0,0,B,Normal
1.1173264289000613,1.117257848903285,3.859878522227937,7.442500119232983,-0.2476944426419445,3.454566563889255,0,0,B,Normal
1.1139373350868844,1.113933603196907,3.8401111188259236,7.35908480748834,-0.2805076643945137,3.4473313694314807,0,0,B,Normal
1.1201248952492724,1.1200724367299122,3.794074331263828,7.43713435780619,-0.24939710660312997,3.38718864954742,0,0,B,Normal
1.1178380140427024,1.1178025777430007,3.7387485331975645,7.455870696989638,-0.2928752860591626,3.344624611285353,0,0,B,Normal
1.1257024572816778,1.1257015690231305,3.8684749300813235,7.682325608920317,-0.20863629272161255,3.436498610319137,0,0,B,Normal
1.120542294231255,1.12050583440387,4.19141170114131,8.378823711468797,-0.194167704943498,3.7405207484977767,0,0,B,Normal
1.118778862060565,1.1187068925625994,3.5989207794021087,7.150263842392744,-0.3059253733910654,3.2168294391740853,0,0,B,Normal
1.110999022492034,1.1109744504203358,3.9340590381002225,7.803174244994273,-0.24589588526126338,3.5410103505544983,0,0,B,Normal
1.1112625551839488,1.1111848130928448,3.8353441416314773,7.408252917029975,-0.30829891936767817,3.451339311074517,0,0,B,Normal
1.1104323972723,1.110376545273065,4.167992341902494,8.194091525001452,-0.2344866879009353,3.753485896251656,0,0,B,Normal
1.118666042323925,1.118651423328545,4.21433459525411,8.045492864431548,-0.24981154792814841,3.7672857097719894,0,0,B,Normal
1.1138401122736277,1.1137717370807965,4.069987629911151,7.6226602345954175,-0.23385701518278124,3.654014238725236,0,0,B,Normal
1.1191380305948555,1.1191380213968365,3.6766529196056332,7.320264728409014,-0.2622021335824418,3.285254203765537,0,0,B,Normal
1.122211684726229,1.1222102141142531,4.053715747975703,8.072267574684778,-0.2437329153651837,3.612255872174985,0,0,B,Normal
1.1049163556645176,1.1049041070731336,4.139948327587412,7.8541261110401255,-0.21213435489446963,3.7468431943860296,0,0,B,Normal
1.1050201488872216,1.1048775835435878,3.8023580392436545,7.477924330871813,-0.2228405602103778,3.4409852554025453,0,0,B,Normal
1.1188828043367143,1.1188722316205646,3.822074245244098,7.494950054245244,-0.2562895111557433,3.415973710946308,0,0,B,Normal
1.1120716148481948,1.1120481466908627,3.9048076390247353,7.559200470118216,-0.2989965337599787,3.511291527351651,0,0,B,Normal
1.1202635664772411,1.1202107906816212,4.016825590146477,7.650578177645334,-0.3334018014723248,3.585607628727683,0,0,B,Normal
1.125914410604133,1.1258498141338003,4.613032539161731,8.4266033474716,-0.22745012379357998,4.097143171554675,0,0,B,Normal
1.1275987110051067,1.1275916165084299,4.041005902558219,7.583051261682325,-0.31522762877642396,3.5837269616565903,0,0,B,Normal
1.1240225049012875,1.123968881728394,3.8987985869051336,7.491591891290894,-0.2814122062370581,3.4686125677239255,0,0,B,Normal
1.110913525339812,1.1109126392057722,4.094897432075811,8.05329556132186,-0.19135491717470865,3.6860631711394847,0,0,B,Normal
1.1281929991698751,1.1281468656690665,3.7769530648889162,7.508011725879013,-0.29946667995772724,3.3477898441738247,0,0,B,Normal
1.1122397041479661,1.1122373823762592,4.066133927022558,7.997950600943503,-0.2894831889312566,3.6558072076175607,0,0,B,Normal
1.124146495028041,1.1241459180072377,3.7690984300685617,7.507153183998564,-0.2361228375644946,3.3528534285689733,0,0,B,Normal
1.1081007979554975,1.1080956131770496,3.8190380805082262,7.254462372676208,-0.2893802113619186,3.446471735743306,0,0,B,Normal
1.1089842891769401,1.108983041260406,4.149070841528681,7.650977245849008,-0.313765450156259,3.741325176579387,0,0,B,Normal
1.1125451302543485,1.1125429420326076,4.110637476504195,8.143932645177522,-0.2815878406156598,3.694805149670132,0,0,B,Normal
1.1214734178567707,1.1214733465191558,4.074799072508609,8.14470948505673,-0.2659160233926361,3.633433488148021,0,0,B,Normal
1.1100731066024907,1.1100676498992532,4.431823984363161,8.171014701676725,-0.290053450711639,3.992371275372376,0,0,B,Normal
1.1132590268045706,1.1132535516252364,3.735013751071648,7.081132136744308,-0.2568910864728404,3.3550266929273405,0,0,B,Normal
1.1121062086299416,1.1120599487127591,3.669529233660329,7.229648900571073,-0.23809328601013835,3.2996212099031466,0,0,B,Normal
1.1333081682404735,1.1331944735327306,4.111496452529789,7.979471999416534,-0.31945182732118615,3.627871542577095,0,0,B,Normal
1.1109722627289393,1.110928812748222,3.9773704149564697,7.808070049452894,-0.25704808639614374,3.580080753039366,0,0,B,Normal
1.1078837205599839,1.1078827045398663,3.860513641104652,7.520919789123704,-0.280977890547093,3.484583778479335,0,0,B,Normal
1.122068146482076,1.122047046850808,4.202792853001014,7.738548552533656,-0.29917831016150176,3.745577188139303,0,0,B,Normal
1.1193248265841265,1.1192746608785402,3.9579021019208827,7.836511240139751,-0.24385405003839544,3.5359727649384123,0,0,B,Normal
1.1106740469842997,1.1106059659031837,3.9185713644184395,7.767614477860855,-0.36493526581180236,3.5281020341279583,0,0,B,Normal
1.1092062515620875,1.1092045705584133,4.724298087772016,8.664355401451207,-0.2263193683905711,4.259170087726083,0,0,B,Normal
1.1221201125717752,1.1221132989870748,3.6329389967400516,7.135519543644226,-0.3075085365854098,3.237566955656607,0,0,B,Normal
1.1220798259180949,1.1220782481802845,3.9947682921186805,7.777617311176991,-0.2671265786729826,3.5601462568406204,0,0,B,Normal
1.1087860938472471,1.1087327375507612,3.6309933226364492,7.212971460904975,-0.23363958178343003,3.274746448196956,0,0,B,Normal
1.11601092781652,1.1159759784011865,3.7744801355096125,7.402871235180173,-0.2739642122536541,3.382117541531962,0,0,B,Normal
1.1129506323244116,1.112914469328334,3.9264433286707368,7.811146116258332,-0.189003198718928,3.527958217221468,0,0,B,Normal
1.1157833825321684,1.115783381038687,3.8878424121163158,7.662965556818886,-0.258388584911577,3.48440608901453,0,0,B,Normal
1.118563608540104,1.118545864249422,3.535793307114381,6.923860529236967,-0.2580333316681256,3.161012284074868,0,0,B,Normal
1.1237347395228172,1.1237281682634268,4.406013127077403,7.965644370387469,-0.25150879670955684,3.920865816561275,0,0,B,Normal
1.1171677308666756,1.1171410161016706,3.7125477704590706,7.320802124082565,-0.2331383058838199,3.3231784877808392,0,0,B,Normal
1.1110792067744832,1.111078098857754,4.228911901481824,8.042523231721253,-0.2914360171683219,3.8061300001811396,0,0,B,Normal
1.1224229122669491,1.1224055176546874,4.274587802842534,8.407337099957322,-0.27411467351594165,3.8083575772782305,0,0,B,Normal
1.1123895277485754,1.1123869343762935,4.632914652401448,8.675816090397566,-0.23693222968041905,4.1648312365707465,0,0,B,Normal
1.117874179342655,1.1178741353512016,4.153059204619913,8.223817799072334,-0.2763008755824492,3.715140112693221,0,0,B,Normal
1.1117067101807332,1.1116546133447118,4.359621646480983,7.81330793108685,-0.22674291697262028,3.92155737350207,0,0,B,Normal
1.1107997147124797,1.1107992709789956,3.736823499955241,7.249236663481582,-0.34118736921297765,3.3640839572257932,0,0,B,Normal
1.1217725103605756,1.1216771018795482,4.032452758117729,8.01289865295918,-0.31133332978535355,3.594715257215175,0,0,B,Normal
1.1143522817133042,1.1143516031711687,3.8914047094093602,7.665721724053273,-0.21348973808057137,3.492077660958677,0,0,B,Normal
1.1182891033975582,1.1182507746539354,3.8254074384324483,7.636879679792919,-0.23530495315736033,3.4207678737190506,0,0,B,Normal
1.1136520491999682,1.113599669787636,3.815401333446347,7.5657079886979925,-0.2631926873245054,3.4260264112002283,0,0,B,Normal
1.1216426076773747,1.1216370176456185,4.180855856544169,7.935082527343253,-0.2869846301114114,3.7274402986541464,0,0,B,Normal
1.1237602707146381,1.1237577303826858,4.333078872262224,7.890540149019711,-0.291145564819697,3.8558747672283062,0,0,B,Normal
1.114402843762411,1.1143980758025809,3.9695926847902023,7.833598729673833,-0.3045388236460047,3.562080541169647,0,0,B,Normal
1.1188219073851837,1.1188049323078932,4.245135889864946,7.820016870244273,-0.3119230123057952,3.794290996487832,0,0,B,Normal
1.1242219139694816,1.1242216670411462,4.343395041603628,8.525272692531914,-0.23405955638402176,3.863467690527099,0,0,B,Normal
1.1130723223580066,1.1130601549435641,4.147662311437361,7.845994266225875,-0.2584163710253322,3.726318791802025,0,0,B,Normal
1.115128649738411,1.1150810633913717,4.029783542547656,7.981161429405089,-0.26078537792606227,3.61373868700528,0,0,B,Normal
1.112002894198786,1.111851486673846,4.160465147606248,7.9672452311283095,-0.2537055709893763,3.7414157546810367,0,0,B,Normal
1.1268409579920957,1.1267574272623087,3.9276387567937503,7.412397314688382,-0.32887572065361637,3.485530703278981,0,0,B,Normal
1.126047720151876,1.1260261998182186,4.036816075355887,7.728370232547467,-0.3309570158526278,3.584942274747841,0,0,B,Normal
1.1098505476064047,1.109834808047718,4.035832481774912,7.573608219069225,-0.2557127217033095,3.6363747267403896,0,0,B,Normal
1.1265889238182272,1.1265724382004878,4.1654011660626304,8.088275260668281,-0.21245713782519182,3.6973567536464698,0,0,B,Normal
1.1172669545759744,1.11724559992456,3.898110676268489,7.323192830772483,-0.28518602877685817,3.4889698118279187,0,0,B,Normal
1.1187012844412774,1.1186889508283824,3.987026982087305,7.910414297724399,-0.26000232568495285,3.563978192872622,0,0,B,Normal
1.1216649515667694,1.1216204478848937,3.8728174215168982,7.479964709693332,-0.28571827382957604,3.4527399791776063,0,0,B,Normal
1.121839221546052,1.1218362978691345,4.326785755246239,8.125940600795147,-0.1815351865623498,3.856867964808113,0,0,B,Normal
1.1190334388043381,1.1190318038464147,3.9063562536968095,7.592375992409046,-0.28758429155482546,3.4908306742564035,0,0,B,Normal
1.1202433778502037,1.1201997587146049,3.7029700947449835,7.234519191705703,-0.25565896137027977,3.3055050071808023,0,0,B,Normal
0.9098748066912111,0.9098516569047875,2.9246110232028233,5.5453284960825995,-0.5908829747339674,3.2143004748513313,0,5,B,Normal
0.9044339955210567,0.9044328797395785,2.9495187515378074,5.711874311016424,-0.5928290037710982,3.261176344702246,0,5,B,Normal
0.9073832764707693,0.9073804578024068,2.8095202816529854,5.444170239163297,-0.5956799668647372,3.096288365133311,0,5,B,Normal
0.9045276535518256,0.9045239257485284,2.987665164693306,5.734043152772294,-0.6083206306991364,3.3030114148103547,0,5,B,Normal
0.9047991448894939,0.9047954760232504,2.7040033036675446,5.380875373657313,-0.5688852086260314,2.988512222784863,0,5,B,Normal
0.9036318406583864,0.9036314784914737,2.708307893888332,5.36824452643403,-0.5770845364082957,2.9971364133373806,0,5,B,Normal
0.9102806693430705,0.9102730281232887,2.8382052850129798,5.4386640356574425,-0.5906868050389291,3.1179452454606666,0,5,B,Normal
0.9175360132699653,0.9175356240872878,2.7983271535931813,5.456052952742496,-0.6098403807503714,3.0498281409362336,0,5,B,Normal
0.9086351037320474,0.9086240280646096,2.861692836773551,5.5478382005837865,-0.5993871080409496,3.149441205847856,0,5,B,Normal
0.9133772647533939,0.9133757857030453,2.872487442806363,5.682891847597672,-0.5532880882376747,3.1449079735764136,0,5,B,Normal
0.9079607853032567,0.9079494487747125,2.88030147151414,5.581301371476652,-0.627049658716055,3.172275188682434,0,5,B,Normal
0.8999224786106135,0.8999174938305333,2.704857720490134,5.381749856669875,-0.616197103041336,3.00565635905234,0,5,B,Normal
0.9109131382672112,0.910907882394918,3.0925608803435214,5.756677304499867,-0.61446392644284,3.3950118298066925,0,5,B,Normal
0.908525195466294,0.9085224791873394,2.774399474515053,5.5324704757209755,-0.5733554734714001,3.0537397183477255,0,5,B,Normal
0.9163878238928237,0.9163873901460279,2.742605518677834,5.350675828400277,-0.5575062786389231,2.9928436925615416,0,5,B,Normal
0.9047528323650755,0.9047520989664696,2.8700907433862834,5.5214137576168945,-0.580985439462669,3.1722373677280484,0,5,B,Normal
0.9079069804355991,0.9078906766093577,3.16173192226198,5.760486660919414,-0.5807530975076447,3.4824403715290657,0,5,B,Normal
0.9036725305703497,0.9036724646718806,2.7702847174569234,5.313783810809564,-0.6313852474529553,3.065584737546983,0,5,B,Normal
0.9073767925998848,0.9073748314407082,2.7660142092231963,5.3907323955712965,-0.6061486472101327,3.048363405127216,0,5,B,Normal
0.9053682226858913,0.9053682131352427,2.8617933582893578,5.657426710896419,-0.6097704921934386,3.160916505109357,0,5,B,Normal
0.9016755507684417,0.9016755437979345,2.9305196113518153,5.660501282307935,-0.5722875541810382,3.2500821485669835,0,5,B,Normal
0.9095784226150349,0.9095728863069876,3.0553417834173775,5.772398650966139,-0.545582816655044,3.3590746080291574,0,5,B,Normal
0.907003002785429,0.9070029947574749,2.641073449612815,5.210068957666476,-0.6022774133867297,2.9118684739763947,0,5,B,Normal
0.9124244442159426,0.9124244113798566,2.8407663245518053,5.413397677506161,-0.5951482331482785,3.1134263692298494,0,5,B,Normal
0.8985104517645056,0.8984970227208402,3.00657543051965,5.882647450523435,-0.6192590898789039,3.3461774702957556,0,5,B,Normal
0.9065461792509714,0.906529989872148,2.6713852007194885,5.310267731667285,-0.574884761577442,2.9467723342308996,0,5,B,Normal
0.911163722609699,0.9111564633709671,2.7090567806874994,5.375470122357958,-0.557095860259289,2.9731833187216736,0,5,B,Normal
0.9084378299780198,0.9084330481663202,2.764485025076042,5.520833948773662,-0.6058783219434947,3.043119665264194,0,5,B,Normal
0.911047573489116,0.9110395495922261,2.824509091884832,5.437130839654749,-0.5819419439317448,3.1002871574176645,0,5,B,Normal
0.9074833137649756,0.9074793600376326,2.764413569569363,5.517536159910167,-0.5788751463144002,3.046241762948056,0,5,B,Normal
0.9015153963209734,0.9015014740294933,2.596142070256918,5.131472780954283,-0.6142579129253001,2.8797534471974715,0,5,B,Normal
0.9083889059153446,0.9083782190107813,2.8905616061182453,5.731719152088831,-0.6208652230526512,3.1820749761420193,0,5,B,Normal
0.9078670199408903,0.9078596330337102,2.7906489984132268,5.560788008917436,-0.5480163838503236,3.073852157989968,0,5,B,Normal
0.9062126383994459,0.906211244819036,2.7009864188781805,5.29169874289099,-0.6209631352060581,2.9805216837945085,0,5,B,Normal
0.9016006122884854,0.901599787851798,2.854823567933709,5.613299795947887,-0.5794965840808937,3.1663948859655946,0,5,B,Normal
0.9040043422375023,0.9039891642836945,2.895076739690295,5.562483389827613,-0.6294119192034122,3.2025031345808443,0,5,B,Normal
0.9110303855154028,0.9110031097281768,2.764041271070668,5.339453348723443,-0.5857078007143901,3.0339726479122318,0,5,B,Normal
0.905274349934071,0.9052734833385586,2.9824262721356396,5.844069326520345,-0.5781138651341697,3.2944999185637402,0,5,B,Normal
0.9077206417820589,0.907707635129995,2.9113201892928213,5.6648937603588845,-0.5944979699115724,3.207286532095654,0,5,B,Normal
0.9075602146597427,0.9075427806939633,2.7736514759872897,5.452372427478032,-0.5761790661717923,3.056162479563046,0,5,B,Normal
0.9080933423938596,0.9080658570148454,2.937789652605919,5.767316968592024,-0.5840689487686017,3.235118589088539,0,5,B,Normal
0.9073456353126499,0.9073197422211003,2.944215986633802,5.869243027938787,-0.5727242931831511,3.2448670848780736,0,5,B,Normal
0.9050985271052695,0.9050971915108666,2.839987513631588,5.4190639063465404,-0.6083675251999776,3.137766142117782,0,5,B,Normal
0.9065242346253519,0.9065231881407503,2.8815814830942,5.650982868147318,-0.5781597351295087,3.1787142285116063,0,5,B,Normal
0.9072907660878021,0.9072848964903901,2.8529769583040947,5.6275465551826125,-0.6102436278539303,3.144501261272619,0,5,B,Normal
0.9115612503149674,0.9115468243277176,2.77039599876717,5.436763305230652,-0.5871278204747092,3.0391770139526315,0,5,B,Normal
0.8995053006421234,0.8994975704159455,2.831240728061064,5.477966779110006,-0.5647461705720143,3.147553133972581,0,5,B,Normal
0.9035444725268814,0.9035422288630937,2.8653083600758666,5.503170071514094,-0.6214823327638963,3.1711868615195593,0,5,B,Normal
0.9072426930538328,0.907241803173003,2.7649741912250003,5.438417468341097,-0.5853727053642848,3.047667633362726,0,5,B,Normal
0.9024357800184774,0.9024023541511201,2.7316488588611243,5.375243233713765,-0.564333401671977,3.0269731313237536,0,5,B,Normal
0.9047456358507863,0.9047451925273025,2.9560067732803814,5.5643836769880295,-0.598541959685277,3.2672241303498213,0,5,B,Normal
0.9093094176195429,0.9092932829117244,2.65893139024862,5.117303272533322,-0.6201181387484964,2.924121689192845,0,5,B,Normal
0.9040728545195563,0.904072824849393,2.833431103952929,5.584903723414431,-0.5945111951540909,3.1340738633930947,0,5,B,Normal
0.9100935430663185,0.9100930250529404,2.9113784467862445,5.701463548934874,-0.5762800368938481,3.1989881358537366,0,5,B,Normal
0.9102157053298743,0.9102151990677523,2.9466567544366864,5.737205963189426,-0.5610495595931284,3.237316975725857,0,5,B,Normal
0.9113027622894656,0.9112522985749981,2.7659897313517283,5.408716991044125,-0.5980904531828486,3.035203936398408,0,5,B,Normal
0.9099293744596668,0.909872173590462,2.8019303005718275,5.456359562354771,-0.602578777208794,3.079283271007342,0,5,B,Normal
0.9041308165817269,0.9041273925193567,2.84000591550737,5.520561345538772,-0.5618596126106521,3.1411449133485587,0,5,B,Normal
0.9042306559771129,0.9042274691964197,2.833786082725463,5.480962122552397,-0.5775529250917559,3.133919497192085,0,5,B,Normal
0.9123609808146108,0.9123290881128118,2.985761118860528,5.841480606891865,-0.6011980846787082,3.2725655542553573,0,5,B,Normal
0.9003376320766063,0.9003332964116901,2.7174327926966533,5.325927636208473,-0.6264162964504507,3.0182374876733324,0,5,B,Normal
0.9028146894890042,0.9028145524034523,2.9486927337619564,5.560535641642199,-0.5998590692878971,3.266110718059899,0,5,B,Normal
0.9098475009026766,0.9098402472242095,2.9054191893477794,5.610592959283423,-0.5909134620151328,3.1933034782919765,0,5,B,Normal
0.9060020150296422,0.9060019232707408,2.6690373886824306,5.258170670782203,-0.5945332989943211,2.945950830578568,0,5,B,Normal
0.90190326252896,0.9019032234295374,2.7990829102787753,5.481204105307272,-0.6096184106065321,3.1035289776312314,0,5,B,Normal
0.9100201386342913,0.9100193817593027,2.9636587998870088,5.646097918154557,-0.5939347565098445,3.2566958400884474,0,5,B,Normal
0.9052826372913666,0.9052816536986469,2.7473943869761968,5.356685066657752,-0.599807865383795,3.034847100565725,0,5,B,Normal
0.9058240370710223,0.9058180925510158,2.9789160119523723,5.7347287494456705,-0.5339671525992427,3.2886254835814284,0,5,B,Normal
0.9058455671038286,0.9058453701275675,2.889680600898185,5.46327524913282,-0.5870029184801333,3.1900366970245027,0,5,B,Normal
0.9100468021589342,0.9100400870656509,2.9239450167571737,5.783984047195835,-0.5562545812331607,3.2129611464164283,0,5,B,Normal
0.9105106022935848,0.9105100697749339,2.7670822178757497,5.439867950488733,-0.6356778498115987,3.0390444777967915,0,5,B,Normal
0.908749000660839,0.9087466242932493,2.6913706484578492,5.263269021969015,-0.5921283725630686,2.961621577025883,0,5,B,Normal
0.9005644123713378,0.9005004768655401,2.812826875671276,5.4572783792253166,-0.594951316433455,3.123404430633262,0,5,B,Normal
0.9024393878960901,0.9023793134105378,2.7656436270922047,5.402866252560153,-0.6182315474904612,3.064630892873495,0,5,B,Normal
0.9079074741625236,0.9078803241133728,2.930386637460062,5.722709361615,-0.5752394094932551,3.227626956329579,0,5,B,Normal
0.901805848695484,0.9017882263291565,2.9929237688616195,5.788156875911978,-0.5960037829669846,3.318811663498371,0,5,B,Normal
0.9068223940130802,0.9068219334458688,2.838392853724728,5.598336599222711,-0.6248594277819537,3.130042743170044,0,5,B,Normal
0.8968895431282455,0.8968673524770537,2.8558216474220677,5.612423716707329,-0.6066495153258571,3.184139751993648,0,5,B,Normal
0.9147105522599506,0.9147004957307943,2.6672771843707594,5.270199787135942,-0.5993234122200626,2.915979462334604,0,5,B,Normal
0.9056569895321054,0.9055928981943708,2.7832417852180806,5.413632148751288,-0.5780490141189314,3.073174300411464,0,5,B,Normal
0.9064851132255408,0.9064850342561461,2.9395034173118186,5.791767474708136,-0.5687558352732918,3.2427486942970307,0,5,B,Normal
0.9103890258074019,0.9103889998991296,2.7215562378566847,5.331859556993713,-0.6038240775472907,2.9894431509024426,0,5,B,Normal
0.9002127290895349,0.9002097782203954,3.112655661964961,5.696006682923017,-0.5677085793434311,3.457689012143903,0,5,B,Normal
0.9112915689215071,0.9112826584387107,2.7545497552622473,5.355919073212811,-0.6291595373436598,3.022687632809107,0,5,B,Normal
0.9092651138186821,0.9092650225044188,3.013288017114043,5.912788224990603,-0.5826034227483583,3.313981776402924,0,5,B,Normal
0.907296498067878,0.9072959495819387,2.7882007329606324,5.376136403556828,-0.6212223576806588,3.0730866248224373,0,5,B,Normal
0.9159248438198772,0.9159248421691661,2.807551743285954,5.526962278162786,-0.614675587865892,3.065264319697914,0,5,B,Normal
0.9035977129981653,0.9035956303194029,2.774809107018057,5.515642301014426,-0.6161979406788523,3.0708456507831943,0,5,B,Normal
0.9050687955020391,0.9050678598144126,3.0071525110936914,5.725431588921776,-0.5731874925943137,3.3225678821747824,0,5,B,Normal
0.9026835260902217,0.9026588878717832,3.0493644570923575,5.650841980317116,-0.5864998032658959,3.3781102334945885,0,5,B,Normal
0.9047356358368059,0.9047021850325254,2.9031704029908596,5.509979307100376,-0.621761583049333,3.2088604538116443,0,5,B,Normal
0.9090215008164297,0.9090139616568653,2.944533393220129,5.676083499186883,-0.5764267305832909,3.239234045152422,0,5,B,Normal
0.8998845982850724,0.8998839361647724,2.8044237010433433,5.604606165760845,-0.5755833042184935,3.116425935489715,0,5,B,Normal
0.903273664553977,0.9032608868290125,2.8016077311264604,5.385304193308521,-0.639449753264278,3.101615646582426,0,5,B,Normal
0.9017113571901031,0.9017074487159701,2.8632929476555278,5.455626479329917,-0.6123502992719083,3.1753985627707633,0,5,B,Normal
0.903779488615237,0.9037716127732329,2.7974740722524807,5.305420289369721,-0.6182511012181844,3.0953059983013618,0,5,B,Normal
0.9081622824634128,0.9081533329761567,2.720978140114453,5.385109824718938,-0.5865602759354167,2.9961364754476834,0,5,B,Normal
0.9095017688118766,0.9094838699335569,3.128072962566276,5.924698938583184,-0.5550314782470216,3.439325870308773,0,5,B,Normal
0.909387952105709,0.909379170491431,2.7133313568153046,5.322185728476842,-0.6132020615463261,2.983689579933979,0,5,B,Normal
0.9082345948125953,0.9082261630913498,2.743576922022818,5.3159809498753,-0.5822585319227489,3.0207800249988566,0,5,B,Normal
0.8299953565216396,0.829995356363824,2.2897857259203978,4.383694820241267,-0.8473081735373458,2.75879341725052,0,10,B,Normal
0.829072437533691,0.8290658205612907,2.1016841444384635,4.124367024523632,-0.8477248370756869,2.534982529018229,0,10,B,Normal
0.8286655250389744,0.8286486303577896,2.1311093728583583,4.217053501540594,-0.8426153993435301,2.571736494960529,0,10,B,Normal
0.8230851733712635,0.8230590781271665,2.354475878594048,4.29720869299559,-0.8634035777358289,2.8605494969012524,0,10,B,Normal
0.8308743292763878,0.8308743290160974,2.25763065970483,4.3990891282844355,-0.8153476234472712,2.7171746438128745,0,10,B,Normal
0.8286445817194932,0.8286445780804584,2.2501397472065507,4.276492786905903,-0.8380748710104182,2.715446159724305,0,10,B,Normal
0.828049734081452,0.82804871716313,2.198507662097517,4.265778306130441,-0.8320941307338088,2.6550430144589097,0,10,B,Normal
0.8305785238546164,0.8305755553745631,2.1853207591041244,4.2414922758428,-0.8525530983450587,2.6310826686949595,0,10,B,Normal
0.8263880785953266,0.8263859783621281,2.1093935608140453,4.152750323551832,-0.875259202580501,2.5525459713788936,0,10,B,Normal
0.8238917020969407,0.8238885760710913,2.0364382117045037,3.970139360970944,-0.8596769940298836,2.471730455011783,0,10,B,Normal
0.8318521401641782,0.8318477066139612,2.16446652704861,4.263245304372019,-0.8411434490795475,2.601984682784396,0,10,B,Normal
0.8259549294404094,0.8259521550690223,2.061331919232626,4.070206044708172,-0.8583187735938607,2.495695401478134,0,10,B,Normal
0.8293906906289813,0.82938888205932,2.1180310397816093,4.203843904792938,-0.8478769516384985,2.553719331206102,0,10,B,Normal
0.8292411257322904,0.8292408561071782,2.1496021701613133,4.297325632264505,-0.8604528209045728,2.5922522454045342,0,10,B,Normal
0.8292738674085401,0.829273774680984,2.1230791997838647,4.183322083514689,-0.8363609443220792,2.56016653029045,0,10,B,Normal
0.8324428776266493,0.832440481725727,2.1109234088593745,4.056181905156608,-0.8628031055416505,2.535817730674517,0,10,B,Normal
0.8275223323759653,0.8275156348723742,2.1966841482751165,4.314964684810441,-0.8252695602976412,2.654531560457156,0,10,B,Normal
0.8256874882344262,0.8256872554748089,2.4599113586632972,4.697861897576733,-0.8229269935429051,2.9792280901862087,0,10,B,Normal
0.8309635393702249,0.8309578158380746,2.236704872879607,4.297346612273328,-0.8324039771713219,2.6917003778225608,0,10,B,Normal
0.8266872128667944,0.8266807532359389,2.118404167486933,4.10725503880677,-0.8543437027547527,2.5625219968513964,0,10,B,Normal
0.827982048772701,0.8279800267913573,2.313921269689497,4.413400609771321,-0.828373887606837,2.7946514940986584,0,10,B,Normal
0.8266734772867681,0.8266664896996953,2.2979553106097645,4.360619303141684,-0.8481238968495388,2.77976174843773,0,10,B,Normal
0.8322320612655333,0.8322294080847824,2.2302202192386265,4.347191619247573,-0.8354250204546161,2.679805697280207,0,10,B,Normal
0.8330140475739097,0.8330139366816979,2.0623602819486138,4.036353256348266,-0.8489086483012791,2.475780916246349,0,10,B,Normal
0.8270056679502221,0.8270027017232644,2.2022026894906137,4.355074117069142,-0.8314593194216235,2.6628628736594893,0,10,B,Normal
0.8278467848524381,0.827844805195608,2.288818156567296,4.43092495789797,-0.8384602860630057,2.764784738489107,0,10,B,Normal
0.8292389602357003,0.8292150014975951,2.108678602676158,4.192520959174548,-0.8605897551807078,2.5429082614217666,0,10,B,Normal
0.8284613248171612,0.8284605476566436,2.2341572568410197,4.3769773365319224,-0.8461303271115037,2.696755044460393,0,10,B,Normal
0.8281712206557643,0.8281637028875074,2.19991050019848,4.313552367233317,-0.8475839491919928,2.6563474379809313,0,10,B,Normal
0.8287661656130157,0.8287661371561763,2.248790486996242,4.274763372398561,-0.8213994662403521,2.713419756141798,0,10,B,Normal
0.8283731734596279,0.8283684192889031,2.0758839264978715,4.074870054066375,-0.8477507317198336,2.5059767662780823,0,10,B,Normal
0.8307397658669711,0.8307379756607156,2.187479762480977,4.320851630390407,-0.8268866468963298,2.633170882578486,0,10,B,Normal
0.8358770906695312,0.835877042127201,2.1561851800031424,4.28749148527552,-0.8474432811234469,2.5795481226504897,0,10,B,Normal
0.8279084842710698,0.8279076635088924,2.1428224286506863,4.151240391451414,-0.8427540474997861,2.5882358610412473,0,10,B,Normal
0.8339731712173611,0.8339730498418517,2.1244144253083723,4.1711494038637,-0.8381856801399858,2.547341447695899,0,10,B,Normal
0.8333717202288314,0.8333449930041007,2.176969926216602,4.246340036334776,-0.8478380081727055,2.6122435803543205,0,10,B,Normal
0.8262121782609454,0.8262120718714981,2.1126339438317654,4.127026617293025,-0.8378482427233918,2.5570113820865576,0,10,B,Normal
0.8269168833780756,0.8269108477513681,2.1975500496086355,4.344507405449056,-0.8207713762909905,2.6575222900653865,0,10,B,Normal
0.8238077630622445,0.8237955323611903,2.2675311789062627,4.290942446737736,-0.844751265261884,2.752500377609254,0,10,B,Normal
0.8269591658129601,0.8269558847839613,2.207383423075778,4.256081951628746,-0.8517976067605675,2.6692774133602617,0,10,B,Normal
0.8295461979250834,0.8295287965627275,2.1087204691000965,4.135660742693809,-0.8619299399196247,2.5420169176527714,0,10,B,Normal
0.8261420115449424,0.826140396348707,2.0740031772208063,4.141854963528644,-0.8427133997645102,2.510468113517527,0,10,B,Normal
0.8292458475974908,0.8292457738205836,2.302655432693671,4.422273666565653,-0.8272222964987912,2.7768067086075554,0,10,B,Normal
0.8315381380834369,0.8315381249673548,2.0268286897187955,4.053156813349451,-0.8479917936138746,2.4374452558367476,0,10,B,Normal
0.825966294141031,0.8259632102541395,2.092690622608559,4.181069040357929,-0.8489936936353422,2.5336271436897633,0,10,B,Normal
0.8282098363479735,0.8282064602673002,2.1909764519347545,4.3337385916669025,-0.8438600374910568,2.6454364048559946,0,10,B,Normal
0.8301200341479478,0.8301138181843613,2.1674664027474733,4.269496863617579,-0.8416407260528755,2.611027699111256,0,10,B,Normal
0.8282132188520577,0.8282088563143641,2.154509099917039,4.177008227800423,-0.851719774649192,2.6013942435056636,0,10,B,Normal
0.8299738659989161,0.8299571106255106,2.16325286406727,4.303128207458908,-0.8297898074617946,2.6064108192896946,0,10,B,Normal
0.8310007982445945,0.8310007925671721,2.1264586315476084,4.239123211328357,-0.832438326487936,2.558912862706676,0,10,B,Normal
0.8319874887006673,0.8319871702695906,2.2011606460261426,4.319108687010564,-0.8396206452289698,2.645665560985469,0,10,B,Normal
0.8261892549439357,0.8261887926520636,2.060133586053195,4.080000394732993,-0.8433330381954098,2.4935371329575005,0,10,B,Normal
0.8251248848905215,0.8251180391667653,2.1933135588547845,4.328568975171995,-0.8157906692877979,2.6581595089642653,0,10,B,Normal
0.8278109323798486,0.8278084942780074,2.1325546251525003,4.184149437781367,-0.8406186234371589,2.5761373059204273,0,10,B,Normal
0.8268925798482635,0.8268846256172248,2.1366791618139294,4.255558554305114,-0.8332425732738589,2.5839863772946354,0,10,B,Normal
0.8303900151772486,0.8303873740488537,2.137162063901828,4.265670630967434,-0.846486135171157,2.5736846841127368,0,10,B,Normal
0.8269398985523644,0.8269321588788927,2.1694820230175127,4.3061766983699545,-0.8350410320493613,2.623506287234893,0,10,B,Normal
0.8287592784322388,0.8287591711990027,2.2299606846211284,4.304234069547137,-0.8215691958592455,2.6907218328095674,0,10,B,Normal
0.8263598835634155,0.8263598546491903,2.18764563543348,4.228574928171497,-0.8309273194532283,2.6473279728923313,0,10,B,Normal
0.8294845310457154,0.8294833291471817,2.270958440325678,4.238158620539558,-0.8509145453151019,2.7377948054832606,0,10,B,Normal
0.8265506267481908,0.8265494166515684,2.258906996983045,4.398406180942347,-0.8467625089566502,2.7329324107707955,0,10,B,Normal
0.8324699736309308,0.832467732039298,2.234479510567639,4.28599908211826,-0.8455703399035919,2.6841562835253425,0,10,B,Normal
0.829206802105261,0.8292028500347852,2.2451313259075376,4.423805927054003,-0.821189177205186,2.7075650129827764,0,10,B,Normal
0.8301275944644618,0.8301185467911589,2.24125178851257,4.310870480396497,-0.8453089757440728,2.6998883104933564,0,10,B,Normal
0.8331604872531432,0.8331581610485211,2.1154629455782255,4.179211164245161,-0.8389252133841665,2.539082179176212,0,10,B,Normal
0.8304210753173885,0.8304208936545866,2.169757555101068,4.2847219808370856,-0.8479994627597596,2.612840183845024,0,10,B,Normal
0.8295015285203036,0.8295004803983603,2.056615052025406,4.092960454914509,-0.8665785428807489,2.4793384717374476,0,10,B,Normal
0.8260567207282975,0.8260567204977316,2.189568119538116,4.370715769337007,-0.830290322032686,2.6506268451005046,0,10,B,Normal
0.8286691224471064,0.8286691103524354,2.084584885132167,4.084721154963853,-0.8271167090094473,2.51558170645513,0,10,B,Normal
0.8283971781455894,0.8283921140356743,2.1229832069704595,4.1926584016849375,-0.8366718823835724,2.5627600660384537,0,10,B,Normal
0.829640733809803,0.8296377508307202,2.1040785820095276,4.155427988998131,-0.832616166015617,2.5361322030891174,0,10,B,Normal
0.8307759039309944,0.8307423421461232,2.2866116957799925,4.519627285102477,-0.8295266117134088,2.7523808586171055,0,10,B,Normal
0.8328667090368387,0.8328591722989163,2.1787215242335254,4.234039203255532,-0.8507154287876677,2.615930617220958,0,10,B,Normal
0.8252235752763548,0.8252215484694267,2.0662095802399207,4.087464402033316,-0.8547413605188434,2.5038179254003725,0,10,B,Normal
0.8291289093146019,0.8291261468767073,2.289113377078162,4.353105273150529,-0.8297355005508633,2.7608654714143954,0,10,B,Normal
0.8264832672640555,0.8264829331003787,2.2520519427461334,4.335067124196428,-0.8443686958548153,2.7248609039614338,0,10,B,Normal
0.8270392900916095,0.8270285387188046,2.1311289470019377,4.256599941837878,-0.8502783820354889,2.576817053958678,0,10,B,Normal
0.826584589352478,0.82655101973751,2.1939579057516374,4.249933335271594,-0.830933813771976,2.654244869808569,0,10,B,Normal
0.8252511269061745,0.825225702766792,2.189861696711549,4.3184693295948176,-0.8303930224222484,2.6535700774153823,0,10,B,Normal
0.8306611853235591,0.8306586676439631,2.2772326761692296,4.38993350627377,-0.8217509581466298,2.74146994756015,0,10,B,Normal
0.8220094503684124,0.8220045121972656,2.1402005127742627,4.216861799632664,-0.826336787880007,2.603620325551071,0,10,B,Normal
0.8279709608727729,0.8279705088332161,2.0806014262101207,4.154069948887788,-0.8415823044056929,2.5128917855004684,0,10,B,Normal
0.8298955302229765,0.8298801969301828,2.1755246197693427,4.218141212976297,-0.8558539088403458,2.621443953535721,0,10,B,Normal
0.8299427989208504,0.8299408524424859,2.1579995505387455,4.290161252967471,-0.8501044854963289,2.600178654896129,0,10,B,Normal
0.8247173419450926,0.8247097839129911,2.0816241745918282,4.08573685293022,-0.8495084708076628,2.52404559564896,0,10,B,Normal
0.8284856816262195,0.8284826144547381,2.2159765510870177,4.281616709512059,-0.8621037900906825,2.6747312599746054,0,10,B,Normal
0.825956316001131,0.8259536626511568,2.138723472546646,4.151424735073801,-0.8581466060179825,2.5893905417435144,0,10,B,Normal
0.8313762750605171,0.8313735254363117,2.3149607222580686,4.440869991346912,-0.8311759279121747,2.784492162817082,0,10,B,Normal
0.8280708784618964,0.8280619274065798,2.3145850640204793,4.4014122310585515,-0.8654747032825107,2.795153318662425,0,10,B,Normal
0.8302880217115631,0.830285737658704,2.231788071983867,4.432763800914962,-0.8328862293463279,2.687968528539337,0,10,B,Normal
0.8260619030268885,0.8260617901927039,2.081964779230188,4.120373517238215,-0.8358592504453193,2.520349590752667,0,10,B,Normal
0.8269251155904686,0.8269218034800501,2.1729420281446625,4.2618577907500566,-0.8469377241490985,2.6277373696565816,0,10,B,Normal
0.826787353883865,0.8267611091442525,2.0130222871622347,4.021365550676221,-0.8495770878304865,2.4347521496379763,0,10,B,Normal
0.8291170883966315,0.829103610116486,2.1858574423774897,4.17651565582076,-0.8492034039416367,2.636367616791687,0,10,B,Normal
0.8275210854658277,0.827518724891927,2.266758243285789,4.389987376481335,-0.8493199973424774,2.7392150884104502,0,10,B,Normal
0.8281173109588119,0.8281162478673154,2.1498451882714407,4.2588227033547135,-0.8734546733651243,2.5960635767682527,0,10,B,Normal
0.8286163205158432,0.8285913315441497,2.170196490124554,4.334081343479879,-0.8102743683142584,2.6190607599588787,0,10,B,Normal
0.8272713681985461,0.8272549020136133,2.2017108893063915,4.27629722314418,-0.8406908753739262,2.6614131395612115,0,10,B,Normal
0.827704014392071,0.8277028671689793,2.1979801845001212,4.308183254310515,-0.8363015959691511,2.655514708496957,0,10,B,Normal
0.8303296132955139,0.8303296121642053,2.226721888749779,4.313473683810662,-0.8332905495574852,2.681732474784432,0,10,B,Normal
0.7943231088889704,0.794322775718391,1.617963644182859,3.1762535566475045,-1.000285914593011,2.036908691282978,0,20,B,Normal
0.7937951011257719,0.7937920978914123,1.5810526947443486,3.1537492180857534,-0.9994764028237029,1.9917642380282725,0,20,B,Normal
0.7954122915656293,0.7954107371684407,1.657190325978312,3.2429777659934573,-1.001357802412932,2.0834356516121018,0,20,B,Normal
0.7940429804424313,0.79404035247423,1.6387868677212318,3.215848125606611,-0.9966149585604436,2.06385159000854,0,20,B,Normal
0.7947009343413308,0.7946995100221279,1.605685909004312,3.199779124840925,-0.9998883029882846,2.020490777873751,0,20,B,Normal
0.7946078968826857,0.7946072280976294,1.6352248036914605,3.242393629583622,-1.0008276284600213,2.0579015261572233,0,20,B,Normal
0.7940621050375612,0.7940620910101834,1.6134716418464619,3.220607222551351,-1.0013919404822358,2.0319212207842865,0,20,B,Normal
0.7952033198412576,0.7952032252747978,1.6024633543522064,3.191134111403627,-0.9976283311418173,2.0151618012260037,0,20,B,Normal
0.7947599739263981,0.794759941154754,1.5992985569724203,3.190830883680736,-1.0007195115756105,2.0123038520313425,0,20,B,Normal
0.7944903549558294,0.7944901086621808,1.6887753710273126,3.2748641651311567,-0.9956768466118326,2.125608398507496,0,20,B,Normal
0.7950845604810819,0.7950823631839495,1.594123573657508,3.1750064918561836,-0.9939794863932958,2.004973625312195,0,20,B,Normal
0.7934298057626251,0.7934295915438997,1.5710708335597436,3.132037339150806,-1.0049265267790353,1.9801005988799087,0,20,B,Normal
0.7948119939221349,0.7948112956712066,1.6565756731483927,3.2628841591145186,-0.9966136514733206,2.0842358769320257,0,20,B,Normal
0.7946891244490746,0.7946885683157421,1.6208696751521257,3.232841230965664,-0.9932018780128185,2.039627352740996,0,20,B,Normal
0.7937629852274377,0.7937623413087659,1.5937109631298758,3.15784690305476,-0.9983941319191172,2.007791989284091,0,20,B,Normal
0.7947744439399511,0.7947734578059609,1.6573497159190977,3.241457184854549,-1.0010268975101317,2.085308263943522,0,20,B,Normal
0.7938951766393938,0.7938931660986714,1.6371233423843103,3.2113380111589613,-1.0016750956970923,2.062140431831759,0,20,B,Normal
0.7944883574082192,0.7944860646941765,1.59357089441204,3.171562710452596,-0.9990727429991559,2.005782563775495,0,20,B,Normal
0.793921849476082,0.7939213860305031,1.6059069472578689,3.169363851020817,-0.9990537903430328,2.0227519223934007,0,20,B,Normal
0.7946554635741937,0.7946527784262246,1.6468189723084483,3.2486179164784557,-1.004143111589367,2.0723685267340914,0,20,B,Normal
0.7941110979493216,0.7941108661666122,1.6212276544780087,3.2270619433267553,-1.0053278273301591,2.0415627720914586,0,20,B,Normal
0.7964789473167008,0.7964758642694552,1.6460966205294585,3.2663348047544294,-1.0009631137739643,2.066717050180772,0,20,B,Normal
0.7952078973424878,0.7952076973042762,1.591868895608134,3.1825929850913064,-0.9972981083641672,2.001827322047498,0,20,B,Normal
0.7939372393588815,0.7939364568957697,1.578999018800403,3.156389641672603,-0.9976688498858892,1.9888209552627523,0,20,B,Normal
0.794889402622844,0.7948858238285428,1.5712831840038832,3.1302294403990896,-1.0014161379491922,1.976731830641123,0,20,B,Normal
0.7945077197586928,0.794507584248718,1.6549735445923082,3.2417881029204034,-0.9956433517316063,2.083017576084667,0,20,B,Normal
0.7948028498677884,0.7947986133739338,1.6417126061862684,3.2453328827665375,-0.996577953264731,2.065559536505637,0,20,B,Normal
0.7945209082290681,0.7945163461894386,1.6029547022535413,3.1912188169543123,-0.9952496391689509,2.0175110379743386,0,20,B,Normal
0.795298814739343,0.7952979789429416,1.6371141815923176,3.202814321938283,-0.9934138496035039,2.0584894020354816,0,20,B,Normal
0.7946919966762859,0.7946912676365806,1.6066736822920689,3.201379839737006,-0.9973810000466812,2.0217564654127753,0,20,B,Normal
0.7938645912565596,0.7938627727962305,1.5949888592908739,3.1705621368812364,-0.9963268953286617,2.009144729287225,0,20,B,Normal
0.7954754378385279,0.79547426279483,1.5621843545999576,3.113859357894782,-1.003498683499792,1.9638373233053394,0,20,B,Normal
0.793519581156256,0.7935156870751032,1.5949447423415315,3.1774685174345034,-0.9964983024478773,2.0099626779436246,0,20,B,Normal
0.7942432277422647,0.7942402631832022,1.6063136928353707,3.1955289575276264,-0.9979131442329141,2.0224455641901002,0,20,B,Normal
0.7944761654631646,0.7944760460703071,1.617372615079764,3.204832427982689,-0.9970375142427232,2.035772355910597,0,20,B,Normal
0.7943218613908196,0.7943171803919757,1.6128697361014224,3.205781245316375,-1.000741540093497,2.0304989885049425,0,20,B,Normal
0.794741474614896,0.7947411185861797,1.580451215133618,3.159314624032435,-1.0004463946184634,1.9886356326117869,0,20,B,Normal
0.7945761294217885,0.7945751077273695,1.563510248493821,3.1210069220964485,-1.0000779656034449,1.9677286928208937,0,20,B,Normal
0.7951136642092101,0.7951136582555235,1.6074587434676475,3.1871521879126914,-1.0025451973360897,2.0216716374335797,0,20,B,Normal
0.7957855498778257,0.7957848723296509,1.6298974685902905,3.183236707297371,-1.0011663604372343,2.0481616797898923,0,20,B,Normal
0.7950526539480655,0.7950506533159796,1.6545290792284304,3.293373617106643,-0.9965555834695135,2.0810308235717274,0,20,B,Normal
0.7978824936140692,0.7978816460927307,1.6105673323124279,3.207584303657746,-1.0037716105760974,2.018552036424864,0,20,B,Normal
0.7937333390154818,0.7937313838070722,1.6050601843412902,3.1830327373773395,-0.9996384230954805,2.0221655125790092,0,20,B,Normal
0.7937251224358771,0.793723028955504,1.6114783056168283,3.199432318104859,-0.9968108551230164,2.030272521387926,0,20,B,Normal
0.794611128097397,0.7946105065248933,1.6252798816676897,3.2307627035017994,-1.0037810571028152,2.045377700107512,0,20,B,Normal
0.7941772503887646,0.7941764863563032,1.595350007129589,3.1825206455128523,-0.9986647210071533,2.008808495016239,0,20,B,Normal
0.7928004082100494,0.7928004073163694,1.615610349054428,3.2088152177540987,-1.0084921390341879,2.037852569604604,0,20,B,Normal
0.7945579363366067,0.7945503585393519,1.5812207975100367,3.161660341780844,-1.0002804374562266,1.9900635626401548,0,20,B,Normal
0.7959214849066539,0.7959197028811131,1.646254675013894,3.2283123995181024,-1.0023827021968572,2.068363156708815,0,20,B,Normal
0.7934254630182226,0.7934231670453391,1.601042452888155,3.160634817109344,-1.0045162857410617,2.0178864020795664,0,20,B,Normal
0.7940386377737925,0.7940382431852222,1.6174535741461455,3.1905777166054152,-1.002232478807216,2.0369960568681162,0,20,B,Normal
0.7945461423340167,0.7945459411480112,1.5783838904954641,3.1274359978980146,-1.00397894242973,1.9865226276964698,0,20,B,Normal
0.7941509280255771,0.7941503311838488,1.5894375925138433,3.1503321448247816,-0.9995975852675123,2.001430126721016,0,20,B,Normal
0.794238524894318,0.7942353994872057,1.5947681038269288,3.1751720138061064,-1.0087693015036028,2.007920862362009,0,20,B,Normal
0.7954957226116118,0.7954939787590841,1.6592123001323007,3.2941682078837173,-1.0000438948267232,2.085758921097788,0,20,B,Normal
0.7940199185611093,0.7940179424740014,1.6268586615361984,3.215844863956373,-0.998585450897898,2.048888980624473,0,20,B,Normal
0.7941711717738077,0.7941681371940625,1.6538829569080373,3.2084633850598685,-0.997341002660546,2.08252706178447,0,20,B,Normal
0.794839889588165,0.7948345591290908,1.6155187281925563,3.1838717883581036,-0.9946899959702957,2.032508369741753,0,20,B,Normal
0.7943246368239755,0.7943219588241986,1.5719637208650155,3.1349016215530177,-1.0023794682520624,1.9789940384454763,0,20,B,Normal
0.7938507869653437,0.7938499557082851,1.5990339186678677,3.154174664501128,-0.9965693119251009,2.014275157149495,0,20,B,Normal
0.7951017375544733,0.7951008759574196,1.5988232329484102,3.1729684229521453,-1.0012029424620046,2.010841075339586,0,20,B,Normal
0.7933682394170305,0.793365541201277,1.6231232488822174,3.1912798358856147,-0.9971703728541272,2.045863658564015,0,20,B,Normal
0.7926909274540338,0.7926887371150452,1.5699886009453556,3.1196000414355716,-1.0037047818406286,1.980581014075496,0,20,B,Normal
0.794671905023839,0.7946713276536044,1.5894018247005641,3.1403818726530544,-0.9995891220192039,2.0000730045349777,0,20,B,Normal
0.7940977639580692,0.7940923719012097,1.6046151392676418,3.1996293479814204,-0.9989974484828306,2.0206770653397412,0,20,B,Normal
0.7948234498603695,0.7948233141144272,1.6207889915225593,3.1795049228200734,-0.9986638191848809,2.0391811436958625,0,20,B,Normal
0.7950483808960095,0.7950483403725035,1.6298473312672903,3.1895403440042465,-0.9981063530524303,2.0499976736390217,0,20,B,Normal
0.7954300499038641,0.7954293505632788,1.5962357935852989,3.188488045609099,-1.0015996023198899,2.0067582231501317,0,20,B,Normal
0.7944078729640203,0.7944078652204235,1.6440955677469078,3.251575372087876,-1.0074020070400427,2.069586195832391,0,20,B,Normal
0.7940942990059993,0.7940927063676306,1.5994075405202381,3.1774265935737933,-1.0001998743849083,2.014127972612677,0,20,B,Normal
0.7944652193747688,0.7944648528223506,1.6319889186824272,3.20431356524436,-1.0008616720960783,2.0541980679365373,0,20,B,Normal
0.7943174390325409,0.7943171014083236,1.5863125566935792,3.137142402244381,-0.997879581354066,1.9970763308755612,0,20,B,Normal
0.7952368968699198,0.7952349893654141,1.6242638274508678,3.2408955183932493,-0.9959379536880477,2.0424905255830392,0,20,B,Normal
0.7943759034355127,0.7943750719385482,1.646185866515773,3.2284998962413134,-1.0021442575532453,2.072300858317022,0,20,B,Normal
0.7945098432619355,0.7945063314790602,1.5749139832867725,3.1443500594287688,-1.0001244058136374,1.9822460308620138,0,20,B,Normal
0.7947309226293143,0.7947303769688092,1.6215507414694872,3.1980372852991543,-1.0005881689001854,2.0403770575639544,0,20,B,Normal
0.7950619639395948,0.7950601440029689,1.5884345377597004,3.171176609062605,-1.0002297306127577,1.997875146597231,0,20,B,Normal
0.7938701801326173,0.7938682581081044,1.594139946727972,3.1829962477637466,-0.9977126023711045,2.0080612505959956,0,20,B,Normal
0.7940088546212526,0.79400803462634,1.585998503899891,3.1675822717794224,-1.0047207518073638,1.9974569485833034,0,20,B,Normal
0.7937152339483032,0.7937105827461223,1.6072138126537876,3.213132730660727,-0.9997291086368887,2.024924990615047,0,20,B,Normal
0.7945963293928501,0.7945956917923271,1.5934369137509503,3.186791586042177,-0.9961327450836652,2.005341397648405,0,20,B,Normal
0.7958197759208421,0.7958192334494263,1.5812633472716122,3.148488022048259,-0.9967443700495413,1.9869616150741345,0,20,B,Normal
0.7932004838883991,0.793200384683966,1.6021761207076057,3.1829136605290005,-0.9889088278740021,2.019887976938031,0,20,B,Normal
0.7951112980059751,0.79511128731829,1.6789498043284647,3.2409268633211097,-1.0053143919020466,2.111590928891376,0,20,B,Normal
0.7940905510647894,0.7940905201553843,1.6179870057292103,3.2120666197672163,-0.9939747499218679,2.037534640803451,0,20,B,Normal
0.7938308915171147,0.7938278025854012,1.5984166571952159,3.1542409135500638,-1.00246753532417,2.013548067070598,0,20,B,Normal
0.7949920871616397,0.7949859482097716,1.5611075304354225,3.120594454691344,-0.9992194374345784,1.9636768159656088,0,20,B,Normal
0.793731625612359,0.7937286182495173,1.6243299714114205,3.2325249795148085,-1.001292199815965,2.0464473368542673,0,20,B,Normal
0.794395541736489,0.7943918240614869,1.6232403338071426,3.2376339253853086,-0.9989348522156822,2.0433653621203125,0,20,B,Normal
0.7943865247148795,0.7943853277870578,1.5950855186544117,3.181060811671038,-0.9966626263228582,2.007946344793447,0,20,B,Normal
0.7947917715288498,0.7947916064927173,1.5979843095068422,3.1692586035840375,-0.9978525273426797,2.01056977028459,0,20,B,Normal
0.7934714314881353,0.7934690059069311,1.6318377468872578,3.2139828544818134,-0.9943228834989681,2.056580340676901,0,20,B,Normal
0.7963093998867121,0.7963057084389283,1.6095673428594282,3.2023378514043896,-1.0086930182704725,2.0212838666583806,0,20,B,Normal
0.7943992742514057,0.7943987596589673,1.622920875159783,3.2029950045089173,-0.9982490671129183,2.0429536226466554,0,20,B,Normal
0.7941144648448063,0.7941138851186714,1.5893378540824674,3.1477734583878236,-1.0069190699841113,2.0013964289053363,0,20,B,Normal
0.7939711631564556,0.793967378941432,1.6219932542966986,3.2179499837437215,-0.9944795508281667,2.042886857311564,0,20,B,Normal
0.7950289218636835,0.7950288162594241,1.5947596722763153,3.1416018776383288,-0.9996612562575473,2.0059140345962843,0,20,B,Normal
0.7952459685990277,0.7952433503474436,1.6451465631564572,3.212675013625633,-1.0025357735675624,2.068726693521862,0,20,B,Normal
0.7951429956254841,0.7951418839249601,1.5941011084791195,3.1807432737057413,-0.9995840272258696,2.004798026580301,0,20,B,Normal
0.7934756456093536,0.7934701848946267,1.5785720375159906,3.146486461159488,-0.998395656667058,1.9894398098428319,0,20,B,Normal
1.129051004219836,1.1290403303333452,3.9359107864184413,7.491473542989071,-0.2978184942848623,3.4860345296252757,1,0,B,Mild
1.1307516455538624,1.1306901926792163,4.854842426598269,8.58114262279869,-0.23834049387486367,4.293464834375969,1,0,B,Mild
1.1213948325050338,1.1213750579689143,4.171220932963646,8.064439576421346,-0.22486808242541434,3.7196719764132866,1,0,B,Mild
1.1272475852198016,1.1272269173666916,3.9778046240158833,7.8548670685042215,-0.23749436044160532,3.5287763541673525,1,0,B,Mild
1.1303794942183971,1.130319133615276,4.3459574526239,8.136003249691449,-0.18860160163048212,3.844688863211306,1,0,B,Mild
1.1168569242874586,1.1168449900993462,4.407038028721157,7.890890893362946,-0.2735219120565846,3.9459289125442765,1,0,B,Mild
1.113547623740404,1.1135333438199113,4.110611603079613,8.089250656178665,-0.24300337005896155,3.691455592417393,1,0,B,Mild
1.1188899601994264,1.1188894652157848,5.011163664514542,8.524489362613204,-0.22749789560370237,4.478692134856025,1,0,B,Mild
1.1185002275334828,1.1184919584947084,3.986081398813193,7.588670752280841,-0.25680737824225286,3.5637734357938413,1,0,B,Mild
1.118483015965618,1.1184726800025917,3.823339836951218,7.5241291067973055,-0.3048185371742549,3.4183262350661807,1,0,B,Mild
1.1165571712482576,1.1163263176252216,4.195059897373023,7.928593224024874,-0.3247712979911057,3.7571384658101707,1,0,B,Mild
1.1207994580653853,1.1207939513390996,3.7919848449035936,7.564496824104438,-0.27479998933811345,3.3832857587645053,1,0,B,Mild
1.1095505105203645,1.109533993830357,4.040780327690598,7.767082147800068,-0.27196118655819923,3.64181737503372,1,0,B,Mild
1.1121220505046059,1.1120712631949807,4.097253573433077,8.175966398519558,-0.18944109661992847,3.6841761851354535,1,0,B,Mild
1.1301679746221984,1.1301677744926681,3.6111519996502,7.088283550351047,-0.2852168094311236,3.195234762210781,1,0,B,Mild
1.1294633064236401,1.129409586697418,3.704670771180552,7.25977473671777,-0.2826903703650281,3.2800275583198104,1,0,B,Mild
1.1238536670660726,1.1238168791037841,4.1434650344810855,7.940505281072035,-0.2765851835832325,3.6868367794696946,1,0,B,Mild
1.108177376126681,1.108175444943839,3.9930654805413477,7.934197937055445,-0.2642734350237821,3.6032728754109495,1,0,B,Mild
1.1245823598661642,1.1245820381440081,4.010797936428773,7.6517941310164925,-0.3012964489345453,3.5664777250339363,1,0,B,Mild
1.1271494912509625,1.1271262922767675,4.21349293220638,7.985269615111793,-0.25609860199600165,3.7381846551073283,1,0,B,Mild
1.1292105357398072,1.1291784742397808,3.8934115365862456,7.708425537510253,-0.2671698185425351,3.447905783163332,1,0,B,Mild
1.1281507166868412,1.128082407370728,4.321563441325887,8.211682015050728,-0.25030126672567254,3.8306614332679563,1,0,B,Mild
1.1275747364676958,1.127529892948286,4.0077167275342145,7.710298077353951,-0.2822096061314716,3.554280348714635,1,0,B,Mild
1.1369169723535153,1.1369014297100564,4.341636398462642,8.604850576578917,-0.19578225631209634,3.8187805301868996,1,0,B,Mild
1.1157901374388062,1.1157056726793737,4.047870346473351,7.846665104254436,-0.2719120423496926,3.627806171297468,1,0,B,Mild
1.1208266449423294,1.1208155169452465,4.18227729422201,8.357958902121348,-0.21490429183226878,3.7314220830619202,1,0,B,Mild
1.116537891347201,1.116493785047895,4.24649104927856,7.8448081857013365,-0.2654151702816785,3.803266402499601,1,0,B,Mild
1.10893251313482,1.1089288144392206,3.888319480547363,7.58423794738584,-0.2514252954357521,3.506362591494001,1,0,B,Mild
1.1105159296696174,1.1105143443052035,4.849758179901961,8.51562403545087,-0.28003805268185067,4.367121668704727,1,0,B,Mild
1.1030674277203019,1.1030648732150377,4.370506858440737,8.46508940509144,-0.25525558519781155,3.962139347612882,1,0,B,Mild
1.1212989111298175,1.1212695255620053,3.6181410956264175,7.063719714080254,-0.3219034547218915,3.2267409338521422,1,0,B,Mild
1.1135135572618728,1.113494519349735,4.084554825533589,7.87540935177475,-0.2036179402908309,3.6681680244446233,1,0,B,Mild
1.134608756033865,1.1345828760421592,4.138734090012332,7.9369684063599495,-0.24280859083957518,3.64771915252944,1,0,B,Mild
1.124354823461715,1.1243545690215933,4.372678899413098,8.230679411073165,-0.2827978127090027,3.8890560241030454,1,0,B,Mild
1.124570517384153,1.1245576712553598,3.9385190042623024,7.6220191792182135,-0.2579835558695467,3.502242805923486,1,0,B,Mild
1.1251791668614273,1.1251443034117223,3.7879001838569453,7.44407734836157,-0.23110491311808934,3.366486240962768,1,0,B,Mild
1.1233090717078076,1.1233057057221958,3.770815709825499,7.291388720566372,-0.22425837263877169,3.356881738783246,1,0,B,Mild
1.1139211517595629,1.113907473883848,3.9455247549492274,7.83345474469092,-0.2943362942210661,3.5420143954685037,1,0,B,Mild
1.110313879539469,1.1103127282262943,4.612508125890037,8.396999060391039,-0.22224986872200958,4.154238014031845,1,0,B,Mild
1.128599495210593,1.1285595199060643,4.244616018983221,8.366684316770417,-0.24219545067763182,3.7609586367847783,1,0,B,Mild
1.1110423313684576,1.1110314144463922,4.048290847591059,8.055818369291007,-0.2538453824658289,3.6436873135201138,1,0,B,Mild
1.121787691168328,1.1217263751619226,3.8674935378844304,7.54195606326773,-0.2950277643444692,3.4476163077315314,1,0,B,Mild
1.129536398751656,1.129534986767253,4.175281569803284,8.148512132742042,-0.251118209924019,3.6964559746969927,1,0,B,Mild
1.123352250406645,1.1233460844982592,3.7581149948919075,7.345864804838266,-0.3225475050899447,3.345446625073745,1,0,B,Mild
1.128639237115441,1.128637587261764,3.9565885601544553,7.669697694876226,-0.21191557014061901,3.505627334263732,1,0,B,Mild
1.128572274783708,1.1285699405888374,3.8672232822616452,7.488306534332883,-0.3102453142070871,3.4266509719129887,1,0,B,Mild
1.1164750303455677,1.1164744332791292,3.773272898275734,7.4302122068637075,-0.22675335238633698,3.379630350629376,1,0,B,Mild
1.12130820251093,1.1212977747038084,3.902206321949864,7.57380726811502,-0.1806368190882739,3.480047959349363,1,0,B,Mild
1.1172190590028508,1.1172137106369395,4.316225875750673,8.465450557919496,-0.22722760751685955,3.8633657750191133,1,0,B,Mild
1.1093715879831567,1.1093702809466757,3.8361056163390037,7.297279023437408,-0.24763309015796509,3.4579086555777616,1,0,B,Mild
1.1173000126282793,1.1172507646463639,4.321511585491445,7.942056072434612,-0.2419696582413211,3.8678166442742112,1,0,B,Mild
1.1277957042854265,1.12775892117373,4.152300866677594,7.9972864407159125,-0.3063918433154389,3.6817846094816433,1,0,B,Mild
1.1311180100366502,1.131000453499878,3.9388160952693845,7.593434830381766,-0.2940832997362093,3.482232676272001,1,0,B,Mild
1.1215800072090067,1.1215773563237628,3.9042929717385775,7.466262451743587,-0.22783765629304709,3.481065057012033,1,0,B,Mild
1.1121986118604335,1.1121957191341247,4.000226078230576,7.700329259323435,-0.26279057504980674,3.5966832142859686,1,0,B,Mild
1.1098093865345287,1.1097925170350929,3.940514227019828,7.540389576830861,-0.27528788165571294,3.5506225436823966,1,0,B,Mild
1.114236808338472,1.1141672221120622,4.233875415751973,8.102521874529835,-0.2532502044316738,3.7997985563458854,1,0,B,Mild
1.1177382795086477,1.1176449974598763,4.29438468852929,7.882736574553153,-0.2689399161762469,3.8420306141944787,1,0,B,Mild
1.1187699764611505,1.1187433998678833,4.232197686324038,8.096289161410091,-0.26839665404755797,3.7829024512359193,1,0,B,Mild
1.1307112531336767,1.1306552798841356,4.0773341117683115,7.766953899632394,-0.242259205924511,3.6059905660868794,1,0,B,Mild
1.119970026120948,1.1199664215710259,3.808532125608087,7.501844593826193,-0.2592273751691807,3.4005661194336243,1,0,B,Mild
1.112661506547856,1.1126298216365305,4.0656223082883045,7.82591470607117,-0.21239034463002726,3.6539615007463553,1,0,B,Mild
1.1264934254531116,1.1264908299815324,4.697852003398664,8.50409221708189,-0.2472191240836632,4.170332375893839,1,0,B,Mild
1.1323615760239403,1.132361562390228,4.25684411100862,7.909437911755118,-0.20197646420155557,3.7592622366750303,1,0,B,Mild
1.1136863021280219,1.113684788550775,4.258368494486388,7.824411765021615,-0.2504576670214278,3.8236696333155353,1,0,B,Mild
1.1107555736577401,1.1107114893249528,4.235770005447352,8.127068822273188,-0.21865739141653373,3.813413235009821,1,0,B,Mild
1.1165583220968072,1.1165583042803522,4.097881167801863,8.044421109293987,-0.22994254102769895,3.6701004208238492,1,0,B,Mild
1.110550407258662,1.1105172777913737,4.62161510667032,8.963373020039072,-0.19003797463228667,4.161553655253295,1,0,B,Mild
1.122437828284267,1.122437809124389,4.2276961254786585,8.094113026773677,-0.21663310574624806,3.7665303315204715,1,0,B,Mild
1.1219207162666398,1.1218914764625108,4.021760014088211,7.547530843838823,-0.28061568693898575,3.5847096463921475,1,0,B,Mild
1.118701458712549,1.118694570310942,3.7477654295076506,7.403451883567707,-0.25477963586310093,3.3501032829802013,1,0,B,Mild
1.1158511940046187,1.1158506708469518,3.8800939190518906,7.712575425452519,-0.19277639941641267,3.4772503178733256,1,0,B,Mild
1.117493670807365,1.1172932051264646,3.695159084384743,7.371529374202087,-0.24424308138046857,3.306648781030742,1,0,B,Mild
1.1120595637580564,1.1120589947923687,3.9907335629021987,7.880157987894519,-0.24922181077257033,3.5885969537603266,1,0,B,Mild
1.1161201835225647,1.1161111736593916,4.428810013771425,8.068427731069791,-0.2804640635868716,3.9680404307300905,1,0,B,Mild
1.1328656938192387,1.1328156571476622,4.811939724980895,8.822749454036478,-0.1930041056100018,4.247581819481501,1,0,B,Mild
1.127046550381026,1.1269980488147442,3.95377068992915,7.84937776471922,-0.17360810438320806,3.508081089101847,1,0,B,Mild
1.1114716647273661,1.111446781197679,3.8231154396894684,7.643452546166114,-0.2778062676475317,3.4396877230579186,1,0,B,Mild
1.122015365315069,1.1220095414301248,4.014161635362011,7.988182800638482,-0.21902997248223288,3.5776351727899987,1,0,B,Mild
1.1245056935374242,1.1242568297513686,4.185318810334551,8.099351437556294,-0.2223777835099372,3.7219187367282647,1,0,B,Mild
1.1098187306294884,1.1097744846408815,3.974385820392966,7.824355718492367,-0.22013942176019619,3.581112582357208,1,0,B,Mild
1.108516758802608,1.108516630225578,3.697236550235304,7.22248612727185,-0.24910903509278937,3.3353005454143667,1,0,B,Mild
1.1305913246041175,1.1305645824224726,4.350823340034738,7.922675453860661,-0.3472997025576059,3.848272355670341,1,0,B,Mild
1.1312180016126785,1.1311936713490713,4.308327020244384,8.31714564229129,-0.21402564170105398,3.8085736030565105,1,0,B,Mild
1.1150452493320666,1.1150405312142635,4.2047809792456565,8.003006757874255,-0.17187315736245345,3.7709509831680825,1,0,B,Mild
1.1222411731676392,1.1222301983469232,4.798209534973853,8.677868952394768,-0.1828552399109049,4.275560057585858,1,0,B,Mild
1.1161535305574792,1.116148552063389,3.9831753888293164,7.588927003884646,-0.24673752700408036,3.568662625508035,1,0,B,Mild
1.1226080329903765,1.1226026035471854,4.382220403856565,8.703091004895562,-0.1941889386395843,3.903606846802362,1,0,B,Mild
1.1224080401876908,1.1223601331685413,3.9489196349384796,7.740287888182381,-0.2821864952248063,3.5182567244245107,1,0,B,Mild
1.1267177417827727,1.1267156125237234,3.782557316270325,7.414523048914877,-0.32909493019209357,3.357147203775539,1,0,B,Mild
1.1242459332886212,1.1242458867395335,4.071345523230455,7.962953360689427,-0.25458210894762434,3.621401156703355,1,0,B,Mild
1.1158548936444876,1.1158439320763882,3.9229600615401945,7.591270714851429,-0.23529089739306297,3.5156543058456604,1,0,B,Mild
1.122373389985758,1.122343342413363,4.0083663594336265,7.374096475739428,-0.27860183868817723,3.5713305350944657,1,0,B,Mild
1.1317194618328583,1.1316850092831559,4.176417743389654,8.220279791046705,-0.24916990764417246,3.690329524443984,1,0,B,Mild
1.11073009089531,1.1107075600482392,3.8060664335423953,7.405977129410596,-0.2908054087184593,3.4266348456216713,1,0,B,Mild
1.1205569719105513,1.120534734788898,4.637071774856061,8.112785797451302,-0.24808529222579345,4.138184751954063,1,0,B,Mild
1.1260760245155288,1.1260009624414025,4.397770965731045,7.859365104899238,-0.3122195658818834,3.905394369463728,1,0,B,Mild
1.1183343824464307,1.1183218608343064,4.338844005524088,8.172269199285953,-0.30160858334252527,3.8797376470108866,1,0,B,Mild
1.114240790871408,1.1142024173179086,3.7734253488702256,7.483587454149942,-0.2736843034462151,3.386543895883729,1,0,B,Mild
1.1247784006787707,1.1246851483667828,4.397731591499822,8.00037935305911,-0.2936166804782743,3.909864902140653,1,0,B,Mild
0.9068101981840128,0.9067958265454766,2.771685425138423,5.344557380451104,-0.5882969968212706,3.056522115310379,1,5,B,Mild
0.9156021845969428,0.9155924470383626,3.0050318013022252,5.750459415089654,-0.6043625425908283,3.2820277756600924,1,5,B,Mild
0.9127618517484194,0.9127598592352195,2.8334019862010065,5.66412263258359,-0.5713439366154236,3.104207281202156,1,5,B,Mild
0.9070071430178895,0.907006286038035,2.9095377316546336,5.715480309212377,-0.5664624638306606,3.2078443417476445,1,5,B,Mild
0.9139987215129298,0.9139972131063961,2.85198102437909,5.374865343474971,-0.5973523824375695,3.1203337130037165,1,5,B,Mild
0.9036479825144638,0.903630589655643,2.678283555228891,5.275905227370497,-0.617997244329902,2.963857173427621,1,5,B,Mild
0.9129143979219535,0.9129077829595739,2.7155933432685266,5.387764360592051,-0.5923026936571145,2.974641816855962,1,5,B,Mild
0.9077056650319631,0.907693695895521,3.098570272925472,5.830705985589161,-0.5971507214078322,3.413628880256423,1,5,B,Mild
0.9137512661990561,0.9137477038236789,2.733477963203516,5.318623098139568,-0.5903547720254623,2.9914902056158046,1,5,B,Mild
0.9084405013305291,0.9084137374112341,2.7831202351841937,5.519682415898735,-0.6319825239682095,3.063624124098334,1,5,B,Mild
0.9079631684818025,0.9079630372320978,2.6330956731777455,5.2273561320856645,-0.5939245317580815,2.9000027364331555,1,5,B,Mild
0.9096544743255476,0.9096371912091927,2.940991100185994,5.587527199730532,-0.5735114751060446,3.2330859498784488,1,5,B,Mild
0.9145067864530274,0.9145005897777411,2.811212989636227,5.309681314644402,-0.5647226621487018,3.074020916279577,1,5,B,Mild
0.9123353147578335,0.9123300502487389,2.6804022673802157,5.3401130547778415,-0.5858389169091134,2.9379573760023643,1,5,B,Mild
0.9074498745631268,0.9074486193342773,3.0113769739988587,5.603711859095876,-0.5527003221900024,3.318505030868647,1,5,B,Mild
0.9136713813914177,0.9136639135703939,2.752624303413527,5.464406739312324,-0.5454199970718006,3.012707149940051,1,5,B,Mild
0.9116639073179249,0.9116575682847186,2.8498728322490035,5.452462202138775,-0.5760883461005508,3.126012568198739,1,5,B,Mild
0.903733630852329,0.9037313151972638,3.063805926825929,5.6352412384512105,-0.5607513667585047,3.390164781116304,1,5,B,Mild
0.9129676741393573,0.9129443653662187,2.7031225400762935,5.291626546245562,-0.5782195139806903,2.9608085988635815,1,5,B,Mild
0.9070237637910659,0.9070021539707029,2.7116943798782516,5.310295318085698,-0.5664016120543298,2.9896618899423832,1,5,B,Mild
0.908838833253557,0.9088351963978301,2.740068686653555,5.47808168407696,-0.5789266137219653,3.0149115403050817,1,5,B,Mild
0.9081921532652828,0.9081921496386445,3.079667832917845,5.82605411595971,-0.5497917815927957,3.3909870525145074,1,5,B,Mild
0.9019165326141052,0.9018825752900399,2.8487140424433726,5.552708141863863,-0.5912249547520632,3.15851183499951,1,5,B,Mild
0.9045450202737481,0.9045380474349203,2.766651989994762,5.433936099204032,-0.5927884577500842,3.058611708632781,1,5,B,Mild
0.9192486605772531,0.9192195030222824,2.9048163349550666,5.655060470012866,-0.6058935766199234,3.15998973893631,1,5,B,Mild
0.912150783975049,0.9121394347906933,2.8795495376194964,5.473915793647946,-0.6004961683322119,3.1568788715729084,1,5,B,Mild
0.9070668377984753,0.9070638892038053,2.781742308070392,5.297475323709017,-0.5759078189812454,3.066744579508502,1,5,B,Mild
0.9118791881089291,0.9118787097886271,2.7185808067595483,5.251784232984683,-0.6074580767237601,2.9812949371038813,1,5,B,Mild
0.905886418035416,0.90587229307131,2.659434591126883,5.275209468332232,-0.5820591851276791,2.9357263098108524,1,5,B,Mild
0.9113015650978573,0.9112905542626808,2.6325693292199013,5.21477231052798,-0.624859902131699,2.888801501111447,1,5,B,Mild
0.9094090889585444,0.9094019542306129,2.7637366267744943,5.478555096829172,-0.5738151330449384,3.0390466296521472,1,5,B,Mild
0.901950547611098,0.9019442229675937,2.6164216391425175,5.158933392048888,-0.5925312863826027,2.900848218422129,1,5,B,Mild
0.9105926581256061,0.9105898618358317,2.908980844480447,5.607048718561823,-0.5796255968267743,3.1946016899239984,1,5,B,Mild
0.9055231454617773,0.905523121248466,2.715582468760937,5.334038875253409,-0.5856427264337496,2.998910058092561,1,5,B,Mild
0.9175946634142835,0.9175859040314034,3.0472696357566305,5.588449627503304,-0.6320975825002901,3.320932168914351,1,5,B,Mild
0.911138177682111,0.9111381168833773,2.68910158144549,5.321681388660463,-0.5760079631083475,2.951365278410819,1,5,B,Mild
0.9091672224290271,0.9091474430022178,2.775551746052379,5.327855164401065,-0.6123498086059973,3.0528506501113424,1,5,B,Mild
0.9058963885020057,0.9058854949541095,2.9816933873476854,5.743268129103418,-0.5565529965414822,3.2914287165646248,1,5,B,Mild
0.9060813594521296,0.9060808919654675,2.9020567694809816,5.510257662745024,-0.5845923412875353,3.2028655475659895,1,5,B,Mild
0.915414813977433,0.9154148127621329,2.853963117641891,5.69191465651797,-0.5963894567252037,3.1176719822148824,1,5,B,Mild
0.8999008997893134,0.8998898817322678,2.5212626631056407,4.983254939080495,-0.6277599106230016,2.801711459223925,1,5,B,Mild
0.9141177499672024,0.9141005006767017,2.7236015999804915,5.367950093506135,-0.5972310853007854,2.9794866143647374,1,5,B,Mild
0.9142936594997351,0.9142928976575179,2.734002072902671,5.306677511617568,-0.5876482277516946,2.9902887813950363,1,5,B,Mild
0.9045435285748414,0.9045224473830538,3.116438258261171,5.96747232810786,-0.5576068873694617,3.4453159630375034,1,5,B,Mild
0.9142630044199824,0.9142625542069179,2.6865055652037304,5.3290353208300605,-0.5819290312851697,2.9384384495663545,1,5,B,Mild
0.9070018579877906,0.9069846838645915,2.7972082778045424,5.514880562844338,-0.5778491188752839,3.084016039405066,1,5,B,Mild
0.9204550169298625,0.9204543958773258,2.9865361376529185,5.7103992889598585,-0.62613251857278,3.24463019128776,1,5,B,Mild
0.9088632996740881,0.908863254312792,2.917363805784029,5.6184119582577985,-0.5926051905081224,3.2099038511404028,1,5,B,Mild
0.9040569640604725,0.9040363269089918,2.8069287511092136,5.465663095662007,-0.5420353422964328,3.1048140357242553,1,5,B,Mild
0.9072648453954492,0.9072480565093547,3.11792393637437,5.7714470943211085,-0.553754461738293,3.436619364454005,1,5,B,Mild
0.9115801378815734,0.9115682178362855,2.734017129793524,5.3767190879965625,-0.568261325313999,2.9992065603218636,1,5,B,Mild
0.9084731540187402,0.9084684934173585,3.030432037091763,5.956166550963914,-0.5891175981104046,3.3357419794809373,1,5,B,Mild
0.9078751826527007,0.9078263088352196,2.804083526773109,5.549578519484594,-0.6136504705136723,3.0886222912051835,1,5,B,Mild
0.9154136948480592,0.9154047328647481,2.819847325796972,5.3898518850058785,-0.5736879846270506,3.0804076251721484,1,5,B,Mild
0.91465917896848,0.9146584670402261,3.133650107269279,5.833741890264529,-0.5892338103222605,3.4260303502374487,1,5,B,Mild
0.9117075720354327,0.9116352949340694,2.8095652109975466,5.484374879087024,-0.5869099396327613,3.0816517238362424,1,5,B,Mild
0.9165312075599626,0.9165252977565556,2.761924201644143,5.487297424961035,-0.5511543379129837,3.013453528764266,1,5,B,Mild
0.9164382238237866,0.9164105887789461,2.9906556068542898,5.577711789485901,-0.5912526089461942,3.263346649134678,1,5,B,Mild
0.9114287862198236,0.91141461769006,2.6262934738470634,5.122517427367911,-0.6118990366493158,2.881512536749787,1,5,B,Mild
0.9132559007259208,0.9132521629255054,3.0934963890250398,5.987254321692807,-0.5694264761308121,3.387327020352246,1,5,B,Mild
0.9092190743794162,0.9092076728062647,2.672450989081544,5.333030966647027,-0.5490631600305504,2.9392817027135236,1,5,B,Mild
0.9137783532316642,0.9137750917067108,2.764385141605806,5.490678550071259,-0.5903303823986739,3.0252250251160957,1,5,B,Mild
0.9142095384834056,0.914129299778642,2.9932304775955823,5.835199763031487,-0.5540117106982878,3.274118625540806,1,5,B,Mild
0.9062327426552976,0.9062327091151284,2.7130956885779387,5.249552757725799,-0.5443437947248388,2.9938177698462556,1,5,B,Mild
0.9155034076684421,0.9155012749122671,3.245677879117417,5.926233805026197,-0.616425274895811,3.5452384468817497,1,5,B,Mild
0.9067337250595495,0.906732425700424,2.991545700739149,5.80256209520666,-0.572956499913027,3.299254916919165,1,5,B,Mild
0.9138058969141557,0.9137969964701239,2.874317473408147,5.537114419461197,-0.6258493711691404,3.1454354618573497,1,5,B,Mild
0.9091297976696714,0.9091249582439715,2.676042347845371,5.305467428591393,-0.5986443814721194,2.9435206663611084,1,5,B,Mild
0.9049321110838077,0.9049308672708355,2.7145739720578987,5.24909965743806,-0.5856042021151664,2.9997542785908458,1,5,B,Mild
0.9178203776991737,0.9178170977860834,2.7354153060507045,5.458939739714115,-0.5782616622388135,2.980338389204155,1,5,B,Mild
0.9153558873801455,0.9153510343842336,3.0322309894230957,5.790065715474666,-0.5877624831434569,3.3126252108365106,1,5,B,Mild
0.9122824869211906,0.9122813970452348,2.945750433682467,5.8443739111436335,-0.6008213764945061,3.2289893491476636,1,5,B,Mild
0.9122891751376312,0.9122853400753339,2.9353920572560357,5.7212065266746395,-0.6161409098226374,3.21761140793235,1,5,B,Mild
0.9036555142630327,0.9036486198312965,3.1079625979069494,5.914405386171747,-0.57455638582725,3.4393223400419544,1,5,B,Mild
0.9086022211024188,0.9086022210583512,3.041592191192529,5.647313947231908,-0.6171008268203937,3.3475509090238913,1,5,B,Mild
0.9041775553268089,0.9041712998723063,2.7653641489940437,5.384976214801651,-0.5713585795675864,3.05843042962344,1,5,B,Mild
0.9074434624525435,0.9074431356644297,2.7865713645167567,5.547405625948107,-0.5859187189598067,3.0707933659971527,1,5,B,Mild
0.9100356267168029,0.9100203425039796,2.7178999964089607,5.40514840299126,-0.6023637918256544,2.986586367189285,1,5,B,Mild
0.912325909599324,0.9123224292597983,2.868102011782434,5.518086474348057,-0.5592048393478781,3.1437252648475686,1,5,B,Mild
0.9106648549039904,0.9106544049437749,2.85474349219929,5.646085333162247,-0.5741371095641816,3.1347904520815835,1,5,B,Mild
0.9089280406924038,0.9089099705474211,2.944346232447003,5.833850187462945,-0.5873870302035122,3.2393612042203657,1,5,B,Mild
0.9092827945343592,0.9092824299803354,3.3289618718393745,5.928459612994562,-0.6125641578290626,3.6610852991495624,1,5,B,Mild
0.9111752318746257,0.9111677408940626,3.132058005267841,6.159166511053107,-0.5741444418689299,3.4373827291420502,1,5,B,Mild
0.910780639477803,0.9107802336434085,2.8131412508094424,5.431941565703833,-0.611192354530878,3.0887143719066756,1,5,B,Mild
0.9112456451702349,0.9112358884729548,2.7435719730272936,5.381073410924089,-0.5917710548865638,3.010792959690635,1,5,B,Mild
0.9025825800644395,0.9025825586411241,2.62210050036325,5.153697295752277,-0.6037048309881365,2.9051086939613286,1,5,B,Mild
0.9113963709045279,0.9113704300280788,3.1573231418875967,5.8731428149306,-0.5323157241634622,3.464270039559262,1,5,B,Mild
0.9055298466349918,0.9054591087297653,2.835001403501493,5.480626828904084,-0.5962551990650442,3.1307652796167282,1,5,B,Mild
0.911973022320731,0.9118942831748544,2.8685122447759053,5.5934955744175054,-0.557903803257997,3.145391557171612,1,5,B,Mild
0.9096392620197264,0.9096189187308921,2.7975226332810887,5.5205741738924035,-0.5510728059201271,3.07541983958518,1,5,B,Mild
0.9117087382423509,0.9117061301636454,2.956397132057517,5.619063776725721,-0.609124756779984,3.242699129721016,1,5,B,Mild
0.917063460283138,0.9170584341078157,2.75780447259568,5.387458846623755,-0.5802782616565563,3.0072122508776262,1,5,B,Mild
0.9095450573835161,0.9095334511002455,3.07951163888621,6.050857671586604,-0.5617416181212942,3.3857713962461915,1,5,B,Mild
0.9101081734456524,0.9101076908841034,2.9817975120738973,5.647119363644794,-0.5942908875897452,3.2763111013330075,1,5,B,Mild
0.9096382425231938,0.9096367577267049,2.7345775082506147,5.24724141522203,-0.6090084428569447,3.006225310696399,1,5,B,Mild
0.914423271769535,0.9143921807142398,2.6865620287830008,5.318173450766142,-0.5851591843402906,2.937985188832884,1,5,B,Mild
0.907932576573723,0.9079296558823794,2.813502295578491,5.353338415467218,-0.5749255938960833,3.0988009111820194,1,5,B,Mild
0.9152003361785056,0.9151856326938711,3.0069089167188316,5.69997306118805,-0.5628197441625549,3.2855198996915007,1,5,B,Mild
0.9137968183592695,0.9137968095804606,2.628982223601001,5.1624940774803285,-0.6217139149444089,2.876987718474838,1,5,B,Mild
0.9076801436268761,0.9076410164974457,2.8829539261273167,5.656656120463657,-0.5604820867912017,3.1761782455741643,1,5,B,Mild
0.8282063688061231,0.8282063685747166,2.354188681133421,4.504474526906339,-0.8306271345908427,2.8425145830827567,1,10,B,Mild
0.8317087901486793,0.8317050894211488,2.2626381163809586,4.478788187046466,-0.8436102892923265,2.720469163222961,1,10,B,Mild
0.8372603415209775,0.8372577163322419,2.3104175975866728,4.365833522429395,-0.8462809153577373,2.7594972352202176,1,10,B,Mild
0.8366569137790737,0.8366564298610094,2.1435750609207274,4.130998359642637,-0.8521143369164639,2.562071771137908,1,10,B,Mild
0.8268255210828451,0.8268236707125268,2.089438887835872,4.153210437391584,-0.8159610556900705,2.5270614350406793,1,10,B,Mild
0.8339536151586109,0.8339533849704026,2.1614551192007836,4.267022920240555,-0.8453105622730561,2.591816954699205,1,10,B,Mild
0.8346723206039809,0.8346573696525685,2.2402606018999704,4.439093231329684,-0.8123620008871439,2.6840001118988654,1,10,B,Mild
0.8342736947898292,0.8342723205879896,2.1693145916780336,4.310352264029149,-0.852621095556136,2.600243307712739,1,10,B,Mild
0.8324116193559402,0.8323784235146741,2.1045391483739495,4.205012537978798,-0.8446339925536099,2.528243358739141,1,10,B,Mild
0.831148020521586,0.8311372738205167,2.2476745169451435,4.350840050356467,-0.8258473961533612,2.7043011129769856,1,10,B,Mild
0.8337161952943465,0.8337116052319136,2.1313990505631852,4.1706217256059315,-0.829773336954525,2.5565043147694726,1,10,B,Mild
0.8358663802924429,0.8358663755548712,2.365451319667048,4.543278182715197,-0.8340258919217693,2.829939539905233,1,10,B,Mild
0.8280268010665305,0.8280239494291584,2.1119598057402373,4.184737306008746,-0.8505477766708336,2.5505935351608806,1,10,B,Mild
0.8339362013629115,0.8339216492663384,2.203337519173462,4.329352787737868,-0.8377240228490104,2.642093622476782,1,10,B,Mild
0.8300023196781563,0.8299939465191127,2.1543223284153146,4.293484918570219,-0.8407730915406817,2.5955618163220073,1,10,B,Mild
0.8336732453238637,0.8336719677085042,2.3322532237899916,4.505146113525196,-0.8444188085759703,2.7975627583969818,1,10,B,Mild
0.8336589069004235,0.8336330146673009,2.1272472680947527,4.201097198458797,-0.8483196794140762,2.5516998025054893,1,10,B,Mild
0.8311668970753016,0.8311438477832707,2.155905477571693,4.194247590461369,-0.8310626373801093,2.593829813432011,1,10,B,Mild
0.8298030193924608,0.8298010501280317,2.2958437088229795,4.498699035255322,-0.82771834363139,2.766733375474915,1,10,B,Mild
0.8307339020844443,0.830728433989352,2.4175984166805904,4.507444808485573,-0.8280222828018866,2.9101959250903917,1,10,B,Mild
0.8307178277366832,0.8307175809964693,2.2021915348529126,4.270737339796989,-0.831701875222369,2.6509501317106103,1,10,B,Mild
0.8301561916842268,0.8301550838480954,2.1280144426020007,4.242316662031081,-0.8175622838323853,2.5633904365450433,1,10,B,Mild
0.8329957833490725,0.8329896888209452,2.094744496333619,4.188636257183402,-0.828394688548101,2.5147120047975107,1,10,B,Mild
0.8329469880580017,0.8329449943657241,2.1639934005774397,4.309006103392354,-0.8525486930860815,2.5979965491234256,1,10,B,Mild
0.8307657147761323,0.8307654006203735,2.2577856146800817,4.431680626771051,-0.8319084813252942,2.717716408516558,1,10,B,Mild
0.8298488049605979,0.8298487203124094,2.18442852569713,4.180645428561797,-0.8395590638592516,2.6323211079406796,1,10,B,Mild
0.8343774064741556,0.8343737637288159,2.1483960763259065,4.196804549465517,-0.8391240282200481,2.574849294403146,1,10,B,Mild
0.8338412143169072,0.8338405924604919,2.2444058459904825,4.448145261040134,-0.847407254046221,2.6916465718585605,1,10,B,Mild
0.8260741234559259,0.8260702756837952,2.1863200108131053,4.259842119735923,-0.8091987072428228,2.6466390227386825,1,10,B,Mild
0.8307759017348891,0.8307563330325022,2.3162407789968933,4.392859753258412,-0.8378672527462498,2.7880452167184244,1,10,B,Mild
0.8323515764847862,0.8323459125487586,2.36356427100602,4.36807910311285,-0.8186993395850393,2.8396225078204336,1,10,B,Mild
0.8327237735364248,0.8327237734002746,2.264584954159461,4.466759429378272,-0.8056825795722231,2.7194911759780616,1,10,B,Mild
0.8353205648218731,0.8353205454086009,2.216239562103561,4.287930001774761,-0.835869401047102,2.653160541517567,1,10,B,Mild
0.8311074354472727,0.8311074018236948,2.225966147279963,4.345302415838679,-0.838922637704651,2.6783133591892683,1,10,B,Mild
0.8313536498872609,0.8313536440660403,2.150768767454971,4.288093178656697,-0.8257512460586813,2.5870684127586796,1,10,B,Mild
0.8289352030787165,0.8289314503736118,2.2123383633261238,4.3911023377262275,-0.8271587442841475,2.6688917964991266,1,10,B,Mild
0.8337195889925153,0.8337182394709375,2.167966165004925,4.2798163680679355,-0.8254934844653827,2.6003541162139925,1,10,B,Mild
0.8332288689345905,0.833228853852018,2.2946098743705585,4.5086658956702355,-0.8171998036792449,2.753877067779187,1,10,B,Mild
0.8357508404941226,0.8357464991453987,2.3616381483287303,4.448972147064445,-0.8495590069471883,2.8257682001641236,1,10,B,Mild
0.8340235825046812,0.8340233448380987,2.4230629802303616,4.4427259025863375,-0.8355922300879564,2.9052691447328005,1,10,B,Mild
0.8362044782363972,0.8362027954240009,2.226741329466935,4.37422310773836,-0.8226108311084941,2.6629148580539286,1,10,B,Mild
0.8319265299723149,0.831926434759136,2.241413421006315,4.324274481476666,-0.8393263948634209,2.6942444317539738,1,10,B,Mild
0.8326321258229289,0.832628535364097,2.2596080002744348,4.385601063461387,-0.8351231795180829,2.713813135712437,1,10,B,Mild
0.8298061279525389,0.829792160139916,2.136931983618,4.186811109803173,-0.8300652869273191,2.575218369248079,1,10,B,Mild
0.8309980530041824,0.8309809881698872,2.3769694734731326,4.67154864944104,-0.8286621912846894,2.860379112658606,1,10,B,Mild
0.8332067612968069,0.833205988165005,2.1893206033110824,4.272579745390889,-0.8245424002547366,2.6275838183353355,1,10,B,Mild
0.8327073922606065,0.8327071905037174,2.308003116262189,4.553663878456061,-0.8163870773922222,2.7716856337692626,1,10,B,Mild
0.8325630529066809,0.8325598440674918,2.227073299818792,4.278126879432603,-0.8187001893250709,2.6749605234624996,1,10,B,Mild
0.8312266900692151,0.8312266890648725,2.229773320102232,4.420811334798812,-0.8286294805340728,2.682509292280499,1,10,B,Mild
0.8298174942143202,0.8298174892300972,2.4725877987625955,4.732210172325538,-0.842712339879641,2.97967663492521,1,10,B,Mild
0.8332724915773757,0.8332612439814647,2.1209015329920597,4.16145965209158,-0.827839906360825,2.5452676698557712,1,10,B,Mild
0.8362945262707715,0.8362944408709284,2.1888981998959234,4.352245613531702,-0.8356959564701754,2.6173771693289933,1,10,B,Mild
0.8306307015358356,0.8306265975971311,2.1017133813317663,4.195345844180885,-0.826377020207353,2.5302620977598105,1,10,B,Mild
0.8368181455179381,0.8368180482166733,2.38600230366491,4.611798653061423,-0.8340038302802402,2.8512793567449757,1,10,B,Mild
0.8345540164281493,0.8345539344679879,2.1377049468679408,4.242245033879011,-0.8390645826095811,2.561493809612485,1,10,B,Mild
0.8328713451510497,0.8328669593691718,2.262647106544648,4.451807606564121,-0.8484317783944304,2.7166826181711103,1,10,B,Mild
0.8299999808105994,0.8299996446467093,2.176234642644225,4.329337576260037,-0.8417063910629028,2.6219695095882507,1,10,B,Mild
0.8330595493581867,0.8330569544248113,2.2623114143433494,4.353469719320977,-0.8201815081846555,2.715665904179719,1,10,B,Mild
0.8317709033674894,0.8317708958044805,2.264794958520377,4.291553526108387,-0.8249426176117494,2.722859082171759,1,10,B,Mild
0.8303919717051842,0.8303904336303402,2.2192799143887427,4.391534395691658,-0.8231155438896702,2.672569087862832,1,10,B,Mild
0.8318125365863331,0.831807277951237,2.3171005999158334,4.346518479353512,-0.8410333427946681,2.785604325494971,1,10,B,Mild
0.8260932708443322,0.8260929245893998,2.215792840196725,4.365974986649386,-0.8325114039844737,2.6822550411674593,1,10,B,Mild
0.8278556486524703,0.8278543566008374,2.162065950588155,4.3176746728279936,-0.8491048259081801,2.6116460691032617,1,10,B,Mild
0.8329827552910293,0.8329771017433543,2.074343326432894,4.09510993598791,-0.8399274604561349,2.4902596281337845,1,10,B,Mild
0.8352075949479202,0.8352059302361396,2.2398059795570218,4.315639488422584,-0.823028772528029,2.681735646449295,1,10,B,Mild
0.8322190850747577,0.8322153180909976,2.242031669596362,4.3113192659657695,-0.8353028737341344,2.6940401990360043,1,10,B,Mild
0.8327544843070726,0.8327535064550005,2.2108471053958816,4.210963442583495,-0.8365617541879558,2.6548606426725008,1,10,B,Mild
0.8346795090432534,0.8346660941147422,2.6619248855364077,4.832135456571203,-0.8215571917105655,3.1891580621017326,1,10,B,Mild
0.8333198023475877,0.8333181027708217,2.300644567705496,4.5440069465197155,-0.8375781863038041,2.76081830915842,1,10,B,Mild
0.8316486202621671,0.8316059514011659,2.4008172599005357,4.60692034959064,-0.8438606071366088,2.8868168616016066,1,10,B,Mild
0.835312211019607,0.8353105860378092,2.1952335049024017,4.385957419821976,-0.8443607991077067,2.628039523357182,1,10,B,Mild
0.8309440664606881,0.8309327520205335,2.401872273270921,4.434239174862679,-0.8272693437761114,2.8905342371616216,1,10,B,Mild
0.8335616501845045,0.8335538070228639,2.2184403670575175,4.3721830299134385,-0.8250855055365238,2.6613992697078586,1,10,B,Mild
0.8305164242555955,0.8305147530084276,2.160714397238083,4.317084372531145,-0.824819812700607,2.6016516159505985,1,10,B,Mild
0.831741063826308,0.8317361758400994,2.2112632993250205,4.400905803561417,-0.8200001868559617,2.658595800419441,1,10,B,Mild
0.8304653463466716,0.8304621299347388,2.219427430980646,4.354283956712372,-0.8458477307060304,2.672510587882089,1,10,B,Mild
0.8325233601737378,0.8325226166484159,2.1724338374395886,4.262854037548092,-0.8248492805513559,2.6094569130002876,1,10,B,Mild
0.8310747272010115,0.8310625517361736,2.2044681699614483,4.21666078841366,-0.854053976114812,2.6525510857319756,1,10,B,Mild
0.831441575903964,0.8314398075214777,2.242442450443507,4.446828894736061,-0.8268398430664097,2.697053545831489,1,10,B,Mild
0.8311831824784011,0.8311814012510751,2.19157624821127,4.279298520103874,-0.822425469016947,2.636694647353768,1,10,B,Mild
0.8304256954771427,0.830424302563866,2.1895852574464922,4.353521610258122,-0.8267172662743096,2.6367021990912853,1,10,B,Mild
0.8317633670922722,0.8317630928254246,2.111524008845334,4.13746570502272,-0.850360995747907,2.5386114517485003,1,10,B,Mild
0.8323032287373027,0.8322971630542274,2.482413104527169,4.5742555727723495,-0.8401196661999717,2.982582571850968,1,10,B,Mild
0.8324167446382501,0.8324125478167086,2.408999639268483,4.509261800872733,-0.8186848230271249,2.8939826772891037,1,10,B,Mild
0.8345009470343342,0.834484794254727,2.1153914357482675,4.155233381709897,-0.82607494699687,2.534917956972951,1,10,B,Mild
0.8309799873377314,0.8309792096754667,2.2107292774896496,4.388478316865669,-0.8405800283738998,2.6603881094324757,1,10,B,Mild
0.8323515562934511,0.8323513786161082,2.3055018647880896,4.532841861392685,-0.8360268052238466,2.769865506174736,1,10,B,Mild
0.8315861165110963,0.8315765880028702,2.3687219813665266,4.418468836502068,-0.839962082095246,2.8484385854160896,1,10,B,Mild
0.8290483811639943,0.8290483422000497,2.1441175068264777,4.229221229644061,-0.8349706483473618,2.58623930224206,1,10,B,Mild
0.8337076673179052,0.8337075444211193,2.2008282710084925,4.391756740482526,-0.8290146301158154,2.6398081213391116,1,10,B,Mild
0.8334001328014681,0.8333806475434573,2.171263917098833,4.296557105336499,-0.8419867850813652,2.605307860703293,1,10,B,Mild
0.829462856830665,0.8294338162559738,2.2266859064075257,4.269290035913068,-0.8625138320340775,2.6844914007549154,1,10,B,Mild
0.8335981258533648,0.8335976959762499,2.1218552912448265,4.17156561174136,-0.8401051360092819,2.545417540463706,1,10,B,Mild
0.8334019629679186,0.83340106141615,2.2954607020861153,4.433017947748645,-0.82373296681586,2.754326008438353,1,10,B,Mild
0.8320068348097428,0.8320052519358992,2.170850448272481,4.26942854419075,-0.819087772340529,2.6091738161849296,1,10,B,Mild
0.8327343941233126,0.8327330645687336,2.061050029390739,4.087943599182472,-0.8466403345650071,2.4750389126902514,1,10,B,Mild
0.8287931221493652,0.8287899526868161,2.1027639017923576,4.183730504594417,-0.8274209711472418,2.5371396619932343,1,10,B,Mild
0.8332231413817638,0.8332231413462924,2.239060903836595,4.368709770417764,-0.8259758421991688,2.6872284177363106,1,10,B,Mild
0.8282693030524072,0.8282682219721902,2.2110692236534053,4.219923480592529,-0.819889015595074,2.66950521467473,1,10,B,Mild
0.8332805589178744,0.8332768611657063,2.1222184102258224,4.132313007974056,-0.839667303688683,2.5468233808092258,1,10,B,Mild
0.7951075256022806,0.7951032416313967,1.707392816244067,3.4005452845863022,-0.9826057115763462,2.147373482537152,1,20,B,Mild
0.7960798255949032,0.7960737675483291,1.669786387243376,3.3139653300967904,-0.9876611034293297,2.0975112464325547,1,20,B,Mild
0.7976598062236744,0.7976581588139121,1.7444989924111907,3.439254350082577,-0.9828174293770799,2.1870213075798506,1,20,B,Mild
0.7973536930698629,0.7973533471234036,1.691342311955066,3.3605713436739846,-0.9883038811250269,2.12119455475686,1,20,B,Mild
0.7966404497230849,0.7966398463415238,1.8010131385379808,3.5409298590022806,-0.9928479004570256,2.2607603457293934,1,20,B,Mild
0.7963886842967164,0.7963861183132774,1.7241166245577508,3.3966952172595417,-0.9929764926172076,2.1649185360792798,1,20,B,Mild
0.7976255857748992,0.797624959525027,1.6852630136946185,3.366387323004732,-0.9858229149957323,2.112849742724054,1,20,B,Mild
0.7969048030541491,0.796903908047884,1.7480658690498365,3.392903600583423,-0.9925542498993316,2.1935692473559563,1,20,B,Mild
0.796829161410132,0.7968274389037349,1.7513133329840402,3.4248273664174693,-0.9960503511414482,2.197852962465351,1,20,B,Mild
0.7978701860698518,0.7978636775189116,1.6833079120020176,3.356265481034479,-0.9878314540415185,2.1097516129705935,1,20,B,Mild
0.7970541278065277,0.7970506252994887,1.693870675460311,3.362813482944852,-0.9897209577331894,2.1251639209520174,1,20,B,Mild
0.7959306425049262,0.795927961988641,1.79492811256931,3.4592675070798253,-0.9905608953362592,2.2551313100854773,1,20,B,Mild
0.7978380899413966,0.7978370194374464,1.6555574568339155,3.302377871032638,-0.9927254990995205,2.0750544223271175,1,20,B,Mild
0.7989713164852078,0.7989688073097571,1.7403187639259012,3.4188765269858745,-0.9841898825333621,2.1781993020498147,1,20,B,Mild
0.7979795355753848,0.7979776793972929,1.7323788358341834,3.443226547500431,-0.9920159625217497,2.1709564701869803,1,20,B,Mild
0.7978880924986388,0.7978869494710012,1.7231164941946773,3.3972848591566187,-0.9896050638491181,2.1595967033404713,1,20,B,Mild
0.7970112018978366,0.7970093820738899,1.6778375827372396,3.300488981059811,-0.9827093530280542,2.1051618581294544,1,20,B,Mild
0.7981104345027265,0.7981085674673544,1.6882053921298457,3.337697092161293,-0.9866142726060803,2.1152528762284697,1,20,B,Mild
0.798216097861172,0.7982130633278579,1.7440482046486059,3.4789258266220884,-0.9876948752980974,2.1849323877604077,1,20,B,Mild
0.79753907642688,0.7975388456256105,1.8075598056791695,3.533807004337674,-0.9853727441095641,2.2664216200883422,1,20,B,Mild
0.7968638039425375,0.7968626400775988,1.6785765093566518,3.3424683377001436,-0.9916058818920059,2.106478548845839,1,20,B,Mild
0.7969403466421607,0.796940340070593,1.7775008453862764,3.474947053992917,-0.9872492661915406,2.2304063947516557,1,20,B,Mild
0.7971298905200224,0.7971292268088273,1.7027626084035967,3.3700499050800676,-0.9888222024493238,2.1361168721107275,1,20,B,Mild
0.7973554126788787,0.7973528907340766,1.7445489790584696,3.3973435006964063,-0.9878454693784899,2.187918902058118,1,20,B,Mild
0.7977116188106764,0.7977086033375654,1.6779922223834187,3.339539338365692,-0.9898542533737658,2.1035073111824163,1,20,B,Mild
0.7964291120171237,0.7964282522061654,1.755744266909242,3.4146185549588712,-0.9890914797608992,2.2045204531291573,1,20,B,Mild
0.7954719814846901,0.7954719814832039,1.7115357792948027,3.3656962978078644,-0.9902294257022204,2.1515978175627843,1,20,B,Mild
0.797086176575322,0.7970855703475471,1.7455588782434568,3.4464748951205553,-0.9900931068632493,2.189924915952306,1,20,B,Mild
0.7967008538583892,0.7966993761654753,1.7438623184845157,3.454140740399234,-0.9856844368985898,2.1888545870624623,1,20,B,Mild
0.7963823622649612,0.7963799681258888,1.7004757744270413,3.3474404566849882,-0.9865563588517592,2.1352504211554635,1,20,B,Mild
0.7972943499772221,0.7972939964105739,1.7217346854382072,3.38897494809282,-0.9865245264621327,2.1594718255402103,1,20,B,Mild
0.7978594030485542,0.7978563836678191,1.7266724628578356,3.411418096192569,-0.9911043240613688,2.164131244502934,1,20,B,Mild
0.8005871512246188,0.8005832665386434,1.725532862119137,3.4287517911694234,-0.9913137363666031,2.1553341937597605,1,20,B,Mild
0.7972987732786044,0.7972973347679407,1.7223191314591926,3.413661477300261,-0.9891827217480587,2.1601928777298562,1,20,B,Mild
0.7966320159949037,0.7966293314874356,1.7363061534561384,3.398526362186071,-0.9853581329706058,2.1795585899063914,1,20,B,Mild
0.7985143791830421,0.7985114092725274,1.6811557879950274,3.3546270314353106,-0.9904782330173107,2.1053544329596336,1,20,B,Mild
0.7967585006804717,0.7967517195818479,1.781792900046519,3.4466193102766365,-0.994456574056509,2.2363023407027076,1,20,B,Mild
0.7972549114768774,0.7972544189398015,1.6865413586344116,3.3644695133001608,-0.9921652243359245,2.115435520503941,1,20,B,Mild
0.7973638366259337,0.7973598961445667,1.6957569872964888,3.3721807759291,-0.989889559530349,2.1267041586336917,1,20,B,Mild
0.797397966686437,0.797396664299308,1.6835470329864222,3.3648134857519,-0.9879210040851567,2.111300885281098,1,20,B,Mild
0.7956503483553262,0.7956484808663263,1.744735881162621,3.44037668907953,-0.9870379069385398,2.192842477564588,1,20,B,Mild
0.7964547948498334,0.7964514182403423,1.7138948838280874,3.3360114893251698,-0.9915978531344427,2.1519047846918062,1,20,B,Mild
0.79644152977536,0.7964410464704335,1.6819645310124336,3.324818457631247,-0.9851415830425116,2.111849355076749,1,20,B,Mild
0.7972298830768965,0.7972257653609595,1.699183219451215,3.3435173612652154,-0.9882382137960848,2.1313591669359453,1,20,B,Mild
0.7956396325605325,0.7956379255252666,1.737595625683901,3.4539106689270893,-0.9824678977263792,2.1838977780580886,1,20,B,Mild
0.7968608932719486,0.7968561775355324,1.6867271935180483,3.3453904817390643,-0.9855436418479089,2.1167147337250625,1,20,B,Mild
0.7968273297802445,0.7968267313449584,1.7451837562240116,3.4352199530742586,-0.991625290800088,2.19016553649749,1,20,B,Mild
0.7970875143147654,0.7970848894838657,1.679853747992143,3.316076071936431,-0.993320447274737,2.1074897270675073,1,20,B,Mild
0.7970222079078078,0.7970187092676623,1.6723676295550065,3.343529069722166,-0.9910041594851964,2.098269800969524,1,20,B,Mild
0.796987060414722,0.7969861231943457,1.7341840228025556,3.43113999004851,-0.9903055271928323,2.175924941491712,1,20,B,Mild
0.7967257675903272,0.7967206061246842,1.6907810593608634,3.357765310679011,-0.9875418583078002,2.122161888242399,1,20,B,Mild
0.7976074845751808,0.7976032076412702,1.7351810331567386,3.4505684425469383,-0.9918546553551839,2.175482385400289,1,20,B,Mild
0.7971889023310728,0.7971888119269671,1.8369087939776585,3.572462514385758,-0.9886030037302276,2.3042327716885223,1,20,B,Mild
0.7974476748568278,0.7974473548926864,1.7514975430711055,3.4331484082766464,-0.9802159038969522,2.1963792713867605,1,20,B,Mild
0.7966901207875848,0.7966898586975383,1.7281727217526877,3.349943867441504,-0.9852898863301394,2.1691906007875006,1,20,B,Mild
0.7978752508767389,0.7978748782165892,1.69792286774723,3.361202060297014,-0.9889568874830665,2.1280555649288293,1,20,B,Mild
0.7975084212447366,0.7975072675943198,1.682355674402455,3.3094283640375584,-0.9951969733930763,2.1095146202677895,1,20,B,Mild
0.7970700471224913,0.7970700194824559,1.7266755090124897,3.431125701467143,-0.993772768178447,2.166278252765832,1,20,B,Mild
0.7974408408184643,0.7974392230337851,1.727791268290512,3.3880948052078077,-0.9847696487169664,2.1666701526312218,1,20,B,Mild
0.7970028158984503,0.7970014599852956,1.734118886887373,3.438332410350909,-0.9858175697327907,2.1758002008217807,1,20,B,Mild
0.7965067615873277,0.7965024574013242,1.7148427577471312,3.4122027546135802,-0.9882782284210951,2.1529544260612266,1,20,B,Mild
0.7974890013729959,0.7974867774233221,1.7569404164736808,3.4662996008578473,-0.987886629175502,2.2030904670143996,1,20,B,Mild
0.7971547048260941,0.797154199643456,1.7096068410729965,3.367958949768285,-0.9874059716496673,2.1446362051466052,1,20,B,Mild
0.7974711747563518,0.7974688267521988,1.728183999626981,3.409904377609761,-0.9921393854670111,2.1670802084539122,1,20,B,Mild
0.7973817578374824,0.7973800169476584,1.7942394537445587,3.496949157604885,-0.9868088585126862,2.2501636588860237,1,20,B,Mild
0.7972501280579968,0.7972470383345807,1.6620094495648974,3.307746300082595,-0.9909812252941879,2.0846775573600067,1,20,B,Mild
0.7971199939829954,0.7971175366636357,1.6626258234535345,3.3063416299396495,-0.9923351628748658,2.0857911431199185,1,20,B,Mild
0.7958956066378161,0.795894284338683,1.7181246286503604,3.380723058366362,-0.9931091740837084,2.1587311380049092,1,20,B,Mild
0.797704173949626,0.7977022635764488,1.7356292868294634,3.3760674487046303,-0.9892759937586444,2.175780625837701,1,20,B,Mild
0.79643168003288,0.7964313885038772,1.7365584210760623,3.4640307651217372,-0.9920319851910389,2.1804235876257083,1,20,B,Mild
0.7976885682558883,0.7976859858249878,1.7471312196656728,3.432659140749678,-0.9830403526104563,2.190242268966822,1,20,B,Mild
0.7997984005158968,0.79979760374521,1.7113568656382603,3.369581175266802,-0.9916171733401251,2.1397352939620506,1,20,B,Mild
0.7967697772657917,0.7967674603511222,1.6937008951158952,3.3840007954724687,-0.994973523313059,2.125709261874901,1,20,B,Mild
0.7967159971065563,0.7967143338590266,1.6612623498093702,3.276870192285216,-0.98708653650186,2.085137433969693,1,20,B,Mild
0.7975776967513348,0.7975766973191859,1.7452692874470859,3.383468744355492,-0.9881863755460132,2.1882122513654214,1,20,B,Mild
0.7967617557089608,0.796761753537693,1.6883718683756888,3.3312795649192184,-0.9873943441695547,2.1190423062831005,1,20,B,Mild
0.7968858158863511,0.7968802607634073,1.675648508747025,3.324391065449701,-0.9972825577391249,2.102746058898355,1,20,B,Mild
0.7966642594954453,0.7966590935304808,1.6760323040574305,3.3409908026145825,-0.9878770408168571,2.1038125961856493,1,20,B,Mild
0.7956522270853815,0.7956497657614321,1.7263338554714085,3.386860233632273,-0.9898700537528784,2.169709072260481,1,20,B,Mild
0.7984570258468743,0.7984564560133017,1.719786040066739,3.3803241378842435,-0.9939542267898527,2.1538867896398903,1,20,B,Mild
0.7981420629410351,0.7981400203623661,1.734369827070167,3.392009509125788,-0.9897440985937833,2.173008926104297,1,20,B,Mild
0.7968809025735853,0.7968794202918006,1.740630478271703,3.4151057236335536,-0.9915821296072913,2.184304420711061,1,20,B,Mild
0.7971903443978453,0.7971876911364811,1.8230981163104694,3.5141170803730386,-0.9939242268050439,2.2869044126312637,1,20,B,Mild
0.796785203931108,0.7967850736780486,1.7659541710416748,3.4409697166722575,-0.9881846768502816,2.2163491017766987,1,20,B,Mild
0.7962569228679739,0.796253059010314,1.6881854206549818,3.3674121693269274,-0.9925166800073568,2.120151639717545,1,20,B,Mild
0.7976543615224171,0.7976536874340416,1.7127336890860074,3.420518507363155,-0.989024567674937,2.147212842686717,1,20,B,Mild
0.796175566848387,0.7961712741063275,1.661927524590685,3.314077344270553,-0.9909376745726441,2.0873882517763325,1,20,B,Mild
0.7974744110565123,0.7974697447841373,1.6972523797425623,3.380960306311572,-0.9807096983077299,2.1282844392386253,1,20,B,Mild
0.796557950240284,0.796557444481351,1.7365239119463807,3.4169089177734535,-0.9849504563840763,2.1800346245022766,1,20,B,Mild
0.7974748005363472,0.7974739185611868,1.722154071367288,3.402256248334166,-0.9916787869989654,2.1595090781665345,1,20,B,Mild
0.7974321637601148,0.7974256953239665,1.6651081607200076,3.328528030091229,-0.9890088511526103,2.088087534453788,1,20,B,Mild
0.796694020010178,0.7966923024464465,1.7728143426918366,3.456654892557845,-0.9863135500157671,2.2252135677749765,1,20,B,Mild
0.7969045825330844,0.7969045216697991,1.7312610124002823,3.387326665006344,-0.9893489568718268,2.172482189645844,1,20,B,Mild
0.7967663328095957,0.7967656882994335,1.695252133613638,3.369103913177076,-0.9918628475379259,2.127665369137471,1,20,B,Mild
0.7973822329418252,0.7973795370903012,1.7742224984985102,3.4389513410756076,-0.9938585148588244,2.22505898075102,1,20,B,Mild
0.7977393732299008,0.7977374978563265,1.703270712211728,3.405412884698382,-0.9907268589008629,2.1351217820871704,1,20,B,Mild
0.7970682029932318,0.7970667391996806,1.7273501702665468,3.3771290028366527,-0.9863545439139818,2.167129693268186,1,20,B,Mild
0.7953785642313648,0.7953783830425747,1.680585706075646,3.3105651866957153,-0.9869104368635244,2.1129381424802722,1,20,B,Mild
0.7972311346067795,0.7972279713606266,1.6705143924977128,3.318454218956565,-0.9857505436975713,2.095395325123203,1,20,B,Mild
0.7975254843986547,0.7975234092949868,1.7097776877295487,3.3689728239872005,-0.9889354100884313,2.1438533578883,1,20,B,Mild
1.1278852688172543,1.1278409359282662,4.168372741339343,8.270127065168577,-0.25291722820746676,3.6957418068864984,1,0,B,Medium
1.1400028788999035,1.1399997443181624,4.165579612529063,8.143755844746511,-0.3202250094186665,3.6540079763209237,1,0,B,Medium
1.1448641646126985,1.1448210416300517,4.1551929191265975,7.902896564974367,-0.22605223526612672,3.6294200199132596,1,0,B,Medium
1.1285340593291568,1.1285182517585954,4.188863648651035,8.310901837405499,-0.24153834182718237,3.7117742384674264,1,0,B,Medium
1.133797895518636,1.1337589164611683,4.767944181225077,8.885454757550043,-0.22898324229494094,4.20528579217733,1,0,B,Medium
1.139293397050002,1.1392839856047576,3.9086313542581452,7.81245316290633,-0.26128264072124274,3.430750467244743,1,0,B,Medium
1.1444310062227085,1.1444299316237674,4.0724249399280605,7.8625651021375145,-0.23539694530579514,3.558471343213117,1,0,B,Medium
1.1265552327087909,1.1265368260010225,3.9680794652041214,7.645954021125405,-0.21081179722636811,3.5223123997772516,1,0,B,Medium
1.1220679128125173,1.1220592008357504,4.161429635635773,7.866211746754702,-0.1811074613593333,3.7087145868069156,1,0,B,Medium
1.135698964361407,1.1356981844224887,3.922947964901912,7.794523775907804,-0.26956863330917136,3.4542146184906923,1,0,B,Medium
1.1305310116873135,1.130530998398031,3.9039755616979392,7.542435188054453,-0.2890525822115535,3.4532228849443674,1,0,B,Medium
1.1189607195162645,1.1189605786046875,3.7613046759477955,7.427879602346669,-0.2582516165460067,3.3614269119061095,1,0,B,Medium
1.131847832076743,1.1318458192231573,4.20714869117127,8.08655157051911,-0.26514152871349284,3.7170621102413444,1,0,B,Medium
1.1187953392354033,1.1187355842636424,4.115144806894222,7.760233480773804,-0.2678459140429621,3.678192661855881,1,0,B,Medium
1.121592170085827,1.1215662376987197,4.333264149591468,8.59874671913956,-0.15505426490160668,3.8634935809688082,1,0,B,Medium
1.139450889605115,1.1394347069695863,4.087892236502977,8.168887374231577,-0.26976714672805535,3.5875984421932094,1,0,B,Medium
1.1233353271529491,1.1233198739584442,3.8749245707132567,7.514446602235196,-0.2923866317240025,3.449481625877561,1,0,B,Medium
1.1233814870142367,1.1233683292207597,3.9872425526743602,7.8861639137564215,-0.18381058032766706,3.5493219345031184,1,0,B,Medium
1.1328303219260902,1.132821306920576,3.8708112596305977,7.554247772126648,-0.22563413254619702,3.4169382516609073,1,0,B,Medium
1.1204425052233995,1.1204389527328755,4.006303521221495,7.782292635112009,-0.23453656707732184,3.575644000066472,1,0,B,Medium
1.1350456539677671,1.1350375615710047,4.08138188162876,8.127470988816842,-0.28715417672962085,3.5957865371859854,1,0,B,Medium
1.1347248856699674,1.1346202762045678,3.9122646652075943,7.715992896844044,-0.305011839236367,3.447764929291829,1,0,B,Medium
1.1438245264233544,1.1438242226791586,4.921886387401187,8.87654255248752,-0.2943467149156209,4.303008261932906,1,0,B,Medium
1.1323950800133977,1.1323561815663863,3.996221076333433,7.728928969851845,-0.18876362483793319,3.528998974709562,1,0,B,Medium
1.1390912225204857,1.1390839125242813,4.190376292218416,8.013002692354448,-0.2549654332864053,3.6787012395252265,1,0,B,Medium
1.1268149030455445,1.1267921702839532,3.8036452316226663,7.59931960760493,-0.22501916211458317,3.3755723511840414,1,0,B,Medium
1.1289700312583448,1.1289388099603221,3.926341306468192,7.842448253682658,-0.2791138770858197,3.4778082657268676,1,0,B,Medium
1.1258742118685332,1.1258605598157376,4.00116401460823,7.631194481818503,-0.2805090920520681,3.5538286359430717,1,0,B,Medium
1.1287250153037347,1.1287044138140843,3.766478745338704,7.499675353232563,-0.254973944730188,3.336932108592598,1,0,B,Medium
1.126922337598502,1.1267922196196394,4.246963476302143,7.932047328691599,-0.21526024279676026,3.768639004310201,1,0,B,Medium
1.1270764736393546,1.1270505404491693,4.372893545443404,8.33662317403415,-0.18472381353875855,3.8798552251944667,1,0,B,Medium
1.1360178405160593,1.1360177906774875,4.93931560573732,8.816083099505587,-0.20466764410740002,4.347920806854174,1,0,B,Medium
1.1305316138697676,1.1305263383056618,3.853953644562145,7.701361213620439,-0.2753887684536904,3.408974678178353,1,0,B,Medium
1.1301769990101627,1.1301727016118999,4.397629102648936,8.500780613319646,-0.2538469030790895,3.891097683372153,1,0,B,Medium
1.1320172151458863,1.1319916605711353,4.292426321426372,8.086660325570378,-0.20233927945395536,3.7918383784235954,1,0,B,Medium
1.1337563339599903,1.133716265666793,4.067328450981087,7.8781790116960915,-0.1853200352483464,3.5874802452257972,1,0,B,Medium
1.1377043016312574,1.1377001927642512,4.171787768660121,8.169447120251878,-0.22181677014250978,3.666847143566698,1,0,B,Medium
1.1294289822912302,1.1294289632264847,3.9790628858610244,7.901034268796249,-0.25534287555815327,3.5230748885059144,1,0,B,Medium
1.1404145363079599,1.1403732181416677,4.367316596017736,7.867487276760524,-0.22828272073032174,3.829586923853781,1,0,B,Medium
1.134000130825374,1.1339323204712062,4.307855769434312,8.509518463178656,-0.17437702835985158,3.7988141732390006,1,0,B,Medium
1.1429030972014134,1.1428599445563556,3.8708205896442376,7.633540381522889,-0.2233356246525573,3.386831831257243,1,0,B,Medium
1.1359573592691004,1.135916124969807,4.280314971052926,7.876422504412498,-0.18614240827238993,3.768024333067373,1,0,B,Medium
1.1399479470466425,1.1399452323907124,3.7745375580745093,7.433952718038231,-0.26878066486634733,3.311149046632801,1,0,B,Medium
1.1401905138477315,1.1401850713936021,4.014611540700439,7.668724651358381,-0.34116416795636795,3.5210006502795514,1,0,B,Medium
1.135546246845936,1.135506599097345,3.664043030649493,7.160268295818906,-0.30652232822626946,3.226678826006994,1,0,B,Medium
1.1407697438908155,1.1407665077741336,4.9133082115514,8.587026459451002,-0.24332137073608218,4.307011329730409,1,0,B,Medium
1.116373998116005,1.1162743784362412,4.160496345450244,7.8664027471725895,-0.29590745265252316,3.726794382950074,1,0,B,Medium
1.1136895314417097,1.113688702536777,4.242874240558045,8.101689750311788,-0.16455635063723184,3.80974600260945,1,0,B,Medium
1.1370840960992832,1.1370333438368494,4.1372775721208335,8.234459383389282,-0.21629765356128106,3.6384974394713474,1,0,B,Medium
1.1220805261911133,1.1220782143395789,4.084467138676754,8.013478454746075,-0.28030472710772925,3.640083793755356,1,0,B,Medium
1.1425309313525767,1.1425309106871488,4.176003451314497,8.298103906904057,-0.20923192179420358,3.655046298283379,1,0,B,Medium
1.1290292943326674,1.1290292536311344,4.148079057005466,7.654685127132794,-0.29485731585064334,3.6740225234432566,1,0,B,Medium
1.1273705290496439,1.1273678767473667,4.035960669449277,7.7790812363971416,-0.21500252354885507,3.5799770931137695,1,0,B,Medium
1.1351832879443418,1.135085078703079,3.9487281403624115,7.8727808560307775,-0.2573659140552169,3.4784938981201936,1,0,B,Medium
1.1247218645617412,1.1247062476747829,4.006717294297643,7.782829499869139,-0.2485309858385194,3.562407223103909,1,0,B,Medium
1.1344678076644974,1.1344666688439844,3.9938475019911905,7.872044007735483,-0.19722526994794798,3.52045908663837,1,0,B,Medium
1.1367006265087098,1.1366994824267078,4.174991857548656,7.602803737171525,-0.2488207419105568,3.672903630194899,1,0,B,Medium
1.1416270821953933,1.141620522280086,3.82445364823985,7.572611158204221,-0.26754764683286947,3.3500025602802594,1,0,B,Medium
1.133889775611127,1.1338651434341802,4.2921987315373045,7.96941880023658,-0.20768800803155196,3.7853756369078813,1,0,B,Medium
1.1286811358972517,1.1285975917509656,4.175802507146041,7.818214028745003,-0.22307308036026363,3.699718524866159,1,0,B,Medium
1.1364505750647442,1.13644082976653,4.292105921857649,7.726573023551896,-0.29712333696519355,3.776764265892624,1,0,B,Medium
1.1323284690486366,1.1323284242143807,4.26114963621595,7.932710031162754,-0.2299208433439328,3.763174514013673,1,0,B,Medium
1.1414289909441873,1.1414283373983884,4.504397537799831,8.3131675468866,-0.2995033208899369,3.9462792460473644,1,0,B,Medium
1.1427872407170128,1.1426222185829844,4.581242980878166,8.291412804831516,-0.24830457199456957,4.008832806011888,1,0,B,Medium
1.139299231318602,1.1392716274890091,4.062781345380769,7.500067817277874,-0.306013096689044,3.5660353607704867,1,0,B,Medium
1.1452088963442875,1.1450407652238448,4.518474298393125,8.798215621060969,-0.2180706565293984,3.9455459286221983,1,0,B,Medium
1.1386520931222726,1.138574421068431,3.9307694023724826,7.646867398785682,-0.23873015909672546,3.4521250398741263,1,0,B,Medium
1.1315285700748878,1.1314666490282026,4.847358771191238,8.55917620727418,-0.21670451782976707,4.283903119538931,1,0,B,Medium
1.1269839730338227,1.126868804718563,3.9670235040628223,7.638653051523795,-0.3127113940516648,3.520035421074941,1,0,B,Medium
1.1298114972388404,1.129760664241621,3.9969992519221202,7.9273421673466125,-0.20333603665221123,3.5377576362874987,1,0,B,Medium
1.130356363169487,1.1303087964606169,4.0317169995045745,7.785743611283786,-0.2321033683483673,3.566766314474273,1,0,B,Medium
1.1256373008511735,1.1255689184156685,4.298344764040618,8.282571984227102,-0.2300465315813991,3.8185877109707866,1,0,B,Medium
1.1350210629033906,1.1349821750741036,4.033372040459064,7.93321644200947,-0.2706422684974359,3.5535658079698313,1,0,B,Medium
1.1408208583240511,1.1407427323255779,4.571741930363858,8.84565035561565,-0.20675641917411447,4.007414395525762,1,0,B,Medium
1.1253848428533455,1.1253778376587142,3.9475220602683057,7.482420356588738,-0.23864729649011096,3.507708572171277,1,0,B,Medium
1.1349208516714697,1.1349087445516952,4.072061764739564,7.821650051744093,-0.3118190891933752,3.5879698207521526,1,0,B,Medium
1.1157476151629613,1.1157198551336944,4.161794013080955,7.836446950887035,-0.20069934359515074,3.7300496604450295,1,0,B,Medium
1.1235808020946403,1.123559115948656,4.638723848960706,9.082422830786218,-0.25271138696355555,4.128518251925403,1,0,B,Medium
1.135115620045913,1.135089395205452,4.390308126828759,8.471786935619303,-0.26764224209732435,3.8677188907427604,1,0,B,Medium
1.1248767931795547,1.1248372243294356,4.239512290924086,8.293625321275778,-0.2148099978208835,3.768868125495561,1,0,B,Medium
1.1305101396398674,1.1304520201169668,4.220421697481731,8.029154638693516,-0.20521200372587467,3.7332011005457932,1,0,B,Medium
1.1262781491660345,1.1261944591693351,3.7851738842850926,7.561086804878444,-0.3210021120856186,3.3607807157475866,1,0,B,Medium
1.1424322081708402,1.1424219620561877,3.909274882928224,7.793143815142113,-0.25782262588517213,3.4218878415441414,1,0,B,Medium
1.1343929860178468,1.1343929347873756,3.877344569929826,7.726728225831536,-0.24218975020727296,3.4179906061838308,1,0,B,Medium
1.139088951348413,1.1390621792503213,4.3284517419241135,8.507135608170191,-0.2715598018465606,3.799924261226699,1,0,B,Medium
1.1269466131820887,1.1268846736317515,3.9930155382678354,7.732992749613663,-0.22697985015864974,3.543216237185369,1,0,B,Medium
1.1273539021117525,1.1273534652266823,3.9324440525930795,7.640572905740841,-0.24943244574463153,3.488207248164795,1,0,B,Medium
1.1301343402807456,1.1301342115282378,4.107493248367851,7.999033714432446,-0.20798268452544955,3.634517686939303,1,0,B,Medium
1.130906445939201,1.1309055378266528,3.88635338086858,7.415414727709096,-0.23638489204397262,3.4364941457566998,1,0,B,Medium
1.1329045483923923,1.132900462933342,3.9754549425831938,7.638243071413159,-0.21681098539880939,3.5090819859664446,1,0,B,Medium
1.13471388627748,1.134698953097912,4.1614127713662326,7.855790597163258,-0.21062460553450268,3.667367449796602,1,0,B,Medium
1.1375946302690019,1.1375826882821505,4.2942098330878355,8.122178589870728,-0.21602465463999065,3.7748154912373337,1,0,B,Medium
1.139048550116922,1.1390465953458633,4.578851888259402,8.44591521417683,-0.2366233539934326,4.019891766500549,1,0,B,Medium
1.1367982669443397,1.1367646041217965,3.819825573830763,7.498414869447512,-0.25397569746697,3.3601613275663014,1,0,B,Medium
1.1309873086561348,1.130854199843771,4.253365367888097,7.8891836000825695,-0.25315591627219414,3.760754285511872,1,0,B,Medium
1.1261120407213576,1.126108709698165,3.717849931266677,7.228111991402018,-0.2887519023765672,3.301492033497058,1,0,B,Medium
1.1352789995112833,1.1350582867308756,4.348850188877243,8.310933948182381,-0.22326076902976766,3.8306444413658167,1,0,B,Medium
1.1346515734156652,1.134587868307264,4.061176766212636,7.957675985502012,-0.1829676878501898,3.5792280743833906,1,0,B,Medium
1.1348160113778814,1.1348016269549375,3.825526066492922,7.56522910082823,-0.3062045866249896,3.3710540106391425,1,0,B,Medium
1.133526515686839,1.1335167490072877,4.004347116479352,7.645320961543265,-0.2760442746642924,3.532645298599824,1,0,B,Medium
0.9230100449408076,0.9230073675449544,3.021820596241249,6.013809151788257,-0.5870782137482045,3.2738761758925796,1,5,B,Medium
0.912742910843546,0.9127354983098492,2.9956476501241016,5.984548842563685,-0.5498709936896065,3.282027846543952,1,5,B,Medium
0.9176133344649098,0.917612078760484,3.0819247966892123,5.938284156129105,-0.5501437138166723,3.3586312239963068,1,5,B,Medium
0.9213565553473793,0.9213520210965637,2.832637401775128,5.494314049947431,-0.5351083069072775,3.0744204133948316,1,5,B,Medium
0.9164440855117083,0.9164387002965411,3.2502432475968988,6.141602980234368,-0.5682368711005399,3.5465810724088898,1,5,B,Medium
0.9177510568983855,0.9177320641640202,2.866771981880234,5.554214757485774,-0.5809868743238509,3.1236923785941726,1,5,B,Medium
0.9181514032434709,0.9181025284680912,3.0526482337335006,5.688556119290361,-0.5427111555039121,3.3247765269972738,1,5,B,Medium
0.920732453416845,0.9207264700232198,2.939123586989341,5.651227230324089,-0.5656546120020396,3.1921581302822895,1,5,B,Medium
0.9148028378439672,0.91480272954975,3.156442015618557,5.8635662761584095,-0.5333985492650486,3.450406891016809,1,5,B,Medium
0.9165625995674589,0.9164771361034428,2.9737769999708465,5.936784011969698,-0.5792129281130265,3.2444887030893703,1,5,B,Medium
0.9128359372995061,0.9128273610777978,2.798278775573657,5.480281656857867,-0.5722867580892528,3.065478320071362,1,5,B,Medium
0.9196589929267055,0.9196357558937323,2.787837241596967,5.524070333169446,-0.5590607067834319,3.031381482743953,1,5,B,Medium
0.9151435150864042,0.9151321736229998,2.9114546100320564,5.760576679077367,-0.5414998126706392,3.181418610344595,1,5,B,Medium
0.9127841906324663,0.9127817491615414,2.8269100251760655,5.575602063244145,-0.5467223444498432,3.09701904808113,1,5,B,Medium
0.9253071599147059,0.925306922043449,3.148039234278592,6.148088627460147,-0.5383864031506489,3.4021559225466014,1,5,B,Medium
0.9187515036963291,0.9187442337033632,2.932873804294969,5.578725822000085,-0.5352839845185708,3.192238371850719,1,5,B,Medium
0.9200132436975305,0.9200000348963816,2.89339941458151,5.591260522438502,-0.5689775408598599,3.1449540910443274,1,5,B,Medium
0.9167516899942582,0.9167418007770349,2.943738335470157,5.668887259223765,-0.5715359344751634,3.2110530775117465,1,5,B,Medium
0.9238178711769661,0.9238086700347804,2.83067561401809,5.5316730056983054,-0.5673606767990167,3.0641057099401436,1,5,B,Medium
0.91448337331619,0.91447650574288,2.845340926215303,5.58382591628265,-0.5556650156784158,3.1114189817330917,1,5,B,Medium
0.9165933600178744,0.9165659054494472,3.094893816206425,5.892639607761782,-0.5528632693582405,3.3765178226319157,1,5,B,Medium
0.9116129438462391,0.9115897373720206,3.012238176152038,5.912381846326761,-0.5596007101941027,3.3042950919969702,1,5,B,Medium
0.9229267770116938,0.9228721895334555,2.8973221934310205,5.593129880829811,-0.5632645526868836,3.1392763387060234,1,5,B,Medium
0.9211190027983024,0.9211184767789105,2.9384292201053643,5.666075311031203,-0.5335243557855636,3.190064705188579,1,5,B,Medium
0.9215021815798438,0.9214908353508197,2.841454352169582,5.668356148557814,-0.5627748156733015,3.083502577604461,1,5,B,Medium
0.9171574011801726,0.9171556454567795,3.0285095321285334,5.959465128379278,-0.5550901687914731,3.302060832995003,1,5,B,Medium
0.913506408120588,0.9134599275426525,2.840095511155142,5.445598467314709,-0.5706545394063784,3.109004475401812,1,5,B,Medium
0.9218137907320566,0.9218137580147625,2.96229565424081,5.655871914062256,-0.5880437448831368,3.213551027359125,1,5,B,Medium
0.9234653854579014,0.9234653811388586,3.037675611556424,5.771127755183857,-0.5506032757901766,3.2894309406629128,1,5,B,Medium
0.9168120690808861,0.9168112436162188,3.2025999691482268,6.043229640090187,-0.5369194935569239,3.4931913280317826,1,5,B,Medium
0.908876981501586,0.908864738436671,2.9395729614531296,5.849619148678359,-0.5584723097815667,3.2342913521657937,1,5,B,Medium
0.9117964043631882,0.9117961347708258,2.690763272215659,5.315983458261037,-0.5825282584502931,2.951057121238515,1,5,B,Medium
0.9271023722995841,0.9271008428613277,2.9754474135927294,5.646040033225345,-0.5575031690546863,3.2094054577947326,1,5,B,Medium
0.9175805485329763,0.9175745438550862,2.83225578402665,5.573464725532919,-0.5727260546497135,3.086656303421915,1,5,B,Medium
0.9186744077000443,0.9186688349674491,3.1909406212966327,5.866730183108789,-0.5548524152892682,3.4734184326363695,1,5,B,Medium
0.9141278844670248,0.9141189608033442,2.692853506431677,5.289703612454982,-0.5929341487313744,2.9458170483462767,1,5,B,Medium
0.9209223034364477,0.9209200851605546,2.9172703014098817,5.59029334226725,-0.5649455944895405,3.1677702782569224,1,5,B,Medium
0.9158377563669737,0.9158373930515812,3.3168123103831406,6.101008611598669,-0.5542132501664194,3.6216156053017134,1,5,B,Medium
0.9171396554520785,0.9171196186298634,2.7818711898691344,5.52217002224251,-0.5584212286484411,3.0332034748817924,1,5,B,Medium
0.9211224567173456,0.9211223650698149,2.906781918553033,5.601473393526659,-0.5292393373464135,3.155695420684987,1,5,B,Medium
0.9212236993339011,0.9212127525569885,2.881043559022772,5.702984267793779,-0.5762682908803227,3.1274092938619966,1,5,B,Medium
0.9200584250122302,0.9200384314609158,3.121091103112107,6.172124082043358,-0.5488703032550339,3.392274901532062,1,5,B,Medium
0.9216057539407747,0.9216051261934747,2.8241328375332317,5.563315667959882,-0.5586328360749513,3.06436111694971,1,5,B,Medium
0.9207644264905428,0.9206698346352141,3.0315402907483726,5.688113504492307,-0.5912568794540904,3.292416826204905,1,5,B,Medium
0.9177518484791246,0.9177514517049514,2.9079243663505294,5.807070496933644,-0.5817476297478206,3.1685301110201727,1,5,B,Medium
0.912807966559689,0.9128022349078693,2.9324100790520156,5.733739816272926,-0.5558833180251113,3.2125158702372736,1,5,B,Medium
0.9220618629654216,0.9220368733930213,2.9733553203017404,5.849514154542123,-0.5821226885081066,3.2246809457439243,1,5,B,Medium
0.9182686145473149,0.9182675311386558,2.8711921183153066,5.495833051632025,-0.5620973906117834,3.1267453475263745,1,5,B,Medium
0.918932185279471,0.9189303407183554,2.8684249868714997,5.5493949153465625,-0.5401669510272811,3.1214762447341395,1,5,B,Medium
0.920174349292363,0.9201734720843737,3.077919761740544,5.863491039019986,-0.5434432156776503,3.344931060192605,1,5,B,Medium
0.9155031442461348,0.9154412286031343,2.7689111505554376,5.499834144581643,-0.552086266297978,3.024469296427682,1,5,B,Medium
0.9155437864165327,0.9155364415153763,2.8091883596003435,5.444218041405495,-0.5611010719577338,3.0683276990995654,1,5,B,Medium
0.9121620805130438,0.9121613518810215,2.882509424602562,5.756378527035556,-0.5819735468793117,3.160084689095276,1,5,B,Medium
0.9228379622279069,0.9228379620405368,2.7845974219943894,5.555837283957154,-0.5596459957188928,3.0174283416688232,1,5,B,Medium
0.9285390189438922,0.9285287989325548,3.0559702150956407,5.923329464230173,-0.5792224846122869,3.2911597173067215,1,5,B,Medium
0.9234836507439227,0.9234130209930971,2.8156262926942057,5.548476715858635,-0.5444144383945062,3.048918397663073,1,5,B,Medium
0.9197677673888833,0.9197544315866266,2.798495646541176,5.461981979655569,-0.5822962421786655,3.042611130509377,1,5,B,Medium
0.9159059840204424,0.9158746288455099,3.205072042250643,6.098691043351934,-0.533456932474274,3.4993461099377505,1,5,B,Medium
0.9188583129420472,0.9188564414524851,2.811576090577958,5.503376822486076,-0.5569079720423349,3.0598581424112177,1,5,B,Medium
0.9202911761929035,0.9202760265066795,2.8623128107392306,5.607919071764226,-0.503359270389439,3.1102252034841387,1,5,B,Medium
0.9199288718799515,0.9199232757513581,2.7273484232451715,5.395473087365337,-0.5730297340237023,2.9647383690345612,1,5,B,Medium
0.9181454105322749,0.9181013619177888,2.940496691660041,5.552118236185792,-0.5519271422431871,3.202648140402239,1,5,B,Medium
0.9210767545007768,0.9210746962618614,2.9283355380618157,5.808027996866641,-0.5692082420896796,3.1792524605063694,1,5,B,Medium
0.9185513352640843,0.9185504788835623,2.9255018241863664,5.540545057281214,-0.5507410854335739,3.1849083571853742,1,5,B,Medium
0.9212708920212579,0.9212676785312884,3.0967007210148303,5.791608130851563,-0.561332012002,3.361335680779737,1,5,B,Medium
0.916630803352644,0.9166287883495677,2.8108775736079616,5.43663005362991,-0.6234319150599155,3.0665318722946817,1,5,B,Medium
0.9145992429243306,0.9145953252898464,2.811857548980705,5.540741774152019,-0.5983634044838091,3.0744149098463054,1,5,B,Medium
0.9166359620195417,0.9166255526589401,3.13045890193004,5.79721926085435,-0.5575414215047916,3.4151604689750346,1,5,B,Medium
0.918541552531764,0.9185091450672151,2.7356938907702526,5.35618971213764,-0.5364104236378893,2.9783017254144855,1,5,B,Medium
0.9216420171445657,0.9216396353237243,3.106498853040847,5.90197375811103,-0.5493241436100211,3.3706133132530263,1,5,B,Medium
0.9190192935549623,0.9190182006541194,2.8476166753380507,5.6012072558598245,-0.5977637421235742,3.098538513073935,1,5,B,Medium
0.9186057927507703,0.9186033932230501,3.108192344460217,5.768085556061893,-0.5641589275204928,3.3835975877669107,1,5,B,Medium
0.9162438005022717,0.9162436713676257,2.6735334527291723,5.252034679181733,-0.5637286422289298,2.917928013552266,1,5,B,Medium
0.9137445645164707,0.9137277019340456,2.8012214893729004,5.5365816571147946,-0.6058179545926761,3.0656505090733233,1,5,B,Medium
0.9206274854325888,0.9206259885959489,2.7643380161602424,5.43666086037396,-0.5430482026766343,3.0026672675988184,1,5,B,Medium
0.9181607916991589,0.9181156051792906,2.805346399690672,5.5773647393417685,-0.5720524414444319,3.0553977310434544,1,5,B,Medium
0.9232200574531498,0.9232177490213576,2.6717887133620755,5.3210642621833175,-0.5770957041176983,2.8939890243856183,1,5,B,Medium
0.9170044554583373,0.9169956482216012,2.7251502857955874,5.409301967683797,-0.5359932919358816,2.9717961233170915,1,5,B,Medium
0.9207886684656728,0.9207876534383096,3.0751834351675282,5.824831030227571,-0.5736469614391884,3.3397277143861506,1,5,B,Medium
0.9176636729018077,0.9176201670506853,2.902546949785988,5.792135859570298,-0.541401509022327,3.16297466653294,1,5,B,Medium
0.9202991153408505,0.9202898286913347,2.7860068574743684,5.466260993644752,-0.5530424709377182,3.02728407648476,1,5,B,Medium
0.9191116296205274,0.9191107834278716,2.849319060750231,5.432626480541255,-0.603099209691929,3.1000794342321902,1,5,B,Medium
0.9264971515779817,0.926485438923354,2.8430913922283914,5.5404077408875665,-0.5691620161994213,3.0686455834064086,1,5,B,Medium
0.9141419468697468,0.9140978075829106,3.3921726172707585,6.521173663742923,-0.5192215189219649,3.7107723027987234,1,5,B,Medium
0.9148708920094328,0.9148703930750361,2.69117323463933,5.353338999957261,-0.5723834555561909,2.941587996890366,1,5,B,Medium
0.9260716450091045,0.9260699756037181,3.1063331621887427,5.819229476059446,-0.552905477073443,3.3543119249247755,1,5,B,Medium
0.915773327207788,0.915748238768407,2.935969644077365,5.615550119305923,-0.604274263345856,3.206000389888181,1,5,B,Medium
0.9242384761430791,0.9242377510641235,3.0165062461569407,5.861078949362321,-0.5527297794879762,3.2637747984103216,1,5,B,Medium
0.9163412016399296,0.9163243104583123,2.761717760258152,5.522488434521392,-0.5526657148209981,3.0138530880371253,1,5,B,Medium
0.9205654094648511,0.9205624817679045,2.7929710993544106,5.574837950359279,-0.555626041227713,3.0339735456473846,1,5,B,Medium
0.9133372735687708,0.9133360338138778,3.451274770856405,6.474146991896101,-0.5538601910798051,3.7787516952756195,1,5,B,Medium
0.9171034528531659,0.9170996825939375,3.2018578363012464,5.858038966050367,-0.5188939514150599,3.4912722510640077,1,5,B,Medium
0.9218065943011657,0.9217668737929027,2.8232148136779056,5.565708847915911,-0.5596308877021361,3.062697567072867,1,5,B,Medium
0.9234149094655819,0.923412830281678,2.883351466819051,5.636607758259808,-0.5788837690856412,3.122487450942031,1,5,B,Medium
0.9220672465808112,0.9220494466646354,2.8144520590852853,5.521171454392324,-0.5619011391099047,3.0523284169584946,1,5,B,Medium
0.9166309134414721,0.9166223768031331,2.9143658810029445,5.4828331533729155,-0.5741498291383382,3.1794322428653614,1,5,B,Medium
0.9231362253346825,0.923128240703724,2.9798917007165397,5.841951215113113,-0.5691093248205905,3.228008628559866,1,5,B,Medium
0.9227936299291712,0.9227899680212346,3.0017473155470316,5.819621337673529,-0.5271054314620298,3.252891240457988,1,5,B,Medium
0.918689573758646,0.9186850107182506,2.918480913222748,5.76138983910484,-0.5839306134354727,3.1767868021864345,1,5,B,Medium
0.9127850396986446,0.9127811665631221,2.775910298994229,5.482285837071632,-0.5389375966837813,3.0411435094408366,1,5,B,Medium
0.832973917743621,0.8329722437030012,2.4881174267513577,4.722064644761819,-0.7872895921639373,2.9870292139413293,1,10,B,Medium
0.8383296063916233,0.8383273087654469,2.2159566600966025,4.389918010486773,-0.8065294168301156,2.6433000137435494,1,10,B,Medium
0.8432023666398691,0.8432022948259804,2.3438216278840085,4.526652044261956,-0.8193996888014432,2.779666804333167,1,10,B,Medium
0.8403376430910423,0.8403370055244672,2.372113375864322,4.637406713268509,-0.8046755539026749,2.8228098495491616,1,10,B,Medium
0.8379862147267597,0.83797703775444,2.215113462391421,4.4037394263009375,-0.7895565085479124,2.643376971438245,1,10,B,Medium
0.8403354890085311,0.8403315725525107,2.5679739605797356,4.84399793917113,-0.7955331305691775,3.055891360258457,1,10,B,Medium
0.8376371707808321,0.8376354019061887,2.34304966666719,4.511587887721973,-0.8296404529053141,2.7972130994175393,1,10,B,Medium
0.8400137552556242,0.8400136508712905,2.3884835999656984,4.645057916030787,-0.8014340394030866,2.8433862957861447,1,10,B,Medium
0.8385318917091892,0.8385279368796126,2.271565724156081,4.342361987390127,-0.8225584809793705,2.7089795231591283,1,10,B,Medium
0.8409354375744118,0.8409108814696414,2.6160632122859138,4.927220010950201,-0.7924754463302484,3.1108966222563623,1,10,B,Medium
0.8405048010242029,0.8405043493103883,2.3177701673964073,4.580107326361572,-0.8111009507303626,2.7575930138317744,1,10,B,Medium
0.8382151720292493,0.8382127259957936,2.4138127873084234,4.733973245532555,-0.7779283231378629,2.8797054358545946,1,10,B,Medium
0.8378193488061743,0.8378178039146734,2.483964286426319,4.66207900669731,-0.797918892112818,2.9647969934876413,1,10,B,Medium
0.8370273205502226,0.8370180727604565,2.2853100609204247,4.470345138432197,-0.8226675427059589,2.730269376892225,1,10,B,Medium
0.841482072032347,0.8414666132351858,2.504007045036913,4.792034685925733,-0.796282649955975,2.9757105091843923,1,10,B,Medium
0.837849529234348,0.8378229936288373,2.3996705165548144,4.619891942537928,-0.8228154951235367,2.8640829084760666,1,10,B,Medium
0.8420558120934589,0.8420512424414751,2.2535038478049114,4.482532879630541,-0.8027447165733816,2.676192973720366,1,10,B,Medium
0.8434478089155831,0.8434462889972436,2.3907252212428345,4.599189987470414,-0.7927875294349116,2.834467285316182,1,10,B,Medium
0.8418551847011372,0.8418551079284522,2.3769123277079762,4.548402599784481,-0.8059678720583108,2.8234218555674655,1,10,B,Medium
0.8383272169652761,0.8383243883172707,2.3920662894091995,4.6450086597825,-0.7962343167520824,2.8533802088263585,1,10,B,Medium
0.839704340153112,0.8397035898610369,2.44155175456088,4.8447976455372945,-0.7917854018268633,2.907632648553045,1,10,B,Medium
0.8387494885906539,0.8387451620501147,2.452156706038195,4.734908586209414,-0.8000848744075371,2.92358652898679,1,10,B,Medium
0.838624997293249,0.8386243587373425,2.1990241924915157,4.348772169749495,-0.7852726813709068,2.6221782078868374,1,10,B,Medium
0.8406765334353269,0.8406758519434656,2.311899593128759,4.526119705859916,-0.7991904228371673,2.750046541303407,1,10,B,Medium
0.8445437708416694,0.8445323829946442,2.2356589242883667,4.42193839993186,-0.7968652165588965,2.647179461237772,1,10,B,Medium
0.8409431508876358,0.840941213120955,2.2671856407941213,4.391789384861724,-0.8114503551196779,2.696003455645072,1,10,B,Medium
0.8423947484483368,0.842394734771827,2.195063081707799,4.301714803839744,-0.8225008124814392,2.605741649922477,1,10,B,Medium
0.8359445508318277,0.8359439143054694,2.160919214973422,4.245254352336383,-0.8017826973408617,2.5850030517253146,1,10,B,Medium
0.8390217485653251,0.8390189323713655,2.168383990674425,4.33326531926293,-0.7850420354585022,2.584419288751724,1,10,B,Medium
0.8388930076727402,0.8388927273436416,2.1829817372801643,4.334085682952132,-0.8104450192889519,2.6022171091116846,1,10,B,Medium
0.8434700102966075,0.843465856875252,2.5239430353628203,4.711374652667615,-0.801053572125253,2.9923328684505,1,10,B,Medium
0.8386849682018027,0.8386845363835777,2.275626092982641,4.425615619114804,-0.8037691191440608,2.7133264327626345,1,10,B,Medium
0.8429516542094182,0.8429516349696726,2.67434216396472,4.993739091956215,-0.8114617693780453,3.1725925806182964,1,10,B,Medium
0.8366686207905943,0.8366524043123241,2.2320830843000063,4.459129193582708,-0.7943121850502877,2.667822156627365,1,10,B,Medium
0.8411522696279056,0.8411472455046649,2.237479799248944,4.422619404582541,-0.8221788865705308,2.660017549781708,1,10,B,Medium
0.841176951601159,0.8411723962698814,2.6377225164611082,4.807521196167917,-0.8099107845391331,3.1357522474198447,1,10,B,Medium
0.834933141759658,0.8349301757181933,2.250261083391043,4.486263535123918,-0.8160259883229206,2.6951392522861406,1,10,B,Medium
0.8354023018273369,0.835399669623317,2.307411351119649,4.462003330000474,-0.7995884086048615,2.7620361424339848,1,10,B,Medium
0.8365957175531658,0.8365940145703726,2.220493175726146,4.424568628126313,-0.802297669401407,2.6542009827883604,1,10,B,Medium
0.8385095755133013,0.8385028778653143,2.364560034806141,4.4566751117996315,-0.8048842945607566,2.8199559120820465,1,10,B,Medium
0.8407763113252007,0.8407752356444501,2.2419848118744774,4.481737907243767,-0.787596414130062,2.6665651513667687,1,10,B,Medium
0.8396453911954002,0.839643252290484,2.542638544628886,4.74268547503535,-0.8056439481143918,3.0282290253614574,1,10,B,Medium
0.8406308677095116,0.8406256228188972,2.3351940327768905,4.642964579821787,-0.8032054342620891,2.7779065966726315,1,10,B,Medium
0.8416803525815579,0.8416792481823302,2.143362261096167,4.228413049954836,-0.8246066103917964,2.5465276152902447,1,10,B,Medium
0.8375779679500097,0.8375719019242275,2.3260013498384553,4.586838950006403,-0.796464043100281,2.777056511564403,1,10,B,Medium
0.8381765595120325,0.8381765288198012,2.3856321366466426,4.570669746682881,-0.7923912260647463,2.8462167183910556,1,10,B,Medium
0.8417101497156309,0.8417077271872543,2.253506283275165,4.392741444072604,-0.825250267941867,2.6772948906895144,1,10,B,Medium
0.8426177114580655,0.8426154958118942,2.467269063564534,4.69871611155518,-0.8067998249112982,2.928100169286938,1,10,B,Medium
0.8400457659748417,0.8400457316693131,2.512997649711172,4.975960971638154,-0.7948386400177956,2.9915008818536597,1,10,B,Medium
0.8430143573480533,0.8430118384025019,2.2419998841015203,4.356106956344118,-0.8216486083259431,2.6595037967732633,1,10,B,Medium
0.8402061488111018,0.8402060711068893,2.243747994440708,4.421797027935898,-0.8146665579027701,2.6704731899613314,1,10,B,Medium
0.8368393478188219,0.8368390129780733,2.2571123957730186,4.34676304139766,-0.8141909237183831,2.697187221963289,1,10,B,Medium
0.8434546077546555,0.8434541379580519,2.2543233472889725,4.380976605528316,-0.8284983067604834,2.672726340650582,1,10,B,Medium
0.8435289333469791,0.8435220400073177,2.3089912704476365,4.543565779006633,-0.8159070294085549,2.7372994323810005,1,10,B,Medium
0.840764185714167,0.8407608779933037,2.53927712250408,4.875375514575678,-0.8088973135330573,3.020201342600187,1,10,B,Medium
0.8430324518967512,0.8430324016652754,2.4013778470623457,4.731601959218403,-0.7766311805633639,2.8484998906737813,1,10,B,Medium
0.8374743174815699,0.8374736857934848,2.3660866928619395,4.5289386672594105,-0.7904803365433808,2.8252647794348746,1,10,B,Medium
0.8361938068548894,0.8361912327729908,2.4923416008005774,4.80968258850057,-0.7986042531829205,2.9805788806004525,1,10,B,Medium
0.8374070682389158,0.8374062968424256,2.3984259289832948,4.616321815260355,-0.8312082790295845,2.8641099650940776,1,10,B,Medium
0.8401663678128868,0.8401653278774616,2.3749601493531958,4.579290426012443,-0.8017154065692398,2.8267736490519964,1,10,B,Medium
0.8380259764877108,0.8380229445614883,2.427986737820772,4.691319046269468,-0.7891496992083757,2.8972690655686097,1,10,B,Medium
0.8340512967979008,0.8340428923499035,2.281737852711764,4.469878294566788,-0.8233565349529393,2.735728439571808,1,10,B,Medium
0.8419331030077227,0.841920122266193,2.6604510847798672,4.93174617773022,-0.7854950685007016,3.159931680172295,1,10,B,Medium
0.8425746291105783,0.8425696675633771,2.150686608762742,4.289401733264456,-0.8346960767604337,2.5525176458648016,1,10,B,Medium
0.8402201370016182,0.8402139214205123,2.41121387106719,4.746970539893036,-0.818362093754037,2.869740636866629,1,10,B,Medium
0.8383720245026883,0.8383719918717952,2.4483635713320377,4.730926887503596,-0.7917215719819115,2.9203784236292667,1,10,B,Medium
0.8386436885138302,0.8386434810422555,2.2827594103375115,4.370673990950101,-0.8136699441954218,2.721965766394564,1,10,B,Medium
0.8416108729211857,0.8416082374171246,2.273036667081893,4.539240573021034,-0.7929377640846385,2.7008166603079946,1,10,B,Medium
0.8366451081801507,0.836640078424665,2.2691677885243857,4.422904377190493,-0.7911385597424632,2.712222621441273,1,10,B,Medium
0.840317582536983,0.8403173069512698,2.280226546549471,4.524544118668691,-0.8088203122914108,2.7135294963902727,1,10,B,Medium
0.8420599251279076,0.8420499076104101,2.31623899539194,4.499371056295365,-0.7927526350455212,2.7506819007448984,1,10,B,Medium
0.8382845776636101,0.8382739484549844,2.362370043989801,4.588283679717913,-0.7857507425608974,2.8181003288572746,1,10,B,Medium
0.837929136595896,0.8379288266890547,2.1715360929944545,4.293966590531823,-0.8113996634357115,2.5915510013368954,1,10,B,Medium
0.8406518620626521,0.8406498256510667,2.3782427136636084,4.466937981059404,-0.7911707434126192,2.8290459118573423,1,10,B,Medium
0.8429898426396871,0.8429885586308193,2.2912792237567357,4.461417298055583,-0.8195154033510565,2.718038946450367,1,10,B,Medium
0.8356482122345386,0.8356266993499382,2.1715934660152083,4.253571236051821,-0.8354488346449962,2.5986933666839636,1,10,B,Medium
0.8409628580421188,0.8409384668154634,2.5186192368182727,4.94303104926434,-0.8104289884876978,2.9949232748304446,1,10,B,Medium
0.8384379970710183,0.8384368929070265,2.417397170942543,4.641848010961708,-0.8161628741057934,2.883215192283064,1,10,B,Medium
0.8414554305274506,0.8414445211603602,2.3125371849438188,4.4557412011964175,-0.8049481214589789,2.748258673063941,1,10,B,Medium
0.8397686715123469,0.8397675965370194,2.335850890641005,4.5084650560914215,-0.8065419971149068,2.781540881293357,1,10,B,Medium
0.8382865679329591,0.8382804702060651,2.469541586091854,4.7300936536717355,-0.8141752175380947,2.9459395874387346,1,10,B,Medium
0.838074768590812,0.8380699675943807,2.213789609791008,4.366821004361139,-0.7912470533930867,2.6415180276974617,1,10,B,Medium
0.8434718105124539,0.8434576817959752,2.3266930377620305,4.51618080960095,-0.812497473006133,2.758471603631236,1,10,B,Medium
0.838598758302538,0.838597500770842,2.3382697717884007,4.589889254726231,-0.7907580639117953,2.7883057882430493,1,10,B,Medium
0.8420591255085458,0.8420491429678285,2.411369963839128,4.62641811902996,-0.7790440703003028,2.8636587275066065,1,10,B,Medium
0.8398790825057051,0.8398586925665159,2.186022472971082,4.327309092272625,-0.8143378329459909,2.602782374873865,1,10,B,Medium
0.8393019929923298,0.8392977324955627,2.351579114290058,4.523269208837868,-0.7976020784690796,2.801827153902098,1,10,B,Medium
0.8359419914558751,0.83594191147668,2.3503592142439826,4.490803783312692,-0.8197128592504015,2.811629560743325,1,10,B,Medium
0.8401510560345234,0.8401489168513714,2.388299035134204,4.718278196179549,-0.7952271137837181,2.8427019379192022,1,10,B,Medium
0.8396462943435553,0.839645438592277,2.245445302331263,4.433238932849942,-0.8053882614051302,2.6742752483493977,1,10,B,Medium
0.8399146404814508,0.8399095495461996,2.438591667123779,4.837807869208127,-0.780881208145102,2.9033803550869695,1,10,B,Medium
0.8392544026292108,0.8392544019128496,2.4172365928098074,4.648810696032694,-0.7974503603675531,2.880219138841696,1,10,B,Medium
0.8408409869821838,0.8408379210569823,2.3890973525362456,4.71006895675532,-0.8263345380170883,2.841318857577131,1,10,B,Medium
0.839898335888608,0.8398972839166493,2.341415581778278,4.4718782691797685,-0.8060605788843596,2.7877368983009982,1,10,B,Medium
0.8388699483346983,0.8388697937440904,2.279751470365589,4.533806990535818,-0.789055945167211,2.7176458936111483,1,10,B,Medium
0.8402812763385938,0.840280798928641,2.196801313745029,4.33753833490178,-0.7842474926716312,2.6143642320786658,1,10,B,Medium
0.8392255200673143,0.8392195675064842,2.2890507875200705,4.4712376540949785,-0.778609153590232,2.727575285528097,1,10,B,Medium
0.8386279672326213,0.8386273590423265,2.1939207567567607,4.2809655061923095,-0.821971308264613,2.6160834630837013,1,10,B,Medium
0.8439226503787602,0.8439217494394541,2.198101760085965,4.387940700130335,-0.8075260639208186,2.604624676324823,1,10,B,Medium
0.8403312409855784,0.840329784146641,2.3704149061028064,4.66056037692433,-0.7879472619631906,2.820810164480707,1,10,B,Medium
0.8046515686799001,0.8046502607652234,1.9171977318285283,3.7912546142823143,-0.9520950993855819,2.3826433781442264,1,20,B,Medium
0.8052587108868259,0.8052572956056898,1.8901244760525229,3.758039661004267,-0.9492482517157113,2.3472263640227395,1,20,B,Medium
0.8047234015127356,0.8047170806201245,1.8858737838804143,3.753926965087497,-0.9457630484666701,2.343505582583171,1,20,B,Medium
0.8054140558736987,0.8054124095455879,1.9246216656603794,3.830127792822984,-0.9520017193702817,2.3896052615726755,1,20,B,Medium
0.8054509721159187,0.8054484308494987,1.9009634556764567,3.787574354645649,-0.9553941516627118,2.3601231129967206,1,20,B,Medium
0.8054599790844387,0.8054576814488545,1.9143527637923514,3.7790601433010886,-0.9493220020734165,2.376719903536839,1,20,B,Medium
0.8054718586997915,0.8054713670258281,1.8466814219237342,3.6893850875165857,-0.9548429420758033,2.2926703173772993,1,20,B,Medium
0.8050561634512168,0.8050561391624691,1.9118066382110799,3.7625932245649256,-0.954360313546923,2.374749396384104,1,20,B,Medium
0.8031283246165722,0.803127763975915,1.9330813209880555,3.8411632232999313,-0.9419781106135301,2.4069395409643195,1,20,B,Medium
0.8058610180472814,0.8058590994004664,1.9094540228610288,3.7111169919932596,-0.9532586319190743,2.3694582317530557,1,20,B,Medium
0.8050595093228822,0.8050594963230892,1.9135315282972907,3.731376540903381,-0.95603186050691,2.376882089010687,1,20,B,Medium
0.8037716815364566,0.8037710330749399,1.9379012707959642,3.7826526810095755,-0.9527649689885238,2.4110096378259462,1,20,B,Medium
0.8059627978270546,0.8059606798598489,1.9057871362009777,3.780322249745703,-0.9559394787156816,2.364609311173102,1,20,B,Medium
0.8052675089724233,0.8052649292357992,1.911133689608615,3.7570766643040807,-0.955212186707243,2.373290451079236,1,20,B,Medium
0.804782363383844,0.8047820719959632,1.8800378022648887,3.7475198487048,-0.9454365494094952,2.336082260003749,1,20,B,Medium
0.8036882183522429,0.8036874376721709,1.8929362559178893,3.758272017839899,-0.9501435224373682,2.355311690146299,1,20,B,Medium
0.8036240237302322,0.8036231851979825,1.868833834647491,3.707912102627464,-0.9526344146574317,2.325507674562549,1,20,B,Medium
0.8054003552846567,0.8053989572253156,1.912282834137371,3.760989274475869,-0.957283791765613,2.3743257891430942,1,20,B,Medium
0.8046275054961278,0.8046274773534732,1.9036834831599503,3.8029688077786163,-0.9480586366879482,2.365918975123964,1,20,B,Medium
0.8045828566318949,0.8045812373758978,1.888209684241093,3.758142284373853,-0.9489410554614022,2.3468181911623414,1,20,B,Medium
0.8043994915644649,0.8043994692049506,1.8388290045627942,3.67617082769713,-0.9515673824034501,2.285964901577054,1,20,B,Medium
0.8054967402876791,0.8054959097346764,1.9410357441326644,3.8005821789650973,-0.9460233216663765,2.409737553300878,1,20,B,Medium
0.8052327636957133,0.8052319654163957,1.9256993560521738,3.757444958376807,-0.9497891270362016,2.391481622300046,1,20,B,Medium
0.804224197029723,0.8042240762503572,1.8519085993088449,3.690508107021448,-0.9515965983060357,2.3027267845814405,1,20,B,Medium
0.8030668824222417,0.8030643167965686,1.909252932780066,3.793444737987626,-0.9497808904534897,2.37745195894681,1,20,B,Medium
0.8047993084563239,0.8047984967530732,1.8710038486312661,3.731798672824117,-0.9569336532655202,2.324807972586379,1,20,B,Medium
0.8052890358594222,0.805289019631917,1.9004658815206543,3.7146268761264256,-0.9561267050474189,2.3599798294688505,1,20,B,Medium
0.8042783526607626,0.8042771986868709,1.8663863349071785,3.7267042283509904,-0.9495690214989629,2.3205726335076475,1,20,B,Medium
0.8057010563956089,0.805697170162312,1.993653324231022,3.8351024113143675,-0.9524819100633488,2.474433052315764,1,20,B,Medium
0.8029856728666588,0.8029821595024574,1.9927577193713275,3.7927137694386532,-0.9550765265949503,2.4816852737324475,1,20,B,Medium
0.805344340995028,0.805344102370328,1.9394737170954872,3.8197632254269456,-0.9451385559519445,2.408253983257903,1,20,B,Medium
0.8038544354401321,0.8038535673503923,1.8574526736918142,3.6513510944579552,-0.9553021562230053,2.310682869684993,1,20,B,Medium
0.8041595495257905,0.8041564059842999,1.880727804923558,3.7151356319047655,-0.9611502912041785,2.338749575295867,1,20,B,Medium
0.8050049228868863,0.8050041893034339,1.9130979532609085,3.7970937075868343,-0.9510203262962129,2.3765046633506413,1,20,B,Medium
0.8040437750890239,0.804038906550241,1.8606389360672682,3.706702081659083,-0.9576464810352756,2.3141015373960925,1,20,B,Medium
0.8051085327089278,0.8051083656923964,1.973837954428127,3.8978934348521603,-0.9519419319291673,2.451642075866226,1,20,B,Medium
0.806248615102275,0.806248614379588,1.9387380247037096,3.8067482123901426,-0.947745571642383,2.404640440167175,1,20,B,Medium
0.8049440400263622,0.8049440295753596,1.873137294132884,3.7421615070584355,-0.9494504752588391,2.3270403916172087,1,20,B,Medium
0.8025863923744978,0.8025858218209093,1.8503965334952834,3.691060840884661,-0.9465353712394027,2.3055418719731584,1,20,B,Medium
0.8036615562487525,0.8036614459078233,1.8296909333620812,3.6533371380707065,-0.950104959276838,2.2766933656781116,1,20,B,Medium
0.8033652444610765,0.8033645449611998,1.9438075337405458,3.81334303488949,-0.9481929356680054,2.419581313907244,1,20,B,Medium
0.8041735655438951,0.8041735448553594,1.9270733755229763,3.764504399745644,-0.954571917619015,2.3963401162280418,1,20,B,Medium
0.8029971829785746,0.8029949036290861,1.8586933843160252,3.7037618922328672,-0.9525809704154966,2.31469477566725,1,20,B,Medium
0.8055239908652563,0.805515508091235,1.857086964842896,3.6748479205936344,-0.9505775502079303,2.3054396714467806,1,20,B,Medium
0.8044843320580723,0.8044841286968109,1.8860823766851882,3.76461918381543,-0.9509563080615995,2.344461292192127,1,20,B,Medium
0.8038583012752684,0.8038570135404424,1.9539024909038196,3.8940658941685857,-0.9566223429531031,2.4306553627723715,1,20,B,Medium
0.8050499809379708,0.8050499788958215,1.9294500340666323,3.7415380249029746,-0.9483614465158774,2.3966835348764475,1,20,B,Medium
0.8036391313524628,0.803639130751003,1.8733048566196668,3.7192322709578205,-0.9513918741106275,2.331027427033125,1,20,B,Medium
0.8056744348048036,0.8056743429428528,1.9232550165070512,3.7554255938439427,-0.9516890173319204,2.3871367061225066,1,20,B,Medium
0.8052532767676355,0.8052532190287982,1.8797584894968584,3.7063998332862753,-0.9522630074269047,2.334369252171678,1,20,B,Medium
0.8046141040485282,0.8046096050351979,1.9318110109045168,3.8170448689157848,-0.9539280595111519,2.4009161673705943,1,20,B,Medium
0.8036848188842405,0.8036828225589404,1.8796837310215102,3.732167762237744,-0.9521540229291148,2.3388319486127465,1,20,B,Medium
0.8039619866873157,0.8039567761942232,1.8469483737895374,3.688265412327222,-0.9520294938750822,2.297308087164412,1,20,B,Medium
0.8040082727791289,0.8040079421208657,1.8798038073681733,3.7477748986354236,-0.9519921954813975,2.338040379697161,1,20,B,Medium
0.8038838223191184,0.8038825845106101,1.8828363804649408,3.761947099077807,-0.9479420755775028,2.342174737430541,1,20,B,Medium
0.8032564838914008,0.8032550130587085,1.8191943681836127,3.6112129873636674,-0.9578260809663441,2.264773960330167,1,20,B,Medium
0.8041412045999409,0.8041372197677459,1.9335583729852772,3.7380232277961465,-0.9484741169538187,2.4045010527065576,1,20,B,Medium
0.804617285686641,0.8046172816391727,1.9287458685533394,3.82760235870802,-0.9528619833471033,2.397097232266635,1,20,B,Medium
0.8051048429846092,0.8051039898503742,1.9408107795715652,3.754999586376422,-0.9579640231712321,2.410631107840283,1,20,B,Medium
0.8046788788669429,0.8046786586985538,1.9338742537345683,3.785875935380165,-0.9548388383981874,2.403286956478378,1,20,B,Medium
0.8047339908468907,0.8047334860518246,1.9431822298915984,3.7877282329321704,-0.9500171303768763,2.414688893464809,1,20,B,Medium
0.8050716080133921,0.8050702473636389,1.8741565935696802,3.716649438878339,-0.9457176786253623,2.327937757231782,1,20,B,Medium
0.8051591442752462,0.8051577373446324,1.910233987261651,3.787352576912889,-0.9551200021921065,2.3724924455538834,1,20,B,Medium
0.805117205451466,0.8051147919437542,1.9084534937034747,3.7169131838049516,-0.9459847158130597,2.3704045582199647,1,20,B,Medium
0.8047650764307926,0.804764628485488,1.8755064079576247,3.7296750142340587,-0.9511970112135142,2.330501736327412,1,20,B,Medium
0.803600436228645,0.8035969229270535,1.842565486771286,3.681130207983719,-0.9512649426748059,2.2928876139223857,1,20,B,Medium
0.8053193936631877,0.8053188694313329,1.8522885546413446,3.675974352570556,-0.9501474509790873,2.300066991080107,1,20,B,Medium
0.804656730293629,0.8046562786718585,1.927916181778723,3.8163634849521597,-0.9512488080233181,2.3959486190778554,1,20,B,Medium
0.8041895026550246,0.8041852786913974,1.9223852627739384,3.789883917780032,-0.9518002560904075,2.3904630145347583,1,20,B,Medium
0.8054046925448536,0.8054028238716394,1.854642983661382,3.6575778909748875,-0.9575198146472514,2.302746682293629,1,20,B,Medium
0.8058152818173906,0.8058146468695245,1.9280903609040676,3.8190612299878817,-0.9451994997982198,2.3927200245638933,1,20,B,Medium
0.8058258671488097,0.8058219744657558,1.8903363375057087,3.7340083623373292,-0.95317017681116,2.34583725165604,1,20,B,Medium
0.8049790173373604,0.8049789196598387,1.9399069986295152,3.859988643103537,-0.9535275423995597,2.409885173213795,1,20,B,Medium
0.8038428687216674,0.8038424690074991,1.9166504975211698,3.811034864786331,-0.9470212481342903,2.3843596455227307,1,20,B,Medium
0.8046084257759123,0.8046063210550561,1.8795641520756228,3.6992096936742604,-0.9595270867734156,2.3359985949228568,1,20,B,Medium
0.8054990058654075,0.8054947785057223,1.8941778978171429,3.7646150179469107,-0.9496407019220277,2.351558330952981,1,20,B,Medium
0.8058387876622293,0.8058343270001819,1.8553979838598647,3.6895442789274444,-0.9550554677056851,2.302443134119231,1,20,B,Medium
0.8049747276391628,0.8049747049539803,1.8823191702619437,3.7203487502237884,-0.947980785417283,2.3383580945235716,1,20,B,Medium
0.8041662829182059,0.8041643023978238,1.9100308896873601,3.7664799666579523,-0.9473003717013619,2.3751690791562754,1,20,B,Medium
0.804505232031907,0.8045045074429797,1.8675119823546036,3.7083474070130986,-0.9546385541323557,2.3213173861379404,1,20,B,Medium
0.80549124763072,0.8054912168728415,1.9458315994722681,3.8006389616935703,-0.9554397961785095,2.415707936238608,1,20,B,Medium
0.8049945320740174,0.8049945320740034,1.8995366321405842,3.7856441692612504,-0.9562426644753321,2.3596888630368067,1,20,B,Medium
0.8046967741631387,0.8046967329512632,1.943891768224731,3.8581746583433896,-0.9489428959034241,2.4156823174124464,1,20,B,Medium
0.8042235731300528,0.8042230112155639,1.8603030118143367,3.7113012416851783,-0.9533600737272896,2.3131664800299294,1,20,B,Medium
0.8035238978437048,0.8035185187660129,1.9900338800824906,3.8689686041782076,-0.9492927861252975,2.476633097562926,1,20,B,Medium
0.8047126456209573,0.8047102390674467,1.8642432656239087,3.7222768177546275,-0.9509497121711656,2.316657102095573,1,20,B,Medium
0.8040469093368452,0.8040444742405553,1.8992877456844934,3.787897429412475,-0.9440263406648421,2.362160371029809,1,20,B,Medium
0.8030715402695019,0.803071527708059,1.8520801307532753,3.676343902651319,-0.9551389349608219,2.306245506012749,1,20,B,Medium
0.8048693453725703,0.8048686334708344,1.9709388960633618,3.78203440206591,-0.9522225333325931,2.448768744138247,1,20,B,Medium
0.8044644324996266,0.804463481807296,1.9422647903536028,3.799772188463884,-0.9478469778030578,2.4143575674546733,1,20,B,Medium
0.804204010682881,0.8042034296591463,1.948432334491677,3.78891124255283,-0.9511502178420077,2.422808526952243,1,20,B,Medium
0.804518355812806,0.8045169006838576,1.949160969765637,3.877396743779464,-0.9530381997942796,2.42276755487623,1,20,B,Medium
0.8054302318130914,0.8054282560904203,1.8514691002872061,3.69383723971945,-0.9515919536941952,2.298733058628049,1,20,B,Medium
0.8038260827871218,0.8038250819737477,1.897470794116202,3.786306621904969,-0.9570513452977458,2.360548923141514,1,20,B,Medium
0.8043934336340806,0.8043929217015358,1.9157459839554014,3.7743625628797433,-0.95184789928595,2.381603210384828,1,20,B,Medium
0.8047403818223029,0.8047389083554278,1.894732500237547,3.7889569459016883,-0.9548804510874493,2.3544643005822574,1,20,B,Medium
0.8059797928382088,0.8059797631427745,1.8901378742039057,3.752339835021094,-0.9548929974242468,2.3451430060645815,1,20,B,Medium
0.8048512550310871,0.8048461477891887,1.9049114147223236,3.782227427224556,-0.9497678148144049,2.3667869097734675,1,20,B,Medium
0.803780081006459,0.803777897094731,1.8547218757457988,3.6947146369943598,-0.9490702961753552,2.3074991774160356,1,20,B,Medium
0.804906514716732,0.8049058254987199,1.8735979553863051,3.7234322318856563,-0.9527464032520263,2.3277211963499562,1,20,B,Medium
1.1560174880987881,1.1560065917703513,3.977475228862385,7.74255181154683,-0.2863855936859445,3.4406704654648683,1,0,B,Strong
1.1493805527866607,1.1493642250872165,4.105059427721083,7.775155835116459,-0.21272839791973963,3.571540703179996,1,0,B,Strong
1.144333741980199,1.1442804338954038,4.146425274069331,7.741816985024775,-0.21368488382064355,3.623440541824972,1,0,B,Strong
1.1465543390270314,1.1465131354120397,4.076960104633335,8.000363259436927,-0.2652552887472388,3.5558367936517095,1,0,B,Strong
1.1428234844694332,1.1428233958561422,4.158878869106867,8.1686650042972,-0.3129528695173409,3.6391261866986104,1,0,B,Strong
1.151314241284143,1.151309859730177,4.032447416117534,8.027200765939678,-0.22210999074135218,3.5024733226784868,1,0,B,Strong
1.1449931382507013,1.1449909784486823,4.701561039369806,8.949219404386811,-0.14360805585406133,4.106191454171299,1,0,B,Strong
1.1606778717728987,1.160677704929549,4.184487207084939,8.328936401594689,-0.19704094194726451,3.6052097734001487,1,0,B,Strong
1.16166106681065,1.1616543971304005,4.648644637724919,8.945457029648868,-0.15409303982172995,4.001721991499475,1,0,B,Strong
1.1439142616729503,1.1438690184807236,4.673471192880431,8.784034428889722,-0.23632219893962114,4.085508284550609,1,0,B,Strong
1.1525833573535489,1.1525662367760314,4.276571182253851,8.367840898179391,-0.18601565474205506,3.710422465298564,1,0,B,Strong
1.1638638534216972,1.163853000553971,4.348292491647972,8.572095207936396,-0.12224175960300077,3.7360834593017267,1,0,B,Strong
1.1493686293028362,1.1493604449400159,4.044661330564768,8.053378365745294,-0.25748117377153124,3.5190288193424135,1,0,B,Strong
1.1456784480405298,1.1456609346678661,4.340104255047779,8.440027605530013,-0.1941611785136237,3.7882394161038127,1,0,B,Strong
1.1544220669907181,1.1544219220277245,4.0988168278448045,7.7406169953430295,-0.2354287447154535,3.5505357572810152,1,0,B,Strong
1.145876467117501,1.145872947861113,4.33643421269022,8.000983555520857,-0.23220835164434828,3.7843819444156113,1,0,B,Strong
1.147903244340625,1.147903242491066,4.028581514694835,7.710394281749775,-0.21585323172266335,3.5095131358470204,1,0,B,Strong
1.150864781780051,1.1508445742923394,4.9570691926489,9.150825830205251,-0.19076348562080359,4.307255961887864,1,0,B,Strong
1.1483662652646303,1.148328040745387,4.415278424472141,8.206443893588636,-0.2125299486539074,3.8448346647092433,1,0,B,Strong
1.1439588144970736,1.1439583013385901,4.272489551700909,7.845988134469405,-0.24905482440989468,3.7348281227932607,1,0,B,Strong
1.1483741365894904,1.1483728105457756,4.041298435501563,7.948587257544226,-0.23845042876769718,3.519147903751691,1,0,B,Strong
1.1483350122538811,1.1482949981098767,4.118152371220212,7.731209413860704,-0.2364151056906958,3.5861942092467918,1,0,B,Strong
1.1413266436830272,1.1413240326780663,4.034028061497754,7.7466962231698435,-0.20299453282711166,3.534507920081551,1,0,B,Strong
1.144368245450428,1.1443339553993128,4.421161533306909,8.110463594144104,-0.19577314841567528,3.863408086412536,1,0,B,Strong
1.1693965236402315,1.1693935775787296,4.294587356066279,8.012333184221808,-0.22150096367527716,3.672481719628852,1,0,B,Strong
1.1419552265830457,1.1418514285210106,4.093329957217763,8.149323399580327,-0.23864470641487756,3.584492510679083,1,0,B,Strong
1.143518514532946,1.1435091313043904,4.090500892264909,7.8473354595812825,-0.21625011671601024,3.577118201654667,1,0,B,Strong
1.1460537249078417,1.1460389914356357,3.8937669644878836,7.578625971067272,-0.248711436250745,3.3975431342025395,1,0,B,Strong
1.1468695678078087,1.1468369524781874,3.965512840109019,7.747446305137251,-0.2713970408556965,3.4576842488626887,1,0,B,Strong
1.152901165253959,1.1528986642241426,4.595213717057302,8.58047423394908,-0.26104864446545006,3.9857828715482966,1,0,B,Strong
1.1486963042384364,1.1486860460147283,4.026641590451947,7.841608652053086,-0.23986651793380664,3.5054013629142236,1,0,B,Strong
1.1612258990871847,1.1612257125584775,3.7926748190430004,7.4628208521396155,-0.24780131353467594,3.2660956167308552,1,0,B,Strong
1.1621994085608789,1.1621967718170731,4.151057712761774,8.207284100852952,-0.1830034160681615,3.5717258864396775,1,0,B,Strong
1.1294783886274098,1.1294783643166697,3.858984966560755,7.648661998701741,-0.23602251522301554,3.4166080603369116,1,0,B,Strong
1.156908227427978,1.1569010428717703,4.786659748981643,8.616288651068192,-0.2587971975651939,4.137458473800707,1,0,B,Strong
1.152793249736283,1.1527704090856095,4.050755719964567,8.02370208361619,-0.1921030437001785,3.5138614152114718,1,0,B,Strong
1.155635634776032,1.1556263877459034,4.857905611094045,8.969640479896608,-0.2145375010083148,4.203665467650218,1,0,B,Strong
1.153042891833709,1.153039538570226,3.847284912597405,7.610313943023259,-0.2394337976329144,3.336636425102092,1,0,B,Strong
1.1492431730873272,1.1492275212222212,4.70288299868661,8.785813416333676,-0.18524281298505763,4.092156567746044,1,0,B,Strong
1.1508005350718402,1.1507602732256121,4.422317189725816,8.428914835588564,-0.20913412409464183,3.8428181556673913,1,0,B,Strong
1.1384466987338993,1.1384414010729613,3.9748606033669462,7.925923865629095,-0.26188693452071954,3.4914771221063825,1,0,B,Strong
1.1487174011068173,1.1487127086353193,3.9187188647031306,7.684425142022057,-0.2568298169798422,3.4113863522284498,1,0,B,Strong
1.153802233120475,1.1537438639818036,4.340946593910017,8.490405751500578,-0.23340871494320936,3.7622969251583642,1,0,B,Strong
1.153522878665096,1.153518960910764,4.25315683123248,8.175809546029203,-0.23550482625245728,3.6871022759031944,1,0,B,Strong
1.1449679630787977,1.1449678814600426,3.957289041132845,7.748717780409849,-0.2054388657037567,3.456244339354062,1,0,B,Strong
1.1511261274572535,1.1510922990724863,4.176808095387301,8.221677517881847,-0.19019611116483004,3.6284539076647833,1,0,B,Strong
1.152399130159603,1.1523966499983445,4.5417447199663865,8.305877377842675,-0.18483448014887705,3.9411212670191547,1,0,B,Strong
1.1498995749533052,1.149898934909805,3.8647570067287127,7.4735689271686025,-0.2485555464634408,3.3609517656232297,1,0,B,Strong
1.1449831331022542,1.144943459113917,4.018005362074234,7.863263211921714,-0.23944128826589317,3.509226682831319,1,0,B,Strong
1.1502146610521098,1.150213428583848,4.397221659269354,8.465264890275947,-0.19081367381641412,3.822957408008678,1,0,B,Strong
1.140863100049773,1.140781292811341,4.121564161192525,8.100545847295983,-0.2424007306228626,3.6126719858085616,1,0,B,Strong
1.1432815397308402,1.1432298223031403,4.461201339345672,8.371618942995717,-0.24697070226662898,3.9021021369731566,1,0,B,Strong
1.1450640113445147,1.1450036946698678,4.371852032599993,8.430147020698119,-0.1416759318823333,3.8179979366102326,1,0,B,Strong
1.1425965609676332,1.1425957828768363,4.185871737478591,8.175629291453129,-0.21187476862050492,3.6634730756879685,1,0,B,Strong
1.1506588763570513,1.1505089489961988,4.513024332894424,8.446971722893014,-0.2020463591096826,3.9221218604618184,1,0,B,Strong
1.1504669544377224,1.150457079192179,4.132755814925873,8.087084586494917,-0.25334589031366583,3.592242088296843,1,0,B,Strong
1.1585214491217097,1.1584278127766154,4.017247369659329,8.010385069190304,-0.2277866386607923,3.4675640858482653,1,0,B,Strong
1.1456305705112524,1.1456302469680486,4.027474772524136,7.78268318225879,-0.17096491017110838,3.5155091669095593,1,0,B,Strong
1.1422687286325688,1.1422677223442055,4.122834790656157,7.835556292643068,-0.27928955313780346,3.609338754805692,1,0,B,Strong
1.1506865028932687,1.150650594391772,3.8831395300275675,7.662646442755769,-0.28372126890596094,3.3746285545749086,1,0,B,Strong
1.148443535278775,1.1484415775590344,4.311376645271864,8.334553042169546,-0.21446625164462363,3.7541041529963537,1,0,B,Strong
1.1529625140278745,1.1529617302784563,4.350362585036069,8.270737205065643,-0.21216140166510833,3.7732038397658543,1,0,B,Strong
1.1362445044842076,1.1362184043150696,3.817187537422522,7.364375128236969,-0.2538152297743217,3.3594772272674844,1,0,B,Strong
1.1370380486550915,1.1368985324815055,4.369706026831086,8.632466219039259,-0.22483971733456043,3.843060513234056,1,0,B,Strong
1.1409948920165736,1.1409746705808077,3.7824910024319696,7.474146619476033,-0.25948834803024834,3.315081451194636,1,0,B,Strong
1.1535346389687084,1.1534966422328523,4.203894099537878,8.17652157966197,-0.17719436168633518,3.644358788650053,1,0,B,Strong
1.1480627068644031,1.1480466078030325,4.108232288804569,8.127992169839256,-0.20674206759852032,3.578404092599612,1,0,B,Strong
1.1529722917592933,1.1528974950015725,4.426160915381923,8.296632787162643,-0.20622745011754828,3.8389135168444923,1,0,B,Strong
1.1494204097945762,1.1493824329180269,3.963219724773484,7.851254748599635,-0.24551647067731697,3.4480157921345667,1,0,B,Strong
1.1390239520277026,1.1390129763437473,3.8636089829026963,7.585394484309629,-0.24361556294361275,3.3920348874355613,1,0,B,Strong
1.1397770350126686,1.1397476669565856,4.099785104000894,7.984019917475533,-0.24587507254242258,3.5970062372377285,1,0,B,Strong
1.1601725360876656,1.1601725141835542,4.08072573248889,8.052212745058762,-0.23228727675937,3.5173438480537693,1,0,B,Strong
1.1541107128530377,1.1539412986274737,4.078657993153144,7.836313594216408,-0.18649789187500954,3.53402662996727,1,0,B,Strong
1.1468628158090701,1.1468554989890232,4.553921109102582,8.623295139889063,-0.15647847680362492,3.9707635877007275,1,0,B,Strong
1.1485553328854796,1.1484999556881248,4.174440167767881,8.288482180268712,-0.1714427848609854,3.63451376546271,1,0,B,Strong
1.1454353139612847,1.1454252073045266,4.133166752792629,7.930449973466745,-0.24425985892052937,3.6083807635533827,1,0,B,Strong
1.1434218065847046,1.1433903007535753,4.678592494083675,8.170522286138942,-0.27142287087402384,4.091746778958326,1,0,B,Strong
1.1389745103815012,1.1389365419505162,4.7639421634157815,8.53292437317492,-0.27140186666472443,4.1826591552256005,1,0,B,Strong
1.1551938623743374,1.1551800842087143,4.066161635538927,8.113760943629366,-0.21401488122692358,3.51989546341729,1,0,B,Strong
1.150419401784402,1.150393488543266,4.069195485935385,7.776352167712629,-0.2628303954607456,3.537140871949572,1,0,B,Strong
1.1551538751025576,1.1551080910562077,4.56517385026611,8.367793808767976,-0.24353778098497125,3.9520049654517253,1,0,B,Strong
1.1492770220823816,1.1492754558447043,4.164619201894771,8.313512386538278,-0.21113882201216327,3.6236861277787265,1,0,B,Strong
1.1532700997150789,1.153233584113723,4.097033062647933,8.007209982555768,-0.2100204388180993,3.5525355800519973,1,0,B,Strong
1.1585209901006053,1.158505504615668,4.758005909796781,9.319173300629302,-0.13299771173110297,4.10696564883438,1,0,B,Strong
1.1628639826109555,1.162855624424328,4.260549905998087,8.07913698407394,-0.3029685825356565,3.66384200534955,1,0,B,Strong
1.1439952238159175,1.1439882388846982,4.183709802602761,7.980272573990049,-0.28787760708189847,3.6571042566485135,1,0,B,Strong
1.1509299413795617,1.1509019408249486,3.8373450607589064,7.431002217019605,-0.2000747263634124,3.334125668986658,1,0,B,Strong
1.1489861152413372,1.1489762425601444,4.167398351317291,8.175144497111365,-0.22350609737765081,3.6270223774131125,1,0,B,Strong
1.1469532941461948,1.1469532853863567,4.070093317931754,8.042155234971869,-0.28887209531065183,3.548612954602984,1,0,B,Strong
1.1678163668092225,1.1678130647690823,4.120078689715915,7.723493504332225,-0.32237530535361314,3.528019307498695,1,0,B,Strong
1.1644383539730234,1.164432874677979,4.046254670410131,7.977127447156889,-0.25145035355222456,3.4748552008824256,1,0,B,Strong
1.1540845294845161,1.154079714733711,4.436539635509233,8.759035508799565,-0.20709347523013566,3.8442068342176454,1,0,B,Strong
1.161135107665589,1.161132762200138,4.049645211759375,7.705192506870624,-0.23453950375163268,3.48766063916628,1,0,B,Strong
1.1447052318403967,1.1447011342575002,4.105527085841412,7.784990903221985,-0.2240742782862224,3.5865364913557367,1,0,B,Strong
1.14665653368658,1.1465786067665762,4.595808587943346,8.439302192716063,-0.1990323831219949,4.008008024135618,1,0,B,Strong
1.1500290497392354,1.1500199455176208,4.072046861516608,8.044497862015053,-0.1831742072865623,3.5408208709509803,1,0,B,Strong
1.1473643726147795,1.147356873782085,4.823368931196324,8.542089193985829,-0.17667615800903258,4.203868488790649,1,0,B,Strong
1.1527154346408295,1.1527150482957262,4.170591955296225,8.080009389725126,-0.21479728951566868,3.61805856845816,1,0,B,Strong
1.144615207997059,1.1445815955892646,4.155185837822338,8.293460741667289,-0.16543520941073808,3.6302032410467624,1,0,B,Strong
1.1455084156985587,1.1454562684553364,4.002384096138416,7.893442401078446,-0.15859591290724362,3.4939805254051017,1,0,B,Strong
0.9286111438973783,0.9286070498861476,2.8609859902469235,5.719632989143438,-0.48712746685290753,3.0809300631902534,1,5,B,Strong
0.9408614244846223,0.9408598221028039,3.088403527995365,5.854464887574263,-0.5348692848579604,3.2825275302227497,1,5,B,Strong
0.9330805016370316,0.9330796773940386,3.265289653350962,6.371450657465332,-0.5068188670265834,3.4994726045847218,1,5,B,Strong
0.9269462003709418,0.9269457265162743,2.8214560424700386,5.534652591121227,-0.5288445636712207,3.0438185531597832,1,5,B,Strong
0.9276108280506294,0.9275859756164743,3.1264420032442493,6.161955726129971,-0.49196297242395026,3.3704242217767715,1,5,B,Strong
0.9318686874682023,0.9318552066663682,3.194489582135771,6.145833324963583,-0.5017241421360001,3.4280469180855215,1,5,B,Strong
0.9356279028257426,0.9356217825575052,2.845754086948113,5.660131250509345,-0.532357124401714,3.04154469779438,1,5,B,Strong
0.931503416912832,0.9314521347246343,2.970650694466518,5.737645557932652,-0.5280757200966524,3.1890926437090084,1,5,B,Strong
0.93507098802197,0.9350694188027043,2.882953412262599,5.759411740544537,-0.54467139006411,3.083138552251674,1,5,B,Strong
0.9301243592144838,0.930112948453726,3.1930710648563765,5.972366255252007,-0.5130093178359285,3.4329506944136106,1,5,B,Strong
0.9372423378654298,0.937238281826569,3.017148744841963,5.566120577683372,-0.5658145510415302,3.219176751781745,1,5,B,Strong
0.9285608543941587,0.9285586456363585,3.1430545156325316,5.979575719768222,-0.509885241034278,3.3848664853346886,1,5,B,Strong
0.9349230468415265,0.9349222002751928,2.919796435388615,5.623879831492255,-0.5218988633367165,3.1230339708199892,1,5,B,Strong
0.9414468628969463,0.9414308241624856,3.1295916055988173,6.020481643269603,-0.5025614989285976,3.3242360550957533,1,5,B,Strong
0.9378890101201911,0.9378890096201409,3.04923336009651,5.929960897264253,-0.5645763225149856,3.251166531640827,1,5,B,Strong
0.9299598785182568,0.9299598178378932,2.826045747835943,5.481369981952135,-0.5521736826880157,3.0388899705423826,1,5,B,Strong
0.9392536035819982,0.9392227141837839,3.240723821676277,6.108682608374162,-0.5148802018899765,3.450318220039022,1,5,B,Strong
0.9381308581621427,0.9381297494556002,3.1520259869799228,6.074632035196699,-0.5012777831084678,3.359900124333336,1,5,B,Strong
0.9316639143560752,0.9316601967109938,2.878479227938173,5.53928216028978,-0.5282236926202826,3.0896111608311565,1,5,B,Strong
0.9390769919599479,0.9390559496556331,3.713186007595013,6.47543702571898,-0.5395413201767427,3.9540804847589985,1,5,B,Strong
0.9285400803856351,0.9284528782840271,2.9525724845793406,5.868516598819914,-0.5580125025225806,3.1798007936858235,1,5,B,Strong
0.9275398528158469,0.9275382648292103,3.0193669425227907,5.970399032460591,-0.5148364301141402,3.2552422770369667,1,5,B,Strong
0.9324515178205005,0.9324302865577397,3.4315590520074073,6.328710730267874,-0.485928943734383,3.6801474247457784,1,5,B,Strong
0.929205441306939,0.9292053078240916,3.2034430895662243,6.3105111184925775,-0.49145434254531306,3.447507889170926,1,5,B,Strong
0.9326289808591304,0.932613849764492,3.2167679879762545,6.021686358581299,-0.509568337499688,3.4491400696266092,1,5,B,Strong
0.9332411481698929,0.9332373065495035,2.9929805586113156,5.920542409035218,-0.5341408060395563,3.2070816470969143,1,5,B,Strong
0.937962253894753,0.9379192817711808,3.2322604777912316,6.264139146996703,-0.4951653665489242,3.4460453652263046,1,5,B,Strong
0.936422535921524,0.9364126744017879,3.0479449497639624,5.975656971590956,-0.512788376589945,3.254882099526268,1,5,B,Strong
0.9310584589930758,0.9310130681330197,3.1302358637547107,5.904311678020141,-0.5245398795748644,3.362018607445991,1,5,B,Strong
0.9302305944383044,0.9302300750689968,3.165837261150625,5.9790170393201905,-0.520177604899339,3.4032822399936586,1,5,B,Strong
0.9370052328150679,0.9369861785648645,3.2326849161214914,6.126071789406101,-0.5153421766628488,3.450017996601211,1,5,B,Strong
0.9320896886643291,0.9320709097038747,2.928092504844943,5.840985736540475,-0.543542597071891,3.1414278480441693,1,5,B,Strong
0.9332792480430124,0.9332415053415014,2.8393719866524556,5.455095743887933,-0.5579259552494182,3.0423605717220408,1,5,B,Strong
0.9407843161153492,0.9407700067665059,3.205491812179802,6.066677698149361,-0.5194735049558368,3.407254731260611,1,5,B,Strong
0.9406650880264278,0.9406512864994226,3.1778413799209675,5.835113502630083,-0.5439419527563008,3.3782920407817736,1,5,B,Strong
0.9351039643146615,0.9351036698618794,2.973395991695857,5.769939581331785,-0.5001223475093819,3.179749102951415,1,5,B,Strong
0.9319216821946346,0.9318997942595925,2.9850035394615677,5.693370990185681,-0.4857089920616984,3.2030626569735086,1,5,B,Strong
0.9324931438803317,0.9324775474988825,3.164566060963576,6.036466219742103,-0.5097530304348217,3.393661478083414,1,5,B,Strong
0.9324123835082395,0.9323781365055445,3.1761081108877223,6.0647394791791145,-0.5278167675204126,3.4063341146730446,1,5,B,Strong
0.9301916683536073,0.9301903491185418,3.013226089230853,5.880738994452166,-0.5251111456297783,3.239360436934586,1,5,B,Strong
0.9327812707273369,0.9327465041142026,3.0021545414168656,5.6574990894723864,-0.5213834190049105,3.2184978790107284,1,5,B,Strong
0.9298610795524177,0.9298597386270491,2.941366602023162,5.764700934924615,-0.5248277135079769,3.1632323007206287,1,5,B,Strong
0.933298571661434,0.9332968296076367,3.12600527605746,5.902790688248539,-0.5264767997730391,3.3494161150301838,1,5,B,Strong
0.9276284630003433,0.9276230243024147,3.2912999463023533,6.360062350222753,-0.47047437032563666,3.5480799453446,1,5,B,Strong
0.9326767947928657,0.9326605334409844,3.44640450194288,6.52780248416513,-0.4968661356121098,3.6951755647660103,1,5,B,Strong
0.9358445915047386,0.9358408185392417,2.9755142011848985,5.714810189887325,-0.5451881831627423,3.179496070389837,1,5,B,Strong
0.9350538380763003,0.93505309069956,3.073017426483408,6.08997314321169,-0.5405192707711213,3.286460416873504,1,5,B,Strong
0.9281151573412673,0.9281104535432305,3.2204140557321974,6.0111068288902665,-0.5267269737290916,3.469843187301868,1,5,B,Strong
0.9302849548350487,0.9302757455696438,3.2590166842257036,6.181438431958384,-0.482296574760698,3.5032456101620695,1,5,B,Strong
0.9294306667530609,0.9294304036212909,3.012265743776468,5.966860727068085,-0.5238040941052677,3.240979506626063,1,5,B,Strong
0.9362346735225312,0.9362242622711646,2.9468101422025343,5.680777346836145,-0.5168469889516287,3.147512291032038,1,5,B,Strong
0.9266617703443369,0.9266292025875894,3.2163131351430483,6.041405615548086,-0.5615963922023228,3.4708598520773153,1,5,B,Strong
0.9333610939666948,0.9333447221030478,2.926688783401417,5.641247676152242,-0.5544105495936718,3.1356447170550807,1,5,B,Strong
0.9260576635460999,0.9260400355271754,2.7316566631468007,5.457763590450776,-0.5121932026550873,2.9497695129335937,1,5,B,Strong
0.9348465283678219,0.9348451869119018,2.8808551318486675,5.592696114089385,-0.5265575167087388,3.0816343051286115,1,5,B,Strong
0.9330029850822278,0.9329635290936311,2.8497524607715103,5.663617272214194,-0.5274223835751259,3.0543872917194954,1,5,B,Strong
0.9248392313057582,0.9248366913410169,2.9075593445473413,5.660928134697385,-0.5058801762428558,3.143853813859333,1,5,B,Strong
0.9353548598087346,0.9353548200629024,2.8208351381424706,5.629566020345775,-0.5320373023758913,3.0157913957054623,1,5,B,Strong
0.9371865542097402,0.9371846352444241,2.892940845737586,5.706655087501019,-0.5144366577414323,3.0868356281284766,1,5,B,Strong
0.9331154860825213,0.9331123778901553,3.042565916897334,6.057233616139967,-0.5176615313775184,3.2606531155868743,1,5,B,Strong
0.9267350559533263,0.9267344241859372,3.0726923420280983,6.084404862188089,-0.5534842645840965,3.3156103487066644,1,5,B,Strong
0.9351812818473757,0.9351812391663054,3.2861614178626626,5.915014972091766,-0.5262716640845784,3.513929846169626,1,5,B,Strong
0.9282938604538963,0.9282862911606355,3.0480044751488187,5.851994500066179,-0.5175785098916705,3.2834478444772586,1,5,B,Strong
0.9256728604449428,0.9256727022558945,3.160303538549932,6.095525327630458,-0.5433318631876465,3.4140609210805537,1,5,B,Strong
0.9313056965210713,0.9312997602489614,3.081947743543041,6.114110403916181,-0.4424627316816747,3.309276164696272,1,5,B,Strong
0.9268217180641102,0.9268164945653372,3.3158933590465,6.064115722340301,-0.5088337500255404,3.5777035587518817,1,5,B,Strong
0.9308797648849828,0.9308784491057962,3.0968985951187937,6.155587186830033,-0.5369045284028662,3.3268513420757824,1,5,B,Strong
0.9330152030662687,0.9330056343473508,3.097610489081868,6.064782692430352,-0.5165104491950405,3.320000015971718,1,5,B,Strong
0.9274805903788624,0.9274738297110228,2.928400896159123,5.668030163870947,-0.5534913500843999,3.1573716221521284,1,5,B,Strong
0.9248563911080458,0.9248563639073885,2.776700673996384,5.474686157523333,-0.4900603933607188,3.002304682859674,1,5,B,Strong
0.9355232776667987,0.9354405792715342,3.0747499001905303,6.047574238450405,-0.541227991519051,3.2866631687230456,1,5,B,Strong
0.9340862019586322,0.934074872855162,3.135495419105843,6.165887556131462,-0.48657555662758245,3.356751670810682,1,5,B,Strong
0.9332032939817573,0.933193055937014,2.9211124847194867,5.702636498157895,-0.49586464067483504,3.130199500535186,1,5,B,Strong
0.9294497936093592,0.9294404883338895,3.028587104194412,6.03502911901907,-0.5027886418873408,3.2584730504198753,1,5,B,Strong
0.9326561212239391,0.9326372971985176,2.9533888065542984,5.766304023115226,-0.5335650891711379,3.1666428165168963,1,5,B,Strong
0.9278510881905803,0.9278499738901189,3.2286639160396398,6.410465183848574,-0.5189931010307172,3.4797220773172963,1,5,B,Strong
0.9309365945895286,0.9309103990501766,3.845854945670415,6.774576320703813,-0.4701651751754099,4.131167437204615,1,5,B,Strong
0.9305390883210721,0.9305259539055384,2.842315292441844,5.672181762167861,-0.5370781653391554,3.054482426493335,1,5,B,Strong
0.938291263602664,0.938222312203379,3.0642199345758483,5.947669182485946,-0.5149518486500431,3.265744927444455,1,5,B,Strong
0.93716754191901,0.9371634593902098,2.9054518402418195,5.738534862707545,-0.5244506794306734,3.100248045608166,1,5,B,Strong
0.929934221309046,0.9299098697664823,3.3053317874478227,6.121803961979037,-0.5046219634963447,3.554371601461216,1,5,B,Strong
0.9271955657351449,0.9271916445245204,3.381218822125158,6.137003959656243,-0.5328141442952798,3.6467159109462446,1,5,B,Strong
0.9327513387148664,0.9327508901542654,2.8947081688936884,5.739375411840957,-0.5157120511166027,3.103408216901605,1,5,B,Strong
0.9389500461935975,0.9389090314623966,3.20546788416201,6.116296389515159,-0.5265126824009703,3.4138854320915497,1,5,B,Strong
0.9357748417142556,0.9357574828433369,3.2544874246208404,6.0871464101393284,-0.5136467468620189,3.4778530898083466,1,5,B,Strong
0.931099028497493,0.9310963911245587,3.0167420419800273,5.919726478094869,-0.5612698907114071,3.239979797689317,1,5,B,Strong
0.9346469093977144,0.9346464257941973,2.9021334778352283,5.7048738673941095,-0.5288561913936594,3.1050586576115253,1,5,B,Strong
0.9320356872962142,0.9320281290996003,3.526840165572512,6.462377365654488,-0.5018359026213441,3.7840183735922035,1,5,B,Strong
0.938699769984975,0.9386924669805038,2.812668701450691,5.578271193837621,-0.5293402110856817,2.9963453613030193,1,5,B,Strong
0.9291304199163406,0.9291280828976249,3.404818586838549,6.3195781376636395,-0.5174794936042648,3.6645217009955617,1,5,B,Strong
0.937109919043737,0.9371085715932412,3.1240669880697,6.019932970928533,-0.49335454395895084,3.3337252381850977,1,5,B,Strong
0.9310493051299213,0.9310299745316148,3.3582674509378396,6.009277628771444,-0.47981084511801697,3.6069705787162554,1,5,B,Strong
0.936998160180736,0.9369944266542573,3.4521863336033918,6.706830484230279,-0.5037903064444804,3.684304281811509,1,5,B,Strong
0.93260381662717,0.9326032326742641,3.0287754581176745,6.038037743560434,-0.5261599263235857,3.2476550107541517,1,5,B,Strong
0.9212512101316955,0.9212448144987243,3.0911279719125115,5.867944973771058,-0.5377830850232939,3.3553583842463834,1,5,B,Strong
0.9292132100209373,0.9292073274038282,2.961345784366972,5.8990375178907914,-0.5152791092504567,3.1869389634487075,1,5,B,Strong
0.9275582955071021,0.9275532602275136,3.038172012789471,5.853691458188118,-0.5051081446111576,3.275451287003458,1,5,B,Strong
0.9348691281959605,0.9348639841818436,3.195490375215969,6.347508082064284,-0.49948146718824127,3.418115197987534,1,5,B,Strong
0.9350374468750319,0.9350341819449308,2.9602341080070107,5.774733750640836,-0.5393289791847362,3.16589898928684,1,5,B,Strong
0.9245204460390986,0.9245124958276688,2.790724825253873,5.481048599256482,-0.5579698802536597,3.0185647458745892,1,5,B,Strong
0.852060573466688,0.8520558821591178,2.499695737900825,4.82823489100895,-0.7601205945225695,2.933706611644498,1,10,B,Strong
0.8551283444022049,0.8551246725749324,2.584765941230038,4.939800151049458,-0.7530739560341426,3.0226643265309745,1,10,B,Strong
0.8522308187960177,0.8522162210348689,2.6316278214601345,5.126925566991395,-0.7439798937566016,3.0879284853579287,1,10,B,Strong
0.8534929968316656,0.8534927498933899,2.457697223453395,4.821083416778079,-0.7382950481035224,2.8795751489196184,1,10,B,Strong
0.8515033263838657,0.8515029890768983,2.518393623030456,4.773800668420505,-0.7527239935403789,2.9575851849287322,1,10,B,Strong
0.8545890404880511,0.854588881545658,2.542201741428963,4.899685705257192,-0.7272569019156476,2.974765204076483,1,10,B,Strong
0.8566260291235048,0.8566249418310568,2.6787827987081365,5.039235759309287,-0.7487290315353601,3.1271321529291525,1,10,B,Strong
0.8535108122213646,0.8535035460334679,2.4019872344290145,4.748791276462994,-0.7583463781692941,2.814243475343392,1,10,B,Strong
0.8503100242782243,0.8503073962421652,2.412320470657616,4.801668752074956,-0.7221868751871061,2.836989335395976,1,10,B,Strong
0.8507389690535361,0.8507346849202223,2.6046936706048407,4.986913251432458,-0.7536753981009388,3.061683742432316,1,10,B,Strong
0.8526484492422193,0.852646149682181,2.366848373970691,4.638694599898601,-0.741248346713899,2.775878354173045,1,10,B,Strong
0.8544545530652861,0.8544510227430219,2.601981426759598,5.00375926251837,-0.7581364032688489,3.0451958122584775,1,10,B,Strong
0.8517348171363395,0.8517317124344519,2.349587340069604,4.570554473003245,-0.771367878262077,2.7585902240902516,1,10,B,Strong
0.8545098930022486,0.854497070637561,2.4601964316641745,4.909196880723605,-0.7602517569258205,2.879073082489989,1,10,B,Strong
0.8558652896255723,0.8558591775610096,2.621724222013899,5.165231150197835,-0.763677616763796,3.0632440102353757,1,10,B,Strong
0.8527153031331393,0.8527097331716528,2.5627230941320613,4.992241751509912,-0.7639244964555045,3.0053677759925566,1,10,B,Strong
0.8491319960824727,0.8491288923890424,2.4265668954831763,4.764557454214395,-0.7330514034005771,2.8577028149667014,1,10,B,Strong
0.8532555602442082,0.8532519737840099,2.4879783927369714,4.7961181543736915,-0.7566010515755135,2.9158654319520556,1,10,B,Strong
0.8534346894151488,0.8534312118927375,2.4461127863857564,4.745856932385237,-0.7329301102909653,2.8661979841270053,1,10,B,Strong
0.8520903759451619,0.8520896720676233,2.707296071664853,4.972587816854109,-0.7633706755457377,3.1772405229455227,1,10,B,Strong
0.8549363945086025,0.8549348797059224,2.3851256991925736,4.757031398916647,-0.7606447107845069,2.7898282427940013,1,10,B,Strong
0.8548816031090052,0.8548618986131398,2.479576686312331,4.893485732125419,-0.7504618631554565,2.9004913397301904,1,10,B,Strong
0.8558996585006465,0.8558823975834574,2.3156880516260774,4.629364059524528,-0.7505183679126732,2.7055602004593253,1,10,B,Strong
0.8534375633012652,0.8534335138703835,2.4547533163768334,4.811482396622756,-0.7607651958051509,2.8763127168686626,1,10,B,Strong
0.8480023718736317,0.8479989159082217,2.446154282454825,4.787918004774091,-0.7411469785892417,2.884607830813176,1,10,B,Strong
0.8528194398761779,0.8528169184949048,2.54471540069319,4.922242006131333,-0.7635186288871898,2.983885312303224,1,10,B,Strong
0.8491703589629563,0.8491657911389421,2.495962078705706,4.900674900429423,-0.7467242741589972,2.9392948686455367,1,10,B,Strong
0.8489287572915523,0.8489270017361552,2.657265580065836,5.095724714430146,-0.7428916706368671,3.1301396698394996,1,10,B,Strong
0.8530163630724018,0.8530155460855392,2.388951854728891,4.711548430576576,-0.7419953566676285,2.800593233785508,1,10,B,Strong
0.8521161013412211,0.8521157484861746,2.5470109546518698,4.973243385780847,-0.7408809534670988,2.9890421629668813,1,10,B,Strong
0.8523530260314314,0.8523530250883413,2.486656948852971,4.824953719568937,-0.7465169263565783,2.9174026171185,1,10,B,Strong
0.8513506940948433,0.851342841570426,2.436312077808181,4.837380907584661,-0.745626331398507,2.8617021101961626,1,10,B,Strong
0.8526680663998494,0.852668065826446,2.6525492260861916,4.989532180082101,-0.741364135240902,3.1108813975945333,1,10,B,Strong
0.8526454242970524,0.8526383867370718,2.3424191398292074,4.673780343157365,-0.7585010371066483,2.7472370965461654,1,10,B,Strong
0.8518518838636404,0.8518464082741903,2.52349359882216,5.020604577270923,-0.7476511810141768,2.9623619394684657,1,10,B,Strong
0.8480777569922766,0.8480774195141564,2.304376007650509,4.558601901954329,-0.7582401096848801,2.717175387104858,1,10,B,Strong
0.851881143352466,0.8518749463582358,2.3644647751203887,4.641497220152294,-0.7535056214045,2.77558060014728,1,10,B,Strong
0.8502841819595135,0.8502800436366716,2.4946099994773876,4.966637236191105,-0.7302582599895615,2.9338544129192905,1,10,B,Strong
0.8536121612324319,0.8536120973669787,2.4815142181107324,4.893329556951237,-0.7329320680471723,2.907074583529786,1,10,B,Strong
0.847376539643787,0.8473762484753503,2.4736881219885456,4.762262033683768,-0.7514731359787978,2.9192313053986765,1,10,B,Strong
0.8577946042329377,0.8577918519665528,2.5762674224408224,5.090786472246615,-0.7453871576122029,3.0033616552584728,1,10,B,Strong
0.8456693704777778,0.8456594112988575,2.3932051590276826,4.610442779377828,-0.7658796272293231,2.829953694167253,1,10,B,Strong
0.8539520238534553,0.8539503876032067,2.4993729455867615,4.8831251401443785,-0.7581768256462307,2.926830636583482,1,10,B,Strong
0.8542790081795906,0.8542788193295049,2.5402792807857626,4.844167346780262,-0.7644611207081926,2.9735944070531732,1,10,B,Strong
0.8521196544796277,0.8521164526579212,2.432093304966206,4.789402855311958,-0.755805695779018,2.8541687686472113,1,10,B,Strong
0.8582118907777584,0.8582117148968996,2.4157681672094617,4.824568749796915,-0.7437444079337117,2.8148854533117236,1,10,B,Strong
0.8449021949477227,0.8448954560849985,2.5030782674948635,4.980232912766121,-0.7617382036504674,2.962565705785317,1,10,B,Strong
0.8574555765819893,0.8574514300161706,2.675331705379799,5.103711481408168,-0.7350256397414614,3.120081994269922,1,10,B,Strong
0.8475229720166262,0.8475128791314064,2.524405323804161,4.791692081614943,-0.7383733521087956,2.9785686136595233,1,10,B,Strong
0.8536112772952549,0.8536004025577614,2.43739284171952,4.728621881123595,-0.7500068050075925,2.8553896914795,1,10,B,Strong
0.8558325315865247,0.8557943531726376,2.490337623703301,4.936541105683342,-0.7469094025145062,2.9098422083661206,1,10,B,Strong
0.8483264026509205,0.8483263728631226,2.5150041324886825,5.0119699237203985,-0.7586347898577714,2.9646656341587265,1,10,B,Strong
0.853993812906319,0.8539852477801352,2.540765412219744,4.948151795010009,-0.7405925324932232,2.975156697649822,1,10,B,Strong
0.8485191469448014,0.8485129056412681,2.4494647588004055,4.8032321259098225,-0.7276604563751805,2.886752488285041,1,10,B,Strong
0.8522412129889859,0.8522407947878201,2.4277339151007813,4.800240598816865,-0.7652866634143942,2.8486464607669197,1,10,B,Strong
0.8579058281097293,0.857902711785198,2.4494100337758176,4.74340867665865,-0.7535594902457121,2.8551036180424796,1,10,B,Strong
0.8534227284469762,0.853411797958363,2.613433382992458,5.034115909988481,-0.7490002035059669,3.062296439829154,1,10,B,Strong
0.8523781401404177,0.8523615794003083,2.373304572869754,4.684043798069247,-0.7376920019584174,2.7843329868581383,1,10,B,Strong
0.8548761926060535,0.8548761880728761,2.435394633283051,4.8421181327176335,-0.7302295837074362,2.848827297270795,1,10,B,Strong
0.8546423116181566,0.8546407010958424,2.407362802183971,4.735351584115481,-0.7438589983969104,2.8168074169250237,1,10,B,Strong
0.8515450150246505,0.8515411359916878,2.28540870669375,4.556273104651025,-0.7368921599910068,2.683837808183977,1,10,B,Strong
0.8492553481732538,0.8492318275348296,2.6071725785307445,4.977645175287474,-0.7352319366243685,3.0699513216357914,1,10,B,Strong
0.8530684972472193,0.8530674487919524,2.4726481763025587,4.877230543568305,-0.7533064789061026,2.8985341555591226,1,10,B,Strong
0.8492233769105777,0.849221830967334,2.382697313809694,4.739112627736409,-0.7503491088482424,2.805736839790963,1,10,B,Strong
0.8516462982089117,0.8516461401439763,2.5051960323215345,4.956342729517045,-0.7330468578736848,2.941592111173601,1,10,B,Strong
0.8512252152882319,0.8512229988552661,2.458073370767248,4.816990084567829,-0.728691329182181,2.887688624138001,1,10,B,Strong
0.8522900916477008,0.8522887880392499,2.4893225765449185,4.831656793606337,-0.7494312216972316,2.9207456486234675,1,10,B,Strong
0.8572704162868475,0.8572694619885841,2.6539215656311965,5.073076256956229,-0.7211316553701965,3.0957811155158064,1,10,B,Strong
0.8478660696681041,0.8478561806743553,2.523092141200086,4.886439130984096,-0.7207721236593758,2.9758144964896953,1,10,B,Strong
0.8505514057193672,0.8505510714581632,2.74538473390778,5.377168428846211,-0.7184496495140347,3.2277704974055363,1,10,B,Strong
0.8498238258701536,0.8498238172651392,2.4390537944185904,4.684727943693948,-0.7389572473712116,2.870069913515532,1,10,B,Strong
0.8509888030999426,0.8509851833830404,2.5090516742547737,4.905999234302311,-0.7562675038985738,2.9483956370693907,1,10,B,Strong
0.8525338799407769,0.8525322464337829,2.4149180355177204,4.77314727593901,-0.7416369028374312,2.8326358545251926,1,10,B,Strong
0.8579962192766809,0.8579927727072892,2.3863110877068827,4.771980460999196,-0.7427883406379805,2.781260609421591,1,10,B,Strong
0.8537151540590883,0.8537143164742089,2.5511697872499077,4.847715744774954,-0.7600280423764247,2.988314984359916,1,10,B,Strong
0.8500651771051637,0.8500651646960523,2.3639036349597493,4.71254497505212,-0.7543384362074881,2.7808498673123565,1,10,B,Strong
0.8490922900236757,0.8490912243058001,2.391675318520301,4.654229601817896,-0.7780935845030328,2.816743652746644,1,10,B,Strong
0.848786385598302,0.8487625128066977,2.4397630267338495,4.825442975645656,-0.7361117038222615,2.8744134780320283,1,10,B,Strong
0.8540049951919677,0.8540048011697216,2.354985606079226,4.590583642914601,-0.767239305950564,2.7575782569630753,1,10,B,Strong
0.8494427066855076,0.8494406345906594,2.5629117951012486,5.037877936065997,-0.7391465287539556,3.017168521113838,1,10,B,Strong
0.8519463910141679,0.8519193412094416,2.431530567092328,4.841357526038922,-0.7372307963023568,2.8540886994049037,1,10,B,Strong
0.8534915341747922,0.8534882238010587,2.510714449751405,4.939978025102105,-0.7408301820926715,2.941698129646848,1,10,B,Strong
0.8504562275364267,0.8504555956305716,2.4887348828094753,4.878011621086333,-0.7400336053785046,2.926352706027869,1,10,B,Strong
0.850971101038787,0.8509702154368938,2.60059972114027,4.98461975513223,-0.7301149161788412,3.0560376468315997,1,10,B,Strong
0.8550717089331672,0.855065882668456,2.561142095872098,4.95480677387815,-0.7357114161004232,2.99523662064263,1,10,B,Strong
0.8544002396666488,0.8543993962321011,2.635504996846434,5.148483532765526,-0.750511785819473,3.084625769621387,1,10,B,Strong
0.8522153218057777,0.8522131872287912,2.6330499491181767,5.218984376342545,-0.7616928111661228,3.0896533795460863,1,10,B,Strong
0.8506806652181372,0.8506655352708737,2.5047019842232974,4.967177013121265,-0.7519305466796697,2.944350432110767,1,10,B,Strong
0.8500220898671343,0.8500174477735832,2.261787301185558,4.516221501529758,-0.7646954330212963,2.6608570861247784,1,10,B,Strong
0.8504106554707728,0.8504094509356576,2.5948803965498146,5.135380639942981,-0.7290758131896276,3.051326297309073,1,10,B,Strong
0.8526113377267318,0.8526109498142546,2.3736323180378207,4.676687117132342,-0.750975637594856,2.78395584600892,1,10,B,Strong
0.8500230668928521,0.8500220436155511,2.4807222371703594,4.914684352550021,-0.7753257762815005,2.9184175509946035,1,10,B,Strong
0.8474133421091868,0.8474025167477512,2.403768413822241,4.761799375935856,-0.741489882158644,2.8365949582990186,1,10,B,Strong
0.8523017717393006,0.8522753371365189,2.5205503184291094,4.96019002149438,-0.7712764123077891,2.957344924070025,1,10,B,Strong
0.8507683276808475,0.85076831297649,2.6095598840996796,5.073143277987757,-0.7364967501510722,3.067297875572321,1,10,B,Strong
0.8570681130698952,0.8570570024449555,2.676981093999825,5.037942176232334,-0.7559846345357033,3.123416976057203,1,10,B,Strong
0.8508905622481431,0.850890515596524,2.5516752026751437,4.988275820011556,-0.7527795741086583,2.998828892793625,1,10,B,Strong
0.8535490287809904,0.8535440018069491,2.4937693126250084,4.866159910603256,-0.7331797805225744,2.92164741395878,1,10,B,Strong
0.8505440539704654,0.8505436752873289,2.604072214629367,5.0115233376229025,-0.7281801813665445,3.061654716734745,1,10,B,Strong
0.8486236709839876,0.8486236708469881,2.618003810336815,5.184567957865955,-0.7286444540406607,3.084999747062456,1,10,B,Strong
0.8187647478801383,0.818762548862573,2.066581787274832,4.118678324523068,-0.882966237817929,2.524023894073864,1,20,B,Strong
0.8174251597810013,0.8174224630258811,2.0943689390453515,4.158852269015613,-0.8868258918194525,2.5621537506949994,1,20,B,Strong
0.8155888256372765,0.8155843248492046,2.0715204531824836,4.132536951043129,-0.8929451757280531,2.5399078408950246,1,20,B,Strong
0.8170341663284663,0.8170331273589354,2.079162653547448,4.101671404975454,-0.8773201504729808,2.5447683086383655,1,20,B,Strong
0.8164334250332055,0.816428987092343,2.119664137896254,4.173752041230143,-0.8881297556479297,2.596248601421536,1,20,B,Strong
0.817728002811413,0.8177274288408006,2.1371846949700717,4.2279074734440165,-0.8799886382604445,2.613564275189627,1,20,B,Strong
0.8182363623030182,0.8182357709437154,2.1457522035000047,4.2195667197433675,-0.8868614386843423,2.622411203360046,1,20,B,Strong
0.8169184642268243,0.8169118733632242,2.1238706002092593,4.163853833334589,-0.8935841067551107,2.599856280907306,1,20,B,Strong
0.8178586700100993,0.8178570734280499,2.1181688441113207,4.1954148549124035,-0.879658045168481,2.5898959340801078,1,20,B,Strong
0.8164286155084274,0.8164269547733192,2.068389192884404,4.120832949949979,-0.8910884109180439,2.533459941989323,1,20,B,Strong
0.8166041666510111,0.8166018127424823,2.0647277406808016,4.101493112881198,-0.8806433002759855,2.5284315522764116,1,20,B,Strong
0.8174667813731562,0.8174616506836997,2.0799075150786455,4.148717950026129,-0.8837018745757765,2.54433276369332,1,20,B,Strong
0.8175069401120039,0.8175062757927772,2.092001914778955,4.140551721241462,-0.8928384404363192,2.559002024487201,1,20,B,Strong
0.8176431366521186,0.8176391367159772,2.1071918278877715,4.178183084446048,-0.8877421085968282,2.5771534468151662,1,20,B,Strong
0.8171403704816905,0.8171388299935152,2.041532303927604,4.0739674067783795,-0.8954733654456195,2.49838629649904,1,20,B,Strong
0.8162978209643649,0.816296714109433,2.1042184954999676,4.180768286226693,-0.8910943047335298,2.577758314991051,1,20,B,Strong
0.8161860384350937,0.8161840633187702,2.123111112507925,4.1473326066339204,-0.8842052156290086,2.6012587970490784,1,20,B,Strong
0.8171765282203158,0.8171764760544639,2.073487316334034,4.069492125892749,-0.8957781448941549,2.537379923099075,1,20,B,Strong
0.8171690041305002,0.8171688474428842,2.1115015956759686,4.214188351523022,-0.8873766490289352,2.583922768733365,1,20,B,Strong
0.8174346861790993,0.8174338533886367,2.1188492638485767,4.22960498899929,-0.8756733098470071,2.5920716354142312,1,20,B,Strong
0.8185928508990339,0.8185914896901533,2.103898292589593,4.1326234820876895,-0.88223010969952,2.570140076692522,1,20,B,Strong
0.817664637402752,0.8176643176939707,2.1796328855598444,4.2380920004515374,-0.8895593660028158,2.665680752054141,1,20,B,Strong
0.8174207801243899,0.8174145739294666,2.0671869172970814,4.1251792144390675,-0.8873367542621677,2.528914076520675,1,20,B,Strong
0.8174647757994357,0.817463987283984,2.078736294951293,4.105201558314322,-0.8808927678157676,2.542906259072023,1,20,B,Strong
0.8172696497275752,0.8172674685483156,2.1434344816436597,4.207081798723429,-0.8871213682442853,2.622677206180533,1,20,B,Strong
0.8166277152616989,0.8166276692555647,2.0585543183458195,4.0965749885834315,-0.88988122764203,2.5207989881731225,1,20,B,Strong
0.8181883092507672,0.8181879224375983,2.0495755520516883,4.060095915983368,-0.8867993023952132,2.5050169122173465,1,20,B,Strong
0.8164667942382215,0.8164636111946678,2.246921624440599,4.2966903743310745,-0.8884155113305505,2.7520061321501976,1,20,B,Strong
0.8174514928842334,0.8174514490859243,2.0444073926896835,4.080507305158868,-0.8859664120206059,2.50095254640291,1,20,B,Strong
0.8174807568855454,0.8174799701854745,2.1696346513811173,4.1977313482030345,-0.8795425618786945,2.6540498147589857,1,20,B,Strong
0.8164540735300029,0.8164499860861002,2.1366455900297843,4.222209982898049,-0.8848794603238339,2.6169819703291215,1,20,B,Strong
0.8167953872574383,0.8167936516791331,2.0285826350897365,4.050771992395786,-0.882376518315326,2.4835872811440916,1,20,B,Strong
0.8177187763348024,0.817716901957914,2.15169462890563,4.212103002829043,-0.885127619772812,2.631338170501605,1,20,B,Strong
0.8170592581761662,0.8170581347042797,2.2368367719677074,4.282711345454997,-0.8922812037393504,2.7376677390092343,1,20,B,Strong
0.8162058709156434,0.8162052332433352,2.0814969263641774,4.093057875345776,-0.8872487257744859,2.550210676663099,1,20,B,Strong
0.816703941152454,0.816698307978408,2.219451583938961,4.247599549779423,-0.8772181003214907,2.717571781038652,1,20,B,Strong
0.8163511365100274,0.8163482858296265,2.0871255971107483,4.170155220981044,-0.8875885426143082,2.55665179328762,1,20,B,Strong
0.8167109182778904,0.8167087167606827,2.0185613374961258,4.031227895778356,-0.8924441689443947,2.471573836373397,1,20,B,Strong
0.8168659858406819,0.8168651431834166,2.095616397447345,4.190466408804511,-0.8828587953482003,2.565434763807224,1,20,B,Strong
0.8168780810235879,0.8168758420242825,2.0960429078592733,4.121161327829754,-0.8854198253129093,2.5659189009366363,1,20,B,Strong
0.8169672998987734,0.8169626003192484,2.06850031574112,4.126864975637703,-0.8899387449446485,2.53192547118767,1,20,B,Strong
0.8174517080170535,0.8174503117481332,2.1480701078963946,4.20604405970227,-0.8895888004399204,2.6277639239473976,1,20,B,Strong
0.8165787986513164,0.8165764136906752,2.0595708132712702,4.043239695276105,-0.8887776321184706,2.5221948165601566,1,20,B,Strong
0.8177861124866924,0.8177854271075021,2.0812433395399044,4.138922687960018,-0.8811341524736305,2.5449727107878366,1,20,B,Strong
0.8156445042503369,0.8156424584477742,2.0990271082494383,4.135213843928788,-0.8808964803009522,2.573458286436522,1,20,B,Strong
0.8175705665456119,0.817569590999104,2.0589801247544144,4.10447157431561,-0.8814558960733923,2.5184127328042023,1,20,B,Strong
0.8175331840032541,0.8175314125005744,2.103558894971807,4.193414718029138,-0.8836862277210646,2.5730562821575127,1,20,B,Strong
0.8168782241955586,0.8168734417556365,2.105592341127078,4.17692797321662,-0.8878755665133014,2.5776086064732757,1,20,B,Strong
0.8185205852576063,0.81851596042132,2.0764739299809647,4.118340790153134,-0.891847218252992,2.536862196724659,1,20,B,Strong
0.8177693011770039,0.8177670412689128,2.064620435925393,4.0878143810958765,-0.8893168415953387,2.5246978982383097,1,20,B,Strong
0.8167196002894017,0.8167175327978283,2.154268152099219,4.294748129406891,-0.8897715835081623,2.6377084024135846,1,20,B,Strong
0.817400544819683,0.8173969300514419,2.132019902720395,4.195515501166415,-0.8892462209738516,2.6082927351005307,1,20,B,Strong
0.8166536019346867,0.8166529900011876,2.0948005137447994,4.097318530012856,-0.8885456214756973,2.5651028891345473,1,20,B,Strong
0.8165708996484763,0.8165691326486484,2.060414576057659,4.083352737435365,-0.8930694036188869,2.5232525148087475,1,20,B,Strong
0.8153835412059139,0.8153790444558826,2.0999559915283457,4.161933896358272,-0.8869999363859202,2.575421118290675,1,20,B,Strong
0.8155822884469213,0.8155821752722775,2.1289248212563545,4.187436868870105,-0.8840284063002337,2.6103127194073523,1,20,B,Strong
0.8174497623535664,0.8174482197388903,2.0784024312683873,4.118180404511074,-0.8887603909123043,2.542544541556095,1,20,B,Strong
0.8181745188737943,0.8181735591008087,2.126664232888941,4.217359271229583,-0.8966120278700136,2.5992794737927847,1,20,B,Strong
0.8178948488293818,0.8178916660546482,2.0976020623647615,4.1678419741968975,-0.8830488907739458,2.564635375032586,1,20,B,Strong
0.8166371072750894,0.8166367128839479,2.038151879384635,4.053882203554059,-0.8884685215286767,2.4957865142638815,1,20,B,Strong
0.8156944935932883,0.8156927897627256,2.033518883453059,4.046414298651287,-0.8876116476326734,2.4929908187745933,1,20,B,Strong
0.8177033849369904,0.8176998318438529,2.159195134578683,4.223721013399177,-0.8874636109208702,2.6405603478638695,1,20,B,Strong
0.816153218954925,0.8161497068926769,2.1010382937314134,4.155934595172163,-0.8868921604139826,2.574318455083433,1,20,B,Strong
0.8169947709264652,0.8169918872826709,2.0917837773912296,4.159026808214712,-0.8911662468375829,2.560339247972376,1,20,B,Strong
0.8170144389355061,0.8170130894398291,2.045738927552544,4.076374740189987,-0.8885480731449347,2.5039201635382993,1,20,B,Strong
0.8167987094946559,0.8167978152231778,2.103118692678546,4.142781910742886,-0.8922042712857388,2.5748310669831023,1,20,B,Strong
0.8169161533781589,0.8169160445588531,2.18862143729146,4.223939874130528,-0.8826915723027611,2.6791261603053704,1,20,B,Strong
0.8177418593812056,0.817740174532289,2.122519841690858,4.2360154066181135,-0.8878786622042649,2.5955866357348913,1,20,B,Strong
0.8170989027636996,0.817097550120563,2.1129661604481753,4.155150603030448,-0.8862351831766637,2.58593684718144,1,20,B,Strong
0.8169065567675898,0.8169050206455605,2.0547495565511165,4.0879796941527875,-0.8821398165176295,2.515281019020751,1,20,B,Strong
0.8164841671281508,0.8164828920179228,2.179016441986056,4.25235100772287,-0.8848960461347724,2.6687797874273413,1,20,B,Strong
0.8178735099646588,0.8178730057439785,2.1084598331853206,4.215654403680813,-0.8921974746336017,2.577977899389882,1,20,B,Strong
0.817749254662206,0.8177467435995975,2.0528128651095945,4.098596849737929,-0.8847292008668708,2.5103206800935154,1,20,B,Strong
0.8168589599381993,0.8168582730880048,2.0352099768064105,4.0633446928999675,-0.8879453156459736,2.4915071960040533,1,20,B,Strong
0.8169403069740628,0.816939193445298,2.0449589030558832,4.082554378414405,-0.8922676829376659,2.503192565721707,1,20,B,Strong
0.8171468202242642,0.8171463010682825,2.1421412031423803,4.2771814212509245,-0.886000433420258,2.6214887583536997,1,20,B,Strong
0.8176409667319466,0.8176396290917975,2.1222214016515877,4.198431623171736,-0.8849472047212754,2.5955419163180595,1,20,B,Strong
0.81673376934336,0.816733281122192,2.055027742110346,4.104591855768173,-0.8792220553544259,2.5161537568876984,1,20,B,Strong
0.8174079050227794,0.8174076976003191,2.0530619037812783,4.086866370249018,-0.8855432574562734,2.511673659094432,1,20,B,Strong
0.8150856429910112,0.8150853161738617,2.1016454295353713,4.125904969460651,-0.8846974154164862,2.5784350977196007,1,20,B,Strong
0.8192443205732525,0.8192415776752727,2.0809751202258946,4.111385475284909,-0.8935572983257831,2.540115406317089,1,20,B,Strong
0.8173101386271578,0.8173059936642622,2.0825942293472424,4.102656907593316,-0.8957694203131212,2.5481076655250994,1,20,B,Strong
0.816450497356071,0.8164488336809534,2.167035838075057,4.236905427202013,-0.8849968291890171,2.6542158343863043,1,20,B,Strong
0.8173508443528198,0.8173472030228544,2.095521696004291,4.154946939187372,-0.8918471182556531,2.563797065216871,1,20,B,Strong
0.8157937404732474,0.8157920174635592,2.0762373457687007,4.146950086855375,-0.8875296449976506,2.545051822246468,1,20,B,Strong
0.8178227484447634,0.8178221623398062,2.082131577590793,4.157906229217177,-0.8877937849250173,2.5459448047273563,1,20,B,Strong
0.8171952740655503,0.8171942942678835,2.0780091030907712,4.115467871667512,-0.8867914732720656,2.5428550176907736,1,20,B,Strong
0.8164155300325348,0.8164131851218225,2.069718801555741,4.129497272190688,-0.889555186417522,2.5351291412514665,1,20,B,Strong
0.8173419331804225,0.8173385280030481,2.1895455717513346,4.256683247590187,-0.8778987387941446,2.6788611753118112,1,20,B,Strong
0.8177536784925205,0.8177506358331229,2.0929944405949956,4.166199570205968,-0.896347637070495,2.5594436266594416,1,20,B,Strong
0.8160699358427748,0.8160673420444741,2.058552212012164,4.104228112033045,-0.888603312222747,2.522519359675036,1,20,B,Strong
0.8180218140630989,0.8180204179365409,2.0999420252628043,4.170449597775427,-0.8920208272581434,2.567097831819951,1,20,B,Strong
0.8169220102125965,0.8169197162847597,2.1023052822609976,4.162427961355011,-0.8891915055932569,2.573446737851869,1,20,B,Strong
0.8175950893572439,0.8175950019886443,2.076172062641433,4.123116325686535,-0.8840958069074021,2.5393646435347663,1,20,B,Strong
0.8160866940817683,0.8160866583945426,2.049722675799001,4.081461826499468,-0.8886560897361124,2.51164819946645,1,20,B,Strong
0.8163348337253369,0.8163316927905668,2.1122839680081316,4.221039297641884,-0.8850693121540312,2.5875215423170688,1,20,B,Strong
0.8168609711273316,0.8168607195134466,2.1178285734035653,4.133352325685271,-0.8894934104551604,2.592642626175171,1,20,B,Strong
0.8165034284541054,0.8165015221422733,2.058550809390214,4.066826603789853,-0.8875882431039743,2.521178402505535,1,20,B,Strong
0.8178448203186359,0.8178434895808089,2.0970095616195406,4.188352533691157,-0.8871574590815947,2.5640677907607663,1,20,B,Strong
0.816679061600343,0.8166790248838277,2.0522401698246115,4.102612753364083,-0.8883665015016908,2.512909007123429,1,20,B,Strong
1.1244475487936691,1.1243520377546607,4.154211128105666,7.9439502490938745,-0.25695849800805126,3.6944463372812635,0,0,C,Normal
1.1185586713821605,1.1185524495561372,4.096588468721979,8.041952193007837,-0.23989406136334557,3.662381396283827,0,0,C,Normal
1.1171117667614607,1.117077023427663,3.731363839942056,7.387584838157942,-0.277224940380135,3.340188467228653,0,0,C,Normal
1.1246044206458534,1.124552830770119,3.92298192664511,7.317359807438004,-0.2560520116642011,3.4883216308114506,0,0,C,Normal
1.1209640170808437,1.1209633178936016,3.8276918397683346,7.512925398558821,-0.2407716665059172,3.414642915779055,0,0,C,Normal
1.1166556632707618,1.11658583344747,3.94759134127049,7.815345559746781,-0.320601778274173,3.5351912600413646,0,0,C,Normal
1.1292797725210755,1.1292519842005995,4.0665921756559715,7.872678879068245,-0.24462849116481022,3.601049336585082,0,0,C,Normal
1.1153393079824718,1.1153389362863657,4.570493275464653,8.730172224558856,-0.17987019478109678,4.097850082709074,0,0,C,Normal
1.1315771221660436,1.131577092542276,4.141982422616446,7.861179990835876,-0.30867337515837123,3.6603624635746805,0,0,C,Normal
1.1110445300064125,1.1110303995819448,3.802781300283547,7.591444677363814,-0.27962240219006773,3.4227082691830533,0,0,C,Normal
1.1186470307025633,1.1186470200085687,4.0410061653691995,7.983179269545515,-0.24518973276962663,3.6124050343487313,0,0,C,Normal
1.12366110913871,1.1236586573756295,4.499791865771816,7.972373855386477,-0.3125376686616539,4.004580944534888,0,0,C,Normal
1.1143535282212853,1.1141988886157344,3.8882296752718823,7.761151757292981,-0.25533367274045204,3.4892245385342093,0,0,C,Normal
1.112521798589415,1.1125131374119208,3.87392279049096,7.445322140891069,-0.2257945830368593,3.482109559923025,0,0,C,Normal
1.1232788384427288,1.123250455224846,4.5689885303438995,8.52391443805696,-0.27212522048771026,4.067546163941067,0,0,C,Normal
1.1219152943600297,1.1219056436702588,3.900043493656138,7.679096217947649,-0.26454152579229495,3.4762370325656593,0,0,C,Normal
1.1263322296415907,1.126326708600877,3.989006448388326,7.635624654798342,-0.26353955469696455,3.5415895447275485,0,0,C,Normal
1.127975283393622,1.1279330177616766,3.9118442412549794,7.631993098855168,-0.2792400234510728,3.4680230133109125,0,0,C,Normal
1.118747140012956,1.1187328353654407,3.815387852287912,7.5564790015248775,-0.2446175158882169,3.410411267950796,0,0,C,Normal
1.115400627625404,1.1153984852331222,3.9856131268265953,7.896457600456586,-0.3042364503154551,3.5732570236325194,0,0,C,Normal
1.1130836782656597,1.113069179097781,4.421574874034758,8.286722911864743,-0.2737425264122173,3.972365205214572,0,0,C,Normal
1.1239565114932388,1.1239541102975232,4.005271495241539,7.758812763302555,-0.30241668379364306,3.5635466802183586,0,0,C,Normal
1.1169831954911085,1.1169668450631534,4.600062125960858,9.07219707222119,-0.22945364003430857,4.118291254989141,0,0,C,Normal
1.123111224116071,1.1230906674284757,3.9706861825224653,7.817884797305098,-0.29357945527811236,3.5354345119714554,0,0,C,Normal
1.120584029837951,1.1205736484122162,4.040544409236423,7.89804699080554,-0.19932871451770495,3.605748700363623,0,0,C,Normal
1.1168054552409277,1.116788675657136,3.9287292586933553,7.681676539837897,-0.2461576472685998,3.5178277830365836,0,0,C,Normal
1.1168686279673574,1.1168198996496972,3.7260085224917217,7.3236738705412066,-0.23561586337706952,3.336120676317019,0,0,C,Normal
1.112989880860152,1.112921277764138,4.162302236104228,8.051763424272089,-0.2249279168845124,3.7397484987801293,0,0,C,Normal
1.1202672886997744,1.1202540841947008,3.7014509189879043,7.391290086223974,-0.27540070501967584,3.3040783715857236,0,0,C,Normal
1.1093292563800756,1.1091202742023976,4.077166911552079,7.742328043864263,-0.20251352060504146,3.6753442569941295,0,0,C,Normal
1.12119600890858,1.1211355282549471,3.8210848343366433,7.507265441917753,-0.2723064738461707,3.4080435570371415,0,0,C,Normal
1.1234699970964015,1.123441697712094,4.339973810374303,8.226487683375622,-0.2653975050410562,3.86300819923178,0,0,C,Normal
1.1271346568214407,1.1271341812612194,3.892075007583598,7.71947733386801,-0.2532056810915564,3.4530701225702582,0,0,C,Normal
1.1165628326448271,1.1165579591668717,3.8029146508460117,7.492459347492021,-0.2987044130178629,3.4059119107860356,0,0,C,Normal
1.1247312930696374,1.124711775719377,4.1636944143414905,7.803772028323367,-0.30939378362896575,3.7019459136571715,0,0,C,Normal
1.1154745213289377,1.1154509096934457,3.9204835218712657,7.732399287055616,-0.26635188400390764,3.514632962840368,0,0,C,Normal
1.1118883806490438,1.1118024697209064,3.9187592792304873,7.64259315505184,-0.178318941335724,3.5244178709224263,0,0,C,Normal
1.119018299561233,1.119017272422537,3.8977461069961787,7.467972203059047,-0.25342769035999657,3.48318352660049,0,0,C,Normal
1.1248934556220815,1.1248793523004166,4.045686367270077,7.8184871406244,-0.22267796278014762,3.5965062709274607,0,0,C,Normal
1.1326753500945397,1.1326536640231863,4.217395229328211,7.899405734248578,-0.19191634605700392,3.7233927876828985,0,0,C,Normal
1.1116031811483054,1.1115919486896397,4.348920413252738,7.857325960913203,-0.2910219847098312,3.912295760759004,0,0,C,Normal
1.1161650979236537,1.1161179361804565,4.048127083547928,7.734150462621896,-0.23281120015331425,3.626817476266241,0,0,C,Normal
1.1214495478863649,1.121402833033919,3.9942167049862114,7.847723423442783,-0.16470488432328656,3.561655281340343,0,0,C,Normal
1.1264298196560294,1.126423950182264,3.92308242068658,7.471811682282017,-0.26030981544602794,3.4827579599096077,0,0,C,Normal
1.1140453263876262,1.1140452279752986,3.9719588593343795,7.786703632259719,-0.2671432557229667,3.565347625678524,0,0,C,Normal
1.1097726755112836,1.1097420076343794,4.415270329505065,7.923475211101795,-0.2113832680865495,3.978535809120462,0,0,C,Normal
1.1260363955870816,1.126036348173581,3.960714696935185,7.581837198654307,-0.2906868018846924,3.5173949194334764,0,0,C,Normal
1.1191097451786012,1.1191092244816307,3.7699273763859975,7.362077143055938,-0.24738861067862272,3.3686842533788734,0,0,C,Normal
1.1259525128365064,1.1259167641652124,3.821466229801496,7.517934512528267,-0.319972724249336,3.3939852580233913,0,0,C,Normal
1.1147552052683283,1.1147552010948512,4.530723989614525,8.339377899430325,-0.2468785049903892,4.064321896145757,0,0,C,Normal
1.1158423331470784,1.115841967449099,4.3833210908338875,7.983852849755289,-0.28082728400510426,3.928262049774845,0,0,C,Normal
1.12997717942899,1.1299766372610547,4.330081219772327,8.023126782658416,-0.2087316182023411,3.8320076711287587,0,0,C,Normal
1.11262202792272,1.1126086667566786,4.962489675597553,9.124581992559005,-0.1451319491415095,4.460175649103934,0,0,C,Normal
1.1080624510145085,1.1080537786636635,4.003450890479158,7.924163807679015,-0.2347465745500954,3.613019182099095,0,0,C,Normal
1.1114849869441223,1.1114608682356941,3.606949640369585,7.188508896635923,-0.2772742475953147,3.245162717209888,0,0,C,Normal
1.1200419622836004,1.1200408658834367,3.713677845235166,7.306619886448248,-0.22969825811389422,3.3156595648108795,0,0,C,Normal
1.1168014872110952,1.1167973417426724,4.55840754536112,8.404116603675151,-0.23870671856809222,4.0816632119146705,0,0,C,Normal
1.1279783404281294,1.1279656718240982,3.721243022139431,7.3833754027571405,-0.32732733471497877,3.2990376576974128,0,0,C,Normal
1.1172907460643653,1.117122606241586,4.139981553055149,7.823876712778302,-0.3352017005009982,3.7053753176047977,0,0,C,Normal
1.1209965061732472,1.1209847765519505,4.184646046088478,8.093318005444086,-0.2520207522816431,3.7329697488296643,0,0,C,Normal
1.1159226823434678,1.115899814532859,4.203668265000276,7.951188639849555,-0.2503210774259945,3.7669888169783046,0,0,C,Normal
1.1213477952445488,1.1213380142253055,3.7823126323614833,7.482404690322705,-0.29583390163869305,3.3730058135412118,0,0,C,Normal
1.1180178134580951,1.1180142716017643,3.69838332237661,7.3271726527033385,-0.29831181679306296,3.3079824649101894,0,0,C,Normal
1.1272172385265293,1.1272091088145995,4.908173679028764,8.549044152937523,-0.26686025881252595,4.354239370438131,0,0,C,Normal
1.1186172784762864,1.118567990917592,3.7896096036941453,7.546814482264603,-0.2594077583190444,3.3877624426257076,0,0,C,Normal
1.113542505002154,1.1135380166125028,3.7181950856099286,7.367639491338936,-0.31401578065935265,3.3390688446174193,0,0,C,Normal
1.1203782433218452,1.1203732554658523,3.970282840552675,7.728494284613454,-0.2803859714197201,3.5436986251902365,0,0,C,Normal
1.1229851619707167,1.122977704645417,4.049861917825092,7.985931904794174,-0.2722699478168469,3.606336089711128,0,0,C,Normal
1.1239618423022006,1.1239585211714553,4.299730886679757,8.419338943282776,-0.30635104196551266,3.825513220157597,0,0,C,Normal
1.126766997055299,1.126717834005101,4.218042349870213,7.952124209303237,-0.2412533510797905,3.743491210599597,0,0,C,Normal
1.1151747580871276,1.115141040578281,3.976055075581299,7.535929378705027,-0.2721548164798233,3.5654098577351885,0,0,C,Normal
1.114504676377213,1.1144907156989365,3.902151965668126,7.7352179582556655,-0.27464753320352875,3.50124324139436,0,0,C,Normal
1.1217347827834347,1.1216817708941471,4.299397142666764,8.03697018905782,-0.29008237327632447,3.8328107576359405,0,0,C,Normal
1.119422456479987,1.1194190620941666,3.933814902008678,7.514750447571082,-0.21271783175590642,3.5141468524568644,0,0,C,Normal
1.1089232790764998,1.108851725046566,4.077343477121022,7.77195787528048,-0.2566314158361771,3.676849024683288,0,0,C,Normal
1.1175068043105514,1.1175067072377634,3.9316122817640218,7.727169541275849,-0.18982107552969074,3.5181998593642922,0,0,C,Normal
1.1136426203924206,1.1136163580988234,3.9425597456103194,7.7649352320550244,-0.27256414332804324,3.540237840592934,0,0,C,Normal
1.1251845416043373,1.1251821370636614,4.042333762843411,7.8570017785216795,-0.23795287002518162,3.5925962483271183,0,0,C,Normal
1.1203810621916397,1.1203421472887347,4.404364015393483,8.401650588183555,-0.2118355155784779,3.931130366286147,0,0,C,Normal
1.1089385986391809,1.108922726335117,4.100229396549496,8.034699689278082,-0.2770622502778375,3.6974359099602427,0,0,C,Normal
1.113971369092553,1.1139419453454809,4.177967225081424,8.154496239432298,-0.22264967427066296,3.750515804086436,0,0,C,Normal
1.1158322884050822,1.1158113942019252,4.036602804064754,7.586517679485336,-0.2978713013059413,3.6175712479466626,0,0,C,Normal
1.1151458689369327,1.115135954999634,4.040572007957502,7.904236704025027,-0.2837753372516323,3.6233573745911603,0,0,C,Normal
1.1216697434596743,1.1215814535714639,4.2798634427472075,8.10564967822536,-0.3114015154343259,3.8156181600712626,0,0,C,Normal
1.1220419945786109,1.122026206127047,4.583736345664269,8.557986507956073,-0.24348495749363686,4.085173610089091,0,0,C,Normal
1.1127450812601773,1.1126028595120683,4.29015961327625,8.145475027717797,-0.26723568623336824,3.8554738956182755,0,0,C,Normal
1.1179787075850685,1.117974596963517,3.8632388750376974,7.650756083898877,-0.26286103867618626,3.4555567550858193,0,0,C,Normal
1.1178210536848594,1.117804208476472,4.019824357138333,7.787168092908715,-0.2761201707033809,3.596125107759527,0,0,C,Normal
1.1248282525713194,1.124671079400512,3.8621513787378263,7.666761554856115,-0.2612455513204974,3.4335476281904183,0,0,C,Normal
1.1326026465000616,1.1325876340514323,3.7110857365833674,7.290161876308277,-0.28417922774624804,3.2765999161764854,0,0,C,Normal
1.126185468422538,1.1261793210849187,4.108992812093647,7.790328049164726,-0.2502803819027668,3.648593351012746,0,0,C,Normal
1.109081186932181,1.1090709260614373,3.952294486538725,7.773786750823357,-0.2452065797194507,3.5635754470519236,0,0,C,Normal
1.1226514962134766,1.1226338104242144,4.145892544669264,7.996803248549844,-0.2407478037840871,3.692947062069302,0,0,C,Normal
1.1204828618537912,1.120433366410763,4.012784968717224,7.820970200044223,-0.20673955083300521,3.581299728295926,0,0,C,Normal
1.1188932489189027,1.1188902846567563,4.171286296969953,7.907442526254543,-0.22078265080352422,3.7280467113375955,0,0,C,Normal
1.1344445896665003,1.1344333101261599,3.882982840726185,7.516751695828609,-0.31265107921943125,3.4228052000915175,0,0,C,Normal
1.1246101336015517,1.1245615205306605,3.986096860958155,7.830122970982449,-0.272961978107658,3.544425522996777,0,0,C,Normal
1.1117409914828837,1.111708345471461,4.095014543529943,7.9592259842567366,-0.2822814132403786,3.6834249837885817,0,0,C,Normal
1.1126179477864306,1.1125771321529234,3.9145619128054836,7.493761289904336,-0.2985258567376716,3.5183343218519534,0,0,C,Normal
1.127110894073966,1.1270122443314132,3.854777473571236,7.661458587232204,-0.2993843243689813,3.420051650497372,0,0,C,Normal
0.9155056851988471,0.9154942285579022,3.110737297487784,5.973096390496876,-0.5866137393012365,3.3978350410922182,0,5,C,Normal
0.9088166688716521,0.9088166656606524,2.90302461090144,5.6169294270020895,-0.6001311903181294,3.1942906752642544,0,5,C,Normal
0.9097101212331342,0.909708057314391,2.8403794723934817,5.644068555505958,-0.5697368241560006,3.1222907232726818,0,5,C,Normal
0.906863996848693,0.906863411319763,2.8090308879855,5.496780015535235,-0.5500484322745458,3.0975216766204654,0,5,C,Normal
0.9125731850426371,0.9125715318540619,2.827271241743647,5.328512510773892,-0.59172651228848,3.09813096427061,0,5,C,Normal
0.9100662043057987,0.9100611301485165,3.081116137665882,5.691566073982559,-0.5865456143222758,3.3855956007246384,0,5,C,Normal
0.9144336935477801,0.9144309775126487,2.661812644183972,5.195569918196673,-0.648004704844761,2.9108864458578583,0,5,C,Normal
0.898141602537903,0.8981293378682018,2.8030844874896017,5.514904023851492,-0.5951923175504659,3.1209827933244045,0,5,C,Normal
0.9013488089765129,0.9013488082646737,2.6565665306551796,5.247310680965363,-0.552306716500488,2.9473235047281277,0,5,C,Normal
0.909497535045031,0.9094972852178341,2.887864986026189,5.594141647682418,-0.5882825619282537,3.1752312400530096,0,5,C,Normal
0.9068872993575431,0.9068833748075426,2.7053948245771293,5.227070851533519,-0.5759315387749195,2.983165412608253,0,5,C,Normal
0.9097031097978056,0.9096858890152506,3.033278738427651,5.637120837523955,-0.558326732200014,3.3343611841690204,0,5,C,Normal
0.9029483561223841,0.9028926253588868,2.7748514252080696,5.5455512744467335,-0.5632090978448261,3.0731009214351688,0,5,C,Normal
0.9087450249212846,0.9087326728590825,2.6240477562469535,5.169083399257673,-0.608223335069904,2.887551165932653,0,5,C,Normal
0.909897320437612,0.9098903372348772,2.7219011772175454,5.331285160364123,-0.5986860584729041,2.991437732675657,0,5,C,Normal
0.9047855295506507,0.9047487633747304,2.8266015054854483,5.5353248411112705,-0.6145961979718595,3.12405693191097,0,5,C,Normal
0.9140989685461094,0.9140960919121406,2.7605699850439342,5.335378463112795,-0.5835917718940475,3.01999026367426,0,5,C,Normal
0.91268474802163,0.9126787726425803,2.957883525381046,5.894054829949715,-0.5834141752177886,3.2408600360558957,0,5,C,Normal
0.9047607919936456,0.9047099637461616,2.9606706963666456,5.86817569317973,-0.6191434391949819,3.2723242679899855,0,5,C,Normal
0.9021299979794966,0.9021100330812745,2.6725209248738238,5.242143187396332,-0.6111530471913516,2.962456553777701,0,5,C,Normal
0.9051033932758968,0.9050999468172246,2.98978823470857,5.815018167571985,-0.5802774819826038,3.3032560223726968,0,5,C,Normal
0.9073839495878187,0.9073796432287637,3.260617617660099,6.100806838318906,-0.581342223805537,3.593426596471364,0,5,C,Normal
0.9101697585208347,0.9101634428431956,2.7565110370456827,5.461101959297802,-0.5970654526224264,3.02856803496244,0,5,C,Normal
0.9122778827951817,0.9122777646490591,2.798438510586732,5.534266431495213,-0.5745753235453277,3.0675286153079058,0,5,C,Normal
0.9039518440252956,0.903948583840567,2.712690562821331,5.313238608606383,-0.5917131261526687,3.0009237557851822,0,5,C,Normal
0.9073556164689771,0.9073098121040177,2.9153905266685536,5.639408153295312,-0.5977787690707528,3.213062743815872,0,5,C,Normal
0.9102921089444086,0.9102915117874157,2.800289345143111,5.571003387743006,-0.5130957629313926,3.0762535647929297,0,5,C,Normal
0.9121486215115513,0.9121486086276296,2.8057623389692274,5.483381655760308,-0.5939167776589143,3.075992522270885,0,5,C,Normal
0.9105057832123441,0.9105013285362754,2.622382286571871,5.228747952147206,-0.6222119045637591,2.880137979266729,0,5,C,Normal
0.9143973462139898,0.9143756941247766,2.897913255115122,5.7537974978467865,-0.5956969540764572,3.1692056709413765,0,5,C,Normal
0.9137238053885606,0.9137014303217075,2.9496114680036376,5.82335614067522,-0.5900112071604755,3.228121507405968,0,5,C,Normal
0.8995172225863174,0.8994830471783459,2.629919894191101,5.246360661704532,-0.5559565255095316,2.923701545846427,0,5,C,Normal
0.907793206085569,0.9077932056979884,2.7255743230036695,5.254144373546799,-0.6294560993858931,3.0024176263186924,0,5,C,Normal
0.9080620935243013,0.9080564182609306,2.779120660777398,5.503525699567564,-0.5937989304740072,3.0604962816929038,0,5,C,Normal
0.9009901914942353,0.9009841526069778,2.685671591501627,5.245991810409553,-0.5662246431888112,2.980800031848971,0,5,C,Normal
0.9161333917768123,0.9161035384308465,3.001892339633507,5.925743878920553,-0.5540676994171561,3.2766978767266957,0,5,C,Normal
0.8991876706167672,0.8991753451498807,2.9792893291928437,5.688008262353094,-0.5511684496028733,3.3133120332369566,0,5,C,Normal
0.9062215615342754,0.9062135798500689,2.844212541706269,5.486385405161375,-0.5715145164262028,3.1385399138935566,0,5,C,Normal
0.9101432919953186,0.9101358341882879,2.8207551396869555,5.624782594861342,-0.6026050217721566,3.099242904381549,0,5,C,Normal
0.9096283301224223,0.9096237695331082,2.6913760539159632,5.359795602769768,-0.5767628392809203,2.9587645467833488,0,5,C,Normal
0.9045564661634371,0.904551109945659,3.0091908548189674,5.744945988467196,-0.5608179449822792,3.3267031604804878,0,5,C,Normal
0.9082860108819765,0.9082771556381738,2.8019793574958576,5.533720074658568,-0.6048542104157417,3.0849086344234684,0,5,C,Normal
0.9069695708880505,0.9069616500314307,2.873513658171512,5.52918711811036,-0.5965614727849169,3.168258065546718,0,5,C,Normal
0.9082510818046866,0.9082280627079198,2.882304229419222,5.3769321281113305,-0.6178423452003443,3.173466332340733,0,5,C,Normal
0.9096521902561345,0.9096419632068576,2.941619791488647,5.7958454514947455,-0.5570868527283284,3.2337852016388404,0,5,C,Normal
0.9097328645307551,0.909729505789256,2.9829619998975847,5.7161582969969205,-0.5547697031478789,3.2789427712235195,0,5,C,Normal
0.9033451036090168,0.9033449412919411,2.626041067146981,5.174271304848467,-0.6030772256842338,2.9070186539512997,0,5,C,Normal
0.9034673137798047,0.9034603348020929,2.7097060452555715,5.275050255257449,-0.6052625851406859,2.999229749573417,0,5,C,Normal
0.9116315607969003,0.9116255256275899,2.8341595526094063,5.46561993749145,-0.5568517561824811,3.1088870487677425,0,5,C,Normal
0.902121039074097,0.9021199439034088,2.7845036682773254,5.4992626178673945,-0.5845299265850294,3.0866186993435325,0,5,C,Normal
0.9110246069913144,0.9110243673557291,2.716512520683895,5.383920089922956,-0.5807962329276899,2.9818212371400787,0,5,C,Normal
0.9105566591803118,0.9105565120681006,2.618163085124106,5.212908941186937,-0.6090192482871997,2.8753434052977997,0,5,C,Normal
0.9077624331590156,0.9077619636348723,2.5632664904875595,5.066904009746386,-0.6234404808292848,2.82371950728054,0,5,C,Normal
0.9017306766998754,0.9017282532857117,2.982718574834939,5.557317008476238,-0.6048974907565232,3.3077709918342753,0,5,C,Normal
0.9031728883777891,0.9031695888329248,2.767981308078676,5.314365967422295,-0.5559718256657749,3.06473028995624,0,5,C,Normal
0.9070030183053579,0.9070030052009008,2.880061291945748,5.43363352674907,-0.5983557655331788,3.175360206988999,0,5,C,Normal
0.9065337170388709,0.9065258152394203,2.8927776214815024,5.4757132527867896,-0.5856850159952764,3.191031471979397,0,5,C,Normal
0.9079253516879298,0.9079248354847024,2.8127249043903353,5.560924613024692,-0.5643311357800056,3.0979693420402685,0,5,C,Normal
0.9114076999440742,0.911406896318433,3.010769027300908,5.777658900401598,-0.5803653826639708,3.303427245003147,0,5,C,Normal
0.9085819323517419,0.9085512299345746,2.8192143134634478,5.523404489369346,-0.5881970944434798,3.10287296398938,0,5,C,Normal
0.902382231150669,0.9023776347341353,2.93240574652191,5.751183508127942,-0.5778591973609544,3.24962709292565,0,5,C,Normal
0.9027434139338076,0.9027270738083734,2.7855526363982532,5.270909216376138,-0.5875296269545176,3.085652682039395,0,5,C,Normal
0.9096238064055884,0.9096214627369684,2.866773184390339,5.616263483168368,-0.594051161942299,3.1516030739328356,0,5,C,Normal
0.9073545731727011,0.9073432064308316,2.9173774942091333,5.571477877673139,-0.5908843676410824,3.215256285101519,0,5,C,Normal
0.9066976060359339,0.9066903288746359,2.8518626336440542,5.390844979439005,-0.6093870129997332,3.145329396106325,0,5,C,Normal
0.900355892283033,0.9003110697658233,2.817870680000805,5.39538794293047,-0.5988476739414446,3.1297298147908252,0,5,C,Normal
0.902773356058573,0.9027731864346898,3.130512156079888,5.846478417948359,-0.5878289731750943,3.46766121869992,0,5,C,Normal
0.9053932915550312,0.9053908153101309,3.0303356979104246,6.036051176556348,-0.5653100626052061,3.346982715882246,0,5,C,Normal
0.9119579797424134,0.9119295313302244,3.110459069199123,5.886207820747446,-0.5871165959713034,3.4107482343404527,0,5,C,Normal
0.8995135325689956,0.8995051241922787,2.666057753899272,5.32653316797199,-0.5943892353555444,2.963888432323031,0,5,C,Normal
0.9095427480929897,0.9095363241976602,3.0522952379843424,6.072143273299329,-0.6038443726264102,3.355856824084405,0,5,C,Normal
0.9033605330070014,0.9033595187975849,2.959681656215156,5.736475647235729,-0.5839726475989009,3.2763017068758944,0,5,C,Normal
0.9101854208113052,0.9101844511229819,2.7699778951984046,5.51533444414658,-0.5866503187087977,3.043311650421021,0,5,C,Normal
0.9095698930605187,0.9095077826387682,2.7518001002078316,5.382818039633655,-0.5516744247840464,3.025386087646966,0,5,C,Normal
0.9160431301503471,0.9160264000352182,2.717331338579336,5.353699487202698,-0.5583666849282336,2.966379255672546,0,5,C,Normal
0.9039790052206387,0.9039726880428776,2.6444381330435363,5.084035999686161,-0.6067439947918185,2.925331360320802,0,5,C,Normal
0.9015752721838689,0.9015752619602059,2.801071394465765,5.589327683985795,-0.5683727596708534,3.1068635985110618,0,5,C,Normal
0.9088226540389149,0.9088012514336935,2.6832394458529887,5.192061635057651,-0.576894304052205,2.9524345964840957,0,5,C,Normal
0.9125497221312444,0.9125177451173521,2.862221416021618,5.541875928737756,-0.5405427095254578,3.136510095402745,0,5,C,Normal
0.8992368649285775,0.8992363681284774,2.8071347751877473,5.487242678491539,-0.5707667703995201,3.1216856032817404,0,5,C,Normal
0.909474456604225,0.9094734824110133,3.002137902125872,5.523289126116853,-0.655123292772716,3.3009590102565234,0,5,C,Normal
0.9019387585779128,0.901936892107643,2.8439554669697844,5.598565901297988,-0.5458804371610877,3.1531580608131864,0,5,C,Normal
0.9063632118075857,0.9063313470684395,2.9158755300105867,5.619872603046845,-0.5835226727835776,3.21711593324201,0,5,C,Normal
0.9138931059964169,0.9138929473619077,2.6252527935323213,5.163035390329183,-0.5858639224507103,2.872603782988395,0,5,C,Normal
0.9098384899061105,0.9098382037145256,2.9042811313293893,5.695864901265835,-0.5961837470804614,3.1920842694059828,0,5,C,Normal
0.9091298968370638,0.909121037657074,2.8857469446761854,5.681899721310798,-0.5667639899556809,3.174185509371028,0,5,C,Normal
0.9050593597850367,0.9050546439496617,2.9527529524766623,5.69692399765294,-0.5959888747490538,3.262496454572857,0,5,C,Normal
0.9057058925853516,0.9057035114850064,2.7873889736290414,5.410519823579716,-0.5830666510563396,3.0775873232671547,0,5,C,Normal
0.9061758125303945,0.9061407837056192,2.759959499644268,5.303069953486064,-0.5872819725586056,3.045721880324073,0,5,C,Normal
0.9041350672669006,0.904087123493357,2.858349842678843,5.580103492236894,-0.6176363550560335,3.1614190690770525,0,5,C,Normal
0.910650334255816,0.9106496305601275,2.7249682849806165,5.434282642975615,-0.587376516903904,2.9923321635932436,0,5,C,Normal
0.9043582934582998,0.9043137294449155,2.646901454844358,5.280253858238996,-0.5884458811752182,2.926828309079257,0,5,C,Normal
0.9108036157067398,0.9107921508060193,2.743763287824942,5.459051148296641,-0.5666171648605958,3.012464202500902,0,5,C,Normal
0.9077264238718051,0.907721557556598,2.9547721020064617,5.732836625089455,-0.5728303689675007,3.2551350542415776,0,5,C,Normal
0.9093764863161503,0.9093733783194992,2.8271817674254787,5.519479721224819,-0.5672366651084522,3.108923322702443,0,5,C,Normal
0.9106728657590302,0.9106727096279782,3.0467862374310295,5.702259827825681,-0.5556989091781652,3.3456429328127455,0,5,C,Normal
0.907657211109819,0.9076392000211142,2.697065117142947,5.3310751260784075,-0.6158018514122587,2.971457819241216,0,5,C,Normal
0.9070409066915794,0.9070247794062387,2.664493918133892,5.270836796850987,-0.5821880460567814,2.937567532486049,0,5,C,Normal
0.9031080235888802,0.9031076128785732,2.86408584776723,5.683914748609139,-0.6220745633441047,3.171365742478489,0,5,C,Normal
0.9095677030326501,0.9095665511516612,3.0746546603538634,5.960806631666227,-0.5737103946912225,3.380347224403915,0,5,C,Normal
0.8282920012467636,0.8282836014173323,2.1574397240850156,4.2785550009645,-0.8556622478783069,2.6046849671825747,0,10,C,Normal
0.8300431738368967,0.8300372108281914,2.029769209293034,4.048086037964384,-0.8436003373917074,2.4453778710213006,0,10,C,Normal
0.8288226803261952,0.8288175890478283,2.155546443367905,4.3049879613409185,-0.8270025648000483,2.600732936651249,0,10,C,Normal
0.8284260148187911,0.8284252585183264,2.2148465078370725,4.25992635653834,-0.8552443847688789,2.6735598209353015,0,10,C,Normal
0.8293759199574707,0.829375661063515,2.255815551810719,4.342986709286352,-0.8516151445720568,2.7198951615648475,0,10,C,Normal
0.8327970202123272,0.8327797337430156,2.1512041061377323,4.293137488693692,-0.8381854129697168,2.583107352604682,0,10,C,Normal
0.8308227793590127,0.8308227676149121,2.3129940398032067,4.398588421920424,-0.837453551031548,2.7839800463676534,0,10,C,Normal
0.8323470493965666,0.832344127644266,2.101134288115091,4.173316286613055,-0.8611845531039122,2.5243488153629756,0,10,C,Normal
0.8329872001308002,0.8329870969164213,2.1718403667211392,4.319912647014394,-0.8471488448562949,2.6072914042137803,0,10,C,Normal
0.8338661352579546,0.8338635445648414,2.2583534697466274,4.407863396042867,-0.8419527438444798,2.7082925834948446,0,10,C,Normal
0.8257443815185285,0.8257432281790177,2.1517663233058557,4.253919890713542,-0.8416887741891887,2.6058503956742616,0,10,C,Normal
0.8326542696054986,0.8326485682651251,2.128467771658443,4.202364485656453,-0.8539328264690833,2.5562443493707,0,10,C,Normal
0.8288390855134148,0.8288370943101119,2.20689249465134,4.3518226004300455,-0.8498353385366664,2.6626308208960805,0,10,C,Normal
0.8271790010480045,0.8271767168606265,2.13130793187491,4.197240667930717,-0.8342546859885922,2.576598208095979,0,10,C,Normal
0.8263334137892422,0.8263310147583085,2.280864856605119,4.336929689522451,-0.8412228688518035,2.7602234383164586,0,10,C,Normal
0.8326365412254855,0.8326344283679068,2.204108989198801,4.235782864555155,-0.8574301213601698,2.647144198061214,0,10,C,Normal
0.8305361188640367,0.8305340684938399,2.2889867439779614,4.2856780844816855,-0.8502341331891898,2.756035158481387,0,10,C,Normal
0.8297398558116721,0.8297387273874051,2.1677258474561407,4.264224361260823,-0.845964083732023,2.6125367273524756,0,10,C,Normal
0.8276543998719419,0.8276541512799355,2.1695450760836126,4.2729940250442215,-0.8643554759585861,2.621317637433322,0,10,C,Normal
0.8298946311717855,0.8298945627703344,2.112343267559766,4.173690908051656,-0.8229165567569985,2.5453150173741967,0,10,C,Normal
0.8255217939227999,0.8255217636170306,2.182394456158612,4.195490489467785,-0.8363269038691894,2.6436545615447464,0,10,C,Normal
0.8259341662410695,0.8259264094444374,2.228366504600371,4.381697869705116,-0.8335869687946613,2.697995307231263,0,10,C,Normal
0.83110298547779,0.8310977244265635,2.127689689017057,4.183602777629112,-0.8386643431900636,2.560079468122565,0,10,C,Normal
0.8257467028886998,0.8257447529725956,2.2191144492735644,4.306926359368687,-0.8476970251688702,2.687403342345132,0,10,C,Normal
0.8291035732892245,0.8290978939413266,2.1048606763984923,4.130503148176237,-0.8541050889563584,2.53871861635824,0,10,C,Normal
0.8276320517355099,0.8276107568647623,2.0763072969609264,4.129716431025756,-0.839893201620991,2.5087323438078513,0,10,C,Normal
0.8292188938979094,0.8292177723309411,2.216113554705256,4.361268069602149,-0.8141081173456084,2.6725314280864616,0,10,C,Normal
0.8275384996771772,0.8275382471435283,2.231204714060654,4.381869328513304,-0.8305212998604596,2.6961944549178645,0,10,C,Normal
0.8286396805261542,0.8286341473084495,2.0126582792902865,4.020661362759288,-0.8324195566685835,2.4288702636257127,0,10,C,Normal
0.8342023047554841,0.8341925019646097,2.366242935166631,4.5145628007086405,-0.8253467302342412,2.836533682150649,0,10,C,Normal
0.8278007786750002,0.8278005858492108,2.1873320643314487,4.259330747045146,-0.8404003088569594,2.6423411534264925,0,10,C,Normal
0.8295248561581657,0.8295243463741654,2.169132274534978,4.27100558271753,-0.8358919135718552,2.6149093163778434,0,10,C,Normal
0.8294332429684286,0.8294332425790143,2.065735291532428,4.12542558371514,-0.8300954123420845,2.4905383393357168,0,10,C,Normal
0.8292384563952881,0.829229095339434,2.480258657584325,4.763553657582915,-0.8343495667306442,2.991007759536438,0,10,C,Normal
0.825660910220559,0.8256463766924491,2.1313763560356263,4.233726618314849,-0.8530260431484105,2.5814185092840005,0,10,C,Normal
0.8305292949217846,0.830519903056727,2.1975067314126666,4.272060288909764,-0.8364468676788586,2.6459111615317767,0,10,C,Normal
0.8301954334190995,0.8301886806491491,2.114066279159939,4.2218166468396365,-0.8142050628206445,2.5464682098446514,0,10,C,Normal
0.8297045827227207,0.8297044552612491,2.2779237371601324,4.380693742264045,-0.8573477387596746,2.745463607884389,0,10,C,Normal
0.8327870619145702,0.8327827038157419,2.232111935202872,4.2487609222620755,-0.8407111548666726,2.68029132209531,0,10,C,Normal
0.8303083147230341,0.8303018289635143,2.160342494654138,4.2524885892548605,-0.8292104837384455,2.6018557882017155,0,10,C,Normal
0.8285975842408101,0.828597495317987,2.2475534920022193,4.255737546745099,-0.8415011447261889,2.71247893398278,0,10,C,Normal
0.8294265800535661,0.829425497728964,2.1136532543732693,4.20048292992484,-0.8501204859421869,2.5483307446413948,0,10,C,Normal
0.8267833415920325,0.8267812521939721,2.145558464293211,4.145896845103099,-0.8413845561238054,2.595067360890193,0,10,C,Normal
0.8316105341779662,0.8316068865672273,2.23976660644748,4.366935603505239,-0.8382723350162498,2.6932879207229545,0,10,C,Normal
0.8341727439037981,0.834169273422475,2.1751641346180266,4.337347024125868,-0.845993604773212,2.6075703749784465,0,10,C,Normal
0.8279973369958727,0.8279962076146388,2.186555433839698,4.312237659418551,-0.8338103618946855,2.640775925406868,0,10,C,Normal
0.829594032836994,0.8295915178637666,2.0277165179600285,4.042316629470037,-0.8630028045911113,2.4442274627094047,0,10,C,Normal
0.8289330707253676,0.828931472994738,2.178946303530084,4.183334590008375,-0.8550361035419787,2.628615482337279,0,10,C,Normal
0.8284745280667464,0.8284741954510371,2.212522179543117,4.23637682503681,-0.8362642188960443,2.6705977125284224,0,10,C,Normal
0.8316410879634113,0.8316384687560318,2.0908992217270495,4.080552741917436,-0.8322166591222144,2.5141846067844114,0,10,C,Normal
0.83165153434907,0.8316439301927709,2.1516695075716443,4.252195248477175,-0.8469548480721119,2.587224839614763,0,10,C,Normal
0.825929052056387,0.8258928394633934,2.1360336003578646,4.263441246948171,-0.8363562212682263,2.5862192340124093,0,10,C,Normal
0.8315102911216119,0.8315102402140041,2.1212023338185784,4.1815800888967845,-0.8764014561311879,2.5510235489176205,0,10,C,Normal
0.8263987427351581,0.8263967311491888,2.126028180742505,4.189092726692299,-0.8329447383529551,2.5726420803907835,0,10,C,Normal
0.8301892568576877,0.8301879919195042,2.149601427702117,4.198893689674021,-0.8570416787004285,2.5892908272969914,0,10,C,Normal
0.8288499278219486,0.8288486064332286,2.210975588300518,4.240477923740278,-0.8435796095482462,2.667522206475325,0,10,C,Normal
0.8293453602481938,0.8293382734346108,2.152902125378148,4.222545433999423,-0.849562323639661,2.5959054316453405,0,10,C,Normal
0.8286366824459747,0.8286363726963254,2.2631811212722646,4.382385710787007,-0.8218580623753309,2.7312103956003893,0,10,C,Normal
0.8302051632902594,0.8302044089309488,2.184484327030704,4.26793861100338,-0.8515852991394981,2.631258420958479,0,10,C,Normal
0.8244589942405927,0.8244576654361911,2.3355252485477553,4.529527286349029,-0.8370171797751862,2.832797343303899,0,10,C,Normal
0.8295285899476628,0.829528526722966,2.0203745264258357,4.03608753070318,-0.84143255083691,2.435569492009078,0,10,C,Normal
0.8289562225150198,0.8289538049773874,2.2551677156356087,4.3059165473837675,-0.8494596686856939,2.720490726028355,0,10,C,Normal
0.8266415901862617,0.8266310610431173,2.2391172359492133,4.272619161409626,-0.8443303864845992,2.708691726295416,0,10,C,Normal
0.8262904566552979,0.826288110641047,2.1264249475520525,4.221445274064225,-0.8427714753832722,2.5734594057391242,0,10,C,Normal
0.8298658550567326,0.8298591654985086,2.21239518309953,4.270966593445442,-0.8544585077747628,2.6659672399080487,0,10,C,Normal
0.8317804370352725,0.8317732159955986,2.3715374878685633,4.441008084824433,-0.8435031597163793,2.851158048777235,0,10,C,Normal
0.8283682211892862,0.828365827151898,2.1126077535863503,4.172816952876182,-0.8390393529572355,2.5503244807644654,0,10,C,Normal
0.82955052424815,0.8295468047684436,2.1617210475870174,4.2713657749728515,-0.8398426383607456,2.6058943782191677,0,10,C,Normal
0.8314109290537234,0.8314095376001192,2.316540710028632,4.4293580947442255,-0.849752545557811,2.786276471810661,0,10,C,Normal
0.8267057528567674,0.8267042609604177,2.1435977573096205,4.1844471592242485,-0.8242358268058045,2.592939204671307,0,10,C,Normal
0.8331262710064176,0.8331242177909753,2.1904374682257095,4.223455790334818,-0.8432713623753734,2.62917824638954,0,10,C,Normal
0.8291422320751972,0.8291422264936977,2.188347124180421,4.323743932666847,-0.8522953642447426,2.6392903889401134,0,10,C,Normal
0.8309585609478032,0.8309410636363507,2.1445517970269066,4.201211482002396,-0.8536132197616655,2.580816779335904,0,10,C,Normal
0.832710575676462,0.8327058735710801,2.0651826764237278,4.1078191372528,-0.8534450114087089,2.4800725927445475,0,10,C,Normal
0.8266485746482897,0.8266474935370849,2.079861131767924,4.156909851305646,-0.8283195711527709,2.5160161107793995,0,10,C,Normal
0.8303831733511975,0.8303598867560725,2.220145710672897,4.241651028959095,-0.8314103446683196,2.673640051872681,0,10,C,Normal
0.8275729131112834,0.8275729079600412,2.1044092896573936,4.172058301603899,-0.8736534365227864,2.5428687385934468,0,10,C,Normal
0.828264896686474,0.8282481400835371,2.2331835269731037,4.402278360722966,-0.8373923360845041,2.696218970412842,0,10,C,Normal
0.8321011869603525,0.8320990786642146,2.0998965577475106,4.133961670766186,-0.8362509659427104,2.5236072134668945,0,10,C,Normal
0.8281508941208647,0.8281392054469492,2.136394412235676,4.159894110748024,-0.8441312132601064,2.5797163625640898,0,10,C,Normal
0.8292104690089231,0.8292074833987092,2.148747947144316,4.215128357289821,-0.8370953097388152,2.591317919215988,0,10,C,Normal
0.8288589951313139,0.828858939090727,2.1798424013795445,4.306990095916216,-0.8389550393658594,2.6299315253666253,0,10,C,Normal
0.8294533445569495,0.8294481986320802,2.2093893551273904,4.31401333681273,-0.8372856248404656,2.6636692342322523,0,10,C,Normal
0.829737361232066,0.829736432540095,2.2237429615263657,4.323461357847589,-0.8428040222768107,2.6800564436731635,0,10,C,Normal
0.8312890725890827,0.8312842635593618,2.153643071156216,4.192660091654759,-0.8450187987953419,2.590727031270373,0,10,C,Normal
0.8303874052998826,0.8303852029498873,2.1696122691647863,4.24363784582925,-0.8667582254756376,2.6127711659851847,0,10,C,Normal
0.8284485806610536,0.8284471320759429,2.1277295040461626,4.231791123971517,-0.8462071634747135,2.5683301941906382,0,10,C,Normal
0.8285088789215914,0.8285073916448472,2.050950520728402,4.0890701625301595,-0.8552047907165132,2.475471986972514,0,10,C,Normal
0.8288155507173374,0.828794156441245,2.1844391581831446,4.3340829216438275,-0.8395304379176021,2.6356155555871497,0,10,C,Normal
0.8294121401905371,0.8294108804944869,2.0815483964808124,4.070300363550245,-0.8665201517756778,2.5096671432885316,0,10,C,Normal
0.823128883228757,0.8231273664954228,2.2197573406959785,4.258743864335383,-0.8579441383362707,2.6967311996013175,0,10,C,Normal
0.8262349173329318,0.8262061928530935,2.209708970841674,4.343202236633006,-0.8464182246229517,2.6744318407343113,0,10,C,Normal
0.8276682562012025,0.8276680000951748,2.1524089660557215,4.2740872615292655,-0.8493778461022443,2.600569672606219,0,10,C,Normal
0.8271289917692142,0.8271269236037064,2.269855625592722,4.314504822408965,-0.8382393865041693,2.744258329934175,0,10,C,Normal
0.8318995752311398,0.8318995627068688,2.110528189208396,4.198623387282179,-0.8492673909101782,2.5369987580796574,0,10,C,Normal
0.8285875652259206,0.828587174726223,2.210833923996912,4.291340030054824,-0.8311001997627483,2.6681958754644253,0,10,C,Normal
0.8260914381533345,0.8260907011893895,2.1507008143365605,4.283177944599032,-0.8421611123166013,2.6034658089960248,0,10,C,Normal
0.832654987076906,0.8326442554782033,2.202070319338235,4.3458819109282185,-0.8286621581035276,2.644637158865472,0,10,C,Normal
0.8270732377192008,0.8270619076154453,2.174511211393831,4.22481885380694,-0.8383501030931657,2.6291640355700863,0,10,C,Normal
0.8272855195093374,0.8272844112214656,2.165757059027631,4.231810334356647,-0.8484868666197682,2.6179076122499283,0,10,C,Normal
0.794073238216672,0.7940712047203806,1.6376725307335573,3.18673313161652,-0.9941036014515272,2.062369630301909,0,20,C,Normal
0.7938609601479456,0.793858947655554,1.577798928108741,3.1363022701961265,-1.00161730315956,1.9875003398765183,0,20,C,Normal
0.7944343653536288,0.7944339098476478,1.5995930775199967,3.1577655811497882,-1.0027885252300717,2.0134993490720476,0,20,C,Normal
0.7949817365252563,0.7949809198090454,1.6482963281291374,3.256776964112246,-1.0061020197276147,2.0733763461454964,0,20,C,Normal
0.7944595721592456,0.7944580730280421,1.5982214191786521,3.177820449117289,-0.9968642168584299,2.0117089342065304,0,20,C,Normal
0.7949595087580338,0.794959487829924,1.6814576221873907,3.2998469450328844,-0.9935286467887954,2.1151487637582123,0,20,C,Normal
0.7942389523195704,0.7942388539952376,1.5701850249031595,3.129424782021701,-1.002497328377213,1.9769680400557577,0,20,C,Normal
0.7948305823293995,0.7948305746426816,1.6092823196876687,3.1707661445734967,-1.001106800799593,2.0246859588257995,0,20,C,Normal
0.7940916781863372,0.7940913476515733,1.6027233647498182,3.180940002722771,-1.0008275364825008,2.0183102389516945,0,20,C,Normal
0.7939343132387999,0.7939340219042775,1.654174521779809,3.207346263913071,-0.9994269115440351,2.083515593414421,0,20,C,Normal
0.7948718013277327,0.7948717881951474,1.6139258807054067,3.205147498087805,-1.0028920476454861,2.030422865686703,0,20,C,Normal
0.793471206018001,0.7934691747408054,1.5933527845812954,3.1519960043889013,-1.000671049519539,2.0080788975033683,0,20,C,Normal
0.7940051649956129,0.7940050242367607,1.6191172350285592,3.196021590156694,-0.9948628010463714,2.039177207414646,0,20,C,Normal
0.7940660003199782,0.794065766634315,1.6155686861139498,3.191220605899723,-1.0003401733784245,2.034552147381877,0,20,C,Normal
0.7952652575364213,0.7952650337436838,1.631319186445353,3.1984401966066143,-0.9993731183484034,2.0512893917922,0,20,C,Normal
0.7938883094584408,0.7938870325842514,1.5906396329535677,3.1545091407916734,-0.9988204075685561,2.003606318423607,0,20,C,Normal
0.7947934837630828,0.794793133878804,1.6074904121239255,3.1656633307303474,-1.0002058550381931,2.0225259076269637,0,20,C,Normal
0.7948008018749545,0.7947999596872665,1.6432866749065769,3.213823107546313,-0.9981043256027919,2.0675453157948804,0,20,C,Normal
0.7960803120669071,0.7960797203461564,1.6098727206212575,3.2116958641804603,-0.9990671954768238,2.0222491326804155,0,20,C,Normal
0.7954125384940514,0.7954125308210953,1.673807212565759,3.2897297511801584,-1.0032295491502663,2.1043259083327577,0,20,C,Normal
0.7950499859717063,0.7950479938106761,1.604048394152743,3.1920792567446945,-0.9967719616809427,2.0175440820771575,0,20,C,Normal
0.7946200177629691,0.7946193712726295,1.5988392029446303,3.171352379708262,-1.0011092035137623,2.0120801983389693,0,20,C,Normal
0.7945917522076782,0.7945915198925161,1.6263285223182198,3.2335533923496547,-1.0064838570566732,2.0467472985966193,0,20,C,Normal
0.7950465339500552,0.7950453767535499,1.6277494534342363,3.238416117629415,-1.000147972727493,2.047363750329225,0,20,C,Normal
0.7945978314809383,0.7945973935209011,1.6304639972493464,3.2012939685420156,-1.0003010743743443,2.051936127500569,0,20,C,Normal
0.795338635846523,0.7953302280909473,1.624226924161542,3.191058065811122,-0.9962733988968449,2.0421828526320582,0,20,C,Normal
0.7944302915293153,0.7944281532180497,1.5738454388929757,3.1410358637088756,-1.0037119901023295,1.9810994818226906,0,20,C,Normal
0.7948385116073197,0.7948385111472765,1.642012674040072,3.214723887923701,-1.0014225136653974,2.0658443823005,0,20,C,Normal
0.7948287460059049,0.7948287454368154,1.6127113465006873,3.2184346333371816,-0.999408541584283,2.0290048071420737,0,20,C,Normal
0.7957488885284365,0.7957488736622174,1.6433450190533976,3.229344410352497,-0.9856343477056404,2.065155280445826,0,20,C,Normal
0.7940998867633138,0.7940978328063072,1.6021732676056695,3.1852898031174055,-0.9967473590024798,2.0175966453489833,0,20,C,Normal
0.7954224948365191,0.7954220858375357,1.6238273207421083,3.2103240720776816,-1.0033885092445471,2.0414651726386603,0,20,C,Normal
0.7946630243396847,0.7946599611483847,1.5879918617692987,3.148037003801492,-1.0011949184065136,1.99832106582387,0,20,C,Normal
0.7955072874189375,0.7955053821716657,1.5912012512212874,3.165723143022089,-1.0018114761226833,2.000234663322844,0,20,C,Normal
0.7951205765618801,0.7951187459921546,1.6444363872098653,3.207081547850004,-1.004869313493395,2.068159768069953,0,20,C,Normal
0.7930894695910616,0.7930894659606896,1.6228959935457754,3.2205323088650513,-1.0017731343533953,2.0462962323564633,0,20,C,Normal
0.7951673028201408,0.7951672544658921,1.5854692861968187,3.135586340171525,-1.0033932104706202,1.9938813889527303,0,20,C,Normal
0.793639628472952,0.7936383069293564,1.5985011831335065,3.183402680833513,-0.9948673404412895,2.0141398259172045,0,20,C,Normal
0.7951833399344093,0.795183021753645,1.663044816379918,3.237948962637152,-0.9993224663622136,2.0913979617795997,0,20,C,Normal
0.7939112068521251,0.7939110231962515,1.5960578053759635,3.180834458374142,-0.9990963934238128,2.0103731898487323,0,20,C,Normal
0.7943689475655049,0.794368947562903,1.574777620031136,3.1428784742210807,-0.9977333129810702,1.9824259556687636,0,20,C,Normal
0.7946958674814331,0.7946957143881592,1.6598546671991838,3.30903455236488,-1.0054140070205306,2.088666539137331,0,20,C,Normal
0.794086874550118,0.7940862564936816,1.5811065804640319,3.1572166752029016,-1.002087082868307,1.9911002575880532,0,20,C,Normal
0.7942527735555152,0.7942522204275734,1.6675024452244362,3.2361306583833445,-1.0027101543760741,2.0994606512480556,0,20,C,Normal
0.7937162039637399,0.7937145639811131,1.7115064533998559,3.2524744639800707,-0.9975324222405764,2.1563204138365357,0,20,C,Normal
0.7950765832894156,0.7950764370930186,1.6123690901576557,3.200089551136828,-1.0002662447195374,2.0279418662877884,0,20,C,Normal
0.7950503077894004,0.7950495987898529,1.6460704768340464,3.23914707387436,-0.997756364722937,2.070397886406543,0,20,C,Normal
0.7939234508824996,0.7939166675542274,1.6019636535115183,3.1753697936916927,-1.0030876071805945,2.017780998572126,0,20,C,Normal
0.794025616568727,0.7940243175582719,1.5891349448870162,3.1584677621638364,-0.9971128640861062,2.0013648322257476,0,20,C,Normal
0.7944220270326172,0.7944213109960585,1.5898349642747098,3.145477564202188,-1.002307497047638,2.0012473347613193,0,20,C,Normal
0.7954085387015398,0.795406907762237,1.5767822405427199,3.1276459225648026,-1.0000102784611704,1.9823551845655683,0,20,C,Normal
0.7942942948341366,0.7942908086165656,1.6282868976457165,3.2357462012773373,-0.9991094799769473,2.0499793442249676,0,20,C,Normal
0.7939255176469242,0.7939253918753336,1.6607941253816114,3.255845842393845,-1.000374780707003,2.091876490258123,0,20,C,Normal
0.7935713248475061,0.7935705829615642,1.6024267254405222,3.172253745975168,-0.9990372341834255,2.0192598639428496,0,20,C,Normal
0.7952262685522394,0.7952245899166918,1.5731028833105005,3.139933695300069,-1.0018943312467377,1.9781827456158303,0,20,C,Normal
0.7959501313378906,0.7959490945747966,1.6053486561120627,3.1605934921440606,-1.0043180200509552,2.0168960251488075,0,20,C,Normal
0.7947282256323602,0.7947258933061496,1.5902110698771241,3.1431470454903256,-0.9990030617097228,2.0009495304030547,0,20,C,Normal
0.7950496993042533,0.7950495033943478,1.621577324773691,3.196977213171941,-0.9950939748469274,2.0395924005665695,0,20,C,Normal
0.7944811398960925,0.7944794600582737,1.57510547712381,3.134451274535116,-1.00563771881347,1.9825586763831962,0,20,C,Normal
0.7951138495157288,0.7951137371337121,1.5954936208289725,3.1794949386926086,-0.9977165687809872,2.0066228525647265,0,20,C,Normal
0.7948016873152982,0.7948011170078956,1.6233962186830388,3.203741316020068,-1.0014059876589696,2.042517328022527,0,20,C,Normal
0.7954331666887533,0.7954317955659956,1.6057436777997343,3.1628069043249845,-0.995388765749599,2.0187034499506216,0,20,C,Normal
0.7944583210217143,0.7944579944971676,1.5729136841727858,3.1429723654919726,-0.9997777078175627,1.9798567685085577,0,20,C,Normal
0.7944565518306933,0.7944503493364724,1.6112238052330987,3.201171676124398,-0.9962221404544165,2.0280829725934044,0,20,C,Normal
0.7946171827796783,0.7946160569599351,1.5826382095038733,3.1604670530818346,-1.0029579299781635,1.9916989511447398,0,20,C,Normal
0.7933818840760745,0.7933814519027036,1.5606815642892242,3.1094867077487054,-0.9952820140840406,1.9671252843221918,0,20,C,Normal
0.7944946896942088,0.7944917259990191,1.597788959183298,3.172508856730362,-1.0008883291077055,2.0110756936566405,0,20,C,Normal
0.7934067498665673,0.7934059528284955,1.6312128074147751,3.2061626977243582,-0.9995124293244189,2.055960335211551,0,20,C,Normal
0.7947737225623657,0.794772821043852,1.6058905239665837,3.188097391873002,-0.9943434256722603,2.0205631846875383,0,20,C,Normal
0.7937792372407303,0.7937772016200727,1.5765334168536063,3.1464072721084353,-1.0000802530625221,1.9861106752222712,0,20,C,Normal
0.7955765276459036,0.7955749933155228,1.5805866700467752,3.1503445405053627,-0.9919623199370169,1.9867185809562562,0,20,C,Normal
0.7954268090825394,0.795426348241299,1.5716369304843913,3.1240643074795234,-1.0036826064643711,1.975841035955461,0,20,C,Normal
0.7957312807417918,0.7957301594383425,1.6217855274942132,3.21118133658131,-1.0014038321187058,2.038107042847885,0,20,C,Normal
0.7969249558174681,0.7969249552495176,1.6294742524489678,3.256632856683691,-0.9976878177629853,2.044702252770449,0,20,C,Normal
0.7937490246600547,0.7937482318618159,1.6519863548470943,3.28916558599341,-1.0016412655272464,2.0812452091573954,0,20,C,Normal
0.7946296570843032,0.7946291585665812,1.6020855718149065,3.1935649812788345,-0.996354893849912,2.0161411766247976,0,20,C,Normal
0.794264818674916,0.7942637849826862,1.607964704889533,3.1989725702869625,-0.9975427947708058,2.0244692539348836,0,20,C,Normal
0.7947332564802837,0.7947330011259998,1.6171632292400753,3.182933049351557,-0.99976579668615,2.034850330036736,0,20,C,Normal
0.7943716830841976,0.7943699757943732,1.602700346843398,3.1940608792639336,-0.9990083450212941,2.0175698366044643,0,20,C,Normal
0.7948530588786005,0.7948525076310387,1.610525620593195,3.2143851233178893,-1.0013767489314986,2.0261928951564543,0,20,C,Normal
0.7942076444388907,0.7942070205844397,1.6018882246443884,3.169108476612393,-0.9955038374736866,2.016963996583193,0,20,C,Normal
0.7955828951532372,0.7955814571487202,1.6704067632365653,3.3177517343689376,-1.000649540628006,2.099601152077092,0,20,C,Normal
0.7944867604801025,0.794485623307772,1.60454886525503,3.2029405715522894,-1.004917565700978,2.019604284261972,0,20,C,Normal
0.7956027626036778,0.7956024138775027,1.6351451590896628,3.2328549470439936,-0.9969851268906798,2.0552281062203845,0,20,C,Normal
0.7922697537425726,0.792269751795249,1.602220768873059,3.1687767670796223,-1.0023337360609685,2.022317223779388,0,20,C,Normal
0.7949483852397161,0.7949483657327607,1.638544295230448,3.225429308583752,-0.9966347230507702,2.061195828124547,0,20,C,Normal
0.795650631298811,0.795649723159462,1.5578846456791593,3.1131337310745675,-0.9984026306975644,1.958000891843806,0,20,C,Normal
0.7948524554763081,0.7948512032318128,1.6299820687951512,3.246908790217107,-1.007178663553793,2.0506724959645486,0,20,C,Normal
0.7937347128339578,0.793733237259459,1.6284010576221684,3.2034510393791003,-0.9971481866616352,2.0515684035137007,0,20,C,Normal
0.7950487390981587,0.7950481272451659,1.577289746335214,3.1508547124125474,-1.0003804945289339,1.9838906330753616,0,20,C,Normal
0.7944839065705245,0.7944798736984598,1.6187113985948343,3.193969274468349,-1.0018148846675503,2.0374376185694896,0,20,C,Normal
0.7931402476829174,0.7931392257484338,1.6070803742305384,3.2040092234934936,-0.9999484979748443,2.026224717413432,0,20,C,Normal
0.794775036321381,0.7947745848620038,1.593870909122285,3.1682650878725513,-0.9990078613181814,2.0054365528383,0,20,C,Normal
0.7941728520045661,0.7941712374187939,1.6723456256864846,3.22243691903688,-1.0023703135351336,2.105770326277622,0,20,C,Normal
0.795888728463625,0.7958868918134252,1.6258099618452018,3.2020724007671415,-1.0022407990718192,2.042760380566826,0,20,C,Normal
0.7939624592518592,0.7939624424332812,1.5887923823856267,3.1399220800366496,-0.9996831857483928,2.001092575438297,0,20,C,Normal
0.7958567648485548,0.7958566714438833,1.6133665316318482,3.188128802724828,-1.0014943301383543,2.0272071594929004,0,20,C,Normal
0.7949224870324474,0.7949217040811948,1.5687680066068181,3.115205402686902,-0.9950852781746948,1.9734855060689505,0,20,C,Normal
0.7935482788652816,0.7935472824079532,1.6073341394562966,3.182840888911472,-1.002685753468064,2.025502647116407,0,20,C,Normal
0.7941735462191865,0.7941700670614864,1.6491439405328947,3.2515867522560105,-0.9968952563684601,2.0765536051710067,0,20,C,Normal
1.1215134066933483,1.1214956410296153,4.133688289255353,8.090255014476522,-0.2405820257242257,3.68581263905088,1,0,C,Mild
1.127824672050543,1.127824546535555,4.524887878243996,8.367153626830406,-0.21878711098959824,4.0120490271037585,1,0,C,Mild
1.133285965729638,1.1331762270232388,3.812068388172331,7.429316466488384,-0.2530711509656087,3.3637303411924155,1,0,C,Mild
1.1269099320016362,1.12690537006748,3.920313046222028,7.643972451002254,-0.21969282580726057,3.4788166604039974,1,0,C,Mild
1.1280350597575874,1.1280104263388062,3.638715414159418,7.156028703317547,-0.3153953883809524,3.225711277929048,1,0,C,Mild
1.1214732360378878,1.1214657717327627,4.132769244104642,8.038441442038767,-0.2349409243638565,3.6851251650957995,1,0,C,Mild
1.130478099199783,1.1304742657626,4.987685181154062,8.912022817788436,-0.251097898429832,4.412013983008279,1,0,C,Mild
1.1152911204473834,1.1151591519953266,4.066728978937159,8.04126051041009,-0.1564386840951668,3.646338524873979,1,0,C,Mild
1.1112311708497096,1.1112260748691825,4.117342854686267,7.7483456355155464,-0.2312126252963309,3.7052082075216775,1,0,C,Mild
1.1139457394449241,1.1138674656164762,3.878312092078329,7.506839844392982,-0.20459317826826284,3.481598748257595,1,0,C,Mild
1.1154686317586366,1.115461485895708,4.107387401635714,7.994605429754566,-0.24006946167038912,3.6822078942372842,1,0,C,Mild
1.1360699061790238,1.136069870935346,4.173720307196545,7.753226589283207,-0.2661108632200886,3.6738234896425848,1,0,C,Mild
1.1196999819744586,1.1196999581203795,3.8931754296138523,7.426535946390846,-0.2913039846334584,3.476980880850509,1,0,C,Mild
1.121390962510267,1.1213873591914874,3.955245015336363,7.689100175370614,-0.27766770657151296,3.5270883639747104,1,0,C,Mild
1.1291399853485014,1.129139327900399,4.349825305499917,8.223715706074783,-0.2508137208565251,3.852334840624188,1,0,C,Mild
1.1311966465964811,1.1311566573343936,4.365844676725458,8.168859983591833,-0.23201817294792848,3.8594922375886744,1,0,C,Mild
1.1161285435770718,1.1161265292554936,3.7608496851767574,7.216030643120192,-0.27914657700044065,3.3695488811025647,1,0,C,Mild
1.1288324748596403,1.1288261077675261,3.9865554736901334,7.806518633143883,-0.3019126288799665,3.531574048829366,1,0,C,Mild
1.1153686043105322,1.1153467939391726,4.086324691257916,7.772423704430152,-0.2309913878492078,3.663654038194743,1,0,C,Mild
1.1147241696466832,1.114718078753803,4.081761802078666,8.129162249172953,-0.27552112765677705,3.6616787481807256,1,0,C,Mild
1.1021935909246368,1.10216658479615,4.48574649473692,8.320479585897225,-0.22905186101856811,4.069835400670222,1,0,C,Mild
1.120024087057225,1.1200168595276374,3.81024707926231,7.519570287130803,-0.2550171830407275,3.4019331577711283,1,0,C,Mild
1.1259050417307004,1.1259049777449675,3.678028704734001,7.340512177939216,-0.2862695465608045,3.266730824013603,1,0,C,Mild
1.1220700526950433,1.1220690561192788,3.884892393249674,7.633662037777678,-0.2302441606116914,3.4622547709198255,1,0,C,Mild
1.1379974890448032,1.137938274877795,4.175620685394491,7.6701559829813455,-0.2526010862274153,3.6692705613079744,1,0,C,Mild
1.1208997789437227,1.1208754881909095,3.7933593204978373,7.3804412717023204,-0.2875214850523342,3.3842091788727986,1,0,C,Mild
1.11210101733255,1.1120842902932753,4.042036110152153,8.001454911834383,-0.28686899009704625,3.634594382304632,1,0,C,Mild
1.115745577025319,1.1157445744833174,4.102087067757467,7.719495159450572,-0.27857637699467874,3.6765434273053637,1,0,C,Mild
1.1070131556770308,1.107013153938502,3.583933024495653,7.146441511566828,-0.26252264097576816,3.237480066172998,1,0,C,Mild
1.1227244846651394,1.1227208158568327,4.036174994925382,7.61717046834536,-0.2805668569037083,3.594982607090109,1,0,C,Mild
1.1205932181765774,1.1204953935658466,3.8050258448615244,7.575987096806712,-0.23172720544018954,3.3955460225370984,1,0,C,Mild
1.121901627900281,1.1218682602779768,4.176322591160519,7.74923562725529,-0.24967846284596984,3.722539024189496,1,0,C,Mild
1.1202359348247335,1.1202004805099672,3.927266926032881,7.62673153448626,-0.21049452312667638,3.505749819253318,1,0,C,Mild
1.121368025767036,1.1213291827712146,5.036274556755703,9.056570691478111,-0.21335028062179662,4.4911879427905035,1,0,C,Mild
1.1088057855389064,1.1087703441299603,3.635232233082003,7.168005502619825,-0.2525148703698332,3.2785112419982476,1,0,C,Mild
1.1284528765713016,1.1284136365758504,4.248963807614727,8.267856917696976,-0.22380674263414502,3.7653001696666375,1,0,C,Mild
1.1223769645735606,1.1223238334558763,4.066886427059153,7.914053884194287,-0.2501910277123307,3.6234585664401426,1,0,C,Mild
1.116505624424553,1.1165013381376887,3.977621110534183,7.861401839832993,-0.22846262563446773,3.5625625375458805,1,0,C,Mild
1.1167570715668813,1.116755620615707,3.8589604432886064,7.636646392078839,-0.2803401761221731,3.4555057151993127,1,0,C,Mild
1.11831377929054,1.1183008733833384,3.9165062015075245,7.769555872856766,-0.25105589107022963,3.502153218564616,1,0,C,Mild
1.1123392956257405,1.11233261011166,4.396605812806123,8.037563440462836,-0.26831407766009807,3.952576187945276,1,0,C,Mild
1.118074249020053,1.118047614186487,4.474806350974534,8.63041675227748,-0.23503226639922792,4.002244354430416,1,0,C,Mild
1.1299324714366243,1.1298952197136498,4.727652722616601,8.251773052037677,-0.26881127237687874,4.1840135071131686,1,0,C,Mild
1.1152438599992522,1.1152098954790506,3.8026163327207283,7.484625899914031,-0.31597704884878386,3.409672511197038,1,0,C,Mild
1.1219363967463167,1.121924086986644,3.9839542815830087,7.8873861645626135,-0.22164939073221923,3.55096268659856,1,0,C,Mild
1.1286736273139044,1.1286555253021628,4.452282239101582,8.35419649576307,-0.25253193340894864,3.9447029959381896,1,0,C,Mild
1.1198150690092374,1.1197889288770513,4.5468650097703005,8.321208409505397,-0.2783569160961057,4.060371337736297,1,0,C,Mild
1.134349259249463,1.134348399567728,4.12759688419677,7.8398601111738415,-0.25236241144664184,3.638735469292566,1,0,C,Mild
1.1280156254597777,1.1280156019008163,4.246605175092021,8.363727591343554,-0.19730608250345982,3.7646687503651464,1,0,C,Mild
1.130115803111113,1.1300842320547255,3.9505746873913328,7.555920187810279,-0.2892645383411141,3.495725549997386,1,0,C,Mild
1.1262701869618228,1.1261875465528777,3.7257133518656413,7.3935038238931075,-0.2618257925945078,3.308010275861037,1,0,C,Mild
1.1299944438192124,1.1299942897596993,4.354595339548732,8.491407000269067,-0.25615902894042675,3.853643142554622,1,0,C,Mild
1.1166634354580132,1.1166275012693259,4.471076521645342,8.558208979661245,-0.188784912781085,4.0039607098010475,1,0,C,Mild
1.1233296128299934,1.1231687510554647,4.232621206656709,8.41764134973722,-0.2326490153390397,3.7679245328479385,1,0,C,Mild
1.1172836086437108,1.1172832984563748,3.998585115850673,7.8885926203384376,-0.19700828356393085,3.5788452322366227,1,0,C,Mild
1.1172679934254481,1.1172668340027112,3.9637970873559647,7.65519119316255,-0.2316457149234683,3.547758559880787,1,0,C,Mild
1.1294317797827862,1.1294309802133515,4.675514006617314,8.961459721664527,-0.1972650752256504,4.139704664159987,1,0,C,Mild
1.122160961733966,1.1221593547152071,4.505752009131351,8.195787271995423,-0.272460229195191,4.015245729248192,1,0,C,Mild
1.108666948805889,1.1086576491213074,3.9901353278363785,7.825083010612618,-0.22907606640057931,3.5990387664519363,1,0,C,Mild
1.1394263677029417,1.1394000398002109,3.8842469191650713,7.719274446076874,-0.17735341747391287,3.4089494760382166,1,0,C,Mild
1.1171328506439189,1.1170379905900611,4.071407529886224,8.123683845260164,-0.27197263417592277,3.6445150883706012,1,0,C,Mild
1.1179723346979606,1.1179717960469628,3.9991224721492435,7.624333799693716,-0.2210527031834122,3.5771211397907043,1,0,C,Mild
1.1059010791164634,1.1058677524684373,3.7487111663573645,7.483163180473088,-0.24155422027482754,3.3897346129296837,1,0,C,Mild
1.1166386998306284,1.116565016554795,4.234030587928885,7.7607678850306705,-0.25039508656975507,3.791764147679193,1,0,C,Mild
1.1226381088412203,1.122600560270928,3.7919665091810417,7.522998841124711,-0.24774450254500957,3.3777282984764208,1,0,C,Mild
1.1282446917354685,1.1281971824524206,4.046342013654899,7.922218420829508,-0.16965818751499695,3.586404654322642,1,0,C,Mild
1.1229138993203347,1.1228815962923038,3.9644051387015296,7.604533255051236,-0.2694017952615586,3.5304622563680637,1,0,C,Mild
1.1163805767513542,1.1163805500154165,4.015198645645022,7.528293413264153,-0.25260233066839843,3.5966217338975675,1,0,C,Mild
1.1259862771991525,1.1259861344263355,3.8587486549514964,7.534212918691745,-0.26590616338021666,3.426994389798413,1,0,C,Mild
1.1252236899932242,1.1251486288263401,3.981358785386414,7.837867493926801,-0.273513235334252,3.5382820507541823,1,0,C,Mild
1.1230220316323636,1.1230210284732511,3.9613235774774633,7.66073510703572,-0.23085137594993554,3.5273783290960905,1,0,C,Mild
1.1086403905848567,1.108632897326568,4.754379543801589,8.486041636255203,-0.2195559620722931,4.288477656215866,1,0,C,Mild
1.1226454917496282,1.1226254686190154,4.1362691483646525,8.260618677015861,-0.19349396542774855,3.6843947432758415,1,0,C,Mild
1.118360006719284,1.1183425300157874,3.8009870921208773,7.573479556053373,-0.24410535626714536,3.3987151447511934,1,0,C,Mild
1.12468340120301,1.1246833718453217,3.9143612122362876,7.799930852541311,-0.18297401941688074,3.48041165011355,1,0,C,Mild
1.1190318516194675,1.1190290874862416,4.553370423002612,8.589074375269503,-0.23368396638526567,4.0690266469296255,1,0,C,Mild
1.1294303589313734,1.1294226857798892,4.090456096420263,7.959932311374193,-0.17604035076530167,3.6216983757108374,1,0,C,Mild
1.1316189960114407,1.1316161094106698,4.280077393808975,8.45123787292733,-0.2541511600312094,3.7822601148396626,1,0,C,Mild
1.1197924084479258,1.1196692279735077,3.9336251397686706,7.8644596615361015,-0.2950210169001455,3.51281640248019,1,0,C,Mild
1.1371485096342506,1.1371441773432691,4.226289177459929,8.002454347356986,-0.25249314170179415,3.716567485824047,1,0,C,Mild
1.1272953118311027,1.1272627634268007,4.068044513657252,7.893914596354852,-0.2570908414193558,3.608676866622815,1,0,C,Mild
1.1290408147533622,1.129026947770348,4.163369298140915,8.039657555687645,-0.2924447134715633,3.6875277171006426,1,0,C,Mild
1.127629501351849,1.127628213080183,3.815411909484084,7.492827149522261,-0.236051742922037,3.383568720852027,1,0,C,Mild
1.1079174355793435,1.1079169865157787,3.863955039014619,7.673450359701163,-0.2374550736407235,3.4875839254159855,1,0,C,Mild
1.1192559320885993,1.1192493023137609,3.9791220232388405,7.70403364848817,-0.21313538792584596,3.5551493712555606,1,0,C,Mild
1.116671675983718,1.1166363016436045,4.306111149680017,8.324483454267575,-0.25929340630006026,3.85620164126273,1,0,C,Mild
1.1336914745943505,1.1336913972585418,3.917026377441978,7.629919474599921,-0.23838791957686922,3.455107906534748,1,0,C,Mild
1.1091873791053908,1.1091255684379449,4.050064252151813,8.086470650935375,-0.24124669561299017,3.651379675288382,1,0,C,Mild
1.1248593971400525,1.124855716700158,3.9828586511944284,7.51817040941252,-0.24821199995075327,3.5407613265451845,1,0,C,Mild
1.1086782857894812,1.108608518081376,4.121092056688505,7.994332245397225,-0.2849941655371948,3.7171216479214326,1,0,C,Mild
1.1147083254225578,1.1146460594020577,4.109991639264132,8.090442173069597,-0.21511676034800686,3.6870556588927763,1,0,C,Mild
1.1111945765304188,1.1111664632118567,4.382595493465545,8.082400278630399,-0.24206933176024448,3.9440396722864786,1,0,C,Mild
1.1170587379038939,1.1170515356127253,4.059931181426088,7.930469079143595,-0.2089556156313095,3.634483168758297,1,0,C,Mild
1.1225267169438526,1.1225263960177891,3.814254740104576,7.311754546838017,-0.2544750584322748,3.3979188936269744,1,0,C,Mild
1.1189131739217377,1.1189036650045974,3.5735786307289277,7.101470035933282,-0.20787764856225088,3.1937944015831934,1,0,C,Mild
1.1223169806427007,1.1223164607941776,4.119339068025761,7.823007993072747,-0.2652391893119259,3.6703882584640213,1,0,C,Mild
1.098610333411032,1.0985248603990174,3.757632658852235,7.474798364387586,-0.26862274776357875,3.420350732716403,1,0,C,Mild
1.108939602937513,1.108932831644466,4.406704655230477,8.356158540151501,-0.2694568989170856,3.973800415782237,1,0,C,Mild
1.133676730395404,1.1336515191790897,4.0079902420386055,8.012526239290354,-0.24124443281779007,3.535390764032616,1,0,C,Mild
1.12970360564789,1.1297026910719172,4.1243071743460415,7.787461793703664,-0.294635021126902,3.6507869442274936,1,0,C,Mild
0.9139479986672666,0.9139396815900943,2.8306773633314792,5.565338788290232,-0.5754418685351892,3.097197397947386,1,5,C,Mild
0.9145197319591475,0.914507977914112,2.997202165158699,5.894828691069909,-0.5423448827803372,3.277351007766541,1,5,C,Mild
0.9151239568964111,0.915118675467427,2.6392520338769763,5.23653030881097,-0.5956488349179034,2.884037745911323,1,5,C,Mild
0.9064862727803581,0.90648154435411,2.919277128145949,5.608278146309372,-0.5531136465979469,3.2204316996351148,1,5,C,Mild
0.9069298847821756,0.9069298754734185,2.880570736476887,5.607953977842562,-0.5356695154605879,3.1761779877490044,1,5,C,Mild
0.9077164043169487,0.9077161713091768,2.989768831106045,5.448577198011428,-0.5685919342620172,3.2937256800551364,1,5,C,Mild
0.9104692035315615,0.9104688738849402,2.972794122478845,5.719434618304131,-0.5892461506947462,3.265123203451431,1,5,C,Mild
0.9124232744857683,0.9124232510220057,2.6995957632138152,5.386609899161678,-0.5635016926741989,2.9587098868507904,1,5,C,Mild
0.9098567971635855,0.909850895515853,2.6024260948713467,5.192331682524912,-0.6062188887990025,2.86025900227841,1,5,C,Mild
0.9065543769606562,0.9065357781157962,3.000477146873892,5.746193698892206,-0.5915207645738394,3.3097597045787697,1,5,C,Mild
0.9152818645816899,0.9152662587801017,3.3272648990149505,5.885831070054339,-0.5855458256753656,3.6352352513131088,1,5,C,Mild
0.9070242644377507,0.907017792460967,2.9218899831125342,5.646861003918682,-0.577703831388821,3.2214022244749594,1,5,C,Mild
0.9111867828820054,0.9111814268191216,2.60291202025691,5.158116576980737,-0.583977572657524,2.8566174017846517,1,5,C,Mild
0.908480631577209,0.9084750239051996,2.713970831788374,5.346518614058767,-0.5917613129990014,2.9873733544287693,1,5,C,Mild
0.9086233111773926,0.9086122768565543,2.872885814501678,5.425251960298229,-0.5900541477654238,3.16180069249929,1,5,C,Mild
0.9069879780190047,0.9069879346658829,2.9517118935871816,5.717320875589033,-0.5432679945396273,3.2544112657746083,1,5,C,Mild
0.9079544490877741,0.9079421718392786,2.780074234783754,5.529286910132787,-0.5474439144908163,3.061909369547015,1,5,C,Mild
0.9075963305773125,0.9075871210212073,2.7753130602035307,5.389487881928293,-0.5961914929919159,3.0578716183638415,1,5,C,Mild
0.9144058582140026,0.9144058567645361,2.72623629130892,5.4089400955692994,-0.6008517304868728,2.981429161700413,1,5,C,Mild
0.9104902099602661,0.9104898414569838,2.894041838239301,5.554828833018776,-0.6335865721391754,3.178553494128836,1,5,C,Mild
0.907794535492863,0.9077600722465808,2.564642351462286,5.07458803383835,-0.6353020585493541,2.8251352604473228,1,5,C,Mild
0.9101857349879139,0.9101856388124879,2.910314944331749,5.673755201024079,-0.5040326798931432,3.1974956675962343,1,5,C,Mild
0.909080100507906,0.9090623197914663,2.620396778588306,5.22941124187152,-0.5824519038055582,2.882470727413659,1,5,C,Mild
0.9096072164076272,0.9095833845283193,2.8882320605478764,5.507078858268783,-0.6153709812481329,3.1752519202239458,1,5,C,Mild
0.9168750904683965,0.9168510487599018,2.8766787189299357,5.635219487545483,-0.6153987792241393,3.1374815924602664,1,5,C,Mild
0.9057152805754969,0.9057147290273828,3.110525110946881,5.987035587949723,-0.5699266070416149,3.434329946349624,1,5,C,Mild
0.9069663561429643,0.9069648067544478,2.7147106473501355,5.332469557715617,-0.60112501317048,2.993176790917499,1,5,C,Mild
0.9062144185656057,0.9062074567362669,2.759962948677322,5.479524091061878,-0.5924681651046844,3.0455959341784777,1,5,C,Mild
0.9148590832373568,0.9148569293049672,2.762657865059281,5.476359969298406,-0.6002461692263328,3.0197632790431834,1,5,C,Mild
0.9151533957611149,0.9151494259380657,2.5946225970050647,5.168146307519422,-0.5902484706085853,2.835177806281502,1,5,C,Mild
0.9121286454852126,0.9121244157726783,2.937763783342806,5.5827401372505765,-0.5780287931025354,3.2207779000077825,1,5,C,Mild
0.9112263369498872,0.9112167557151709,2.7267280799062887,5.41458784839649,-0.5804612772142335,2.9923718941589863,1,5,C,Mild
0.9073894618068601,0.9073892200495394,3.0457982917345485,5.825929193070005,-0.5692624237431514,3.3566604197381054,1,5,C,Mild
0.908389878981403,0.908389876488563,2.9105187271820423,5.418886168593461,-0.5989430016998893,3.2040413422986056,1,5,C,Mild
0.9140658656246402,0.9140656430008436,3.1988406473603845,6.225777074845094,-0.5454677243470312,3.499573463641387,1,5,C,Mild
0.9116214835462961,0.9116050542809796,3.201506210678488,6.218305859399592,-0.5468106488762299,3.511881047629898,1,5,C,Mild
0.9144696437134637,0.9144665210438008,2.8285424741465937,5.516933675883503,-0.5650402183890249,3.093096084262014,1,5,C,Mild
0.9113096398201206,0.9113044179754706,2.7578842752360035,5.442358337649598,-0.5788019694124853,3.0262867358457552,1,5,C,Mild
0.9065497561267712,0.9065496537750454,2.6495898292436486,5.251610134297501,-0.574134185010339,2.9227185946902754,1,5,C,Mild
0.9101621768389526,0.9101532549803141,2.8772472621332286,5.707070162067497,-0.5732894642125368,3.1612467924409686,1,5,C,Mild
0.9078569821885831,0.9078552683904085,3.203478467466324,5.8241687109668865,-0.6074102271211395,3.5286157735369894,1,5,C,Mild
0.9162620416090704,0.916221484902828,3.365885029237033,6.132584003749212,-0.596033032801242,3.6734960921507986,1,5,C,Mild
0.9109819834274326,0.9109766824520934,2.9863903872433486,5.664461205581528,-0.5912998380656207,3.2782101529686725,1,5,C,Mild
0.9125425043358834,0.912521376472213,2.941492117804464,5.877907730804823,-0.5787561162810704,3.223402859404538,1,5,C,Mild
0.9177677599440445,0.917767511686792,2.698709145531814,5.282743951525348,-0.6031865606728433,2.9405142164683933,1,5,C,Mild
0.9113111280616433,0.9112986970195264,2.8045847278400524,5.543555935132383,-0.5922904583503099,3.0775271380756624,1,5,C,Mild
0.9095245483628872,0.9095165580257695,2.9390944348593075,5.5604660676696795,-0.5532543385615658,3.231462460413604,1,5,C,Mild
0.9129656865550174,0.9129650732441239,2.8604457779392725,5.568068359505177,-0.602232103980826,3.133136129938105,1,5,C,Mild
0.9160240244767158,0.9160233600296854,3.023461476451852,5.691526572913105,-0.5947306115923698,3.30063556813264,1,5,C,Mild
0.9159516606400618,0.915917975176226,2.996317594348892,5.7756416551243746,-0.5764280130959865,3.2712617085655835,1,5,C,Mild
0.9116474604831465,0.9116473513405046,3.0507515184182097,5.98562490615209,-0.5310941203657564,3.346415857727943,1,5,C,Mild
0.9083855056767446,0.908370270297753,2.846008672156839,5.530809905081497,-0.5887655267879741,3.1330406026641415,1,5,C,Mild
0.9192364631433275,0.9192257437894794,2.9885371706245722,5.605912264688277,-0.5761421706322798,3.251108164710171,1,5,C,Mild
0.9069687136591662,0.9069673038543631,2.8242870764930785,5.497065530868841,-0.5972474914120323,3.1139851176326574,1,5,C,Mild
0.90454840596342,0.9045471334522922,2.816153429249887,5.546926155238115,-0.5318873767767025,3.113325291033427,1,5,C,Mild
0.9147081884773451,0.914708126072193,2.8797596977239386,5.580533391274562,-0.5763539603190626,3.1482824074393454,1,5,C,Mild
0.9122843615963258,0.912282078831196,3.167693722794806,5.897241590729805,-0.5500037794671728,3.4722657278175184,1,5,C,Mild
0.9181058740507779,0.9180928252380823,2.8166006235764462,5.603460546476699,-0.6027748963850423,3.0678385828742316,1,5,C,Mild
0.9086273226392348,0.9086271328695339,2.896325008057258,5.688464226125425,-0.5680084909402381,3.187583001185214,1,5,C,Mild
0.910979421594095,0.9109794182538044,2.7365154981137723,5.380391941788007,-0.6170370734564203,3.0039267992741565,1,5,C,Mild
0.9099619538716851,0.9098986706369517,3.0269936150405794,5.797894974807273,-0.565016963393068,3.326505687585505,1,5,C,Mild
0.9086537414073423,0.9086536934583577,2.791716598928165,5.555323244761922,-0.5605320217541556,3.0723657117223713,1,5,C,Mild
0.9074370273663982,0.9074223722567896,2.7153515399019104,5.171293203669489,-0.6022387388511063,2.992330550784904,1,5,C,Mild
0.9142413944766565,0.9142325176077402,3.1645559032347346,5.910025348153919,-0.5893182035112954,3.4614008098443585,1,5,C,Mild
0.9069340444233528,0.9069340438149103,2.900995283940765,5.745607410594231,-0.625497544298673,3.198683853339387,1,5,C,Mild
0.9103368467263324,0.9103322446058008,3.1321091754161747,5.807554237754782,-0.561169872201583,3.440604636272354,1,5,C,Mild
0.9082819445963881,0.9082779235159119,2.5908849571909207,5.152472839043881,-0.5939221830506414,2.85251179174571,1,5,C,Mild
0.9143497463138036,0.9143186766965603,2.937568018612283,5.6561260932759465,-0.5630684836426658,3.212740016011459,1,5,C,Mild
0.9086660719563527,0.9086659783735895,2.7740626378105793,5.201006187567688,-0.6133818301002716,3.052895583344538,1,5,C,Mild
0.9090835937968051,0.9090818300649409,2.953177354227445,5.765320845713031,-0.5768228248101073,3.248521229927209,1,5,C,Mild
0.9109624588023835,0.9109563353744738,2.8969589033043928,5.545839973568932,-0.572073433464793,3.1801078906291513,1,5,C,Mild
0.9131579980711084,0.9131567929362052,2.765863669939253,5.4695005535991585,-0.575858293710398,3.028899353432452,1,5,C,Mild
0.9058236636398687,0.90582124373431,2.707056062696033,5.378091855962534,-0.6047648538477572,2.988502256408579,1,5,C,Mild
0.9099861120468169,0.9099745327312853,2.8047329288926117,5.48486970677847,-0.563941330849155,3.08217113619896,1,5,C,Mild
0.9092056900761999,0.9091923526876106,2.973832052025736,5.769854881773555,-0.6150935986483521,3.2708022887279786,1,5,C,Mild
0.9135768502402207,0.9135707701796144,2.6754132569908142,5.31396245970293,-0.5817854051450677,2.9285037775282143,1,5,C,Mild
0.9084658483143121,0.9084657233673584,2.9278350789099346,5.63602436451275,-0.5705351411134965,3.2228345009805572,1,5,C,Mild
0.9137101013813135,0.913704095623165,2.665249743051237,5.27686153522459,-0.5867734407161813,2.916953352077437,1,5,C,Mild
0.9106031873590645,0.9105904244760082,2.8361341697375924,5.489323275958485,-0.5883893807719214,3.1145664863780693,1,5,C,Mild
0.9079955376177004,0.907973836110356,2.918719334007484,5.829832887525248,-0.6141538949757632,3.2144644032781278,1,5,C,Mild
0.9165613790034929,0.9165424457807477,2.7019889626822096,5.342718263408807,-0.5838389010121188,2.9479629237922675,1,5,C,Mild
0.9095643987622868,0.909557141692977,3.1929222430180717,5.730476569739798,-0.5723671888116448,3.510386122591125,1,5,C,Mild
0.9109193425341844,0.91091888245651,2.786283723461904,5.3548035061252754,-0.6063576474886365,3.058760082655004,1,5,C,Mild
0.9055505544866385,0.9055168724806989,2.906190501760215,5.6612818924631245,-0.5696706198428574,3.2093078485361324,1,5,C,Mild
0.9116942103212751,0.9116917219254651,2.996077060759566,5.757134273175463,-0.5591748776837124,3.2862740893174784,1,5,C,Mild
0.9155399175120954,0.9155352718189932,2.8175935740823617,5.627716836657795,-0.6329851374085029,3.077521274811197,1,5,C,Mild
0.9104494383294143,0.9104315648639867,3.026181623325268,5.655626183373153,-0.6080836701632943,3.323832709346293,1,5,C,Mild
0.9135806393049177,0.9135671110489205,2.9852814742940854,5.657496699240247,-0.6204343463197071,3.2676715616099155,1,5,C,Mild
0.90879654490736,0.9087918174940672,2.6681784922685448,5.278495227652071,-0.6367874118708285,2.9359470029020973,1,5,C,Mild
0.9098618034795223,0.9098553229434937,2.7000819689990063,5.362775288959531,-0.6021365035637145,2.967573711384814,1,5,C,Mild
0.9050141266022415,0.9050081393811258,2.9335265691668106,5.506713875046641,-0.5792530986000215,3.2414152253958255,1,5,C,Mild
0.9099590270249378,0.9099590130893197,2.789852524854688,5.489754032211701,-0.579667957979626,3.0659100486930284,1,5,C,Mild
0.9050340100280632,0.905033855616209,2.7534340036942657,5.388061443765329,-0.5808636223462198,3.042354180268748,1,5,C,Mild
0.9090735296145674,0.9090734873413717,2.7320979906397778,5.44708581212224,-0.5483158995815143,3.0053652445453376,1,5,C,Mild
0.9074336214212281,0.9074332444020389,2.75772980923197,5.330738933420004,-0.5936855139677668,3.0390430155241512,1,5,C,Mild
0.9105011869121393,0.9104535308912785,2.861059526678764,5.401020774474741,-0.5550015346811006,3.142290825980931,1,5,C,Mild
0.9099432240585238,0.9099367810340748,2.9551023226594513,5.7585181159283305,-0.5972007221475586,3.2475678092080513,1,5,C,Mild
0.9126933236014492,0.9126473360422155,2.870261320776107,5.54757841557293,-0.5659620002196464,3.1448255909774576,1,5,C,Mild
0.8994966165505283,0.8994963750656447,2.900441814723555,5.695935384166653,-0.5404187069302409,3.224516647818459,1,5,C,Mild
0.9081291816731911,0.9081120570172095,2.9454179676387326,5.760335224142985,-0.5803833188126633,3.2433909482039986,1,5,C,Mild
0.8309483418214207,0.8309455332882343,2.184448286141543,4.302901345174995,-0.8158617823020613,2.62886171883234,1,10,C,Mild
0.8322847878826175,0.8322765149165886,2.2723972259686516,4.351955724830971,-0.8319628267069459,2.730312098758607,1,10,C,Mild
0.8270937075239418,0.8270933346045266,2.248490413217428,4.302244429049839,-0.8308200502824787,2.7185437306114935,1,10,C,Mild
0.8321423645733007,0.8321259400078588,2.415686023369118,4.471470068634036,-0.8146145476980897,2.90297204686582,1,10,C,Mild
0.8299344451901857,0.8299342130304825,2.1735951157141864,4.196862370884052,-0.8255657808590229,2.6189961488055733,1,10,C,Mild
0.8391696261777822,0.8391694252398213,2.1622243671132773,4.258540425111164,-0.852172947778191,2.5766237238133773,1,10,C,Mild
0.8310938796575631,0.8310890046918812,2.2941648530859933,4.543345223253203,-0.8231073677084599,2.7604160122455257,1,10,C,Mild
0.8325786184104518,0.8325772711737695,2.1401687753366727,4.25426501186049,-0.871632821306974,2.5705305517245387,1,10,C,Mild
0.8293798111468168,0.8293743065853896,2.2399734246359713,4.388277305602483,-0.8133917278272524,2.70078122776906,1,10,C,Mild
0.8278886248004446,0.827888387961578,2.392403906754442,4.451996217335237,-0.8471013614090213,2.8897654045326573,1,10,C,Mild
0.8276116020328245,0.827604244689279,2.1392464413391243,4.154263279220768,-0.8200865859778825,2.584843465321887,1,10,C,Mild
0.8311710006086115,0.8311668758956691,2.1952381098951452,4.357109414358243,-0.8248434216762663,2.6411389573116937,1,10,C,Mild
0.8304616435628841,0.8304579357166467,2.1438581296226165,4.240100925405415,-0.8369075796514687,2.581525764904613,1,10,C,Mild
0.8270514115027878,0.827047057418168,2.30672905838546,4.2769445357489,-0.8516172446253321,2.789099959570874,1,10,C,Mild
0.8310201040829674,0.8310168833497408,2.1428715940060603,4.262813158750219,-0.837471251259819,2.5786037948753644,1,10,C,Mild
0.826428277885355,0.8264229088285423,2.1922395554324265,4.218679742337439,-0.8190040037505102,2.6526676471452273,1,10,C,Mild
0.8328258242038062,0.8328256555358049,2.126061786745016,4.205698431213084,-0.8415199487035161,2.552828844827863,1,10,C,Mild
0.8329522316244365,0.8329245640715512,2.2133504521617393,4.416059314776339,-0.8144885809150977,2.657235755098739,1,10,C,Mild
0.8329297351771263,0.8329280088160271,2.1666637225043197,4.192757177334741,-0.8223403516562251,2.60125630170181,1,10,C,Mild
0.8330636785278148,0.8330633483180425,2.1935228352467355,4.309521075345449,-0.8177578073944591,2.6330794293217967,1,10,C,Mild
0.8339526276229581,0.8339481080105039,2.1154544888576328,4.154183251213035,-0.827026001667929,2.5366602595729932,1,10,C,Mild
0.8255830293254443,0.8255763478878628,2.207731894644987,4.2929188074224385,-0.828054170788711,2.6741488332782826,1,10,C,Mild
0.8363814029557118,0.8363802377171845,2.294974069651737,4.460178423968992,-0.8234037177818787,2.743932447016951,1,10,C,Mild
0.8335033304568009,0.8335024353137751,2.09321401114753,4.1734312887565395,-0.8350209685512726,2.5113445077662084,1,10,C,Mild
0.829923115741638,0.8299230550080574,2.2598152688972464,4.341320075118294,-0.8030378516406422,2.722921227320948,1,10,C,Mild
0.8338059746144066,0.8338058531971189,2.1472291816555447,4.287015498017183,-0.8397416224060321,2.5752144348072465,1,10,C,Mild
0.8270888322960609,0.8270888298940592,2.1466336975807754,4.257361091693305,-0.8445691688573946,2.595408877207976,1,10,C,Mild
0.8318813375025401,0.8318794854142214,2.156054857194767,4.23946532015742,-0.8047655524191173,2.5917817361640036,1,10,C,Mild
0.8307070534202594,0.8306978805562265,2.117595229090935,4.170880032205714,-0.8422523188944955,2.5491480063545713,1,10,C,Mild
0.8284379312994731,0.8284360150576664,2.293232591422229,4.514455727566682,-0.8552063725195906,2.7681405024817067,1,10,C,Mild
0.8317738908270006,0.831771159960184,2.2681046522300603,4.4175042891234355,-0.8379338694394058,2.726828381178173,1,10,C,Mild
0.8319084439513316,0.8318974131994958,2.2977796969950344,4.447785255308852,-0.8255702163125846,2.7620583896002135,1,10,C,Mild
0.8325058956026131,0.8325043762209706,2.2137182327571723,4.414359683477031,-0.8265380775280247,2.659102169066037,1,10,C,Mild
0.8326602419588393,0.8326599912072039,2.1870019667622422,4.369288869426331,-0.8340008296137822,2.626523828755537,1,10,C,Mild
0.8362924214073774,0.8362904914189295,2.2684255391893497,4.4397848606902715,-0.8474449153553607,2.712478890304743,1,10,C,Mild
0.8306265274587751,0.8306241225349666,2.1950095925251656,4.297286433641155,-0.8394759246518384,2.6425951013635385,1,10,C,Mild
0.8310938096630125,0.8310845079587518,2.393694956603304,4.760776468759416,-0.8393074924084951,2.8801742099052414,1,10,C,Mild
0.8342163121844843,0.8342142111421547,2.274477683720019,4.4108951324341925,-0.8282134735263869,2.726484306886851,1,10,C,Mild
0.8363491278294031,0.8363465289963746,2.0970304841577625,4.190317865258486,-0.8361392166561421,2.507362552765776,1,10,C,Mild
0.8297692596074421,0.8297681007704203,2.243901762705983,4.388082294028903,-0.834804943271445,2.7042478818359177,1,10,C,Mild
0.8299220757236973,0.8299149404135228,2.1853856087843653,4.246676765585726,-0.8310141926418981,2.6332419304290653,1,10,C,Mild
0.8298096136277673,0.8298091328375317,2.3327678494860713,4.337119541324839,-0.8379910692228867,2.8112085123811243,1,10,C,Mild
0.8294731458948927,0.8294728618838254,2.3017929350955253,4.451809023348332,-0.8275307461175667,2.775005973957352,1,10,C,Mild
0.8328465659152853,0.8328387167047593,2.221928281532345,4.413520279758014,-0.8045644974486397,2.667872297810919,1,10,C,Mild
0.8288051354681237,0.8288022988380206,2.21274081232742,4.39619118318714,-0.8197425482890188,2.6697962134098328,1,10,C,Mild
0.8323761056414178,0.8323690267693794,2.150479381027234,4.210076112153731,-0.8418822913602444,2.5835429038056104,1,10,C,Mild
0.830001069828414,0.8299989858204488,2.019116721520112,4.006478211695255,-0.8492171349349489,2.432667613232744,1,10,C,Mild
0.8309060176863687,0.8309060125354782,2.151865988408444,4.27479953733501,-0.8388577653682181,2.5897826500285146,1,10,C,Mild
0.833532027173945,0.8335293459189663,2.425458973497072,4.669944046099756,-0.8587816685584024,2.909856963409658,1,10,C,Mild
0.8302107251639921,0.8302084861845986,2.059977816982026,4.103830512534701,-0.8336429479480452,2.4812710249859964,1,10,C,Mild
0.8315838284249988,0.8315837527830039,2.104622642883748,4.179578982574567,-0.8329265317252932,2.530860474848166,1,10,C,Mild
0.8320213447881404,0.8320170728825236,2.0068918529623203,4.005160186372226,-0.8463122278895576,2.412067749864446,1,10,C,Mild
0.8290477582760152,0.8290465998016852,2.075751657548122,4.128880450933824,-0.851144245686223,2.5037781440536038,1,10,C,Mild
0.8303035460447036,0.8303033890571037,2.264653492413611,4.344770235734535,-0.8394736962672749,2.7275006871904672,1,10,C,Mild
0.832931022131462,0.8329308757480072,2.1737283038033612,4.241392103393509,-0.8250274832542233,2.609733874770101,1,10,C,Mild
0.8330782170275703,0.8330770840744137,2.389930209624897,4.61117636710822,-0.8140662866772677,2.868794503056612,1,10,C,Mild
0.8371116395622455,0.8371112742890474,2.2030991483544966,4.400770448403161,-0.820387962081297,2.631786543437113,1,10,C,Mild
0.8273337066807556,0.8273243817717626,2.2934629367304487,4.3333688257244365,-0.8245899139140618,2.7721134993179124,1,10,C,Mild
0.836011296439887,0.8359886074624986,2.4062083051167664,4.556791148580016,-0.8222391852091264,2.878200707769723,1,10,C,Mild
0.8343012531116843,0.8343003641611305,2.2492219697512486,4.36178530078435,-0.8292517271647859,2.695935025103162,1,10,C,Mild
0.8306747546727313,0.8306730240589427,2.314223657288633,4.526948998821961,-0.8288993811249963,2.7859564098591023,1,10,C,Mild
0.8283350469356651,0.828334251664639,2.259821204040061,4.302247496177032,-0.8301073549176263,2.728148727257192,1,10,C,Mild
0.8350303407137204,0.8350215214643953,2.1469162836284283,4.170398836684343,-0.8454104114901542,2.571063803254631,1,10,C,Mild
0.8280572427401043,0.8280571302525934,2.1940670267551514,4.387008105996223,-0.8281289830852212,2.649656223638377,1,10,C,Mild
0.8302398712352965,0.8302396056853097,2.0971412507170317,4.159161857641536,-0.8397073112425542,2.525946203470979,1,10,C,Mild
0.8322673745841722,0.8322646207187219,2.361684022257008,4.718111757838207,-0.8245152567916096,2.837650608900754,1,10,C,Mild
0.8301860506731736,0.8301844614912981,2.2983314536004937,4.328044779398816,-0.8309574038954834,2.7684534710464526,1,10,C,Mild
0.8281994347116497,0.828197034604861,2.1719942580563414,4.2646146372005855,-0.8409285238725839,2.622549795403512,1,10,C,Mild
0.830484162428516,0.8304821205342423,2.1744541707179788,4.247710866858057,-0.8273940870989289,2.61829697553702,1,10,C,Mild
0.8328657562867162,0.832854002205341,2.1395140826494963,4.278099905823717,-0.8289684079408595,2.5688582661729256,1,10,C,Mild
0.8320860664169338,0.8320766675091782,2.227749161526673,4.419159853475431,-0.8219148300352117,2.677306172328589,1,10,C,Mild
0.8299578107934932,0.8299541170402307,2.1509138327251796,4.160430204605318,-0.8291671355754522,2.591594180755727,1,10,C,Mild
0.8325455074160905,0.8325434818048445,2.167115885966364,4.2274392405449674,-0.8380418608075235,2.6029999161154334,1,10,C,Mild
0.8311520023361756,0.8311519625796397,2.194282479480188,4.362047648655604,-0.8421309637046042,2.6400495617078086,1,10,C,Mild
0.8304462083608527,0.8304458004782128,2.125299831353826,4.241071107102022,-0.8430377950081889,2.5592263652437826,1,10,C,Mild
0.8317990632489136,0.8317972147337672,2.1759418802425046,4.2266254474249845,-0.820751917758872,2.6159465385107796,1,10,C,Mild
0.8329345311113198,0.8329323832231241,2.14057667063124,4.135610746048972,-0.827216042830742,2.5699218734217144,1,10,C,Mild
0.8308005928539584,0.8307973003643058,2.4170782692356205,4.539426911985619,-0.8208834693923328,2.9093362354647536,1,10,C,Mild
0.8324317897837796,0.83243131609966,2.1100686712459846,4.149171902723987,-0.8551558492288196,2.5348247113364875,1,10,C,Mild
0.8328045723244133,0.8327984218933968,2.167800304885094,4.229496620294805,-0.8452077970647331,2.6030120113709487,1,10,C,Mild
0.8318350963105339,0.8318347222319217,2.25037288135343,4.422538044457844,-0.8505733979644621,2.705311294671966,1,10,C,Mild
0.8321018969088192,0.8321011430005234,2.2211861740417245,4.265345200287918,-0.8378543985422953,2.669367997228733,1,10,C,Mild
0.8327326370365846,0.8327318000251351,2.1581552276553397,4.247045130041342,-0.8387764866188108,2.5916544298485626,1,10,C,Mild
0.8348116789145648,0.8348083103911963,2.13165208722096,4.1724072810618225,-0.8550930133120898,2.553452642148667,1,10,C,Mild
0.8332209932586048,0.8331935372973369,2.3440320732743385,4.366485579300296,-0.8393787499451211,2.813217732437554,1,10,C,Mild
0.8317822034742554,0.8317688424574841,2.29908829736869,4.411518638747961,-0.8225541509578309,2.7640508389884655,1,10,C,Mild
0.8330529737939328,0.8330526391496114,2.416801699617925,4.594797634289053,-0.8212329539220811,2.9011380736223793,1,10,C,Mild
0.8342227049603853,0.8342188887404518,2.282534548194329,4.50326845059244,-0.82648197081601,2.736121343404001,1,10,C,Mild
0.8283018458080752,0.8283003872947224,2.1495710908937453,4.295061143941565,-0.8423077553647538,2.595154292812985,1,10,C,Mild
0.8321581431479148,0.832158142074946,2.101496970026706,4.153142299935135,-0.8244949173706586,2.525357694725062,1,10,C,Mild
0.8308431503737129,0.8308392575648411,2.2901426415378063,4.56267907276658,-0.8330167788373526,2.7564079218895903,1,10,C,Mild
0.8389721450348621,0.8389706059004998,2.36367835402287,4.560255544276229,-0.8345011152577015,2.817350215989175,1,10,C,Mild
0.8341941442656979,0.8341755117750527,2.1771506064287336,4.231409159919477,-0.8385027457398859,2.6098847868863637,1,10,C,Mild
0.8319923633958475,0.831992349025385,2.192578300451204,4.235521811250855,-0.8474067257980318,2.6353346459840203,1,10,C,Mild
0.8322130714501709,0.8322130143621281,2.1470844740712534,4.197862014244453,-0.8175200666289291,2.5799696588877854,1,10,C,Mild
0.8345667967498563,0.834563271299968,2.1008567773144744,4.195195380676158,-0.8402515990980635,2.5173021326705878,1,10,C,Mild
0.826623078611267,0.8266207915512882,2.3818507631622765,4.676394768456209,-0.8402287075556303,2.881423014663229,1,10,C,Mild
0.8354387934102366,0.8354384102661724,2.211051581344977,4.244244793118822,-0.8506604547624486,2.646575187536515,1,10,C,Mild
0.8326240160817958,0.832623889758873,2.1625865424258333,4.303178114954238,-0.8248554434674258,2.5973146350049356,1,10,C,Mild
0.8313867569680433,0.831384156710153,2.1951337326574736,4.3846926504625845,-0.8276601191486543,2.6403279992849944,1,10,C,Mild
0.7984048163760176,0.7984046375097592,1.7124246064638313,3.3966242188494,-0.9870596876315538,2.1448074602512746,1,20,C,Mild
0.7966223775096375,0.79662002626768,1.6524291448501123,3.280944532814415,-0.9902078916001034,2.0742941593178146,1,20,C,Mild
0.796250348828053,0.7962496757239552,1.7245965653337585,3.382476233002171,-0.9905358115982921,2.165897406352255,1,20,C,Mild
0.7961153494777338,0.7961142814322665,1.6961352151738793,3.307352871933816,-0.9909821026053502,2.1305143988073776,1,20,C,Mild
0.7965514712332845,0.7965463465423672,1.6897510791084493,3.3709743617494143,-0.9925424886618499,2.1213331970779516,1,20,C,Mild
0.7967253550882053,0.7967247198729019,1.8050493436767037,3.4931259519621367,-0.9850633538925417,2.2655854142822744,1,20,C,Mild
0.7962741281083203,0.7962740167647762,1.6899545502267794,3.3126978396779094,-0.9915750883441401,2.122327588667917,1,20,C,Mild
0.796851148631684,0.796850504489246,1.7063268197774448,3.410748065956839,-0.9884494194190339,2.1413369645102103,1,20,C,Mild
0.7974261220307368,0.7974256101071996,1.6914751939523889,3.3527766585878775,-0.9925800673217,2.121168528621628,1,20,C,Mild
0.7977785950625608,0.7977785168137944,1.777009095543781,3.4445348341788637,-0.9886990271776721,2.2274464450934914,1,20,C,Mild
0.7967763092617085,0.7967761944174278,1.7343831047304794,3.4014042412726178,-0.9896625334991542,2.176750343314745,1,20,C,Mild
0.7955105892729459,0.7955105892153641,1.7123702358808046,3.4183549021894035,-0.9866118447069678,2.1525423532649883,1,20,C,Mild
0.7973313773080123,0.7973277319873623,1.722269623879309,3.4258592555819884,-0.9840885574667104,2.1600424527304027,1,20,C,Mild
0.7971948285557732,0.797194302576094,1.7667855717987675,3.516420826975435,-0.9897110912912415,2.2162531774065064,1,20,C,Mild
0.7967430366493302,0.7967426214565736,1.6979983274182209,3.380799180278308,-0.9892729071582327,2.131174355233881,1,20,C,Mild
0.7978285851607148,0.79782769277123,1.7513047788333613,3.452512653292646,-0.9859129706333012,2.195089034670998,1,20,C,Mild
0.7963472411527125,0.7963471542420668,1.7564566502446102,3.4121927868421205,-0.983350510559259,2.205641659161322,1,20,C,Mild
0.7961164541219358,0.7961154415690604,1.6987508270006206,3.3719125085052046,-0.9897005045147371,2.1337969064767432,1,20,C,Mild
0.796922251552272,0.7969218067876304,1.7444325389552686,3.413666073702511,-0.9804534913631571,2.188962016755592,1,20,C,Mild
0.7951970326526728,0.795193577708726,1.7074010840520049,3.341053224027344,-0.988540817473349,2.1471421722442035,1,20,C,Mild
0.7968074720758188,0.7968068736561301,1.7288122666613763,3.419344036776484,-0.9813377618143648,2.1696737634218297,1,20,C,Mild
0.7969677858702935,0.7969661256342854,1.7168090703904526,3.3753258374252364,-0.984416644837125,2.1541762425386954,1,20,C,Mild
0.7975256911028981,0.7975242066287235,1.7545641860649535,3.4555022980483487,-0.9775793216494502,2.200009611776352,1,20,C,Mild
0.7964627720888987,0.7964604232434339,1.6741327582944432,3.333152435855996,-0.9891874114304313,2.10195983662069,1,20,C,Mild
0.7950122376793886,0.7950117566957284,1.7277924543002445,3.3777025720347664,-0.9878969674036573,2.1732903877600767,1,20,C,Mild
0.7965717905607703,0.7965699996952228,1.7614220554994784,3.422439717360382,-0.9841910897751482,2.211253368964363,1,20,C,Mild
0.796314260911678,0.7963126880474232,1.714721617577623,3.410856584156429,-0.9851237405143203,2.153322754278551,1,20,C,Mild
0.7971379820909149,0.7971362114142183,1.7280957495944567,3.4225318857192386,-0.9834500764371437,2.167875309443434,1,20,C,Mild
0.7980061772594604,0.7980060814369672,1.745725330104437,3.4298788399603954,-0.9766742717363264,2.1876087928287293,1,20,C,Mild
0.7974497221056244,0.797449257369552,1.767271887815131,3.438136008971525,-0.9861948110105798,2.2161546224491016,1,20,C,Mild
0.7974759957967925,0.7974754042707682,1.6919033371821306,3.299471568271447,-0.9860138613603171,2.121572744633746,1,20,C,Mild
0.7979219581314798,0.797921638685857,1.7380947376221634,3.4285835963551277,-0.9835966884728458,2.1782766095224617,1,20,C,Mild
0.7968866637787213,0.7968856156765611,1.7720454101642023,3.4846197762332607,-0.9930527851266016,2.2237107115852828,1,20,C,Mild
0.7984704324700228,0.7984701030113983,1.6924059565832568,3.3817120828764926,-0.9867521371339971,2.11955995834172,1,20,C,Mild
0.7964176062710359,0.796417167420976,1.7361361329854095,3.4116055375847996,-0.9957109271597941,2.179931884120816,1,20,C,Mild
0.7970555856967457,0.797053629182968,1.7163883965363431,3.3883533059586566,-0.9911272333939882,2.1534111639603695,1,20,C,Mild
0.796709793523518,0.7967083627969708,1.747160076421455,3.4358881056191137,-0.9863463574194253,2.1929692475531,1,20,C,Mild
0.7978776627199132,0.7978774565481812,1.6886968923898247,3.3605451635210404,-0.988284967626702,2.116485986878197,1,20,C,Mild
0.7972801519715444,0.7972801291569208,1.7611083488807833,3.451365010235918,-0.982200379260624,2.2088952603747227,1,20,C,Mild
0.7973279948695506,0.7973272636543096,1.6923535446752085,3.365642899881144,-0.9877096436957968,2.122531198659457,1,20,C,Mild
0.7991967713961151,0.799196614540042,1.7271946617766771,3.4038852865065286,-0.9823452567028843,2.1611632123581335,1,20,C,Mild
0.7976928322687349,0.7976907148526516,1.691818693520895,3.331838767746796,-0.9869070422702735,2.1208899279051536,1,20,C,Mild
0.7969742253811973,0.7969741875929811,1.6953962944916956,3.377438730126138,-0.9888753882274952,2.127291247945663,1,20,C,Mild
0.7971386614997187,0.7971384933130523,1.7344823067141584,3.3652715604706263,-0.991801724972253,2.175885313918839,1,20,C,Mild
0.7963858280072587,0.7963826651904437,1.7404086416905895,3.397418506777557,-0.9881523542764876,2.1853837430099605,1,20,C,Mild
0.7975289455842172,0.7975254172784203,1.6829068553534683,3.3623429100754234,-0.9822537636960211,2.1101514429933093,1,20,C,Mild
0.796800479371865,0.7967991399525554,1.7233643081614454,3.3986363334694794,-0.993413438040903,2.162855511231633,1,20,C,Mild
0.7963355585633993,0.7963354093844178,1.6953431911746235,3.3476245181190545,-0.9843938276270094,2.1289306661541607,1,20,C,Mild
0.7962545135081608,0.7962533979040953,1.7674526595681064,3.5311511190878035,-0.9839892491499751,2.2197081832302756,1,20,C,Mild
0.7969514587699125,0.7969513519697428,1.7279789173101927,3.405725243817007,-0.9811309327540569,2.168236093045507,1,20,C,Mild
0.7964912437475845,0.7964903108086104,1.6867283450377824,3.322054190516596,-0.9898498941747342,2.117698541294099,1,20,C,Mild
0.7968082579642334,0.7968082150069721,1.7790845316750876,3.5071231651913264,-0.9820250203199081,2.2327636716773913,1,20,C,Mild
0.7967490185642107,0.7967475137506035,1.692900692527287,3.372761968814232,-0.9926934655614206,2.124760311067587,1,20,C,Mild
0.7967851286907977,0.7967845094695833,1.7213286250873103,3.3919677301046183,-0.9936318752428033,2.160342309495203,1,20,C,Mild
0.7989946201605059,0.7989926726216116,1.7014748805847015,3.3959956343955273,-0.989697337931823,2.129519821100799,1,20,C,Mild
0.7995481297722673,0.7995466468592209,1.7620085081459065,3.4553825707237515,-0.9879177740082885,2.2037553995001824,1,20,C,Mild
0.7958953152410071,0.795895289592215,1.687736367578951,3.3301572155193826,-0.9891377331053124,2.1205506996455723,1,20,C,Mild
0.7973759533351047,0.7973752779083447,1.7149128273522471,3.3698083089964928,-0.982896659675919,2.150695440688238,1,20,C,Mild
0.7978071030680839,0.7978051454475729,1.700352197278356,3.348244503682176,-0.9825709326067296,2.1312823497552262,1,20,C,Mild
0.797295788305773,0.7972947694041453,1.7503124549732694,3.3801311528945366,-0.9848213483955264,2.195311301835201,1,20,C,Mild
0.7964437288607276,0.7964436207915729,1.6826203421397694,3.3556414840281077,-0.9875982713690377,2.112666948293601,1,20,C,Mild
0.7971377833116015,0.7971373635127499,1.684388450029921,3.3507890464933086,-0.9895632697872006,2.113045555352246,1,20,C,Mild
0.7976986068218528,0.7976985826243095,1.7112272031195528,3.40604846694584,-0.991394016869525,2.145205204679159,1,20,C,Mild
0.796646133011415,0.7966410600377225,1.7459778900111402,3.422451098525431,-0.9855044898657783,2.1916605349117066,1,20,C,Mild
0.796542910670051,0.7965422082655,1.689346133658932,3.317062226176272,-0.9925682185181022,2.1208476166561523,1,20,C,Mild
0.7965416612929441,0.7965407746374332,1.7060673888674276,3.3795248421483106,-0.9901810177008867,2.141843260399141,1,20,C,Mild
0.7961058052317708,0.796105609710515,1.6999397549668136,3.396073755069294,-0.9844693607445412,2.1353188782135675,1,20,C,Mild
0.7966530128405108,0.7966502979002007,1.7106457412301312,3.38499752597042,-0.9815155133197013,2.1472908702506857,1,20,C,Mild
0.7974789282166822,0.7974779071587715,1.7621934700789077,3.3916101820127724,-0.9846181248196002,2.2097053699205755,1,20,C,Mild
0.7972009049742859,0.7972005451962032,1.6851509656414423,3.3530901287304884,-0.990775431742033,2.1138347374251887,1,20,C,Mild
0.7955167965451481,0.7955161095567495,1.6719398992817518,3.3277179526296776,-0.9852715438527628,2.1017028258143937,1,20,C,Mild
0.7962078050896958,0.796207310579738,1.6708774652277765,3.3258973102641045,-0.9874059647530746,2.0985444434817437,1,20,C,Mild
0.7967751988085737,0.7967750008633189,1.7972351011598202,3.488948805360759,-0.9854230659664096,2.255636349935646,1,20,C,Mild
0.7965411604957384,0.796537610341104,1.7549899770468866,3.4098956393586706,-0.9823681249376905,2.203263389370418,1,20,C,Mild
0.7973129932823227,0.797312991214939,1.7849978348615907,3.454362650868975,-0.9875443412254583,2.238766770265759,1,20,C,Mild
0.7971393745234945,0.7971393466184395,1.6841045468920257,3.3591925924048924,-0.9866332331987806,2.1126851849448935,1,20,C,Mild
0.7963294717855705,0.7963287648445901,1.712099170281445,3.414428394368014,-0.9924686825989415,2.149988454455276,1,20,C,Mild
0.7962980503776245,0.7962978210094429,1.748161772394687,3.4442327201451133,-0.9848158838809749,2.1953611107871795,1,20,C,Mild
0.7968456156044744,0.796841617166587,1.7125073433573115,3.4236495064349737,-0.9850432830077684,2.1491080703985936,1,20,C,Mild
0.7975133745215326,0.7975119430774148,1.7377250183357658,3.3978112519580614,-0.9844356598246549,2.178928998373616,1,20,C,Mild
0.795422130240919,0.7954220494132124,1.6697848792838872,3.30872003199413,-0.987827166321694,2.099243679300373,1,20,C,Mild
0.797352122181232,0.7973517018754912,1.6818789671536587,3.317952853479544,-0.9886578754782929,2.10933026998501,1,20,C,Mild
0.7982822459105147,0.7982792876420598,1.7673360221766121,3.467124563432158,-0.9860145356268517,2.2139237484366223,1,20,C,Mild
0.7972414801832587,0.7972408968415111,1.7261296759627236,3.4397890968620386,-0.9885094940030941,2.165127779811388,1,20,C,Mild
0.7963637145712349,0.7963634890012891,1.692627279594079,3.3490465932869835,-0.9882074793114106,2.125445005370939,1,20,C,Mild
0.7967539511631636,0.7967526058992408,1.7359953763554525,3.430767487152932,-0.9811933317792034,2.178834976370197,1,20,C,Mild
0.7978600524842474,0.7978580199532052,1.801868050168184,3.46952563990016,-0.9872780475917962,2.2583760705374574,1,20,C,Mild
0.7967852962140218,0.7967845108966675,1.6966747858022675,3.392470075003107,-0.9865865518277426,2.1294002209429945,1,20,C,Mild
0.7972092302555529,0.7972079035167913,1.6978299394268495,3.365804687402159,-0.985457812437109,2.1297168610084887,1,20,C,Mild
0.7973738935434438,0.7973738871404834,1.7552942945572387,3.4482920928292122,-0.9809407843487192,2.201344073050724,1,20,C,Mild
0.796714196619168,0.7967141446959468,1.7680042673796679,3.4786323163467783,-0.9860682053207301,2.219119823497735,1,20,C,Mild
0.7975116214592776,0.7975113734901295,1.706422403471335,3.3668315060384217,-0.9949486505167862,2.139683432260138,1,20,C,Mild
0.7974282138438858,0.797425428476348,1.7325430465219611,3.4203016391227603,-0.983565415431273,2.172663340027175,1,20,C,Mild
0.797630014222069,0.7976297374171832,1.6772944081644785,3.318868417401847,-0.9884586600260117,2.102847659011865,1,20,C,Mild
0.7976719396999719,0.7976695956927315,1.76907637206805,3.453006142630279,-0.9887219277598764,2.2177994285889664,1,20,C,Mild
0.7965325606006962,0.7965312303314632,1.7032085492488878,3.378872354348451,-0.9909420113047491,2.13827862600423,1,20,C,Mild
0.7984714659234811,0.798471021528745,1.6887545190129152,3.346029023204273,-0.9891308792339482,2.114984180505145,1,20,C,Mild
0.7955308448883712,0.7955305998072335,1.719019491726281,3.4225657564148113,-0.9868431127129527,2.1608458085210933,1,20,C,Mild
0.7980878006974527,0.798087727890332,1.7081500444801596,3.3795252624669327,-0.9858442789518875,2.1403034139694896,1,20,C,Mild
0.797450537533791,0.7974498316354349,1.7031560924832236,3.3896414270612847,-0.9883746434334477,2.13575138810544,1,20,C,Mild
1.1378251764949472,1.137781299758291,4.196036205078512,7.86958970132754,-0.2555720000617976,3.68776881700257,1,0,C,Medium
1.121967311421134,1.1219641299023124,4.026039651852578,7.973147882302695,-0.26160519963477435,3.58837517891053,1,0,C,Medium
1.1185579702003932,1.118394755968627,3.8645082511656375,7.7262238430502315,-0.2818277788199506,3.454902074027776,1,0,C,Medium
1.1383914084100009,1.138331581428947,3.8294682769241724,7.507404157488915,-0.30752295349182956,3.3639293556096117,1,0,C,Medium
1.1247106765190589,1.1247103947297532,3.9626473742295127,7.505346585342078,-0.2905296377514608,3.523259320782631,1,0,C,Medium
1.1256018608781515,1.1255408229872068,4.308702718851861,8.137560897737306,-0.17103168076236352,3.8279100884662505,1,0,C,Medium
1.1192923117228677,1.1192798044685852,3.921983891436976,7.4908216012983555,-0.2811693269928961,3.5039853757237664,1,0,C,Medium
1.1266408209234833,1.126631313861154,4.189083389644134,8.043030958786122,-0.2749961054881931,3.718206647448148,1,0,C,Medium
1.1219868842087197,1.1219867090964895,4.248346040359998,8.334988906824709,-0.19976577410206042,3.7864489328287827,1,0,C,Medium
1.1306276414798169,1.1306234356024611,3.9090477646412243,7.722895659029241,-0.2970996366700165,3.457413936497152,1,0,C,Medium
1.1291046902753188,1.1290522721903393,3.9342778368188864,7.768776819258079,-0.210641628120952,3.484422543546037,1,0,C,Medium
1.124757344148534,1.124743971796629,4.113219107064248,7.913114349101786,-0.2215706011952765,3.6569835515748914,1,0,C,Medium
1.1434233453346807,1.143380862643541,4.62030353096464,8.541539249424373,-0.22511942681652286,4.040763685485427,1,0,C,Medium
1.1393814476147086,1.1393787267746454,3.8494040836852257,7.690342149013228,-0.21481096363434116,3.378503390364957,1,0,C,Medium
1.1354835288585923,1.1354817646617057,4.353120805903405,7.979404288284881,-0.25809516737045834,3.8337155011656026,1,0,C,Medium
1.1220490748107792,1.1220380133996308,4.059001546944787,7.851805098237058,-0.23986787009959887,3.61749021327725,1,0,C,Medium
1.1406424209189099,1.1405982262457763,4.387598036758321,8.50426161864893,-0.19104969520071524,3.846602542822877,1,0,C,Medium
1.1350678211000116,1.1350080171056365,4.286064087241657,8.338506040821358,-0.21320556139314384,3.7760422836125924,1,0,C,Medium
1.123238946705109,1.1232372847858154,4.022859783630631,7.882740671160709,-0.2645240544154257,3.5814817456528045,1,0,C,Medium
1.1300323103651528,1.1299797505209845,4.3436745491982425,8.179883866989915,-0.286942312060956,3.8438498699162413,1,0,C,Medium
1.1365299745641142,1.1364657068252064,3.9684092113231935,7.732096159817681,-0.295068730691443,3.491689000851184,1,0,C,Medium
1.1151725531647099,1.1151678868175894,4.0760507612232875,7.6508675575549105,-0.23162029153986108,3.655085259815625,1,0,C,Medium
1.133802134312117,1.1337684594043076,4.026223303446978,7.8129648958474895,-0.24023460913626504,3.551081076319993,1,0,C,Medium
1.1337862675871817,1.1337759278249546,3.822302195923601,7.594006443703405,-0.2666020304675727,3.371272262855916,1,0,C,Medium
1.147376348906982,1.147374977247782,3.8613593894982023,7.57201477605275,-0.2060435902704496,3.365381719064216,1,0,C,Medium
1.1380730368784806,1.1380716702225653,4.436341472512544,8.17961187478328,-0.2592686214060538,3.8981166662911115,1,0,C,Medium
1.1282293693997758,1.1281960723988265,3.8448153671222673,7.617143530179103,-0.23540816849160473,3.4078313075361,1,0,C,Medium
1.1222587280228409,1.1222586992539452,4.260791105048737,8.241777734323776,-0.2127480582219201,3.7966210452693567,1,0,C,Medium
1.1345190878041775,1.1344829449132583,3.905621516242277,7.6916697922932045,-0.27407958413109457,3.4425348662942925,1,0,C,Medium
1.1356167259903773,1.1356156623136537,4.324390817876464,8.303498575003257,-0.22708599408506158,3.8079668244628393,1,0,C,Medium
1.1330535512876585,1.1330438828450162,3.965710173219728,7.923541714708134,-0.2745577011662106,3.500020072937327,1,0,C,Medium
1.123076588281107,1.1230733463722988,4.07410405911553,7.931265203091881,-0.261143741546094,3.627627983369358,1,0,C,Medium
1.1369861087820523,1.136986050883977,4.011514916387948,7.63464107184749,-0.2501233932752638,3.5282004638430555,1,0,C,Medium
1.1371104769999376,1.1370988916594347,3.8179496379115503,7.398470665167279,-0.2477452846767383,3.357589007520647,1,0,C,Medium
1.130252714888396,1.130201878375446,4.10656873258819,8.031786408412056,-0.17316880453021133,3.633319060855946,1,0,C,Medium
1.1218107206463128,1.1218017929550577,4.006193181800769,7.961002636064649,-0.19651359379788857,3.571184610798394,1,0,C,Medium
1.1288350231610675,1.1286592814434289,4.231550651578466,7.974655008444408,-0.21331814526512272,3.748599719850018,1,0,C,Medium
1.1228784924670046,1.1228507420235097,4.235956638344007,8.092031855948143,-0.23662254060614973,3.7724087394687356,1,0,C,Medium
1.1406281339515942,1.1406207741339738,3.8253592348634697,7.594414218590624,-0.2967955090381613,3.3537303885455536,1,0,C,Medium
1.136648186152054,1.1366020462079929,4.487565163713176,8.382787601946191,-0.23753298814620472,3.948068732599778,1,0,C,Medium
1.1400458297345617,1.1400235820912854,3.935618628607582,7.535860929120862,-0.2707724797326012,3.4521582606235373,1,0,C,Medium
1.1280109125686417,1.127930510774619,4.037205669655352,8.049053374364219,-0.2149955708072424,3.579048415819009,1,0,C,Medium
1.1394321192308776,1.1394004211369249,4.1810484461497825,8.256346249841492,-0.2380067511465489,3.6694142420454243,1,0,C,Medium
1.1282778034434298,1.1282552734234856,3.6615694960272385,7.317301714843014,-0.27390198729680915,3.2452730035567203,1,0,C,Medium
1.132888611704268,1.1328373399567029,4.082599876821735,7.944156953645136,-0.25593794065933784,3.603708109202414,1,0,C,Medium
1.1240858576828456,1.124082343950012,4.327057925750326,8.387861160049072,-0.20202155605708105,3.849401623706915,1,0,C,Medium
1.1262532947697597,1.1262448460059826,4.419266896249785,8.15373900567337,-0.2558732068688667,3.923865898348575,1,0,C,Medium
1.1301704074493104,1.1301571346453871,4.244528910942588,8.193109345463721,-0.22798014789458154,3.7556539110965534,1,0,C,Medium
1.1440716840856444,1.1440514800760884,4.25041363324608,8.309972746580332,-0.26421905026503634,3.7151637370022494,1,0,C,Medium
1.1283652054929079,1.128270944342648,4.362651577095571,8.042903176145769,-0.21912398467921435,3.866347132876911,1,0,C,Medium
1.1376949432182553,1.137690546876375,4.0513727682619365,7.8836399143976985,-0.30633636185049573,3.5610361041085525,1,0,C,Medium
1.1352216551889542,1.135111381425834,4.069451069640953,8.018875764399601,-0.29121566856468695,3.5847193814881955,1,0,C,Medium
1.1361831918483345,1.136090837933568,4.177935271465552,7.737845075443072,-0.2882258690240529,3.6771669405432035,1,0,C,Medium
1.1313741643448998,1.1313686832785552,4.420836858221283,8.64993506058951,-0.21975089371827528,3.907493203878385,1,0,C,Medium
1.1278164388820788,1.1277535129147518,3.882687913570343,7.558589482073382,-0.2690921107224602,3.442659443250326,1,0,C,Medium
1.14019414362393,1.1401811273302136,3.7819445489054466,7.433962487095181,-0.21956592324325053,3.3169303403761776,1,0,C,Medium
1.1369946702159903,1.136988912584195,4.185204108267566,7.824715169321853,-0.2919537719233891,3.680935555724742,1,0,C,Medium
1.137211389091173,1.1372014608532997,4.224592334340587,8.259822581388018,-0.2963513787578984,3.714869878076723,1,0,C,Medium
1.1340292801553924,1.134016601189123,3.8939351791578316,7.603356153684743,-0.2799021947854565,3.433716613229121,1,0,C,Medium
1.1279497101183755,1.1279111800975112,3.9007222715162095,7.5755434536311,-0.2692739342839179,3.4582412997001777,1,0,C,Medium
1.1148761667249771,1.1148669829079696,4.276607748013715,8.109413961562762,-0.30042938127018015,3.8359486691481934,1,0,C,Medium
1.130453334221979,1.1304525126995062,3.8464348543743943,7.5444316852450815,-0.25158897994543494,3.4025596085500136,1,0,C,Medium
1.147992408991019,1.1479924002581732,4.796776610102389,8.826403734413837,-0.2764016777341318,4.178404467254553,1,0,C,Medium
1.1264693705848994,1.1264673479882517,4.065990974988479,7.741405547215134,-0.2602837384578547,3.609499806352732,1,0,C,Medium
1.1245394828944482,1.1245162656567074,4.2814757315625505,7.830455242555148,-0.30245971483844425,3.8073147245506003,1,0,C,Medium
1.1430718377506368,1.1430496617335775,4.371255482982305,8.185390525745005,-0.1939549594712897,3.824130154045404,1,0,C,Medium
1.13123131229271,1.1311964700071486,3.925765062791397,7.685340560060283,-0.2642980455998183,3.47034688673433,1,0,C,Medium
1.1392265603128968,1.1390952714436418,4.334907186688078,8.157988746935311,-0.24156367326591033,3.8051317777365234,1,0,C,Medium
1.1291684196566534,1.1291312194749203,4.26133513464495,7.927853970803343,-0.30674875050642214,3.773870275207215,1,0,C,Medium
1.1317382347834841,1.131734653924263,3.9298822696918303,7.649179290098626,-0.2259116637503542,3.472430416246975,1,0,C,Medium
1.1326140151174402,1.1325339002905839,3.8129324265872957,7.46137136046032,-0.2925001544717776,3.3664888264621506,1,0,C,Medium
1.1415577043397171,1.1415574341776398,3.8681510481470864,7.614186901830587,-0.2464519453267937,3.3884849039536244,1,0,C,Medium
1.142107423886625,1.1420193590750358,4.035534571441675,7.704857558967129,-0.2637762345727359,3.533410681902962,1,0,C,Medium
1.1211171561339393,1.1211024100221316,4.267875820852479,8.400289820244643,-0.24758385741543965,3.8068062713176416,1,0,C,Medium
1.1316953256282614,1.1316756184611507,4.032852750755211,7.693289931067829,-0.20425304124590538,3.563549887878498,1,0,C,Medium
1.1428852434732293,1.1428851645946443,4.189777899773125,8.24110278069151,-0.17975869199535444,3.665965523397945,1,0,C,Medium
1.129815487484158,1.1297018446131537,3.962774957630344,7.520572285140365,-0.2760749596378371,3.5074532094214272,1,0,C,Medium
1.1368842133784358,1.1368395718993305,3.9599097724729675,7.813686521664762,-0.2912889417013593,3.483124953160756,1,0,C,Medium
1.132060166390473,1.1320545486893272,3.8876334762599543,7.622790534558366,-0.2149605131001322,3.4341226656313797,1,0,C,Medium
1.1417722342364165,1.1417713525264088,4.2026494908634735,8.390690519238401,-0.2515942337162209,3.680812481548985,1,0,C,Medium
1.1459414833943689,1.1457258068820542,4.443454232568013,8.27895857085189,-0.20709141598242153,3.8775577086241366,1,0,C,Medium
1.1377460837356859,1.1377448969177912,4.35118314238506,8.11023836631246,-0.28128199911044094,3.824388591256096,1,0,C,Medium
1.1409794018594037,1.1409521328616428,4.017757838189233,7.984441334355136,-0.23428338290210782,3.521323725600717,1,0,C,Medium
1.1169715701540996,1.1169556505773848,4.396993295565599,8.626397649538468,-0.22261819250471504,3.9365310747873203,1,0,C,Medium
1.1293939765892944,1.129388597455994,4.2417294121174915,8.26556543386868,-0.19592978843054576,3.755757069758131,1,0,C,Medium
1.1294000962841164,1.129369090019055,3.6656722455034054,7.190001070779051,-0.28515115954486214,3.245680833182127,1,0,C,Medium
1.135182517803031,1.135117757084561,4.059449062301752,7.981631647232294,-0.304218639749243,3.5760320465101803,1,0,C,Medium
1.1376359413129753,1.1376357117640719,4.194935614119117,8.084715568210184,-0.21859818071499548,3.6874148062495573,1,0,C,Medium
1.1418234361220319,1.1417970497658199,4.0482160657056605,7.770826945321204,-0.23645186801216234,3.54539584461026,1,0,C,Medium
1.1294377212648459,1.129417567928721,4.370072793924128,8.593495558474352,-0.2398716913229415,3.8692463618358057,1,0,C,Medium
1.1398385962753195,1.1398040279278945,4.208507613735686,8.399260044402311,-0.18159472426594814,3.6921960946821217,1,0,C,Medium
1.1397061350822442,1.1397033343941607,4.121618986783565,8.212217829268369,-0.16156090534477974,3.616387470342202,1,0,C,Medium
1.131871292681921,1.1318680806759458,3.9483804370653677,7.540383840724449,-0.26569283358142304,3.488365207770088,1,0,C,Medium
1.1410533365425906,1.1410252507385166,4.444617560794907,8.322750882330048,-0.22660242208778447,3.8951882602281924,1,0,C,Medium
1.1260247175745655,1.1260180339356434,3.8683584366702455,7.455402281773919,-0.2693266331172368,3.4354116533095396,1,0,C,Medium
1.1269667264404477,1.1269530212563237,4.732619552721811,8.686626613664247,-0.2135065837225243,4.199431484255003,1,0,C,Medium
1.133412170447523,1.1333695877048222,4.246456561701067,8.157804182720033,-0.2360960298236181,3.746612814316588,1,0,C,Medium
1.1377403345389165,1.137740211688161,3.963549294158587,7.678011128388631,-0.273136612682797,3.4837028923342728,1,0,C,Medium
1.1313116343366894,1.1313116197141924,4.063000649819755,7.596109018693147,-0.262491137480378,3.591407112331143,1,0,C,Medium
1.1371343546085497,1.1371328528087974,4.211632603814227,8.140338561223714,-0.23150698512177437,3.703724706535712,1,0,C,Medium
0.914425937578319,0.914424567319688,2.864369887836822,5.646291759380102,-0.5510730450491206,3.1324241473536434,1,5,C,Medium
0.915820259280317,0.9157435500342269,2.986797630734764,5.834177391403833,-0.5944381796691989,3.261336054174967,1,5,C,Medium
0.9202050540167568,0.9202040014321328,2.683181708732138,5.27545039113391,-0.5845223004440818,2.9158519582346023,1,5,C,Medium
0.9201875139115735,0.9201700346236514,3.22532940533279,5.96055444960018,-0.5141052088146099,3.5050784286589782,1,5,C,Medium
0.916266147064955,0.9162606308833154,2.751585033836883,5.423298011948242,-0.5694718678534127,3.003041248059796,1,5,C,Medium
0.9185479963222393,0.9185473138859301,2.7804907941765884,5.313355172712233,-0.5829145134564753,3.0270500891726444,1,5,C,Medium
0.9143169320398172,0.9143118549416661,3.1065727315210276,5.9798423087170045,-0.5428097783346906,3.397697912681487,1,5,C,Medium
0.9191468475843311,0.919145101238124,3.0521251336595414,5.992327894602255,-0.5632105294452217,3.320606649178015,1,5,C,Medium
0.9135673321214135,0.9135474826947325,3.110091021897902,5.79369136923874,-0.5648947294201663,3.4043369465454676,1,5,C,Medium
0.9193030791850448,0.9193030401935794,3.0537783612612257,5.922158473803542,-0.5845054684165549,3.3218406751866607,1,5,C,Medium
0.9184319250712689,0.918398424904041,3.001330691102252,5.679880291613768,-0.6104554300822884,3.2678858488824347,1,5,C,Medium
0.9199416330265942,0.9199413198871679,2.765770305172607,5.4385666410397935,-0.5559554470100108,3.006462807942787,1,5,C,Medium
0.917485948291592,0.9174813348136879,3.1309473515496578,6.09970908067714,-0.5877416750619529,3.412528941047707,1,5,C,Medium
0.9237703824651652,0.9237303928464806,3.0161869275032362,5.797935076042995,-0.5613906786697398,3.2650829521663893,1,5,C,Medium
0.9168340899892209,0.9168340865944489,3.0381614635683976,5.667609168316755,-0.5899878827321587,3.3137527244477973,1,5,C,Medium
0.9225624007135531,0.922561773499172,3.220948991106858,5.912978391360811,-0.5607755579869576,3.491307459111302,1,5,C,Medium
0.9302044662603778,0.9302038808100128,3.2903739531135416,6.151493391175847,-0.5524681066976909,3.537258820462939,1,5,C,Medium
0.9226805564477031,0.9226798777435692,2.943257335278023,5.663883743307516,-0.5775612204722429,3.1898985133159083,1,5,C,Medium
0.9190462693651379,0.9190456925400119,2.696649823055433,5.317854341592124,-0.5955252097862131,2.9341828729887935,1,5,C,Medium
0.9174376448455908,0.9174209402672566,2.8381916333391706,5.606762430410073,-0.5959413641849829,3.0936071233667897,1,5,C,Medium
0.920153361674271,0.9201522535630643,3.112018949550322,5.716069871493416,-0.5401238042083834,3.382065511218508,1,5,C,Medium
0.9155478280025654,0.9155468110023698,2.9280443265279947,5.554353906240674,-0.6065504537925617,3.1981336604948947,1,5,C,Medium
0.9175018603192573,0.9175017702776359,2.8599668515510634,5.393361708580695,-0.5541659754972734,3.117123763166975,1,5,C,Medium
0.922271154939963,0.9222477216732318,2.9675271430844754,5.66949159799428,-0.5571628564838269,3.2176297905334055,1,5,C,Medium
0.9139072304599171,0.9138808651507861,3.3110618783019783,5.938532809133907,-0.5829615294259312,3.6229737198114855,1,5,C,Medium
0.9178868837390401,0.9178801197186343,2.9298652747493428,5.700697346945725,-0.5640548288037661,3.1919676886703594,1,5,C,Medium
0.9223125872774173,0.9223108215697831,2.9725494309569287,5.833993810511883,-0.5477180324732265,3.222930568183639,1,5,C,Medium
0.9296273067460583,0.9296255203599926,2.9863729402487693,5.796697926651989,-0.5236543141563912,3.2124410702842465,1,5,C,Medium
0.9231637940802654,0.9231634783873806,2.7666573729576074,5.486000811648244,-0.5575444872778084,2.9969301121844665,1,5,C,Medium
0.9171780324253886,0.9171711590331111,2.9489879037783706,5.620329960573306,-0.5374880231686188,3.2152840555721305,1,5,C,Medium
0.9121229993019072,0.912114217496176,2.664993590157858,5.304585419051504,-0.5721493860744249,2.921748045162231,1,5,C,Medium
0.9168771757583712,0.9168720695738912,3.2717126120664055,6.0673285163225525,-0.509080618850811,3.5683215795619443,1,5,C,Medium
0.9151643385404069,0.9151643318229394,2.96898037120026,5.854341233829607,-0.5320360657531547,3.244204615681899,1,5,C,Medium
0.9207510115587831,0.9207510111739365,2.931709045167713,5.641388948978712,-0.5631014274678972,3.1840410799055037,1,5,C,Medium
0.9161191745447974,0.9161044381208403,3.141371765222871,6.159122664832669,-0.5490555227202143,3.428999034742134,1,5,C,Medium
0.9128477966632917,0.9128473126452913,3.0178148697567044,5.559267505513611,-0.5928750428729912,3.3059343307697544,1,5,C,Medium
0.9101820110084398,0.9101746066682056,2.8721729774506457,5.656721081878474,-0.5352114283759484,3.155602882404158,1,5,C,Medium
0.921939149497896,0.9219387757990529,2.77350315102484,5.391979045310059,-0.5727910869233792,3.0083364531545684,1,5,C,Medium
0.9186622192756765,0.9186620518177531,2.9360518414247743,5.629567109349474,-0.5961183279788824,3.1960080428035,1,5,C,Medium
0.9179561129204623,0.9179552274096053,3.077436761860813,5.830922484199233,-0.5196917794712266,3.352487900614332,1,5,C,Medium
0.9213186217984344,0.9213122320959546,2.9624027692069665,5.83508882623056,-0.5225314531743166,3.2153944347985615,1,5,C,Medium
0.9175852663137485,0.917585241374929,2.8127211619092742,5.457137223596249,-0.5435216625027572,3.0653512705243515,1,5,C,Medium
0.9194184504591655,0.9194177898105133,2.869466272660989,5.610208260619829,-0.5226706035704547,3.12095789596995,1,5,C,Medium
0.9150615514921245,0.9150585731156031,2.9463784208250456,5.775787150773423,-0.5398061126242024,3.2198691071880354,1,5,C,Medium
0.9177917806701991,0.9177875576669617,3.1520674466038185,5.7807994799039,-0.530934817039324,3.4344036555895983,1,5,C,Medium
0.9196328922914218,0.919632012334968,3.0004394753132013,5.841375604306654,-0.5400561123965759,3.26264915105102,1,5,C,Medium
0.9154928080697897,0.9154717427065103,2.6786062000936903,5.343107081344998,-0.5431518809919984,2.9258626353834725,1,5,C,Medium
0.9138305542289824,0.9138234562600582,2.672649841653573,5.317174192908027,-0.6038187269282815,2.924666754996546,1,5,C,Medium
0.9231048679049836,0.923078713067076,2.689139386064842,5.319184136139544,-0.5514818460333344,2.9131461435881394,1,5,C,Medium
0.9259568923691494,0.9259563248386085,3.0549426205337578,5.89505254075714,-0.5479876601255951,3.299227691601706,1,5,C,Medium
0.9226179876604591,0.9226178804916685,2.9564625006010203,5.659555488151596,-0.617869165887623,3.204427553052493,1,5,C,Medium
0.9200471576981186,0.9200444494046763,2.9167676229681705,5.517933926115099,-0.567288836368844,3.1702370890049596,1,5,C,Medium
0.9144909451859418,0.9144889886729716,3.152945530128374,5.878578562361731,-0.5735605108847444,3.447760250362338,1,5,C,Medium
0.926183453362645,0.9261832987249143,2.883196295225159,5.559695876878283,-0.5394664196516801,3.112986185142146,1,5,C,Medium
0.9173861963602741,0.9173820567207757,3.0456540080322436,5.68591519045096,-0.5537287765890566,3.3199256977223586,1,5,C,Medium
0.9191442654719758,0.9191134594018389,2.860286941125041,5.6605729245973,-0.5857005633158394,3.1119020686663355,1,5,C,Medium
0.920954153982675,0.9209508122414042,3.007767719685355,5.7056950184332536,-0.5624419374450906,3.2659255693437452,1,5,C,Medium
0.9202351635627997,0.9202351503732538,3.0522030938977784,5.942036006685022,-0.5663275193720558,3.3167642519557847,1,5,C,Medium
0.9137160683144692,0.9137154846764901,2.8915447064697006,5.435720304178499,-0.5958522359569822,3.164598726827393,1,5,C,Medium
0.9225691212279598,0.9225672647647282,3.0945945396470975,5.87303545869461,-0.5596695498728397,3.3543226934889434,1,5,C,Medium
0.9206168002495464,0.9205962816028416,3.043063109502226,5.84707951377503,-0.56214457098377,3.305461195882326,1,5,C,Medium
0.9132335264951009,0.9132115643513451,3.1153822364625126,5.993576803799995,-0.49920535370555896,3.411375235443927,1,5,C,Medium
0.9176636437891605,0.9176633336027835,2.9435022672217657,5.577485342907796,-0.5894560674449982,3.2076047549052245,1,5,C,Medium
0.9225156203021511,0.9225152119015475,3.0245219471069973,5.848847402699146,-0.5836293625476934,3.278559062356448,1,5,C,Medium
0.9216963452724416,0.9216388344309239,2.941578028209682,5.6027400589548595,-0.5301672441377598,3.1914827950632585,1,5,C,Medium
0.9144671952468983,0.9144563671808189,2.7828775121606935,5.424300568037906,-0.5874164116650107,3.04316822585346,1,5,C,Medium
0.9220471678366781,0.9220471425926945,3.1700501068172526,5.830016221643105,-0.5287504136069936,3.4380563352901734,1,5,C,Medium
0.9150532888875158,0.9150485966986347,3.381122113904735,6.3436340557217905,-0.5360622379539337,3.6950002310962287,1,5,C,Medium
0.9191834350825477,0.9191610047972006,3.1335944950821073,6.260271785295544,-0.5524689316004854,3.4091067957514847,1,5,C,Medium
0.9117185799867051,0.9117185448588189,2.811067600836087,5.610750753474224,-0.5489312649571438,3.0832623822112724,1,5,C,Medium
0.915818912941182,0.915804809124319,2.8389430930041817,5.47642631335551,-0.5600624593316113,3.0998956812180523,1,5,C,Medium
0.921314195904994,0.9213133190396973,2.882636706492353,5.69774412375927,-0.5723170723049442,3.1288313143387305,1,5,C,Medium
0.9243815461176907,0.924326524833141,2.939228825585164,5.7378462863365645,-0.5556595397189521,3.1796706002295574,1,5,C,Medium
0.913429825278079,0.9134261763731478,2.959913437070396,5.891443764604407,-0.5555553668797155,3.2404387892297013,1,5,C,Medium
0.9184830537907301,0.9184198072797229,2.8374391847872995,5.426142322269565,-0.5605984393393157,3.0892667786049213,1,5,C,Medium
0.9247310474693887,0.9247225468258871,2.926842515232525,5.83656880568893,-0.575009489715641,3.1650743459323634,1,5,C,Medium
0.91889095917268,0.9188765039695339,2.8957762726143774,5.629427974425432,-0.5523519786101279,3.151381830137472,1,5,C,Medium
0.9194381084559944,0.9194349513438025,2.8811209093412558,5.59807204343432,-0.5424103217115661,3.133566993627772,1,5,C,Medium
0.9140782609558182,0.9140780251318777,2.7995576274141367,5.444887275448099,-0.526298762951241,3.0627110904997803,1,5,C,Medium
0.9200009507557078,0.9199750150176818,2.884442141606945,5.487814193091133,-0.5542044821617438,3.135259957326788,1,5,C,Medium
0.9197876408626519,0.9197388137459253,2.9491270365548115,5.878472382125033,-0.532304990877023,3.20631296348892,1,5,C,Medium
0.9230737169724469,0.9230671811235929,3.0476216387189363,5.677305630922126,-0.5679477476912638,3.301601575998405,1,5,C,Medium
0.925895881736154,0.9258786728549454,2.817819039097645,5.631500272234664,-0.5885904425253767,3.0433433117921775,1,5,C,Medium
0.9139291879857999,0.9139148522398224,2.927297246069335,5.4896327104280305,-0.5689807687048196,3.202980367134108,1,5,C,Medium
0.9136626283005304,0.9136603502861701,3.0820273887464973,5.776605105049374,-0.5099925089519743,3.3732663384506174,1,5,C,Medium
0.9202035084047746,0.9201988895201513,2.949957131880135,5.818920837006877,-0.5667758511836922,3.205766012557434,1,5,C,Medium
0.9128219466217764,0.9128000188718386,3.0512952398837916,5.84150952955722,-0.5299967055095913,3.342705826887926,1,5,C,Medium
0.9190849488965505,0.9190759333017668,2.8135307535553453,5.509744553829702,-0.5593967316446791,3.0612303649768813,1,5,C,Medium
0.9184603702655038,0.9184524169603756,3.137392116915257,5.843178047515934,-0.5540173393863621,3.415925410051515,1,5,C,Medium
0.9172525164362655,0.9172520830625683,2.7711516971652177,5.522989611212483,-0.5016418481657259,3.0211437390564724,1,5,C,Medium
0.9174517263177504,0.9174515472600742,2.845233309922374,5.393041346492229,-0.5584468058429475,3.1012348969486325,1,5,C,Medium
0.9204071647544803,0.9203729468026473,3.0875857979469457,6.143290684598091,-0.5728720034378783,3.3545868787001054,1,5,C,Medium
0.9156057122116793,0.9155893997595685,3.5976924717655754,6.47322063101263,-0.5358196560118023,3.929303218385583,1,5,C,Medium
0.9222239081526278,0.9222219921971792,2.8313959450312174,5.534112461891086,-0.5803713234459957,3.070182761475993,1,5,C,Medium
0.9162033093496125,0.9161856900521248,3.321991543943535,6.550976737718468,-0.5511194733404237,3.625823559076342,1,5,C,Medium
0.9173585663712861,0.9173583231951618,2.8066391854386934,5.449929816035674,-0.5670304775991695,3.0594789086024097,1,5,C,Medium
0.9221875014098242,0.9221874486618559,2.8495390946607984,5.639160867714843,-0.5759691408341427,3.089978003718845,1,5,C,Medium
0.920161026779997,0.9201469682171912,2.798510348839411,5.583041010106053,-0.5544650803916378,3.0413267541144315,1,5,C,Medium
0.9217436971481152,0.921741613176678,2.8491321569620025,5.642092284206735,-0.5568068918907412,3.091024289916218,1,5,C,Medium
0.9181450018081522,0.9181305623839306,3.148545007604672,6.143971644118491,-0.5537228200718034,3.429245926737142,1,5,C,Medium
0.8406298860905614,0.8406283517209996,2.30478651148455,4.604425159883418,-0.7892899493651,2.741737534699372,1,10,C,Medium
0.8377045817605524,0.837703780107113,2.26884561240269,4.506436547682597,-0.7931143821784037,2.7084077869484684,1,10,C,Medium
0.8382332440676736,0.8382328189779391,2.2454305373688492,4.335656444022883,-0.7876069250025926,2.678765788949749,1,10,C,Medium
0.8422272413268204,0.8422257589383417,2.2513274580911053,4.400846844704541,-0.7860993538336079,2.6730641656097816,1,10,C,Medium
0.8380951956846832,0.8380923839678199,2.5492585383527944,4.659382619922019,-0.7810813793283855,3.041729091729459,1,10,C,Medium
0.8349378935784746,0.8349318493137796,2.219309175687284,4.362297982728447,-0.8054141858455615,2.6580530034102403,1,10,C,Medium
0.8416210668889078,0.8416172781264981,2.2007419693913266,4.342963076269276,-0.8142991429069091,2.6148846030274333,1,10,C,Medium
0.8398718938466112,0.8398688658031677,2.2379546585759695,4.451180908614505,-0.7886951974218883,2.664638113231939,1,10,C,Medium
0.8439298096175136,0.8439297026553954,2.330925459354482,4.537892342901891,-0.8115266628856102,2.7619897209353295,1,10,C,Medium
0.8377761825140465,0.837774943102244,2.386073639972124,4.723504293864247,-0.8005858124779559,2.8481039324988426,1,10,C,Medium
0.8401904820966063,0.8401844804727089,2.279837491082305,4.524745161877946,-0.8100865143287068,2.713476931318256,1,10,C,Medium
0.8429894434075103,0.8429840037904863,2.2609527733791777,4.462961213355587,-0.7765606848431856,2.6820653462041144,1,10,C,Medium
0.8388748262214587,0.8388673415465877,2.3152415610301165,4.625006011041462,-0.7770509430494625,2.759936868601305,1,10,C,Medium
0.8419227477497038,0.8419116785958586,2.387341997401316,4.585514602962579,-0.8013074862984286,2.8355831978435293,1,10,C,Medium
0.8426967780647315,0.8426963808300965,2.2823327815067724,4.455850166079429,-0.8126798577878813,2.7083677556572496,1,10,C,Medium
0.8435871354659907,0.8435839000806405,2.286471731478715,4.4996902463500135,-0.796208276320181,2.7104155994693855,1,10,C,Medium
0.8396225824225401,0.8396220363904516,2.1862965643052465,4.32078320364897,-0.8011935526034737,2.6039039564624202,1,10,C,Medium
0.8417304702110631,0.8417155610719947,2.375314281564953,4.437463170119737,-0.8147118131683251,2.821941661407773,1,10,C,Medium
0.8446085542832198,0.8446074186447444,2.33949963431289,4.615794202929002,-0.7882762662413443,2.7699217850076305,1,10,C,Medium
0.8398833823257195,0.8398827239115578,2.3112500949007915,4.544369860077516,-0.8044765240950973,2.7518702519160616,1,10,C,Medium
0.8393769709197659,0.8393767684387978,2.3433189432180983,4.601812042234192,-0.7849605923209069,2.7917360428060762,1,10,C,Medium
0.8424730415790721,0.8424692188986735,2.614966654569299,4.7904347515003085,-0.8099324944796895,3.1039173071555974,1,10,C,Medium
0.84110343300022,0.841101130406992,2.25174912487971,4.400608980813211,-0.8082947253194299,2.677137004241809,1,10,C,Medium
0.8390523415530652,0.8390489048991018,2.3577801617980403,4.651612413277023,-0.8140997872795168,2.8100513460624486,1,10,C,Medium
0.8401601012470576,0.8401493652326456,2.2846710040479015,4.401212859629334,-0.8010120996127048,2.719328138359275,1,10,C,Medium
0.8416333364542488,0.8416328585994955,2.210469991952978,4.338286050207062,-0.803660349242235,2.6264049868385166,1,10,C,Medium
0.8397692260442562,0.8397690747224233,2.4451830384844806,4.7250449673698105,-0.7922735461467627,2.9117321314601474,1,10,C,Medium
0.8381251125807393,0.838123204288941,2.18479914167358,4.3106885460814155,-0.7972548467174372,2.60676969211218,1,10,C,Medium
0.8387760611670015,0.8387754768619435,2.2330930261351716,4.3257065904592515,-0.8120451997449738,2.66232327020425,1,10,C,Medium
0.8394842121634419,0.839483397380673,2.2333843399543243,4.438551884031183,-0.7809008841869223,2.660424469685559,1,10,C,Medium
0.8394313883194423,0.8394237160715025,2.3851481676214465,4.666112419925669,-0.8109277331244997,2.8413854911913154,1,10,C,Medium
0.8397202665417149,0.8397162415249084,2.316432883620415,4.511450471761828,-0.7878771854646383,2.7585768450728954,1,10,C,Medium
0.8357512516597604,0.8357478877429904,2.284842576025399,4.488968582915792,-0.8101067343460215,2.7338787366310435,1,10,C,Medium
0.8363086156878471,0.8363077954763627,2.3628290093859134,4.568747643814119,-0.8025796391718565,2.825307506180041,1,10,C,Medium
0.8379487004936474,0.8379484599849001,2.377892521807879,4.573247376512842,-0.8156969122805235,2.837754292604104,1,10,C,Medium
0.8399203091423969,0.8399201381656892,2.290654854644693,4.477203199320677,-0.7956106681349753,2.727228797436239,1,10,C,Medium
0.8368569150576123,0.8368514152614452,2.4021343204435883,4.6758757440911,-0.7959229332743631,2.8704241755333006,1,10,C,Medium
0.8393827295419551,0.8393827112823522,2.2551614915620264,4.406838788092193,-0.7992830608278005,2.6866903644689604,1,10,C,Medium
0.8380836356866401,0.8380775322087298,2.3261656125564842,4.4644211454660105,-0.7900793544449121,2.7755769394669803,1,10,C,Medium
0.8411800566417388,0.8411799104080262,2.4928219660040583,4.966224833192708,-0.7867840429641593,2.9634820111596616,1,10,C,Medium
0.8396884991045254,0.8396876736712101,2.291178110793027,4.556103323475085,-0.770080167897933,2.7286048495798423,1,10,C,Medium
0.836674914605298,0.8366748965873946,2.3479218855864676,4.591551557590859,-0.8111739181642439,2.806253473840675,1,10,C,Medium
0.83769777690733,0.8376948632657494,2.304334013754923,4.481462318457323,-0.7975397391789252,2.7507939942997353,1,10,C,Medium
0.8417042090155774,0.8417034626864084,2.2292976630453687,4.445575586305559,-0.7997237382618176,2.648552352675845,1,10,C,Medium
0.8425272063608963,0.8425248201467406,2.258358523918847,4.461906441060522,-0.8049788216314138,2.6804576835842613,1,10,C,Medium
0.8397470629416778,0.8397277954878392,2.5476762980579197,4.710063084443655,-0.8026934897263085,3.033861516744431,1,10,C,Medium
0.8389863151328247,0.838979981868134,2.3845443682925467,4.4798479713054515,-0.8120706119270014,2.8421731383247124,1,10,C,Medium
0.8438414408155673,0.8438401668464492,2.426562832756571,4.7651174741093705,-0.8134024436117744,2.8756146775765283,1,10,C,Medium
0.8383053303848518,0.8383004285258892,2.2484944393814246,4.460176349508616,-0.7995225866136728,2.6821903164437457,1,10,C,Medium
0.8389383599200481,0.8389381752949138,2.450463666047825,4.626467332619541,-0.8082362019947764,2.9209102636352893,1,10,C,Medium
0.8370279616338288,0.8370277643149782,2.2360222222031676,4.470602048477133,-0.808110549368966,2.671382946202401,1,10,C,Medium
0.843400712744745,0.8433673480524897,2.3353909432932207,4.589150324345319,-0.822156148686898,2.769017037812281,1,10,C,Medium
0.8405223018442585,0.8405137280175505,2.3484448262982665,4.5626161298217465,-0.7979097646935847,2.7940303560599786,1,10,C,Medium
0.8370515960503554,0.8370262443903418,2.2414297989557523,4.3455946131236285,-0.8173482206654636,2.677767785799565,1,10,C,Medium
0.8386825956041082,0.8386825201656786,2.6687896447942174,4.8471041547288465,-0.7993326041456168,3.1821211728757435,1,10,C,Medium
0.8433361925434271,0.8433358182887839,2.180096784056224,4.345445939669123,-0.7966051545621169,2.585086236464305,1,10,C,Medium
0.8376566439221133,0.8376441187306427,2.187991201134163,4.337091354912443,-0.8191750118284418,2.612038258169186,1,10,C,Medium
0.8364391298064312,0.836432070255402,2.3464480843105964,4.56257524747347,-0.8197747588140225,2.8052825372404704,1,10,C,Medium
0.8389870313196728,0.8389865899707688,2.3028092800543227,4.600290821334432,-0.8095708701531636,2.744749554033215,1,10,C,Medium
0.842303112939123,0.8423011513096759,2.2540696963383464,4.506165247502883,-0.7949309853255917,2.676079028691965,1,10,C,Medium
0.8353387395123743,0.8353369628424802,2.2304585004013306,4.41382465432702,-0.7790298147909431,2.670124579285467,1,10,C,Medium
0.8404107352976967,0.8404089740632499,2.3880962637361147,4.613207132777898,-0.7860323695918963,2.841582292365869,1,10,C,Medium
0.8442097945459287,0.8442097615062953,2.2874189379939365,4.525606794820745,-0.8219072036897028,2.7095384971507706,1,10,C,Medium
0.8394663363613347,0.8394620823364121,2.261916695958301,4.481155613022831,-0.7928025532960334,2.694469805379659,1,10,C,Medium
0.8383524216858906,0.8383463623102387,2.303406215868682,4.526814142824064,-0.7775683858805822,2.74753928811541,1,10,C,Medium
0.8350954819921387,0.8350899612287084,2.335306715541891,4.51706152668319,-0.7910549226493275,2.7964547358955474,1,10,C,Medium
0.8399022540227666,0.8398996087803934,2.3586206811756196,4.555202602714746,-0.8244472998360592,2.8082085384089064,1,10,C,Medium
0.840057059521997,0.8400551915970937,2.2864887779063316,4.537366330006293,-0.8058854687032162,2.7218255617152627,1,10,C,Medium
0.8457288657321406,0.8457250904802902,2.425107142686241,4.7461979627933495,-0.8072169865784109,2.867475902678154,1,10,C,Medium
0.8394781247921228,0.8394750744231918,2.3806908064256813,4.555754186298161,-0.7760187822572133,2.8359176208614176,1,10,C,Medium
0.8361726764642006,0.8361699088492776,2.277479136825616,4.4207789132889275,-0.800223028240457,2.723694759383976,1,10,C,Medium
0.8403734975471536,0.8403692540607993,2.468301006676348,4.768565803519354,-0.8163803272519732,2.937147606249745,1,10,C,Medium
0.8353044232398692,0.8352999784080871,2.239165753384039,4.4432048685112555,-0.7899129201324224,2.6806583217877105,1,10,C,Medium
0.8389819147008831,0.8389741762863226,2.17623933585298,4.2439141976310815,-0.8107700357882539,2.593904943265506,1,10,C,Medium
0.8459961360117597,0.845994776016924,2.470151118068521,4.6531175598585435,-0.7921513808594605,2.919813711813673,1,10,C,Medium
0.8417711630086502,0.8417711086099217,2.4399638605586103,4.7451788349484385,-0.8016267090562623,2.898607089173399,1,10,C,Medium
0.8388069328403078,0.8387975214861474,2.397925454972003,4.661744936949143,-0.7936350853534506,2.8587334714227026,1,10,C,Medium
0.8392581186229076,0.8392493888172535,2.4361705958147355,4.7896138127026795,-0.7976371205250121,2.9027667909988333,1,10,C,Medium
0.8440722780985244,0.8440515468329198,2.5276810823957314,4.870032974632138,-0.7878169698296733,2.9946263465611507,1,10,C,Medium
0.8390341182870088,0.8390339213992791,2.262365738656702,4.465924922650412,-0.8195441577127696,2.6963930182906024,1,10,C,Medium
0.8406513542997708,0.8406508010415957,2.439398378979984,4.728344316885312,-0.7949962519025755,2.901795573757097,1,10,C,Medium
0.8377161586290556,0.8377151426716517,2.2246499657414045,4.409945365131485,-0.8338832116610924,2.6556130532113675,1,10,C,Medium
0.837965211308216,0.8379541172264668,2.381475984628643,4.716716349123588,-0.7831675833536793,2.8419747651704137,1,10,C,Medium
0.84382582502369,0.8438203454796034,2.353990573392875,4.657699140847553,-0.7944395947780984,2.789664055762678,1,10,C,Medium
0.8390807872092543,0.8390775478591488,2.350177698441907,4.616384603344699,-0.8248016032399277,2.800895616092575,1,10,C,Medium
0.8408863310748761,0.8408848521037546,2.1082844102343348,4.185287631863211,-0.801708629974522,2.5072168880892467,1,10,C,Medium
0.838510053441518,0.838509963534722,2.210509104368435,4.365603967862697,-0.7993786985226832,2.636234467667724,1,10,C,Medium
0.8417349120570948,0.8417335855259916,2.188334721466317,4.363420098640684,-0.808663777015489,2.599790848781953,1,10,C,Medium
0.8394108883690301,0.8394099308029535,2.2394610906348484,4.345360896364077,-0.8163550610700181,2.667896165828998,1,10,C,Medium
0.837326778101196,0.837295006998403,2.4216585627172917,4.772219479515282,-0.7947441894932674,2.892130797738108,1,10,C,Medium
0.8370214408325136,0.8370094618117195,2.3231861503492803,4.612073889045962,-0.79065089202189,2.77553959434851,1,10,C,Medium
0.8414292074464583,0.8414231527305572,2.332411831677778,4.53561665845144,-0.7887765424719224,2.771964427947664,1,10,C,Medium
0.838105219555613,0.838104702996734,2.2905232483883764,4.465368867878873,-0.7896956171155929,2.732978145158046,1,10,C,Medium
0.8410151890366112,0.8410150362043962,2.328875256528069,4.505993415567003,-0.81246542317158,2.769123895605039,1,10,C,Medium
0.8382739635143028,0.8382723703846039,2.2945952858896717,4.4752268025579385,-0.7961036740635259,2.737285643788841,1,10,C,Medium
0.8383540703358322,0.8383504481043129,2.3633965541729713,4.675601571682776,-0.785963822785336,2.8190911666072425,1,10,C,Medium
0.8401864847299553,0.8401864599028795,2.4208654135057888,4.66767353134701,-0.7957863096812936,2.8813429607640977,1,10,C,Medium
0.8447206848511655,0.8447174289426665,2.3734395305674543,4.6208158544589395,-0.7922434807463268,2.8097329367347497,1,10,C,Medium
0.8386898584866999,0.8386829141255622,2.292119239125043,4.541942418689144,-0.7935740355503991,2.7329759814442682,1,10,C,Medium
0.839380098041722,0.8393770602172074,2.333831525256464,4.537705033940405,-0.7914689040965115,2.7804227556756524,1,10,C,Medium
0.8041447626403869,0.8041443685659165,1.8732733557309296,3.6993293657368778,-0.9426726404043393,2.329522547134534,1,20,C,Medium
0.8038984851953079,0.8038982246247693,1.8999419387268268,3.737311063653328,-0.9509094634149937,2.3634102734566467,1,20,C,Medium
0.8057821188164095,0.8057821154076508,1.9257694009629858,3.8128954565285293,-0.9507776827040981,2.3899381184974593,1,20,C,Medium
0.8036241056846989,0.8036230219631862,1.9154431139284969,3.8190722971989537,-0.9449773606695744,2.383506294023513,1,20,C,Medium
0.8038961656015583,0.8038954359599976,1.8998567699725568,3.795100410253146,-0.950582831423596,2.363311147965095,1,20,C,Medium
0.8058171357150167,0.8058170993879782,1.9371495245251664,3.8596267308879924,-0.9482702462680987,2.403956727485445,1,20,C,Medium
0.8046805447448743,0.8046795103763397,1.9074325177629234,3.7564240286662995,-0.9466012841216433,2.370422064034963,1,20,C,Medium
0.8055316123013117,0.8055275991784352,1.8710859125063954,3.734093018264959,-0.9495488582773786,2.322796379351168,1,20,C,Medium
0.8059294606957217,0.8059273044172327,1.9159896223668684,3.7673805206788993,-0.9547887959883896,2.3773664021574334,1,20,C,Medium
0.804403303358795,0.8044029775935081,1.895538027587773,3.7353096857139336,-0.9517206515938788,2.3564523164846944,1,20,C,Medium
0.806092342682318,0.8060923386687178,1.9127480125255536,3.7618209221752936,-0.9458495532694795,2.372864635037688,1,20,C,Medium
0.8053092521610002,0.8053086986056779,1.9378673660584487,3.864858573671712,-0.9457353105426263,2.406364214565144,1,20,C,Medium
0.8051171929692734,0.8051147721800973,1.9276160021543232,3.8084987144060483,-0.9461971078362952,2.3942054883280686,1,20,C,Medium
0.804716790564401,0.8047156304467088,1.8893312289810873,3.7483561185120506,-0.9491495363799167,2.347821309477058,1,20,C,Medium
0.8052591249019214,0.8052573810690761,1.8965199499798193,3.731153932998633,-0.9440397199944659,2.3551672888038504,1,20,C,Medium
0.8036218869862566,0.8036167361878407,1.9052838457159986,3.7164455795721247,-0.9414175805347194,2.3708710235123083,1,20,C,Medium
0.8067227074114547,0.8067196021136803,1.9985698603523865,3.9357225391585153,-0.9449549547360148,2.4773938330870005,1,20,C,Medium
0.8045220062513296,0.8045219937622827,1.8730479333215917,3.7268319490296395,-0.9446063692891404,2.3281500304125413,1,20,C,Medium
0.8046042227313598,0.8046039877994947,1.8510579914016603,3.699992162743773,-0.9431685053489853,2.3005819993312278,1,20,C,Medium
0.8035897131351519,0.8035873925103942,1.9456621002321042,3.786420494423158,-0.9478832476112729,2.4212132988129387,1,20,C,Medium
0.8056863218442158,0.8056847973900748,1.9471696647801806,3.79163299679968,-0.956175051414959,2.4167838177060146,1,20,C,Medium
0.8058781776317974,0.8058753225851206,1.9592777086482087,3.8183515491673017,-0.9488965671687297,2.431233110699016,1,20,C,Medium
0.8065550044449105,0.8065549142941704,1.860467949557058,3.7055127673159793,-0.9472991434157225,2.3066845277805625,1,20,C,Medium
0.803735529540321,0.8037337628528765,1.9319265235271628,3.7602378721806655,-0.9422686457020029,2.4036843619842037,1,20,C,Medium
0.8054005799914066,0.8053993898175854,1.8404285647759906,3.677601064534458,-0.9476657414677949,2.285109559761712,1,20,C,Medium
0.8055458277549663,0.8055412717549588,1.8467764495816363,3.6539294321524034,-0.9459006063440945,2.292577760260457,1,20,C,Medium
0.8053974834013846,0.8053970985164259,1.9383214346249065,3.85840669098543,-0.950309877484373,2.40666437947995,1,20,C,Medium
0.802933189066345,0.8029328885500852,1.918711147579934,3.7886945993241117,-0.9494633539675119,2.389627398278332,1,20,C,Medium
0.8035474119339605,0.8035458723824506,1.8989381418064935,3.7784293308092263,-0.9532750029784869,2.3631936505602953,1,20,C,Medium
0.8048825933888774,0.8048825795246969,1.9158213265483088,3.782892114167421,-0.9476204732404647,2.380249420579386,1,20,C,Medium
0.803871464475719,0.8038689762516114,1.8784161414447573,3.7560730419309696,-0.9467118835974797,2.336712054668903,1,20,C,Medium
0.8038003449025286,0.8037975056846056,1.9006255965049,3.771593557681616,-0.9483958950504081,2.364549366715407,1,20,C,Medium
0.8042236631939792,0.8042223402680347,1.9631276755904024,3.8495684217744905,-0.9455441637030346,2.4410220258800006,1,20,C,Medium
0.8056874588411841,0.8056854389737141,1.8967007245614669,3.779101285453261,-0.9534610346573027,2.354139565842915,1,20,C,Medium
0.804327539708437,0.8043235974269086,1.9015538466957618,3.710674985077678,-0.9498471905097268,2.364153597656325,1,20,C,Medium
0.8046369603356023,0.8046367931579286,1.9107590896250863,3.8147052692416383,-0.9487434719304564,2.374684713498789,1,20,C,Medium
0.8050891996404109,0.8050888139774276,1.9193699666270143,3.794215509057084,-0.9428996418739133,2.384046348509322,1,20,C,Medium
0.8041802193582828,0.8041798905017862,1.952801763897564,3.8251417426774665,-0.9443746475294743,2.4283136004711166,1,20,C,Medium
0.8060584178003855,0.8060573519279468,2.00029079419751,3.946429825733072,-0.9452045540847243,2.481570504103175,1,20,C,Medium
0.8057234797760802,0.8057226820570025,1.881098013565042,3.6980290990292373,-0.9498744903405889,2.334669475050945,1,20,C,Medium
0.8043563430911739,0.8043539704570499,1.8649497462902058,3.7298650709876116,-0.9387527990112163,2.318561620491645,1,20,C,Medium
0.8039618461220377,0.803959138049365,1.9110118615991811,3.7660097768979224,-0.9480669013266643,2.376993225259471,1,20,C,Medium
0.8050760911518889,0.8050754947628695,1.9264459512663823,3.8121508389211525,-0.942806753334259,2.392874378507573,1,20,C,Medium
0.8058249463733723,0.8058248694456069,1.9546565636879472,3.8568463737403116,-0.9448992930990396,2.425659037344164,1,20,C,Medium
0.8051777027721879,0.8051776956886553,1.9150171603144825,3.7879489982590133,-0.9465066048112769,2.3783782806219933,1,20,C,Medium
0.8047296139263045,0.804729528719742,1.9030979586002719,3.7233948819403917,-0.9476224575111796,2.364891170482703,1,20,C,Medium
0.8040847254438156,0.8040846643323213,1.9607495967412327,3.8695395755556965,-0.9490437582557933,2.4384863120723934,1,20,C,Medium
0.8041703524852807,0.804170035645831,1.897513513171214,3.7671222965505886,-0.9520871748439599,2.359591481216594,1,20,C,Medium
0.8046473415047843,0.8046466669776141,1.8747051383609046,3.7280560479871867,-0.9513420653635021,2.329846930028983,1,20,C,Medium
0.8034533078504146,0.8034531986537067,1.9227590516344635,3.810096385571575,-0.9496835332857145,2.3931185955020537,1,20,C,Medium
0.8045633599536852,0.8045631949485195,1.9376630772322843,3.8557252211887003,-0.9446600400919203,2.4083411868815725,1,20,C,Medium
0.8047155154887381,0.8047142468905889,1.8969239006862249,3.7517595561046533,-0.9477520128320225,2.3572602543075636,1,20,C,Medium
0.8041519244994957,0.8041512293478805,1.9196493758794475,3.782887317435577,-0.9456505050661042,2.3871725197626525,1,20,C,Medium
0.8049311077458947,0.8049303488555317,1.914492534171446,3.82674055679736,-0.9495171352211611,2.3784551444815376,1,20,C,Medium
0.803921374357448,0.8039197390254044,1.933302958979965,3.8184440300091396,-0.9529523604724659,2.4048408471850875,1,20,C,Medium
0.805109670926968,0.8051096459465014,1.941704508192314,3.7643996676063884,-0.9488748598273453,2.411726722841027,1,20,C,Medium
0.8052319209045559,0.8052315812415008,1.9392146636155436,3.8576978317559876,-0.9542479857704742,2.408268491687625,1,20,C,Medium
0.8031940481544599,0.8031938939163326,1.9989426053452886,3.8579498633879115,-0.9521501683112326,2.488741805219251,1,20,C,Medium
0.8046900148154239,0.8046889141672083,1.9007941512761677,3.7685560961185804,-0.9503334321726271,2.362144572792,1,20,C,Medium
0.8041813700409196,0.8041773218980157,1.9449916160280831,3.868013795948499,-0.9453257814736071,2.4185982024541492,1,20,C,Medium
0.8055048576248027,0.805503209940169,1.929608225932352,3.819784542957394,-0.9457914804308878,2.3955264920713204,1,20,C,Medium
0.8043164678259287,0.8043164603922943,1.9331414371726336,3.8296821563532166,-0.9476177354622095,2.4034587311110567,1,20,C,Medium
0.8045266660458498,0.804526515818596,1.8915510443992622,3.7829463032762414,-0.9468348615191977,2.3511353000839668,1,20,C,Medium
0.8049768891647375,0.8049768792497077,1.944697734741131,3.8793957886960344,-0.9466840801490997,2.4158429402352084,1,20,C,Medium
0.8047316405023612,0.8047315996867309,1.8555904450840557,3.665832072549678,-0.9550699674603615,2.3058499898496425,1,20,C,Medium
0.8052433206212675,0.8052431159902216,1.923946186219045,3.7981971904189544,-0.946157966998832,2.3892730767821426,1,20,C,Medium
0.80461286718674,0.8046121831517757,1.896077966940935,3.7268039309326735,-0.9484831183424172,2.3565096262633847,1,20,C,Medium
0.8052011430002302,0.8052009392791666,1.8979626212162424,3.7709257386625783,-0.9479558040072162,2.357128573047368,1,20,C,Medium
0.8045963039806556,0.8045960195631394,1.927833433695761,3.769085226976169,-0.9489737057234224,2.3960257139611603,1,20,C,Medium
0.8041734082497403,0.8041733999872589,1.9153518709781716,3.7713131064210437,-0.9391707132227793,2.3817647429388127,1,20,C,Medium
0.8064486743222755,0.8064476915496467,1.8779270885846593,3.75066624971486,-0.9471254631842485,2.328638075030422,1,20,C,Medium
0.805656208544171,0.8056556555282502,1.9388582337931157,3.8063603777179322,-0.9460828967470989,2.4065578012445936,1,20,C,Medium
0.8053287385438782,0.805326784041028,1.9351217763517932,3.766684251077181,-0.9479918459087475,2.4028967100450225,1,20,C,Medium
0.8050374606177976,0.805035327258416,1.883407726842679,3.7266520611101956,-0.9507921931787848,2.339528057982947,1,20,C,Medium
0.8046703766682634,0.8046682675422216,1.8548868385632802,3.7026834018447747,-0.9434935915574236,2.305151143059891,1,20,C,Medium
0.8054483736952216,0.8054476071113733,1.94069927966964,3.850297508105853,-0.9477148365140144,2.4094645206943985,1,20,C,Medium
0.8039549281280189,0.8039545750062135,1.9068297721574385,3.813310503373602,-0.9419168576906745,2.3718117837742785,1,20,C,Medium
0.8050214265860087,0.8050214209494296,1.8790568834014634,3.734682274210686,-0.9485593788242035,2.334170024977223,1,20,C,Medium
0.804573281590357,0.8045724895701272,1.9021401019427626,3.7976288655499273,-0.9536097225202167,2.364160164730929,1,20,C,Medium
0.805175692475432,0.8051756086211493,1.932799840096188,3.8239052763393557,-0.9515613341890767,2.400469684018886,1,20,C,Medium
0.8046625519042493,0.8046625060334824,1.9196469306115957,3.7224748346603658,-0.9499825141384455,2.3856546151783933,1,20,C,Medium
0.8049366392681624,0.8049332700073116,1.9010725308126677,3.755339942623732,-0.9551203484568371,2.3617666758728952,1,20,C,Medium
0.8032739481568472,0.8032738913823355,1.8932600298526747,3.743908896326033,-0.948932472484906,2.3569294562544396,1,20,C,Medium
0.8039411031994268,0.8039409459671157,1.8899683951482937,3.7383003138338444,-0.9552512696611606,2.3508791721518256,1,20,C,Medium
0.8050080322679737,0.8050054467967124,1.9134385085233576,3.7517322886601274,-0.95533884176238,2.376918529784813,1,20,C,Medium
0.804092426030413,0.804089863265171,1.8749648849944547,3.7338166782790942,-0.9476071296709523,2.331777820928683,1,20,C,Medium
0.8044154352685239,0.8044143105996312,1.8892266622063785,3.735450875106922,-0.9454974727939582,2.3485708744210396,1,20,C,Medium
0.804712687742465,0.8047122651976341,1.924109654509906,3.7962075002916578,-0.9444182563979595,2.3910517179837054,1,20,C,Medium
0.8046700861398535,0.804669319072319,1.921520010132416,3.8301948479522463,-0.9484336399168467,2.387960038815773,1,20,C,Medium
0.8051431724127837,0.8051411445462567,1.8815902518135044,3.753248753247507,-0.9476522409164416,2.3369635566490827,1,20,C,Medium
0.8042361020459662,0.8042314021803342,1.990976200484143,3.8543262635906608,-0.9502451403518628,2.4756115715510973,1,20,C,Medium
0.8063892125260147,0.8063888097555539,1.907855724896711,3.738209015432508,-0.948228933233394,2.3659241657268106,1,20,C,Medium
0.8040663967280164,0.8040662733757968,1.915752602122162,3.8123172901377433,-0.9474508791615883,2.382580107709917,1,20,C,Medium
0.8064128116441239,0.8064111417697861,1.8992459000793267,3.7672890664956196,-0.9394192153072156,2.355178232110576,1,20,C,Medium
0.8040931491904508,0.804089888942084,1.8772005412277257,3.7513546604754824,-0.9548046279317686,2.3345560686814255,1,20,C,Medium
0.8044009087745387,0.8043998066356294,1.9253645550218494,3.806149024399998,-0.9514010152020931,2.393538512972391,1,20,C,Medium
0.8049052721471216,0.8049052082209809,1.9360088843062395,3.8510819319279963,-0.951000618713584,2.405263018270271,1,20,C,Medium
0.8048740403140435,0.8048734913216431,1.897227338745607,3.7656731636538723,-0.9473702390049681,2.357172978277883,1,20,C,Medium
0.8043410363204124,0.8043400926937915,1.8917219527403861,3.7089366593717488,-0.9569241203216614,2.3518903889255394,1,20,C,Medium
0.8044518107060591,0.804449712750775,1.8946854366565349,3.7646885186451016,-0.9522913758019595,2.3552503847229693,1,20,C,Medium
1.1350306359774627,1.134950767742695,4.761945114185689,8.604604817049367,-0.24414842881893595,4.195433112767754,1,0,C,Strong
1.1536977607656864,1.1536944503628617,3.6512750360289807,7.187339439582062,-0.30280845317661864,3.1648453868937922,1,0,C,Strong
1.1585577169956554,1.1585261076359816,4.240152157872409,8.139417731108752,-0.20641613883575882,3.6598540544599465,1,0,C,Strong
1.1436914861986345,1.1436292437774878,4.194807537276502,8.306520372204767,-0.13043630019588504,3.6677789315535354,1,0,C,Strong
1.1471611354480533,1.147111153138764,4.0157180791775335,7.923126629620774,-0.19426790220144197,3.5005701946214307,1,0,C,Strong
1.1505926311838428,1.1505727646616413,4.253120212823499,8.443251831624206,-0.2291042727896122,3.6964605000533255,1,0,C,Strong
1.1596129528205477,1.1596029930215124,4.714288447293942,8.965469353800712,-0.18152008177286438,4.0653982312178325,1,0,C,Strong
1.1579627706368345,1.1578009190985972,4.238529379970171,8.26558691326059,-0.24271522933398693,3.66033303267526,1,0,C,Strong
1.1451158364771974,1.145066621783989,4.012618540380067,7.845242492718189,-0.20770835149983657,3.504115839253761,1,0,C,Strong
1.1502072605100022,1.1502066416743657,4.011978564612846,7.808781006837946,-0.2673149555698453,3.4880483738504084,1,0,C,Strong
1.145751899933332,1.1457097264707181,4.3325393010877615,8.269154149781047,-0.2795549790628469,3.7813939486723602,1,0,C,Strong
1.1449153091259612,1.1449149106046839,4.199130406059982,8.275330989155925,-0.22919461831660026,3.6676340796470237,1,0,C,Strong
1.1411273446473802,1.1411273374393234,4.30791912095665,8.41409161148351,-0.1791088052161629,3.7751431872731436,1,0,C,Strong
1.159563734684891,1.1595553864690085,4.245189832099798,8.315622988572628,-0.2170351600466094,3.661023284117642,1,0,C,Strong
1.1526743314844061,1.1526533043400096,4.077883715766987,7.534079269462816,-0.26322825852336695,3.537758761848645,1,0,C,Strong
1.1494040375228003,1.1494036075895036,4.456223659834008,8.316444643232362,-0.20969618891866926,3.8769862592775275,1,0,C,Strong
1.1499483146465483,1.1499449281791696,4.189054948214184,8.161955000944086,-0.21136530307052936,3.642820198838019,1,0,C,Strong
1.1543657977148905,1.1543453178724679,4.2495598679575615,8.035087989403749,-0.31132285188235054,3.681293985294541,1,0,C,Strong
1.1462384641580774,1.146235619177585,4.678435257272887,8.467838468577492,-0.21373820462571524,4.081554932558681,1,0,C,Strong
1.1574010032502011,1.1573811977440454,4.247497889915868,7.985145754684453,-0.2289936234457035,3.669858482918271,1,0,C,Strong
1.1457558260784277,1.1457519519218549,4.065811421805512,8.024506987162884,-0.23118234332255705,3.548584549398752,1,0,C,Strong
1.1489021043101173,1.1488993727584829,4.133959842762079,8.047542941801613,-0.2088112459539686,3.59818284539082,1,0,C,Strong
1.160496754865244,1.1604952562240374,4.486873870087944,8.521003299257282,-0.1991017129030226,3.8663390063584937,1,0,C,Strong
1.1615693690702118,1.1614319067879992,4.468268373364307,8.317883244157759,-0.21885727720781212,3.846751207756942,1,0,C,Strong
1.1493475575347007,1.1493442973189183,4.020226244836857,7.775725007073148,-0.2274474000548392,3.497833373796924,1,0,C,Strong
1.154399887549177,1.154399166573663,4.43716019484212,8.346752420151613,-0.24093856098677424,3.8436942368924982,1,0,C,Strong
1.1486186575652224,1.1486185767704271,4.23160993129315,8.054738597867047,-0.2520049294668838,3.6840860135974807,1,0,C,Strong
1.1607196636203112,1.1606668947836822,4.275210110523049,8.177021245552584,-0.1768151256419932,3.6832408759136297,1,0,C,Strong
1.1545633267079374,1.154383689245901,4.64679235985812,8.800763393571371,-0.21962858304790034,4.0247184821881925,1,0,C,Strong
1.1375176818829418,1.1375176407338863,3.882061608557485,7.7070475782818075,-0.2728970929623218,3.4127483646069385,1,0,C,Strong
1.151478694728628,1.1514737196332607,4.240458962696967,7.908600662003308,-0.24243502603102618,3.682620427203238,1,0,C,Strong
1.1433004236650388,1.143142619259604,3.9491041242377456,7.709956771630921,-0.24412318616786788,3.454126354277241,1,0,C,Strong
1.1528438001463783,1.1528377297525843,4.474559844610215,8.718458814932738,-0.21310678241345027,3.881323596520251,1,0,C,Strong
1.1575793740305502,1.1575650996782043,4.129845033721189,8.224356773970833,-0.1725694538966147,3.567656029790486,1,0,C,Strong
1.148473427794322,1.1483466216375902,4.462198593221215,8.78951376467305,-0.23661713362696668,3.885330287345875,1,0,C,Strong
1.1539789522539485,1.1538532162753514,4.227117578047773,7.914144235215621,-0.23787478348195812,3.6630803099063276,1,0,C,Strong
1.151208392300913,1.1511871260372608,4.069520590495074,8.087448711837519,-0.2265196285192208,3.534999065079215,1,0,C,Strong
1.1369480631314697,1.1369479541767362,5.045989334593818,8.934380605208162,-0.20136553764098108,4.43818807404075,1,0,C,Strong
1.145941111816849,1.1459368700352126,3.971299434981891,7.7996809101391,-0.2402503844986601,3.4655353525850354,1,0,C,Strong
1.1555992315895143,1.1555897350988946,4.114195494474721,8.07819092629357,-0.1559361636087111,3.560226921244738,1,0,C,Strong
1.1458286354101983,1.145799145196154,4.310192108162606,8.19739881689774,-0.17864802568847482,3.7616376262228672,1,0,C,Strong
1.1564596955953788,1.1564180151800716,4.254064535891509,8.421467728192848,-0.23863054721440902,3.678523818939832,1,0,C,Strong
1.1504516871733574,1.150445193715143,4.192121842201485,8.347118507965074,-0.21653347842477277,3.6438921242329307,1,0,C,Strong
1.1533769847425044,1.1533769444877953,4.113372497218084,8.064701292706877,-0.24855621909344405,3.5663729653287723,1,0,C,Strong
1.1663108208058435,1.1663047953804115,4.2124123108391975,8.375501966458657,-0.2191509780181784,3.611740743285482,1,0,C,Strong
1.1520674490064295,1.152066931036863,4.493004528055323,8.528422252752677,-0.226597501384858,3.8999492016983877,1,0,C,Strong
1.1616519767652458,1.1615886589671163,4.425351011041868,8.343420703523268,-0.19298696344470923,3.8095325446479844,1,0,C,Strong
1.1459126201156762,1.1459124649857837,4.409186403392734,8.349725700372494,-0.2151455685931869,3.847750976813259,1,0,C,Strong
1.1593994905912073,1.1593122107965352,4.541681921715121,8.97738339989934,-0.17415507566086808,3.9172709308326517,1,0,C,Strong
1.152045035340525,1.1520053934772785,3.8732599455795484,7.7438197166171445,-0.21457121360655584,3.3620733797396025,1,0,C,Strong
1.1497423997289031,1.149653070964216,4.096401883119115,7.891781477608776,-0.23932689872412727,3.5628866814731737,1,0,C,Strong
1.1505175663589466,1.1504901239295093,4.041972431416923,7.823509941416372,-0.16898296353014652,3.51317750341578,1,0,C,Strong
1.152765409869148,1.1527653078773683,4.58838697993722,9.03944470167962,-0.23501697900143625,3.980330204788201,1,0,C,Strong
1.1581056817122493,1.158095332431786,3.9401233931621675,7.739896997006126,-0.2901047821345011,3.402214025352789,1,0,C,Strong
1.1603702216052783,1.1602319879209895,4.059185219322911,7.929233608675231,-0.20738960201603884,3.498181135420174,1,0,C,Strong
1.1552095087323007,1.1552071857740158,4.239413633633141,8.333536059308944,-0.1821517444009717,3.6698223149888825,1,0,C,Strong
1.143144706131604,1.1430879232683246,4.1896763503789725,8.255747471176942,-0.21555070371796958,3.665044615879661,1,0,C,Strong
1.1617244568160148,1.161628690706857,4.175782121060617,8.289229369201953,-0.2570671943059293,3.594468633728649,1,0,C,Strong
1.1443152499600941,1.1442682227254912,4.493121461824079,8.797272133799442,-0.2386336426187463,3.9264717148362465,1,0,C,Strong
1.1579807584797686,1.157979395272067,4.132479899542602,8.168105717416323,-0.24253159945319913,3.568694789858032,1,0,C,Strong
1.1542607417121225,1.1542501314394709,4.050476664060451,8.04177316168823,-0.215020799820258,3.5091522371733377,1,0,C,Strong
1.1427265610174944,1.1427226786632454,4.940050990823276,9.031785372381332,-0.18488699917525686,4.323038563507799,1,0,C,Strong
1.1581689804392896,1.158154200593173,4.210496668232786,8.243887601388032,-0.2351065701404278,3.635476980773357,1,0,C,Strong
1.1623639807443946,1.1623635697114598,4.019857488532932,7.652701061863479,-0.2890232838103244,3.4583465722660796,1,0,C,Strong
1.1456771431463624,1.1456771030718358,3.9243220639086402,7.477262298433659,-0.24105420525307952,3.425329803762438,1,0,C,Strong
1.1388912718282989,1.1388902869099038,4.511700003570214,8.649392868205451,-0.2271694656112544,3.961484397301102,1,0,C,Strong
1.1420831250435863,1.142014529233927,4.06795034796865,7.738682297245072,-0.23533937708901442,3.5618688856937637,1,0,C,Strong
1.1550653992161057,1.1550653693693607,4.399824168224352,8.518477000809856,-0.20194276607947304,3.809155889536928,1,0,C,Strong
1.155709641343118,1.1556860584151303,5.056195219844001,9.113448777213906,-0.1752380599252512,4.374970181929001,1,0,C,Strong
1.1598594972515135,1.159837538841536,4.867670652508574,9.361766045691343,-0.2337619932188666,4.196776130249704,1,0,C,Strong
1.1459172532075337,1.1459087815299978,4.076918484146935,7.978975295850008,-0.23049693900793056,3.5577773811636435,1,0,C,Strong
1.1491866268854003,1.1491530326113149,4.7287820670865965,8.93672045125847,-0.18934954026602968,4.1148947929396344,1,0,C,Strong
1.1471065813656862,1.1470230618521275,4.036736614645154,7.874083174643163,-0.2608657771478513,3.519059763251661,1,0,C,Strong
1.1357997190705202,1.1357997166458442,3.989665643827025,7.755729434567774,-0.28451955794600137,3.5126489088163897,1,0,C,Strong
1.1473377904371256,1.1473359924872506,4.633209531731613,9.033209462407271,-0.15643396397295728,4.03822620535004,1,0,C,Strong
1.1525615232688897,1.1525161383244642,4.576618574543982,8.698176873468881,-0.2357466797479546,3.970823667237995,1,0,C,Strong
1.1528020274029567,1.1528012264284444,3.9981810473877966,7.886942501355764,-0.22682945119193043,3.4682286744367867,1,0,C,Strong
1.1434551874127707,1.1434292809485531,4.016680047047834,8.011609125974351,-0.16560095763246752,3.5127568541939467,1,0,C,Strong
1.157444576353955,1.1573967230639592,4.5911460283668015,8.501194827717972,-0.2460626509955257,3.966622784504539,1,0,C,Strong
1.1459359416576902,1.1459009498108061,4.6694731741109194,8.662094941458015,-0.24292326640052364,4.074811692664203,1,0,C,Strong
1.153150515600769,1.1530628590923293,3.9421425528877685,7.873414957365963,-0.2550772688717,3.4185845642483095,1,0,C,Strong
1.1474134582823328,1.1473977690376922,4.406331362282831,8.358263565171997,-0.18525597144963601,3.8402298059838587,1,0,C,Strong
1.1487645749695574,1.148763813157646,4.2246150107253,8.421806525675429,-0.189702417173522,3.6775289757148486,1,0,C,Strong
1.1452001382955663,1.1451830014995357,4.41604520574201,8.06820132748564,-0.23978799937784334,3.8561340136707756,1,0,C,Strong
1.1438938354737462,1.1438901855048815,4.223757947769451,7.886585579836824,-0.2819047788643232,3.6924387707887005,1,0,C,Strong
1.152872399074528,1.1528539712628783,3.9766511328518908,7.697886895974346,-0.25299567578871374,3.4493419532327776,1,0,C,Strong
1.1468741791401824,1.146865256312472,4.519109276095652,8.436391288495237,-0.2805528700237363,3.9403705814387173,1,0,C,Strong
1.1512472690286906,1.1512208731896145,4.361553934220662,8.153317406113313,-0.20777204804863336,3.7885466064128113,1,0,C,Strong
1.1445011533322274,1.1444759581722785,4.055362748039197,7.918952178371913,-0.22406492703318248,3.54334526988633,1,0,C,Strong
1.1447346430762684,1.1443782337594057,4.477027184415222,8.82198976076333,-0.19539568992984568,3.9109737889857317,1,0,C,Strong
1.1386147645126663,1.1386074208684072,4.158085021228976,8.246273261826296,-0.2516198078590617,3.6518804698695964,1,0,C,Strong
1.1600663131294895,1.1600133196890117,4.082701179667995,7.885106731630678,-0.2566410279515474,3.519368792508221,1,0,C,Strong
1.1451613475060043,1.1450704958102298,4.028152295521993,7.998426030455544,-0.21421354432134398,3.517541265512258,1,0,C,Strong
1.1467137759032107,1.1466942093259302,4.0607302113123005,7.785810398464453,-0.26810003060352416,3.541189001687767,1,0,C,Strong
1.1369557372779393,1.1369076144099013,4.146886029082781,8.13262406789431,-0.2554324719894012,3.647359253413958,1,0,C,Strong
1.1505544517602626,1.150535068901087,4.4695081228000975,8.261793416112365,-0.21588295383699707,3.8846558856576348,1,0,C,Strong
1.142531329648738,1.142521263880384,4.52974975293971,8.851048032004027,-0.2298267027452141,3.964661305464897,1,0,C,Strong
1.1433713322355334,1.1433062522702186,3.8044215153235115,7.592594246356073,-0.20313740192619312,3.327371789080159,1,0,C,Strong
1.1478956883024882,1.1478956423580016,4.1509514333658695,7.814528438169268,-0.2720097028806512,3.616139929495083,1,0,C,Strong
1.1423079965636047,1.1422679676550125,4.152388429800684,8.057237381150737,-0.19028157124886613,3.6350865460911406,1,0,C,Strong
0.9298440856903005,0.929823064149782,3.4925591624435723,6.5200809854342685,-0.5279843678486276,3.756069663927319,1,5,C,Strong
0.9282923238772032,0.9282923186959431,2.95144023445547,5.872450996015504,-0.5280711441713941,3.179429753472672,1,5,C,Strong
0.93476508971943,0.9347390447715225,3.213310391169413,6.216525678767987,-0.5081809328338478,3.4375592611550023,1,5,C,Strong
0.9286702808603167,0.9286681606868585,3.1121539814563137,6.10607102792098,-0.5121877582659322,3.3511936858507263,1,5,C,Strong
0.937532530788398,0.9375252396717934,3.061043814813753,5.995423196860631,-0.5169041666535201,3.265000108571842,1,5,C,Strong
0.9356292364663545,0.9356249214795451,2.953905638286132,5.689691684199062,-0.5270000058586874,3.15713267943862,1,5,C,Strong
0.9301004926872207,0.930065883219348,2.7135799021786906,5.36397653120652,-0.5209361285917282,2.9175125951591427,1,5,C,Strong
0.9336670070107431,0.9336620400944442,3.144731920182208,5.937951915902056,-0.5677393046249328,3.368151489309318,1,5,C,Strong
0.9370447860331682,0.9370389131810916,3.1931310921814946,6.072446932550382,-0.4872131912880162,3.40766112759574,1,5,C,Strong
0.9261411853301194,0.9261385194778252,3.0958151216268135,6.077080140648851,-0.5133902892603364,3.3427032191893318,1,5,C,Strong
0.9281933800914494,0.9281933789224975,2.9765093796620805,5.912064801305097,-0.525160897241542,3.206777212059865,1,5,C,Strong
0.9309875051781015,0.9309861086184811,2.834381169431021,5.65383516709436,-0.5026415853484973,3.044488947130169,1,5,C,Strong
0.9337134574836398,0.9337041263502673,3.0441390993344974,6.0424536662445165,-0.5683219439027511,3.2602497853447034,1,5,C,Strong
0.9308606516356785,0.9308526498728716,3.035881720541127,5.836843822941997,-0.5314521141500981,3.261370770379619,1,5,C,Strong
0.9234072418576885,0.9234046838867306,2.796209594838765,5.481782313048463,-0.5303001784844561,3.0281434540337995,1,5,C,Strong
0.9336485937681427,0.9336436155465985,3.056645436013855,6.028887217707991,-0.5182234895614042,3.273871407739651,1,5,C,Strong
0.9316722377169587,0.9316686725649106,3.0582320930826503,6.0141355647323635,-0.5372675991944322,3.282519290879352,1,5,C,Strong
0.9246875190103239,0.9246874599466649,3.1315844077761583,6.222572802108806,-0.49697467606500867,3.3866407228334126,1,5,C,Strong
0.9249997497141951,0.9249997488995696,2.8486769117053035,5.624744861786531,-0.5504727226300896,3.0796515486468867,1,5,C,Strong
0.9380220045362877,0.9379983851479691,2.995730772931511,5.903286724780992,-0.5254639927803009,3.193667908049187,1,5,C,Strong
0.9319054808674725,0.9318940358565568,2.9330511696093957,5.817059657100855,-0.5792703294864823,3.147369802867925,1,5,C,Strong
0.9328127900529422,0.9328119157243135,3.53117388102957,6.735600572487711,-0.5734891995213851,3.785511861205459,1,5,C,Strong
0.9329114953061898,0.9329114442672904,2.9844885481766723,5.886955480304504,-0.5236350113481221,3.1991122021678344,1,5,C,Strong
0.9297279851325563,0.9297170355115429,3.276550688405582,6.369271234006591,-0.5089306847033574,3.5242035743803353,1,5,C,Strong
0.935617520835457,0.935617346991654,3.21207494327039,6.07108159068,-0.5172842436549132,3.4331068751279656,1,5,C,Strong
0.926014256287105,0.9260093924696452,2.948278425983084,5.688404667847319,-0.5276235505942815,3.1838369722344626,1,5,C,Strong
0.9300937919381264,0.9300685240533949,3.1492304624759466,5.9699855815428435,-0.4998372074952093,3.385927838431854,1,5,C,Strong
0.9357064656323092,0.9356232905781475,3.0711763742018765,5.84152999049317,-0.5314274706755611,3.282200654803118,1,5,C,Strong
0.9278276733252102,0.927819022463347,2.9292561097417065,5.84986451191463,-0.5500300982581741,3.1571122461174763,1,5,C,Strong
0.9250510577251869,0.9250154919301536,3.0764326250438128,5.9906307196038355,-0.5300570142417556,3.3256895382716873,1,5,C,Strong
0.9339999648557413,0.9339999568970621,3.257322828964808,6.157981216731541,-0.5162574580414985,3.4874978067776587,1,5,C,Strong
0.9360488205622363,0.9360264932644881,3.156279177180716,5.958258717818742,-0.49634309861707804,3.3719172631240557,1,5,C,Strong
0.9292246761619444,0.9292227772851295,3.1431563626163896,6.195401525985756,-0.5602745651676315,3.382558000502995,1,5,C,Strong
0.9340491228146017,0.9340402498500708,3.1439228941017516,6.183846607736068,-0.489958623442567,3.3659074424566264,1,5,C,Strong
0.9320817270374501,0.9320812471656839,3.135112272410277,6.2049231096974555,-0.5142880407814654,3.3635594191670184,1,5,C,Strong
0.9255949006129173,0.9255791102572526,3.185823898575747,6.297306939626342,-0.48141444231445707,3.4419203222339867,1,5,C,Strong
0.9259954116166512,0.9259867614662026,2.865480376583334,5.514633766654489,-0.553087589035484,3.0944865823693752,1,5,C,Strong
0.9239846932678091,0.9239789488560378,3.183268105348026,6.286405499343999,-0.5339017042702885,3.445152423564427,1,5,C,Strong
0.9285113511317171,0.9285110297784779,2.9711533678574167,5.803491063155948,-0.5030577298382495,3.199910657242933,1,5,C,Strong
0.9337266188542851,0.9337248844178148,2.939208616781487,5.8034710124160345,-0.5236804548930225,3.1478256669901925,1,5,C,Strong
0.9300591688412787,0.9300587333248777,2.9858992884359603,5.833677938533261,-0.500924418913939,3.2104401402288905,1,5,C,Strong
0.932732915996866,0.9327327644175669,3.639706628776098,6.50671884141052,-0.46437573652353725,3.9021959730949685,1,5,C,Strong
0.9291753016680836,0.9291484061311622,2.862895409440436,5.605394219934896,-0.5441052146728871,3.081114407906538,1,5,C,Strong
0.9343762439229049,0.9343751821509897,2.9606253191411644,5.837209968465486,-0.5032646844462985,3.168557996199917,1,5,C,Strong
0.9279834978127377,0.9279825988890271,3.061355219130549,5.984893158920575,-0.4756996776551272,3.2989328219156704,1,5,C,Strong
0.9379706560439592,0.9379604578502293,3.040418874695618,5.666425812950379,-0.5246060170320992,3.2414861329661093,1,5,C,Strong
0.9357855115549459,0.9357624026101871,2.7952540939715953,5.451951343861033,-0.5143336923190382,2.9870670783595137,1,5,C,Strong
0.9343420535176717,0.934320000931799,2.9626729884393206,5.813949749539214,-0.5408173250636663,3.170865506144411,1,5,C,Strong
0.9322771605108844,0.9322723782298177,3.200977619475683,5.956173355768379,-0.5037555150526223,3.433504278621992,1,5,C,Strong
0.9344781073708193,0.9344769167613114,3.5496916389563267,6.4787121454293075,-0.5516409337204911,3.7985819153575306,1,5,C,Strong
0.9289879699086904,0.9289879469000412,2.7377164228377255,5.46820571783914,-0.5124015700312472,2.9469880251590492,1,5,C,Strong
0.9364886405507832,0.9364653316615859,3.290109218270217,5.943130087465282,-0.5044802951733804,3.513239857704183,1,5,C,Strong
0.9375880618163739,0.9375755718144964,3.2543741331541485,6.009221670826424,-0.5255415945343476,3.47100636803065,1,5,C,Strong
0.9262221989061695,0.9262221512676885,3.0913645214045724,5.822833374620257,-0.525017269570335,3.337605733327648,1,5,C,Strong
0.9288029747848094,0.9287982307457021,3.0667377204035606,6.058669538245903,-0.5281090110705033,3.3018172891985844,1,5,C,Strong
0.9350571619659661,0.9350562277670649,3.597151596274846,6.325769463024236,-0.5254477938857356,3.8469857700590224,1,5,C,Strong
0.9327951637669777,0.9327771870478482,3.0318786529370945,5.88992548621238,-0.5301258144980481,3.2503155791387557,1,5,C,Strong
0.9318798037642727,0.9318789342268022,2.933333077582624,5.763353319279219,-0.5082672420800889,3.147759041169903,1,5,C,Strong
0.9343484943045677,0.934338983317738,3.3145849226283888,6.465752744316921,-0.46612312104839404,3.5474824894916996,1,5,C,Strong
0.9277568852787728,0.9277324376890899,3.053255228902403,5.8408458918543715,-0.5050411019618113,3.291007889405164,1,5,C,Strong
0.9377845229485884,0.9377612697817329,3.0240796106458734,5.8087855905593,-0.4977412564571244,3.224706248230182,1,5,C,Strong
0.9291438190339842,0.9291437903419203,2.8612496483111096,5.6517952832422,-0.50093479253868,3.07944754051736,1,5,C,Strong
0.933378540762263,0.9333740362505153,3.0188371944771077,5.78960815125155,-0.5640636730573703,3.234311763812045,1,5,C,Strong
0.9360440824396904,0.9360025267202203,2.988438896687382,5.961607374017614,-0.5178705082872992,3.1926262371087937,1,5,C,Strong
0.9249423589168637,0.924934295321056,3.2387799562369546,6.18531116834087,-0.5029691391191422,3.501601937692276,1,5,C,Strong
0.930230567648609,0.930229445895308,3.232052860439297,6.177798814115454,-0.5039005549890572,3.4744642595535438,1,5,C,Strong
0.9381388549937945,0.9381341439708794,3.2374199054261097,5.961061776664045,-0.5131490213996206,3.450896301963236,1,5,C,Strong
0.9247940079608646,0.9247926894612154,3.2271986758772035,6.177653146907853,-0.49705898430588746,3.4896405557309493,1,5,C,Strong
0.9365447462224755,0.9365268526721029,2.832745788964164,5.629111058467608,-0.528773833674141,3.0246774651077346,1,5,C,Strong
0.9364472549795974,0.9364467670601934,2.976185610249529,5.700345098624359,-0.5512313818409718,3.1781668368651177,1,5,C,Strong
0.9367019974046282,0.9366783389095841,3.1144148210194182,5.832894661972313,-0.5447534365215398,3.3248726165298024,1,5,C,Strong
0.9305383596556879,0.930533425385446,3.0502890049034392,5.970352833224213,-0.49166434817948845,3.277983087158372,1,5,C,Strong
0.9271780101379818,0.9271722772035939,3.2983947382696233,6.510037537214076,-0.5046922385441124,3.5574557444246966,1,5,C,Strong
0.9328386395044863,0.9328224623430045,3.1348324241346326,6.031160874225751,-0.5041583698111571,3.3605302046662877,1,5,C,Strong
0.9262620374940875,0.9262272165930172,3.0466187431642413,6.034066195900734,-0.5155254298874983,3.2891542779908955,1,5,C,Strong
0.9328404337074406,0.9328382090166445,3.2457141007934034,6.064214058422779,-0.5019091061440082,3.479388310703662,1,5,C,Strong
0.9350202003973875,0.9349874156428089,2.9566184399411792,5.73283725937196,-0.4708117523440425,3.162090443270214,1,5,C,Strong
0.9401617073619745,0.9401373346426629,3.2803899278775375,6.298753877266686,-0.49363980718497213,3.489176279134016,1,5,C,Strong
0.9369106934049889,0.936910627698506,3.050626909432757,5.9477413267662165,-0.5251336697914284,3.2560487684754102,1,5,C,Strong
0.9345594598030226,0.9345476840293906,3.3787866870771452,6.4299181725944,-0.4321141713324317,3.6153790447846874,1,5,C,Strong
0.9326915754250124,0.9326891168607169,2.962471668063535,5.702810492230185,-0.5004554403928063,3.1762607770029283,1,5,C,Strong
0.9341853325286384,0.9341423608353735,2.744224959756755,5.479188063154753,-0.5373259855088,2.9375594587090434,1,5,C,Strong
0.9284915052068281,0.928488293909643,3.202842317220102,6.1149587414994855,-0.522072301834648,3.44951170717135,1,5,C,Strong
0.9324827529538793,0.9324557048072539,2.8814392599742695,5.57122914623522,-0.5207546774811846,3.090072444607226,1,5,C,Strong
0.9423053794841433,0.9423053770403882,3.2090119746518107,6.018351766669025,-0.548429439885775,3.405490454069737,1,5,C,Strong
0.9266669584175942,0.92654510452568,3.3292956408854497,6.437568503168504,-0.4987312497534151,3.5927639489495347,1,5,C,Strong
0.9354730378586217,0.9354725901632036,2.918341545072166,5.743350031977984,-0.5361318538026376,3.119642605363059,1,5,C,Strong
0.9377170767492727,0.9377083195354841,3.2089289690181646,6.3026735077219245,-0.5767642853269939,3.4220651927790047,1,5,C,Strong
0.9354195355243716,0.9354174631451516,2.9718694704259754,5.876111782366012,-0.5173608536581398,3.1770444785077356,1,5,C,Strong
0.9382584409941999,0.9382549693061397,3.4340037196285724,6.280136838183643,-0.5587734805014488,3.6599763664154454,1,5,C,Strong
0.9332681905297374,0.9332603603808711,3.1427049187185814,6.109753380402031,-0.5364580222119582,3.367418873383795,1,5,C,Strong
0.9311603234287129,0.9311524671977747,3.185007992034858,5.859047970825474,-0.5497453802526642,3.4204721914127965,1,5,C,Strong
0.9294500589841217,0.9294462278227755,3.023323437228741,5.85036657767073,-0.4894645900775987,3.2528089142661405,1,5,C,Strong
0.935285814764353,0.9352836038781696,3.0373027554277776,5.903471847250607,-0.5017736646503779,3.2474594476695144,1,5,C,Strong
0.9291114578384494,0.9290993108229185,3.253125869552364,6.239636402670532,-0.512234495313038,3.5013300526081834,1,5,C,Strong
0.9376979065111405,0.9376846800892418,3.313048778655392,6.5264536962450075,-0.47632526175117196,3.533172843460999,1,5,C,Strong
0.9337577690471104,0.9336943783608468,3.04629908546989,5.937212521019285,-0.49593295406348137,3.2624082887991444,1,5,C,Strong
0.9328661539373837,0.9328613099201866,3.261476678431582,6.309846975317836,-0.47495762095929095,3.496189313617761,1,5,C,Strong
0.9334002468929016,0.9333876799106052,3.1632501987894406,5.893937976672204,-0.4889093752589351,3.3889536769668247,1,5,C,Strong
0.9262368966002638,0.9262338585375375,3.0225196981827533,5.801362855769833,-0.5176723101763137,3.263225325267066,1,5,C,Strong
0.8555301948994795,0.855524288938503,2.4403851152713516,4.793369422430378,-0.7341489352594075,2.8524827409020728,1,10,C,Strong
0.8506269269325969,0.8506228342042864,2.468578731359254,4.821672405624261,-0.7268398702103478,2.902069818388035,1,10,C,Strong
0.8567977029918913,0.8567914831017842,2.472341682650036,4.871842263242822,-0.7383626178391212,2.8855605868418563,1,10,C,Strong
0.8556422790839414,0.8556414592183803,2.454556914070609,4.7752599827818605,-0.7695985516741941,2.8686718434466334,1,10,C,Strong
0.8503170551253625,0.8503130749471322,2.455073859530237,4.860276050688891,-0.7334650208539566,2.8872452278030396,1,10,C,Strong
0.8539770788469929,0.8539763699655792,2.50118205910473,4.964797194960978,-0.7436802998631618,2.928863222513806,1,10,C,Strong
0.8554748724053006,0.855472800510287,2.544262320146936,4.8908635044955115,-0.7428992204278924,2.9740935733078246,1,10,C,Strong
0.8518989086716607,0.8518984831739529,2.4598108650799824,4.897539865197745,-0.7428515561004954,2.887444554795226,1,10,C,Strong
0.8495157473672805,0.8495101964999626,2.7361744049261647,5.145532713793424,-0.7291734590521117,3.220863666631013,1,10,C,Strong
0.8509586208917527,0.8509546502846839,2.6076682326445484,5.001635709025639,-0.7287293898084233,3.0643889945105336,1,10,C,Strong
0.8518785135067575,0.8518596967927033,2.523157038739519,5.014427982140152,-0.7245957211908367,2.9618742564041725,1,10,C,Strong
0.8519716605573486,0.8519618262389195,2.628486121395042,5.076643671505185,-0.7314289831640091,3.085180227327657,1,10,C,Strong
0.8516152479253712,0.8516133950019296,2.549671493277798,4.939137844605659,-0.7351907190854279,2.9939241922794118,1,10,C,Strong
0.8544625805809354,0.8544623273470142,2.515654758417951,4.812721895443381,-0.7553256068486514,2.9441368359368036,1,10,C,Strong
0.8525480624590478,0.8525475576836727,2.4195631779495956,4.828915430013879,-0.7623879021926774,2.8380372726092724,1,10,C,Strong
0.8546012423054117,0.8546009423620308,2.5483568251055684,4.913810756159586,-0.740081187381894,2.981925018305618,1,10,C,Strong
0.849603718235838,0.849583132785446,2.5499887908677272,4.930164995467491,-0.7220376141388858,3.001386100525382,1,10,C,Strong
0.8496251402359644,0.849621428845604,2.6845511306391083,5.1202479938964585,-0.723262341036512,3.15968890691433,1,10,C,Strong
0.8545978851196672,0.8545729385749892,2.5005317028048815,4.96044708381305,-0.7440877690342238,2.9259745973449705,1,10,C,Strong
0.855037544918665,0.8550371861526291,2.455272184694054,4.823217603434314,-0.7583076494914356,2.871537278433324,1,10,C,Strong
0.8538371444384584,0.8538336912148655,2.481572014560334,4.800993983116058,-0.7604913616509332,2.90637626943764,1,10,C,Strong
0.8530423737543799,0.8530411805053951,2.4930473259263906,4.832515407953091,-0.777164814749487,2.922536327186279,1,10,C,Strong
0.8505846870117764,0.8505835852473452,2.728017498070933,5.392335499518332,-0.734648403686109,3.207226205370381,1,10,C,Strong
0.8530936816526516,0.8530914416957381,2.3970085426525722,4.715715712236658,-0.7344870525800404,2.8097834906114634,1,10,C,Strong
0.8532724981675245,0.8532716327877301,2.513629652904962,4.933274747478577,-0.7426371275284906,2.945869764117789,1,10,C,Strong
0.8511883670633664,0.8511838075044453,2.409987323923773,4.799825292439346,-0.7449698725059664,2.8313207947593604,1,10,C,Strong
0.8500685097026239,0.8500679743704872,2.519307449107592,4.967233204754022,-0.7429118222095732,2.9636522472628837,1,10,C,Strong
0.8493586987305691,0.8493586948612044,2.389061624143839,4.727075742414738,-0.7280552403694132,2.8127829004571008,1,10,C,Strong
0.8503376449703723,0.8503373780442891,2.44638279740988,4.867559729929972,-0.7109182991696734,2.876954597835214,1,10,C,Strong
0.8479327683880191,0.8479318557883401,2.5387326308236853,4.9015065782713645,-0.7482487083318712,2.9940258537831927,1,10,C,Strong
0.8514285111795501,0.851426961963885,2.3866781667693044,4.727050694535168,-0.7542094277639881,2.803145696240373,1,10,C,Strong
0.8513231439813261,0.8513214395523534,2.4759267030988266,4.81279547590689,-0.7397707936268025,2.908327725615241,1,10,C,Strong
0.8491202919221487,0.8491197537131135,2.477357547815968,4.949462194432132,-0.7411998980962826,2.917557819997433,1,10,C,Strong
0.8518398113102523,0.8518318095951402,2.441099849015175,4.865936160627668,-0.7413629821135319,2.8656794582779734,1,10,C,Strong
0.8519126936032066,0.8519098112545518,2.6852997460736017,5.104043299904409,-0.7388152123184115,3.152083266556335,1,10,C,Strong
0.8514425413880647,0.8514404897450594,2.4489354786578543,4.827908083340578,-0.7452733153370326,2.8762193097205078,1,10,C,Strong
0.854536749737806,0.8545195293161395,2.4641765029061964,4.719830785711263,-0.736344210288209,2.883640175407634,1,10,C,Strong
0.8538400830833975,0.8538387732941892,2.477911816173919,4.941716263884611,-0.7394319552843549,2.902079517309206,1,10,C,Strong
0.8561353421393636,0.8561335790641083,2.5912914333245816,5.060218163489696,-0.7364529028706732,3.0267310619945946,1,10,C,Strong
0.8499446785629597,0.8499438459530464,2.662252605470238,4.964263777823243,-0.7564650322512629,3.1322657493090373,1,10,C,Strong
0.8543252195733378,0.8543205328316473,2.576420868651839,5.084619297652414,-0.7634047321254336,3.0157378122801295,1,10,C,Strong
0.8542839616558612,0.8542799985225826,2.3782917466865063,4.706973355936965,-0.756658286358256,2.7839592611298194,1,10,C,Strong
0.8525679875772555,0.8525676208075051,2.466478934822608,4.8590496828571625,-0.755292690534525,2.892999702969856,1,10,C,Strong
0.8514362642581501,0.8514310884737019,2.4220180422405573,4.6692159432084175,-0.7627937403781551,2.844626361258929,1,10,C,Strong
0.8534779224751927,0.85346501263778,2.4960713283007863,4.676968356769663,-0.7437794725799312,2.9245880444825887,1,10,C,Strong
0.8530180624150996,0.8530139150671711,2.5641599272551368,5.030029621054988,-0.7268809915107717,3.005985500465702,1,10,C,Strong
0.8476850947624323,0.8476849337181428,2.692047374934196,5.100600648880056,-0.7538823292457417,3.1757634899651683,1,10,C,Strong
0.8550710091215918,0.8550707668019931,2.375618907660909,4.733747802586876,-0.7365541203320349,2.778270906531336,1,10,C,Strong
0.8439609562329808,0.843959942493947,2.5347439778354515,4.923211911154736,-0.7471748569845973,3.0033900965623808,1,10,C,Strong
0.8496456139105557,0.8496355320174417,2.4792897587203635,4.739320959201709,-0.7626578382238538,2.9180280791532036,1,10,C,Strong
0.85433260954257,0.854327858767715,2.6388477662307523,5.119448455375295,-0.7564266771717096,3.0887826787317114,1,10,C,Strong
0.8528874500911223,0.8528777902710544,2.4954407645206502,4.869957172402417,-0.7305352756409778,2.9258734716451014,1,10,C,Strong
0.8537374788627102,0.8537369397662581,2.6017045525684503,4.77333556293449,-0.7759450487138828,3.0474292355470447,1,10,C,Strong
0.8545863492034016,0.8545766487621603,2.478374591909255,4.787001607518405,-0.7474037387279417,2.900086801315583,1,10,C,Strong
0.8502896541957113,0.8502894771484747,2.3305975862915984,4.611752449174659,-0.7489525765617531,2.740945482273461,1,10,C,Strong
0.8506351073803943,0.8506350958479879,2.5599684676766303,5.044109275096048,-0.7257661347644047,3.0094789710246954,1,10,C,Strong
0.850658148884334,0.8506526002885704,2.5722700521395145,5.031031047104488,-0.7388763117348147,3.02385870929836,1,10,C,Strong
0.8481424014902349,0.8481417927993298,2.4218426224656975,4.765900366332643,-0.7295374054612727,2.8554669807928255,1,10,C,Strong
0.8506948935833911,0.8506927011405836,2.860493271789821,5.318982777726139,-0.7346872585524054,3.3625372543856877,1,10,C,Strong
0.8476848747891869,0.8476839386665828,2.53802636493163,4.970266673078534,-0.7451302458050111,2.9940682444791986,1,10,C,Strong
0.8510991592959998,0.8510957744710302,2.5174593640013194,4.970349797971426,-0.7404403365105723,2.9578919641792103,1,10,C,Strong
0.8485856841066332,0.8485853766670804,2.6034822300337916,5.009530306471001,-0.7492417322049976,3.0680251609177964,1,10,C,Strong
0.8504969111863792,0.8504788149961643,2.3031132261948604,4.530127173572673,-0.7708997408762386,2.7079618936912904,1,10,C,Strong
0.8516185810208722,0.8516185537199947,2.427399298103495,4.802453548604982,-0.7322733731235012,2.8503362329103554,1,10,C,Strong
0.8536136775761519,0.853613136521883,2.5444035569565178,4.89756291307663,-0.7258520146392691,2.980743659334733,1,10,C,Strong
0.851840490658548,0.8518402627519746,2.39810923481823,4.767031849948841,-0.7220376712909942,2.815209257033884,1,10,C,Strong
0.8537102709104367,0.853708928410931,2.488640374582176,4.894510948567477,-0.7284414469225431,2.9150877755379154,1,10,C,Strong
0.8506290669304828,0.8506042663185767,2.502983430166422,4.856625412145643,-0.7452311006104111,2.9425087002945984,1,10,C,Strong
0.8526025512651132,0.8526019917792201,2.4348188659984853,4.802443962381916,-0.728645412333587,2.8557489798566045,1,10,C,Strong
0.854683462446451,0.8546833743725203,2.56701033708066,5.029235370340584,-0.7134219034207541,3.0034632116700077,1,10,C,Strong
0.8504504039037408,0.8504460121514498,2.7174712503608967,5.094615950832509,-0.72864813484115,3.1953318357980067,1,10,C,Strong
0.851154928003495,0.8511517833737909,2.55976039249117,4.932787731295138,-0.7267718522878783,3.0073965482352927,1,10,C,Strong
0.851472200616522,0.8514720704796612,2.5843535217682416,4.943551543471026,-0.7512680122527677,3.0351590103552404,1,10,C,Strong
0.8545146467109184,0.8545031364485371,2.6822252978442487,5.104178348572689,-0.7471722468587996,3.1388874470066788,1,10,C,Strong
0.8534942943768089,0.8534917946966258,2.6323090489440624,5.058004581391408,-0.7743256401622438,3.084155414144954,1,10,C,Strong
0.8546669861576544,0.8546635590629756,2.5720134073810748,5.039203101918599,-0.7474882063367279,3.009374936715566,1,10,C,Strong
0.8522657763927795,0.8522655266167035,2.7135815148461386,4.976103910235926,-0.7553469380080982,3.183961611519109,1,10,C,Strong
0.8514453721721539,0.851434388592808,2.462481891137937,4.719754892744366,-0.7532726452895431,2.8921196492686407,1,10,C,Strong
0.8531275800982067,0.8530990092607132,2.522262633828581,4.893374531201825,-0.7370607414738042,2.956489384082782,1,10,C,Strong
0.8503625478564932,0.8503597364787252,2.5710812696906444,4.9300735923430254,-0.7172965051891422,3.023511884632693,1,10,C,Strong
0.8503782441558225,0.8503764777016348,2.4868611309212776,4.913671074486693,-0.7486565905157279,2.9244176318151283,1,10,C,Strong
0.8536997250933676,0.853696957742438,2.491321387084919,4.894114989036027,-0.7700459581006975,2.918264248957615,1,10,C,Strong
0.8532490010568398,0.8532464443684873,2.462896342310101,4.658181876618429,-0.7361869456515748,2.8864919141534786,1,10,C,Strong
0.8536678766648426,0.8536593639145291,2.466644363686406,4.7766652133427225,-0.7598680581986006,2.8894660688454508,1,10,C,Strong
0.8557814356100896,0.8557813399298765,2.587778704481774,5.079058777067226,-0.7561419754266385,3.0238780567107506,1,10,C,Strong
0.8565968227011258,0.8565967338786371,2.4732861175210306,4.8426019681922226,-0.7714927978005264,2.8873398219269157,1,10,C,Strong
0.8519385620000238,0.8519369810586227,2.4899230072834584,4.829764506517618,-0.7833484283087238,2.92265559788499,1,10,C,Strong
0.8524687759645674,0.8524586446651711,2.5218105637123105,5.039587128450604,-0.7670374417213202,2.9582439085336407,1,10,C,Strong
0.8567333765628665,0.8567327084281976,2.64838996979596,4.965834532790648,-0.7366589305625495,3.091265079949436,1,10,C,Strong
0.8532909116659589,0.853286034337393,2.311477745983749,4.580620758492025,-0.755944444826449,2.7088976507095768,1,10,C,Strong
0.849460680586255,0.8494561092035008,2.5066487827624715,4.858603818002708,-0.7333794808315095,2.950870876133441,1,10,C,Strong
0.8545136812285202,0.8545022494501199,2.3752233692341758,4.6454430602448,-0.7398364387421381,2.779620059235747,1,10,C,Strong
0.8546054570996973,0.8545857410881421,2.3137553278089733,4.624240646186771,-0.7152491092535582,2.7073959200556024,1,10,C,Strong
0.8540363594929579,0.8540344892279945,2.4173182615106246,4.696987868547868,-0.724680093723661,2.8304629359642117,1,10,C,Strong
0.8546722921815588,0.8546632659276906,2.6552054103769,5.106949244804014,-0.7530674834132021,3.1066941501045555,1,10,C,Strong
0.8535726767007297,0.853569380438274,2.614343534384397,4.945007839814041,-0.726918569606557,3.0628247667081894,1,10,C,Strong
0.8508107308494406,0.85079499912099,2.5975631297268076,4.923651441911083,-0.7354451085236606,3.053044626192511,1,10,C,Strong
0.8529722440930104,0.8529718338995443,2.58486021491781,5.09723051478484,-0.7448264672290428,3.030415389033397,1,10,C,Strong
0.8496773410744589,0.8496756305595775,2.559805073456494,4.94603106384468,-0.7537345924759595,3.012678989673297,1,10,C,Strong
0.8470731629479227,0.8470730749767087,2.471290350667639,4.846566996653024,-0.751692460191776,2.91744616494192,1,10,C,Strong
0.8178843202588448,0.8178841515761348,2.147642837913876,4.235005034229538,-0.8809904027358177,2.6258515840408676,1,20,C,Strong
0.8163901662364548,0.8163896718863607,2.1261617194700335,4.15743086557008,-0.8777379668865937,2.604345088172245,1,20,C,Strong
0.8166832797569229,0.816682337464958,2.094782820432029,4.141373656951643,-0.8809354465562853,2.5649880098629163,1,20,C,Strong
0.8164709697159782,0.8164689924525511,2.031432408588497,4.054163649076096,-0.8731695432894937,2.488064467613786,1,20,C,Strong
0.8169116917934895,0.8169110171227364,2.157118949805242,4.234086762542666,-0.8814302710976336,2.6405778880081803,1,20,C,Strong
0.8168331572998901,0.8168322820205172,2.080426227680376,4.142343393387524,-0.8797745206393781,2.5469414519819416,1,20,C,Strong
0.8168409203010462,0.8168389244970962,2.1479936009164446,4.182230071768292,-0.8778243534261532,2.629635156040913,1,20,C,Strong
0.8168870006511122,0.8168854481405781,2.072761582401139,4.112049058681226,-0.8928366146744864,2.5373908273102805,1,20,C,Strong
0.8176695559509147,0.8176641494106971,2.0933819623932997,4.116970773488323,-0.8904676178996493,2.5601808788866864,1,20,C,Strong
0.8180217020067024,0.8180214043679747,2.2593348638832538,4.42177069836159,-0.8734001839107801,2.7619497848783747,1,20,C,Strong
0.8181161625157884,0.8181156218176648,2.147070015523328,4.221018270687377,-0.8768872253847513,2.6244072833384378,1,20,C,Strong
0.8167079981759138,0.816706494157117,2.0916769839366034,4.144297187645758,-0.8794791504167412,2.5611075055078243,1,20,C,Strong
0.8172662175040676,0.817262413171421,2.179994097438789,4.30415392103132,-0.8870571810221985,2.6674222557448837,1,20,C,Strong
0.8164281438588434,0.8164270889369151,2.064687866748798,4.09687635468252,-0.8853398974556597,2.5289278453705197,1,20,C,Strong
0.8178148979961944,0.8178142788069693,2.1104400363760094,4.179421886633705,-0.8818181873201856,2.5805839946753206,1,20,C,Strong
0.8168707706774758,0.8168670556079446,2.065823864734652,4.1155017788436075,-0.8807555624758625,2.5289481995069436,1,20,C,Strong
0.8175617999624797,0.8175611689891681,2.084277880123251,4.117503369951452,-0.8832407385193384,2.5493826646730615,1,20,C,Strong
0.8173264166904042,0.8173262499462185,2.1126044870757643,4.206905596946786,-0.8795633951103983,2.5847745086110434,1,20,C,Strong
0.8171260239812551,0.8171258085628186,2.142321159111106,4.253166300466694,-0.8669403056704374,2.6217757068525955,1,20,C,Strong
0.8190519680658289,0.8190519655576215,2.1131399281818424,4.198339758438557,-0.8901973201065285,2.5799827246273157,1,20,C,Strong
0.8169720547132212,0.8169697811358209,2.071895173230473,4.119702756799565,-0.8841056275691939,2.5360661497262145,1,20,C,Strong
0.8174188765746873,0.8174137516824244,2.1322310923151724,4.164053733186572,-0.8761698041894426,2.608492602042756,1,20,C,Strong
0.8176737364055002,0.8176715041441406,2.1340018296148515,4.255829190139564,-0.8858224814624913,2.6098451431202125,1,20,C,Strong
0.8161769793541931,0.8161766458305422,2.109309024651242,4.159453883553374,-0.8802574434385857,2.5843770138190503,1,20,C,Strong
0.8166702437865961,0.8166681863374615,2.066430374831543,4.103470667443798,-0.8788510797162234,2.5303118248196164,1,20,C,Strong
0.8190209205985763,0.819020480692817,2.0821592532892814,4.104508465116917,-0.8864437562927998,2.5422540510534803,1,20,C,Strong
0.8170199791238756,0.8170186617428121,2.086720951198474,4.132510487404881,-0.8856122504539599,2.554063553545106,1,20,C,Strong
0.8163705072726648,0.8163667238735455,2.1400717432213954,4.138983444107531,-0.8763022363648068,2.621446664420741,1,20,C,Strong
0.8161999641016333,0.8161992494426549,2.111534799041825,4.190130857133338,-0.8903378301863092,2.5870312324332527,1,20,C,Strong
0.8176272216449143,0.8176268164252238,2.0876554190001166,4.146314556303615,-0.87825225280538,2.5533095813519284,1,20,C,Strong
0.8170839462401652,0.8170836029312761,2.103670036168306,4.186006098266406,-0.8839909288832151,2.5746069860366276,1,20,C,Strong
0.8161378013754729,0.816137625178766,2.1100268317252544,4.154676769015374,-0.8808668996952576,2.5853805915730574,1,20,C,Strong
0.8174256107956313,0.8174226818231994,2.07321331294202,4.1258024219998095,-0.8822556177522625,2.5362715402617284,1,20,C,Strong
0.8169304941027898,0.8169302362999135,2.139802613998703,4.223112555148635,-0.8835009671546534,2.6193202842168155,1,20,C,Strong
0.8185710258332087,0.8185708985467532,2.1000043938682733,4.123409739797282,-0.8788212183812996,2.565451656110985,1,20,C,Strong
0.8177022154924719,0.817701433518406,2.157444737879921,4.25580449528874,-0.8791337341193679,2.6384234957472525,1,20,C,Strong
0.817337626095007,0.8173374362499468,2.0361533835713983,4.047514415756879,-0.8812923337653222,2.491202311705049,1,20,C,Strong
0.8185056191267441,0.8185055261078261,2.0879921724546526,4.113313536162643,-0.8885101916246048,2.5509808652044583,1,20,C,Strong
0.8169314353818432,0.8169305344035596,2.1337310865993153,4.202937852699601,-0.8790548953528021,2.61188515239591,1,20,C,Strong
0.8163252413181425,0.8163240119398503,2.115948472401261,4.143513462740269,-0.8797633671542555,2.59204097252289,1,20,C,Strong
0.817781856556908,0.8177808940788691,2.1036179103690373,4.182310937627481,-0.885790851661985,2.572346027858653,1,20,C,Strong
0.8171827638005555,0.8171826174960172,2.0855718824569194,4.122701574004089,-0.8829212518948149,2.552148643905969,1,20,C,Strong
0.81830623522171,0.8183060108476332,2.0697362370506407,4.1213488376364005,-0.887746279933793,2.5292930054356377,1,20,C,Strong
0.8155422343530944,0.8155413388358337,2.1135235689887137,4.164838706045812,-0.8754784572139158,2.5915562431481014,1,20,C,Strong
0.8169787496244181,0.8169782033506159,2.0869230671177603,4.1255040569416375,-0.8855472809498277,2.5544398407879787,1,20,C,Strong
0.8176558988380472,0.8176555196193842,2.1153266991212814,4.206131988722145,-0.8776969122955127,2.5870622374611685,1,20,C,Strong
0.8183377996697714,0.8183374585515802,2.095176686043137,4.142376025929281,-0.8767001433750123,2.560283402390328,1,20,C,Strong
0.8177469647175504,0.8177456497351082,2.132961219804394,4.209938802887404,-0.8862770341774695,2.608338901681058,1,20,C,Strong
0.8172089635834476,0.81720883917993,2.1187706483042485,4.177049185380552,-0.8813867478529303,2.5926913956174373,1,20,C,Strong
0.8174897866646639,0.8174897012965753,2.075741817221547,4.1442994353101135,-0.8835689257221206,2.5391654441219593,1,20,C,Strong
0.8178489279155893,0.8178485952707626,2.086617653048291,4.1454112498074664,-0.8737001053980644,2.5513485215006018,1,20,C,Strong
0.8180622625595771,0.8180620770547419,2.0779354926290123,4.142287165019697,-0.8851412645934258,2.54007009946591,1,20,C,Strong
0.816731566468956,0.8167286543033091,2.070669518475643,4.106718222221322,-0.8815049442693823,2.5353122169967572,1,20,C,Strong
0.8174224344908462,0.817420658267779,2.0380556828062812,4.072892148741318,-0.888492844912387,2.493271039319761,1,20,C,Strong
0.8167593583333524,0.8167593204891966,2.0901138135963775,4.111269693629267,-0.8790476021184981,2.5590325868581205,1,20,C,Strong
0.8168791619513317,0.8168762216803426,2.1012895755340883,4.165681279169805,-0.8771488910030829,2.5723383254318826,1,20,C,Strong
0.8176380132299483,0.8176378340826694,2.1262573613053326,4.185993437730994,-0.8741858764026396,2.600487412401354,1,20,C,Strong
0.815969732632691,0.8159635903959447,2.0595276180156654,4.100301780174238,-0.8825640271630188,2.524024526462138,1,20,C,Strong
0.8177570083560844,0.8177570052841442,2.086961505821059,4.163507503416822,-0.8774800699536036,2.552055787349867,1,20,C,Strong
0.8189400861793728,0.8189382888753503,2.1694022182014843,4.217450718592399,-0.8807140989480797,2.649036547133094,1,20,C,Strong
0.8166089386913247,0.8166089253333216,2.1537125725611315,4.217149558854538,-0.8853858200112836,2.6373854981462888,1,20,C,Strong
0.8164542897402522,0.8164534966893263,2.1338541680819443,4.1936010186318455,-0.88165449076405,2.613562320507632,1,20,C,Strong
0.8182337479967307,0.8182333066327636,2.0068811007214586,4.00834848442512,-0.8904243233004778,2.452699006408469,1,20,C,Strong
0.8160302554298903,0.8160294278375111,2.0430822517250986,4.031177130643529,-0.882266652079736,2.503684438328563,1,20,C,Strong
0.8158665015973295,0.8158658895349026,2.153539070661109,4.247239559457103,-0.8737699554485459,2.639572854682526,1,20,C,Strong
0.8178463959629166,0.8178450163570657,2.080719010007055,4.120823578247974,-0.8861232718967216,2.544144010755536,1,20,C,Strong
0.8169012768362686,0.8168986784761794,2.1301011806260046,4.16119355923458,-0.8874198817426717,2.6075380722570967,1,20,C,Strong
0.8171705511218029,0.8171668389562079,2.101875425493505,4.191803258233648,-0.8852682596273991,2.572137998130345,1,20,C,Strong
0.817063779961629,0.8170601294026179,2.1780356141854935,4.246116366847596,-0.8746961780208484,2.665686165023468,1,20,C,Strong
0.8161462373241598,0.816145409526739,1.9996731543333457,3.9824568635185957,-0.8864080996647021,2.45014075037524,1,20,C,Strong
0.8168244838471033,0.8168227093477225,2.064555864678598,4.103199526386261,-0.87738538891149,2.5275391537664174,1,20,C,Strong
0.8169919090163793,0.8169909984421009,2.111362280712889,4.20623085718713,-0.8802732232258887,2.584312350479544,1,20,C,Strong
0.8160676493618548,0.8160660373842524,2.06710973053046,4.125483740338906,-0.8763355151414984,2.533012713035359,1,20,C,Strong
0.8159893208843462,0.8159876767610876,2.052925805248522,4.098133168778904,-0.8781213512883124,2.515873373224565,1,20,C,Strong
0.8153424521046395,0.8153420804504551,2.145673892889467,4.241382001446718,-0.8823500892505676,2.631622930157567,1,20,C,Strong
0.816913459767843,0.8169120455148803,2.084281648746476,4.133423049233008,-0.8829410152498762,2.551410585570231,1,20,C,Strong
0.816213458093978,0.81621113130044,2.147810983979374,4.217848215155795,-0.8867638821696402,2.6314329452432004,1,20,C,Strong
0.8169108420077422,0.8169107324284074,2.0488984730135757,4.0863201410175165,-0.8844143621596432,2.508105374116405,1,20,C,Strong
0.8160570706647468,0.8160569459390914,2.16455914428103,4.1514410189584945,-0.8775600557817529,2.652460498280856,1,20,C,Strong
0.8177392053574352,0.8177378010007461,2.0745262239294577,4.117652353398233,-0.8908722110273124,2.536904443786181,1,20,C,Strong
0.8172607399161522,0.8172547316957715,2.0600807537863326,4.116180322368536,-0.8805784241973367,2.520714201929838,1,20,C,Strong
0.8163328063351628,0.8163327793726882,2.0449662974515017,4.078909180656915,-0.8846236408061761,2.505064456042328,1,20,C,Strong
0.8164686454592499,0.8164686442374672,2.0552733953707296,4.01424927995949,-0.881314468814081,2.51727167577228,1,20,C,Strong
0.8160886841162478,0.8160876946174624,2.0739746003271273,4.132547016116774,-0.8812246880791683,2.5413593408332322,1,20,C,Strong
0.8171022956986688,0.817102245233283,2.113070902456901,4.135301888851306,-0.8779196411079138,2.586054296482065,1,20,C,Strong
0.8163460136477748,0.8163447637774202,2.0918486127834,4.142428910624229,-0.8738540572242939,2.562453393305796,1,20,C,Strong
0.8169306146835263,0.8169278585831927,2.074745960817861,4.114155956371078,-0.8852789436959716,2.5396844279383557,1,20,C,Strong
0.8170023420565247,0.8170022321527547,2.058383071482282,4.100322426477206,-0.8773267209240752,2.519433501623759,1,20,C,Strong
0.8159795037696983,0.8159753216165684,2.162480160847855,4.201423301979206,-0.8833244825370414,2.6501648029852873,1,20,C,Strong
0.8170174294968022,0.817016792127129,2.0970353291619546,4.140402799371345,-0.8780866243998702,2.566695952194692,1,20,C,Strong
0.8173940362070484,0.8173932196872549,2.141421455803962,4.210331483991004,-0.8797811470209704,2.6198153655986953,1,20,C,Strong
0.816201603245922,0.816200923893076,2.1193984723420494,4.177302032479963,-0.8817299014387814,2.5966605112186647,1,20,C,Strong
0.816247277606255,0.8162470609103787,2.080282825594557,4.153853190897879,-0.8811732154858696,2.548593891418837,1,20,C,Strong
0.8158273292062861,0.8158236187366598,2.0673863494222795,4.13268387409529,-0.8674707566713757,2.5340979339753527,1,20,C,Strong
0.8166256289341023,0.8166236961264123,2.0942178693004916,4.182545466940965,-0.8793815601045325,2.5644772771018247,1,20,C,Strong
0.8164264079620436,0.8164260132898503,2.094290874444312,4.12622543528663,-0.8873608166965017,2.5651924705278244,1,20,C,Strong
0.8172370903526938,0.817236110396083,2.0838984378697147,4.124804275641701,-0.8746173852693615,2.549931302029341,1,20,C,Strong
0.817573417444576,0.8175733365079588,2.0666216757926485,4.1180043143109,-0.8833337113882118,2.527750574684929,1,20,C,Strong
0.8162498184684448,0.8162477959906295,2.0836132054933922,4.12645474616303,-0.8833929598644099,2.552666056824296,1,20,C,Strong
0.8165161675167322,0.8165142039374117,2.0483981444731505,4.061524695277637,-0.8747637368957939,2.508704941756312,1,20,C,Strong
