Configuration,Bearing,Condition,File,True_Label,Predicted_Label
STFT_RBF_SVM,K001,N09_M07_F10,N09_M07_F10_K001_1.mat,0,0
STFT_RBF_SVM,K001,N09_M07_F10,N09_M07_F10_K001_10.mat,0,0
STFT_RBF_SVM,K001,N09_M07_F10,N09_M07_F10_K001_11.mat,0,0
STFT_RBF_SVM,K001,N09_M07_F10,N09_M07_F10_K001_12.mat,0,0
STFT_RBF_SVM,K001,N09_M07_F10,N09_M07_F10_K001_13.mat,0,0
STFT_RBF_SVM,K001,N09_M07_F10,N09_M07_F10_K001_14.mat,0,0
STFT_RBF_SVM,K001,N09_M07_F10,N09_M07_F10_K001_15.mat,0,0
STFT_RBF_SVM,K001,N09_M07_F10,N09_M07_F10_K001_16.mat,0,0
STFT_RBF_SVM,K001,N09_M07_F10,N09_M07_F10_K001_17.mat,0,0
STFT_RBF_SVM,K001,N09_M07_F10,N09_M07_F10_K001_18.mat,0,0
STFT_RBF_SVM,K001,N09_M07_F10,N09_M07_F10_K001_19.mat,0,0
STFT_RBF_SVM,K001,N09_M07_F10,N09_M07_F10_K001_2.mat,0,0
STFT_RBF_SVM,K001,N09_M07_F10,N09_M07_F10_K001_20.mat,0,0
STFT_RBF_SVM,K001,N09_M07_F10,N09_M07_F10_K001_3.mat,0,0
STFT_RBF_SVM,K001,N09_M07_F10,N09_M07_F10_K001_4.mat,0,0
STFT_RBF_SVM,K001,N09_M07_F10,N09_M07_F10_K001_5.mat,0,0
STFT_RBF_SVM,K001,N09_M07_F10,N09_M07_F10_K001_6.mat,0,0
STFT_RBF_SVM,K001,N09_M07_F10,N09_M07_F10_K001_7.mat,0,0
STFT_RBF_SVM,K001,N09_M07_F10,N09_M07_F10_K001_8.mat,0,0
STFT_RBF_SVM,K001,N09_M07_F10,N09_M07_F10_K001_9.mat,0,0
STFT_RBF_SVM,K001,N15_M01_F10,N15_M01_F10_K001_1.mat,0,0
STFT_RBF_SVM,K001,N15_M01_F10,N15_M01_F10_K001_10.mat,0,0
STFT_RBF_SVM,K001,N15_M01_F10,N15_M01_F10_K001_11.mat,0,0
STFT_RBF_SVM,K001,N15_M01_F10,N15_M01_F10_K001_12.mat,0,0
STFT_RBF_SVM,K001,N15_M01_F10,N15_M01_F10_K001_13.mat,0,0
STFT_RBF_SVM,K001,N15_M01_F10,N15_M01_F10_K001_14.mat,0,0
STFT_RBF_SVM,K001,N15_M01_F10,N15_M01_F10_K001_15.mat,0,0
STFT_RBF_SVM,K001,N15_M01_F10,N15_M01_F10_K001_16.mat,0,0
STFT_RBF_SVM,K001,N15_M01_F10,N15_M01_F10_K001_17.mat,0,0
STFT_RBF_SVM,K001,N15_M01_F10,N15_M01_F10_K001_18.mat,0,0
STFT_RBF_SVM,K001,N15_M01_F10,N15_M01_F10_K001_19.mat,0,0
STFT_RBF_SVM,K001,N15_M01_F10,N15_M01_F10_K001_2.mat,0,0
STFT_RBF_SVM,K001,N15_M01_F10,N15_M01_F10_K001_20.mat,0,0
STFT_RBF_SVM,K001,N15_M01_F10,N15_M01_F10_K001_3.mat,0,0
STFT_RBF_SVM,K001,N15_M01_F10,N15_M01_F10_K001_4.mat,0,0
STFT_RBF_SVM,K001,N15_M01_F10,N15_M01_F10_K001_5.mat,0,0
STFT_RBF_SVM,K001,N15_M01_F10,N15_M01_F10_K001_6.mat,0,0
STFT_RBF_SVM,K001,N15_M01_F10,N15_M01_F10_K001_7.mat,0,0
STFT_RBF_SVM,K001,N15_M01_F10,N15_M01_F10_K001_8.mat,0,0
STFT_RBF_SVM,K001,N15_M01_F10,N15_M01_F10_K001_9.mat,0,0
STFT_RBF_SVM,K001,N15_M07_F04,N15_M07_F04_K001_1.mat,0,0
STFT_RBF_SVM,K001,N15_M07_F04,N15_M07_F04_K001_10.mat,0,0
STFT_RBF_SVM,K001,N15_M07_F04,N15_M07_F04_K001_11.mat,0,0
STFT_RBF_SVM,K001,N15_M07_F04,N15_M07_F04_K001_12.mat,0,0
STFT_RBF_SVM,K001,N15_M07_F04,N15_M07_F04_K001_13.mat,0,0
STFT_RBF_SVM,K001,N15_M07_F04,N15_M07_F04_K001_14.mat,0,0
STFT_RBF_SVM,K001,N15_M07_F04,N15_M07_F04_K001_15.mat,0,0
STFT_RBF_SVM,K001,N15_M07_F04,N15_M07_F04_K001_16.mat,0,0
STFT_RBF_SVM,K001,N15_M07_F04,N15_M07_F04_K001_17.mat,0,0
STFT_RBF_SVM,K001,N15_M07_F04,N15_M07_F04_K001_18.mat,0,0
STFT_RBF_SVM,K001,N15_M07_F04,N15_M07_F04_K001_19.mat,0,0
STFT_RBF_SVM,K001,N15_M07_F04,N15_M07_F04_K001_2.mat,0,0
STFT_RBF_SVM,K001,N15_M07_F04,N15_M07_F04_K001_20.mat,0,0
STFT_RBF_SVM,K001,N15_M07_F04,N15_M07_F04_K001_3.mat,0,0
STFT_RBF_SVM,K001,N15_M07_F04,N15_M07_F04_K001_4.mat,0,0
STFT_RBF_SVM,K001,N15_M07_F04,N15_M07_F04_K001_5.mat,0,0
STFT_RBF_SVM,K001,N15_M07_F04,N15_M07_F04_K001_6.mat,0,0
STFT_RBF_SVM,K001,N15_M07_F04,N15_M07_F04_K001_7.mat,0,0
STFT_RBF_SVM,K001,N15_M07_F04,N15_M07_F04_K001_8.mat,0,0
STFT_RBF_SVM,K001,N15_M07_F04,N15_M07_F04_K001_9.mat,0,0
STFT_RBF_SVM,K001,N15_M07_F10,N15_M07_F10_K001_1.mat,0,0
STFT_RBF_SVM,K001,N15_M07_F10,N15_M07_F10_K001_10.mat,0,0
STFT_RBF_SVM,K001,N15_M07_F10,N15_M07_F10_K001_11.mat,0,0
STFT_RBF_SVM,K001,N15_M07_F10,N15_M07_F10_K001_12.mat,0,0
STFT_RBF_SVM,K001,N15_M07_F10,N15_M07_F10_K001_13.mat,0,0
STFT_RBF_SVM,K001,N15_M07_F10,N15_M07_F10_K001_14.mat,0,0
STFT_RBF_SVM,K001,N15_M07_F10,N15_M07_F10_K001_15.mat,0,0
STFT_RBF_SVM,K001,N15_M07_F10,N15_M07_F10_K001_16.mat,0,0
STFT_RBF_SVM,K001,N15_M07_F10,N15_M07_F10_K001_17.mat,0,0
STFT_RBF_SVM,K001,N15_M07_F10,N15_M07_F10_K001_18.mat,0,0
STFT_RBF_SVM,K001,N15_M07_F10,N15_M07_F10_K001_19.mat,0,0
STFT_RBF_SVM,K001,N15_M07_F10,N15_M07_F10_K001_2.mat,0,0
STFT_RBF_SVM,K001,N15_M07_F10,N15_M07_F10_K001_20.mat,0,0
STFT_RBF_SVM,K001,N15_M07_F10,N15_M07_F10_K001_3.mat,0,0
STFT_RBF_SVM,K001,N15_M07_F10,N15_M07_F10_K001_4.mat,0,0
STFT_RBF_SVM,K001,N15_M07_F10,N15_M07_F10_K001_5.mat,0,0
STFT_RBF_SVM,K001,N15_M07_F10,N15_M07_F10_K001_6.mat,0,0
STFT_RBF_SVM,K001,N15_M07_F10,N15_M07_F10_K001_7.mat,0,0
STFT_RBF_SVM,K001,N15_M07_F10,N15_M07_F10_K001_8.mat,0,0
STFT_RBF_SVM,K001,N15_M07_F10,N15_M07_F10_K001_9.mat,0,0
STFT_RBF_SVM,K002,N09_M07_F10,N09_M07_F10_K002_1.mat,0,0
STFT_RBF_SVM,K002,N09_M07_F10,N09_M07_F10_K002_10.mat,0,0
STFT_RBF_SVM,K002,N09_M07_F10,N09_M07_F10_K002_11.mat,0,0
STFT_RBF_SVM,K002,N09_M07_F10,N09_M07_F10_K002_12.mat,0,0
STFT_RBF_SVM,K002,N09_M07_F10,N09_M07_F10_K002_13.mat,0,0
STFT_RBF_SVM,K002,N09_M07_F10,N09_M07_F10_K002_14.mat,0,0
STFT_RBF_SVM,K002,N09_M07_F10,N09_M07_F10_K002_15.mat,0,0
STFT_RBF_SVM,K002,N09_M07_F10,N09_M07_F10_K002_16.mat,0,0
STFT_RBF_SVM,K002,N09_M07_F10,N09_M07_F10_K002_17.mat,0,0
STFT_RBF_SVM,K002,N09_M07_F10,N09_M07_F10_K002_18.mat,0,0
STFT_RBF_SVM,K002,N09_M07_F10,N09_M07_F10_K002_19.mat,0,0
STFT_RBF_SVM,K002,N09_M07_F10,N09_M07_F10_K002_2.mat,0,0
STFT_RBF_SVM,K002,N09_M07_F10,N09_M07_F10_K002_20.mat,0,0
STFT_RBF_SVM,K002,N09_M07_F10,N09_M07_F10_K002_3.mat,0,0
STFT_RBF_SVM,K002,N09_M07_F10,N09_M07_F10_K002_4.mat,0,0
STFT_RBF_SVM,K002,N09_M07_F10,N09_M07_F10_K002_5.mat,0,0
STFT_RBF_SVM,K002,N09_M07_F10,N09_M07_F10_K002_6.mat,0,0
STFT_RBF_SVM,K002,N09_M07_F10,N09_M07_F10_K002_7.mat,0,0
STFT_RBF_SVM,K002,N09_M07_F10,N09_M07_F10_K002_8.mat,0,0
STFT_RBF_SVM,K002,N09_M07_F10,N09_M07_F10_K002_9.mat,0,0
STFT_RBF_SVM,K002,N15_M01_F10,N15_M01_F10_K002_1.mat,0,1
STFT_RBF_SVM,K002,N15_M01_F10,N15_M01_F10_K002_10.mat,0,1
STFT_RBF_SVM,K002,N15_M01_F10,N15_M01_F10_K002_11.mat,0,1
STFT_RBF_SVM,K002,N15_M01_F10,N15_M01_F10_K002_12.mat,0,1
STFT_RBF_SVM,K002,N15_M01_F10,N15_M01_F10_K002_13.mat,0,1
STFT_RBF_SVM,K002,N15_M01_F10,N15_M01_F10_K002_14.mat,0,1
STFT_RBF_SVM,K002,N15_M01_F10,N15_M01_F10_K002_15.mat,0,1
STFT_RBF_SVM,K002,N15_M01_F10,N15_M01_F10_K002_16.mat,0,1
STFT_RBF_SVM,K002,N15_M01_F10,N15_M01_F10_K002_17.mat,0,1
STFT_RBF_SVM,K002,N15_M01_F10,N15_M01_F10_K002_18.mat,0,1
STFT_RBF_SVM,K002,N15_M01_F10,N15_M01_F10_K002_19.mat,0,1
STFT_RBF_SVM,K002,N15_M01_F10,N15_M01_F10_K002_2.mat,0,1
STFT_RBF_SVM,K002,N15_M01_F10,N15_M01_F10_K002_20.mat,0,1
STFT_RBF_SVM,K002,N15_M01_F10,N15_M01_F10_K002_3.mat,0,1
STFT_RBF_SVM,K002,N15_M01_F10,N15_M01_F10_K002_4.mat,0,1
STFT_RBF_SVM,K002,N15_M01_F10,N15_M01_F10_K002_5.mat,0,1
STFT_RBF_SVM,K002,N15_M01_F10,N15_M01_F10_K002_6.mat,0,1
STFT_RBF_SVM,K002,N15_M01_F10,N15_M01_F10_K002_7.mat,0,1
STFT_RBF_SVM,K002,N15_M01_F10,N15_M01_F10_K002_8.mat,0,1
STFT_RBF_SVM,K002,N15_M01_F10,N15_M01_F10_K002_9.mat,0,1
STFT_RBF_SVM,K002,N15_M07_F04,N15_M07_F04_K002_1.mat,0,1
STFT_RBF_SVM,K002,N15_M07_F04,N15_M07_F04_K002_10.mat,0,1
STFT_RBF_SVM,K002,N15_M07_F04,N15_M07_F04_K002_11.mat,0,1
STFT_RBF_SVM,K002,N15_M07_F04,N15_M07_F04_K002_12.mat,0,1
STFT_RBF_SVM,K002,N15_M07_F04,N15_M07_F04_K002_13.mat,0,1
STFT_RBF_SVM,K002,N15_M07_F04,N15_M07_F04_K002_14.mat,0,1
STFT_RBF_SVM,K002,N15_M07_F04,N15_M07_F04_K002_15.mat,0,1
STFT_RBF_SVM,K002,N15_M07_F04,N15_M07_F04_K002_16.mat,0,1
STFT_RBF_SVM,K002,N15_M07_F04,N15_M07_F04_K002_17.mat,0,1
STFT_RBF_SVM,K002,N15_M07_F04,N15_M07_F04_K002_18.mat,0,1
STFT_RBF_SVM,K002,N15_M07_F04,N15_M07_F04_K002_19.mat,0,1
STFT_RBF_SVM,K002,N15_M07_F04,N15_M07_F04_K002_2.mat,0,1
STFT_RBF_SVM,K002,N15_M07_F04,N15_M07_F04_K002_20.mat,0,1
STFT_RBF_SVM,K002,N15_M07_F04,N15_M07_F04_K002_3.mat,0,1
STFT_RBF_SVM,K002,N15_M07_F04,N15_M07_F04_K002_4.mat,0,1
STFT_RBF_SVM,K002,N15_M07_F04,N15_M07_F04_K002_5.mat,0,1
STFT_RBF_SVM,K002,N15_M07_F04,N15_M07_F04_K002_6.mat,0,1
STFT_RBF_SVM,K002,N15_M07_F04,N15_M07_F04_K002_7.mat,0,1
STFT_RBF_SVM,K002,N15_M07_F04,N15_M07_F04_K002_8.mat,0,1
STFT_RBF_SVM,K002,N15_M07_F04,N15_M07_F04_K002_9.mat,0,1
STFT_RBF_SVM,K002,N15_M07_F10,N15_M07_F10_K002_1.mat,0,1
STFT_RBF_SVM,K002,N15_M07_F10,N15_M07_F10_K002_10.mat,0,1
STFT_RBF_SVM,K002,N15_M07_F10,N15_M07_F10_K002_11.mat,0,1
STFT_RBF_SVM,K002,N15_M07_F10,N15_M07_F10_K002_12.mat,0,1
STFT_RBF_SVM,K002,N15_M07_F10,N15_M07_F10_K002_13.mat,0,1
STFT_RBF_SVM,K002,N15_M07_F10,N15_M07_F10_K002_14.mat,0,1
STFT_RBF_SVM,K002,N15_M07_F10,N15_M07_F10_K002_15.mat,0,1
STFT_RBF_SVM,K002,N15_M07_F10,N15_M07_F10_K002_16.mat,0,1
STFT_RBF_SVM,K002,N15_M07_F10,N15_M07_F10_K002_17.mat,0,1
STFT_RBF_SVM,K002,N15_M07_F10,N15_M07_F10_K002_18.mat,0,1
STFT_RBF_SVM,K002,N15_M07_F10,N15_M07_F10_K002_19.mat,0,1
STFT_RBF_SVM,K002,N15_M07_F10,N15_M07_F10_K002_2.mat,0,1
STFT_RBF_SVM,K002,N15_M07_F10,N15_M07_F10_K002_20.mat,0,1
STFT_RBF_SVM,K002,N15_M07_F10,N15_M07_F10_K002_3.mat,0,1
STFT_RBF_SVM,K002,N15_M07_F10,N15_M07_F10_K002_4.mat,0,1
STFT_RBF_SVM,K002,N15_M07_F10,N15_M07_F10_K002_5.mat,0,1
STFT_RBF_SVM,K002,N15_M07_F10,N15_M07_F10_K002_6.mat,0,1
STFT_RBF_SVM,K002,N15_M07_F10,N15_M07_F10_K002_7.mat,0,1
STFT_RBF_SVM,K002,N15_M07_F10,N15_M07_F10_K002_8.mat,0,1
STFT_RBF_SVM,K002,N15_M07_F10,N15_M07_F10_K002_9.mat,0,1
STFT_RBF_SVM,K003,N09_M07_F10,N09_M07_F10_K003_1.mat,0,0
STFT_RBF_SVM,K003,N09_M07_F10,N09_M07_F10_K003_10.mat,0,0
STFT_RBF_SVM,K003,N09_M07_F10,N09_M07_F10_K003_11.mat,0,0
STFT_RBF_SVM,K003,N09_M07_F10,N09_M07_F10_K003_12.mat,0,0
STFT_RBF_SVM,K003,N09_M07_F10,N09_M07_F10_K003_13.mat,0,0
STFT_RBF_SVM,K003,N09_M07_F10,N09_M07_F10_K003_14.mat,0,0
STFT_RBF_SVM,K003,N09_M07_F10,N09_M07_F10_K003_15.mat,0,0
STFT_RBF_SVM,K003,N09_M07_F10,N09_M07_F10_K003_16.mat,0,0
STFT_RBF_SVM,K003,N09_M07_F10,N09_M07_F10_K003_17.mat,0,0
STFT_RBF_SVM,K003,N09_M07_F10,N09_M07_F10_K003_18.mat,0,0
STFT_RBF_SVM,K003,N09_M07_F10,N09_M07_F10_K003_19.mat,0,0
STFT_RBF_SVM,K003,N09_M07_F10,N09_M07_F10_K003_2.mat,0,0
STFT_RBF_SVM,K003,N09_M07_F10,N09_M07_F10_K003_20.mat,0,0
STFT_RBF_SVM,K003,N09_M07_F10,N09_M07_F10_K003_3.mat,0,0
STFT_RBF_SVM,K003,N09_M07_F10,N09_M07_F10_K003_4.mat,0,0
STFT_RBF_SVM,K003,N09_M07_F10,N09_M07_F10_K003_5.mat,0,0
STFT_RBF_SVM,K003,N09_M07_F10,N09_M07_F10_K003_6.mat,0,0
STFT_RBF_SVM,K003,N09_M07_F10,N09_M07_F10_K003_7.mat,0,0
STFT_RBF_SVM,K003,N09_M07_F10,N09_M07_F10_K003_8.mat,0,0
STFT_RBF_SVM,K003,N09_M07_F10,N09_M07_F10_K003_9.mat,0,0
STFT_RBF_SVM,K003,N15_M01_F10,N15_M01_F10_K003_1.mat,0,0
STFT_RBF_SVM,K003,N15_M01_F10,N15_M01_F10_K003_10.mat,0,0
STFT_RBF_SVM,K003,N15_M01_F10,N15_M01_F10_K003_11.mat,0,0
STFT_RBF_SVM,K003,N15_M01_F10,N15_M01_F10_K003_12.mat,0,0
STFT_RBF_SVM,K003,N15_M01_F10,N15_M01_F10_K003_13.mat,0,0
STFT_RBF_SVM,K003,N15_M01_F10,N15_M01_F10_K003_14.mat,0,0
STFT_RBF_SVM,K003,N15_M01_F10,N15_M01_F10_K003_15.mat,0,0
STFT_RBF_SVM,K003,N15_M01_F10,N15_M01_F10_K003_16.mat,0,0
STFT_RBF_SVM,K003,N15_M01_F10,N15_M01_F10_K003_17.mat,0,0
STFT_RBF_SVM,K003,N15_M01_F10,N15_M01_F10_K003_18.mat,0,0
STFT_RBF_SVM,K003,N15_M01_F10,N15_M01_F10_K003_19.mat,0,0
STFT_RBF_SVM,K003,N15_M01_F10,N15_M01_F10_K003_2.mat,0,0
STFT_RBF_SVM,K003,N15_M01_F10,N15_M01_F10_K003_20.mat,0,0
STFT_RBF_SVM,K003,N15_M01_F10,N15_M01_F10_K003_3.mat,0,0
STFT_RBF_SVM,K003,N15_M01_F10,N15_M01_F10_K003_4.mat,0,0
STFT_RBF_SVM,K003,N15_M01_F10,N15_M01_F10_K003_5.mat,0,0
STFT_RBF_SVM,K003,N15_M01_F10,N15_M01_F10_K003_6.mat,0,0
STFT_RBF_SVM,K003,N15_M01_F10,N15_M01_F10_K003_7.mat,0,0
STFT_RBF_SVM,K003,N15_M01_F10,N15_M01_F10_K003_8.mat,0,0
STFT_RBF_SVM,K003,N15_M01_F10,N15_M01_F10_K003_9.mat,0,0
STFT_RBF_SVM,K003,N15_M07_F04,N15_M07_F04_K003_1.mat,0,0
STFT_RBF_SVM,K003,N15_M07_F04,N15_M07_F04_K003_10.mat,0,0
STFT_RBF_SVM,K003,N15_M07_F04,N15_M07_F04_K003_11.mat,0,0
STFT_RBF_SVM,K003,N15_M07_F04,N15_M07_F04_K003_12.mat,0,0
STFT_RBF_SVM,K003,N15_M07_F04,N15_M07_F04_K003_13.mat,0,0
STFT_RBF_SVM,K003,N15_M07_F04,N15_M07_F04_K003_14.mat,0,0
STFT_RBF_SVM,K003,N15_M07_F04,N15_M07_F04_K003_15.mat,0,0
STFT_RBF_SVM,K003,N15_M07_F04,N15_M07_F04_K003_16.mat,0,0
STFT_RBF_SVM,K003,N15_M07_F04,N15_M07_F04_K003_17.mat,0,0
STFT_RBF_SVM,K003,N15_M07_F04,N15_M07_F04_K003_18.mat,0,0
STFT_RBF_SVM,K003,N15_M07_F04,N15_M07_F04_K003_19.mat,0,0
STFT_RBF_SVM,K003,N15_M07_F04,N15_M07_F04_K003_2.mat,0,0
STFT_RBF_SVM,K003,N15_M07_F04,N15_M07_F04_K003_20.mat,0,0
STFT_RBF_SVM,K003,N15_M07_F04,N15_M07_F04_K003_3.mat,0,0
STFT_RBF_SVM,K003,N15_M07_F04,N15_M07_F04_K003_4.mat,0,0
STFT_RBF_SVM,K003,N15_M07_F04,N15_M07_F04_K003_5.mat,0,0
STFT_RBF_SVM,K003,N15_M07_F04,N15_M07_F04_K003_6.mat,0,0
STFT_RBF_SVM,K003,N15_M07_F04,N15_M07_F04_K003_7.mat,0,0
STFT_RBF_SVM,K003,N15_M07_F04,N15_M07_F04_K003_8.mat,0,0
STFT_RBF_SVM,K003,N15_M07_F04,N15_M07_F04_K003_9.mat,0,0
STFT_RBF_SVM,K003,N15_M07_F10,N15_M07_F10_K003_1.mat,0,0
STFT_RBF_SVM,K003,N15_M07_F10,N15_M07_F10_K003_10.mat,0,0
STFT_RBF_SVM,K003,N15_M07_F10,N15_M07_F10_K003_11.mat,0,0
STFT_RBF_SVM,K003,N15_M07_F10,N15_M07_F10_K003_12.mat,0,0
STFT_RBF_SVM,K003,N15_M07_F10,N15_M07_F10_K003_13.mat,0,0
STFT_RBF_SVM,K003,N15_M07_F10,N15_M07_F10_K003_14.mat,0,0
STFT_RBF_SVM,K003,N15_M07_F10,N15_M07_F10_K003_15.mat,0,0
STFT_RBF_SVM,K003,N15_M07_F10,N15_M07_F10_K003_16.mat,0,0
STFT_RBF_SVM,K003,N15_M07_F10,N15_M07_F10_K003_17.mat,0,0
STFT_RBF_SVM,K003,N15_M07_F10,N15_M07_F10_K003_18.mat,0,0
STFT_RBF_SVM,K003,N15_M07_F10,N15_M07_F10_K003_19.mat,0,0
STFT_RBF_SVM,K003,N15_M07_F10,N15_M07_F10_K003_2.mat,0,0
STFT_RBF_SVM,K003,N15_M07_F10,N15_M07_F10_K003_20.mat,0,0
STFT_RBF_SVM,K003,N15_M07_F10,N15_M07_F10_K003_3.mat,0,0
STFT_RBF_SVM,K003,N15_M07_F10,N15_M07_F10_K003_4.mat,0,0
STFT_RBF_SVM,K003,N15_M07_F10,N15_M07_F10_K003_5.mat,0,0
STFT_RBF_SVM,K003,N15_M07_F10,N15_M07_F10_K003_6.mat,0,0
STFT_RBF_SVM,K003,N15_M07_F10,N15_M07_F10_K003_7.mat,0,0
STFT_RBF_SVM,K003,N15_M07_F10,N15_M07_F10_K003_8.mat,0,0
STFT_RBF_SVM,K003,N15_M07_F10,N15_M07_F10_K003_9.mat,0,0
STFT_RBF_SVM,K004,N09_M07_F10,N09_M07_F10_K004_1.mat,0,1
STFT_RBF_SVM,K004,N09_M07_F10,N09_M07_F10_K004_10.mat,0,1
STFT_RBF_SVM,K004,N09_M07_F10,N09_M07_F10_K004_11.mat,0,1
STFT_RBF_SVM,K004,N09_M07_F10,N09_M07_F10_K004_12.mat,0,1
STFT_RBF_SVM,K004,N09_M07_F10,N09_M07_F10_K004_13.mat,0,1
STFT_RBF_SVM,K004,N09_M07_F10,N09_M07_F10_K004_14.mat,0,1
STFT_RBF_SVM,K004,N09_M07_F10,N09_M07_F10_K004_15.mat,0,1
STFT_RBF_SVM,K004,N09_M07_F10,N09_M07_F10_K004_16.mat,0,1
STFT_RBF_SVM,K004,N09_M07_F10,N09_M07_F10_K004_17.mat,0,1
STFT_RBF_SVM,K004,N09_M07_F10,N09_M07_F10_K004_18.mat,0,1
STFT_RBF_SVM,K004,N09_M07_F10,N09_M07_F10_K004_19.mat,0,1
STFT_RBF_SVM,K004,N09_M07_F10,N09_M07_F10_K004_2.mat,0,1
STFT_RBF_SVM,K004,N09_M07_F10,N09_M07_F10_K004_20.mat,0,1
STFT_RBF_SVM,K004,N09_M07_F10,N09_M07_F10_K004_3.mat,0,1
STFT_RBF_SVM,K004,N09_M07_F10,N09_M07_F10_K004_4.mat,0,1
STFT_RBF_SVM,K004,N09_M07_F10,N09_M07_F10_K004_5.mat,0,1
STFT_RBF_SVM,K004,N09_M07_F10,N09_M07_F10_K004_6.mat,0,1
STFT_RBF_SVM,K004,N09_M07_F10,N09_M07_F10_K004_7.mat,0,1
STFT_RBF_SVM,K004,N09_M07_F10,N09_M07_F10_K004_8.mat,0,1
STFT_RBF_SVM,K004,N09_M07_F10,N09_M07_F10_K004_9.mat,0,1
STFT_RBF_SVM,K004,N15_M01_F10,N15_M01_F10_K004_1.mat,0,1
STFT_RBF_SVM,K004,N15_M01_F10,N15_M01_F10_K004_10.mat,0,1
STFT_RBF_SVM,K004,N15_M01_F10,N15_M01_F10_K004_11.mat,0,1
STFT_RBF_SVM,K004,N15_M01_F10,N15_M01_F10_K004_12.mat,0,1
STFT_RBF_SVM,K004,N15_M01_F10,N15_M01_F10_K004_13.mat,0,1
STFT_RBF_SVM,K004,N15_M01_F10,N15_M01_F10_K004_14.mat,0,1
STFT_RBF_SVM,K004,N15_M01_F10,N15_M01_F10_K004_15.mat,0,1
STFT_RBF_SVM,K004,N15_M01_F10,N15_M01_F10_K004_16.mat,0,1
STFT_RBF_SVM,K004,N15_M01_F10,N15_M01_F10_K004_17.mat,0,1
STFT_RBF_SVM,K004,N15_M01_F10,N15_M01_F10_K004_18.mat,0,1
STFT_RBF_SVM,K004,N15_M01_F10,N15_M01_F10_K004_19.mat,0,1
STFT_RBF_SVM,K004,N15_M01_F10,N15_M01_F10_K004_2.mat,0,1
STFT_RBF_SVM,K004,N15_M01_F10,N15_M01_F10_K004_20.mat,0,1
STFT_RBF_SVM,K004,N15_M01_F10,N15_M01_F10_K004_3.mat,0,1
STFT_RBF_SVM,K004,N15_M01_F10,N15_M01_F10_K004_4.mat,0,1
STFT_RBF_SVM,K004,N15_M01_F10,N15_M01_F10_K004_5.mat,0,1
STFT_RBF_SVM,K004,N15_M01_F10,N15_M01_F10_K004_6.mat,0,1
STFT_RBF_SVM,K004,N15_M01_F10,N15_M01_F10_K004_7.mat,0,1
STFT_RBF_SVM,K004,N15_M01_F10,N15_M01_F10_K004_8.mat,0,1
STFT_RBF_SVM,K004,N15_M01_F10,N15_M01_F10_K004_9.mat,0,1
STFT_RBF_SVM,K004,N15_M07_F04,N15_M07_F04_K004_1.mat,0,1
STFT_RBF_SVM,K004,N15_M07_F04,N15_M07_F04_K004_10.mat,0,1
STFT_RBF_SVM,K004,N15_M07_F04,N15_M07_F04_K004_11.mat,0,1
STFT_RBF_SVM,K004,N15_M07_F04,N15_M07_F04_K004_12.mat,0,1
STFT_RBF_SVM,K004,N15_M07_F04,N15_M07_F04_K004_13.mat,0,1
STFT_RBF_SVM,K004,N15_M07_F04,N15_M07_F04_K004_14.mat,0,0
STFT_RBF_SVM,K004,N15_M07_F04,N15_M07_F04_K004_15.mat,0,0
STFT_RBF_SVM,K004,N15_M07_F04,N15_M07_F04_K004_16.mat,0,1
STFT_RBF_SVM,K004,N15_M07_F04,N15_M07_F04_K004_17.mat,0,1
STFT_RBF_SVM,K004,N15_M07_F04,N15_M07_F04_K004_18.mat,0,1
STFT_RBF_SVM,K004,N15_M07_F04,N15_M07_F04_K004_19.mat,0,0
STFT_RBF_SVM,K004,N15_M07_F04,N15_M07_F04_K004_2.mat,0,1
STFT_RBF_SVM,K004,N15_M07_F04,N15_M07_F04_K004_20.mat,0,1
STFT_RBF_SVM,K004,N15_M07_F04,N15_M07_F04_K004_3.mat,0,1
STFT_RBF_SVM,K004,N15_M07_F04,N15_M07_F04_K004_4.mat,0,1
STFT_RBF_SVM,K004,N15_M07_F04,N15_M07_F04_K004_5.mat,0,1
STFT_RBF_SVM,K004,N15_M07_F04,N15_M07_F04_K004_6.mat,0,0
STFT_RBF_SVM,K004,N15_M07_F04,N15_M07_F04_K004_7.mat,0,1
STFT_RBF_SVM,K004,N15_M07_F04,N15_M07_F04_K004_8.mat,0,1
STFT_RBF_SVM,K004,N15_M07_F04,N15_M07_F04_K004_9.mat,0,1
STFT_RBF_SVM,K004,N15_M07_F10,N15_M07_F10_K004_1.mat,0,1
STFT_RBF_SVM,K004,N15_M07_F10,N15_M07_F10_K004_10.mat,0,1
STFT_RBF_SVM,K004,N15_M07_F10,N15_M07_F10_K004_11.mat,0,1
STFT_RBF_SVM,K004,N15_M07_F10,N15_M07_F10_K004_12.mat,0,1
STFT_RBF_SVM,K004,N15_M07_F10,N15_M07_F10_K004_13.mat,0,1
STFT_RBF_SVM,K004,N15_M07_F10,N15_M07_F10_K004_14.mat,0,1
STFT_RBF_SVM,K004,N15_M07_F10,N15_M07_F10_K004_15.mat,0,1
STFT_RBF_SVM,K004,N15_M07_F10,N15_M07_F10_K004_16.mat,0,1
STFT_RBF_SVM,K004,N15_M07_F10,N15_M07_F10_K004_17.mat,0,1
STFT_RBF_SVM,K004,N15_M07_F10,N15_M07_F10_K004_18.mat,0,1
STFT_RBF_SVM,K004,N15_M07_F10,N15_M07_F10_K004_19.mat,0,1
STFT_RBF_SVM,K004,N15_M07_F10,N15_M07_F10_K004_2.mat,0,1
STFT_RBF_SVM,K004,N15_M07_F10,N15_M07_F10_K004_20.mat,0,1
STFT_RBF_SVM,K004,N15_M07_F10,N15_M07_F10_K004_3.mat,0,1
STFT_RBF_SVM,K004,N15_M07_F10,N15_M07_F10_K004_4.mat,0,1
STFT_RBF_SVM,K004,N15_M07_F10,N15_M07_F10_K004_5.mat,0,1
STFT_RBF_SVM,K004,N15_M07_F10,N15_M07_F10_K004_6.mat,0,1
STFT_RBF_SVM,K004,N15_M07_F10,N15_M07_F10_K004_7.mat,0,1
STFT_RBF_SVM,K004,N15_M07_F10,N15_M07_F10_K004_8.mat,0,1
STFT_RBF_SVM,K004,N15_M07_F10,N15_M07_F10_K004_9.mat,0,1
STFT_RBF_SVM,K005,N09_M07_F10,N09_M07_F10_K005_1.mat,0,0
STFT_RBF_SVM,K005,N09_M07_F10,N09_M07_F10_K005_10.mat,0,0
STFT_RBF_SVM,K005,N09_M07_F10,N09_M07_F10_K005_11.mat,0,0
STFT_RBF_SVM,K005,N09_M07_F10,N09_M07_F10_K005_12.mat,0,0
STFT_RBF_SVM,K005,N09_M07_F10,N09_M07_F10_K005_13.mat,0,0
STFT_RBF_SVM,K005,N09_M07_F10,N09_M07_F10_K005_14.mat,0,0
STFT_RBF_SVM,K005,N09_M07_F10,N09_M07_F10_K005_15.mat,0,0
STFT_RBF_SVM,K005,N09_M07_F10,N09_M07_F10_K005_16.mat,0,0
STFT_RBF_SVM,K005,N09_M07_F10,N09_M07_F10_K005_17.mat,0,0
STFT_RBF_SVM,K005,N09_M07_F10,N09_M07_F10_K005_18.mat,0,0
STFT_RBF_SVM,K005,N09_M07_F10,N09_M07_F10_K005_19.mat,0,0
STFT_RBF_SVM,K005,N09_M07_F10,N09_M07_F10_K005_2.mat,0,0
STFT_RBF_SVM,K005,N09_M07_F10,N09_M07_F10_K005_20.mat,0,0
STFT_RBF_SVM,K005,N09_M07_F10,N09_M07_F10_K005_3.mat,0,0
STFT_RBF_SVM,K005,N09_M07_F10,N09_M07_F10_K005_4.mat,0,0
STFT_RBF_SVM,K005,N09_M07_F10,N09_M07_F10_K005_5.mat,0,0
STFT_RBF_SVM,K005,N09_M07_F10,N09_M07_F10_K005_6.mat,0,0
STFT_RBF_SVM,K005,N09_M07_F10,N09_M07_F10_K005_7.mat,0,0
STFT_RBF_SVM,K005,N09_M07_F10,N09_M07_F10_K005_8.mat,0,0
STFT_RBF_SVM,K005,N09_M07_F10,N09_M07_F10_K005_9.mat,0,0
STFT_RBF_SVM,K005,N15_M01_F10,N15_M01_F10_K005_1.mat,0,0
STFT_RBF_SVM,K005,N15_M01_F10,N15_M01_F10_K005_10.mat,0,0
STFT_RBF_SVM,K005,N15_M01_F10,N15_M01_F10_K005_11.mat,0,0
STFT_RBF_SVM,K005,N15_M01_F10,N15_M01_F10_K005_12.mat,0,0
STFT_RBF_SVM,K005,N15_M01_F10,N15_M01_F10_K005_13.mat,0,0
STFT_RBF_SVM,K005,N15_M01_F10,N15_M01_F10_K005_14.mat,0,0
STFT_RBF_SVM,K005,N15_M01_F10,N15_M01_F10_K005_15.mat,0,0
STFT_RBF_SVM,K005,N15_M01_F10,N15_M01_F10_K005_16.mat,0,0
STFT_RBF_SVM,K005,N15_M01_F10,N15_M01_F10_K005_17.mat,0,0
STFT_RBF_SVM,K005,N15_M01_F10,N15_M01_F10_K005_18.mat,0,0
STFT_RBF_SVM,K005,N15_M01_F10,N15_M01_F10_K005_19.mat,0,0
STFT_RBF_SVM,K005,N15_M01_F10,N15_M01_F10_K005_2.mat,0,0
STFT_RBF_SVM,K005,N15_M01_F10,N15_M01_F10_K005_20.mat,0,0
STFT_RBF_SVM,K005,N15_M01_F10,N15_M01_F10_K005_3.mat,0,0
STFT_RBF_SVM,K005,N15_M01_F10,N15_M01_F10_K005_4.mat,0,0
STFT_RBF_SVM,K005,N15_M01_F10,N15_M01_F10_K005_5.mat,0,0
STFT_RBF_SVM,K005,N15_M01_F10,N15_M01_F10_K005_6.mat,0,0
STFT_RBF_SVM,K005,N15_M01_F10,N15_M01_F10_K005_7.mat,0,0
STFT_RBF_SVM,K005,N15_M01_F10,N15_M01_F10_K005_8.mat,0,0
STFT_RBF_SVM,K005,N15_M01_F10,N15_M01_F10_K005_9.mat,0,0
STFT_RBF_SVM,K005,N15_M07_F04,N15_M07_F04_K005_1.mat,0,0
STFT_RBF_SVM,K005,N15_M07_F04,N15_M07_F04_K005_10.mat,0,0
STFT_RBF_SVM,K005,N15_M07_F04,N15_M07_F04_K005_11.mat,0,0
STFT_RBF_SVM,K005,N15_M07_F04,N15_M07_F04_K005_12.mat,0,0
STFT_RBF_SVM,K005,N15_M07_F04,N15_M07_F04_K005_13.mat,0,0
STFT_RBF_SVM,K005,N15_M07_F04,N15_M07_F04_K005_14.mat,0,0
STFT_RBF_SVM,K005,N15_M07_F04,N15_M07_F04_K005_15.mat,0,0
STFT_RBF_SVM,K005,N15_M07_F04,N15_M07_F04_K005_16.mat,0,0
STFT_RBF_SVM,K005,N15_M07_F04,N15_M07_F04_K005_17.mat,0,0
STFT_RBF_SVM,K005,N15_M07_F04,N15_M07_F04_K005_18.mat,0,0
STFT_RBF_SVM,K005,N15_M07_F04,N15_M07_F04_K005_19.mat,0,0
STFT_RBF_SVM,K005,N15_M07_F04,N15_M07_F04_K005_2.mat,0,0
STFT_RBF_SVM,K005,N15_M07_F04,N15_M07_F04_K005_20.mat,0,0
STFT_RBF_SVM,K005,N15_M07_F04,N15_M07_F04_K005_3.mat,0,0
STFT_RBF_SVM,K005,N15_M07_F04,N15_M07_F04_K005_4.mat,0,0
STFT_RBF_SVM,K005,N15_M07_F04,N15_M07_F04_K005_5.mat,0,0
STFT_RBF_SVM,K005,N15_M07_F04,N15_M07_F04_K005_6.mat,0,0
STFT_RBF_SVM,K005,N15_M07_F04,N15_M07_F04_K005_7.mat,0,0
STFT_RBF_SVM,K005,N15_M07_F04,N15_M07_F04_K005_8.mat,0,0
STFT_RBF_SVM,K005,N15_M07_F04,N15_M07_F04_K005_9.mat,0,0
STFT_RBF_SVM,K005,N15_M07_F10,N15_M07_F10_K005_1.mat,0,0
STFT_RBF_SVM,K005,N15_M07_F10,N15_M07_F10_K005_10.mat,0,0
STFT_RBF_SVM,K005,N15_M07_F10,N15_M07_F10_K005_11.mat,0,0
STFT_RBF_SVM,K005,N15_M07_F10,N15_M07_F10_K005_12.mat,0,0
STFT_RBF_SVM,K005,N15_M07_F10,N15_M07_F10_K005_13.mat,0,0
STFT_RBF_SVM,K005,N15_M07_F10,N15_M07_F10_K005_14.mat,0,0
STFT_RBF_SVM,K005,N15_M07_F10,N15_M07_F10_K005_15.mat,0,0
STFT_RBF_SVM,K005,N15_M07_F10,N15_M07_F10_K005_16.mat,0,0
STFT_RBF_SVM,K005,N15_M07_F10,N15_M07_F10_K005_17.mat,0,0
STFT_RBF_SVM,K005,N15_M07_F10,N15_M07_F10_K005_18.mat,0,0
STFT_RBF_SVM,K005,N15_M07_F10,N15_M07_F10_K005_19.mat,0,0
STFT_RBF_SVM,K005,N15_M07_F10,N15_M07_F10_K005_2.mat,0,0
STFT_RBF_SVM,K005,N15_M07_F10,N15_M07_F10_K005_20.mat,0,0
STFT_RBF_SVM,K005,N15_M07_F10,N15_M07_F10_K005_3.mat,0,0
STFT_RBF_SVM,K005,N15_M07_F10,N15_M07_F10_K005_4.mat,0,0
STFT_RBF_SVM,K005,N15_M07_F10,N15_M07_F10_K005_5.mat,0,0
STFT_RBF_SVM,K005,N15_M07_F10,N15_M07_F10_K005_6.mat,0,0
STFT_RBF_SVM,K005,N15_M07_F10,N15_M07_F10_K005_7.mat,0,0
STFT_RBF_SVM,K005,N15_M07_F10,N15_M07_F10_K005_8.mat,0,0
STFT_RBF_SVM,K005,N15_M07_F10,N15_M07_F10_K005_9.mat,0,0
STFT_RBF_SVM,K006,N09_M07_F10,N09_M07_F10_K006_1.mat,0,0
STFT_RBF_SVM,K006,N09_M07_F10,N09_M07_F10_K006_10.mat,0,0
STFT_RBF_SVM,K006,N09_M07_F10,N09_M07_F10_K006_11.mat,0,0
STFT_RBF_SVM,K006,N09_M07_F10,N09_M07_F10_K006_12.mat,0,0
STFT_RBF_SVM,K006,N09_M07_F10,N09_M07_F10_K006_13.mat,0,0
STFT_RBF_SVM,K006,N09_M07_F10,N09_M07_F10_K006_14.mat,0,0
STFT_RBF_SVM,K006,N09_M07_F10,N09_M07_F10_K006_15.mat,0,0
STFT_RBF_SVM,K006,N09_M07_F10,N09_M07_F10_K006_16.mat,0,0
STFT_RBF_SVM,K006,N09_M07_F10,N09_M07_F10_K006_17.mat,0,0
STFT_RBF_SVM,K006,N09_M07_F10,N09_M07_F10_K006_18.mat,0,0
STFT_RBF_SVM,K006,N09_M07_F10,N09_M07_F10_K006_19.mat,0,0
STFT_RBF_SVM,K006,N09_M07_F10,N09_M07_F10_K006_2.mat,0,0
STFT_RBF_SVM,K006,N09_M07_F10,N09_M07_F10_K006_20.mat,0,0
STFT_RBF_SVM,K006,N09_M07_F10,N09_M07_F10_K006_3.mat,0,0
STFT_RBF_SVM,K006,N09_M07_F10,N09_M07_F10_K006_4.mat,0,0
STFT_RBF_SVM,K006,N09_M07_F10,N09_M07_F10_K006_5.mat,0,0
STFT_RBF_SVM,K006,N09_M07_F10,N09_M07_F10_K006_6.mat,0,0
STFT_RBF_SVM,K006,N09_M07_F10,N09_M07_F10_K006_7.mat,0,0
STFT_RBF_SVM,K006,N09_M07_F10,N09_M07_F10_K006_8.mat,0,0
STFT_RBF_SVM,K006,N09_M07_F10,N09_M07_F10_K006_9.mat,0,0
STFT_RBF_SVM,K006,N15_M01_F10,N15_M01_F10_K006_1.mat,0,0
STFT_RBF_SVM,K006,N15_M01_F10,N15_M01_F10_K006_10.mat,0,0
STFT_RBF_SVM,K006,N15_M01_F10,N15_M01_F10_K006_11.mat,0,0
STFT_RBF_SVM,K006,N15_M01_F10,N15_M01_F10_K006_12.mat,0,0
STFT_RBF_SVM,K006,N15_M01_F10,N15_M01_F10_K006_13.mat,0,0
STFT_RBF_SVM,K006,N15_M01_F10,N15_M01_F10_K006_14.mat,0,0
STFT_RBF_SVM,K006,N15_M01_F10,N15_M01_F10_K006_15.mat,0,0
STFT_RBF_SVM,K006,N15_M01_F10,N15_M01_F10_K006_16.mat,0,0
STFT_RBF_SVM,K006,N15_M01_F10,N15_M01_F10_K006_17.mat,0,0
STFT_RBF_SVM,K006,N15_M01_F10,N15_M01_F10_K006_18.mat,0,0
STFT_RBF_SVM,K006,N15_M01_F10,N15_M01_F10_K006_19.mat,0,0
STFT_RBF_SVM,K006,N15_M01_F10,N15_M01_F10_K006_2.mat,0,0
STFT_RBF_SVM,K006,N15_M01_F10,N15_M01_F10_K006_20.mat,0,0
STFT_RBF_SVM,K006,N15_M01_F10,N15_M01_F10_K006_3.mat,0,0
STFT_RBF_SVM,K006,N15_M01_F10,N15_M01_F10_K006_4.mat,0,0
STFT_RBF_SVM,K006,N15_M01_F10,N15_M01_F10_K006_5.mat,0,0
STFT_RBF_SVM,K006,N15_M01_F10,N15_M01_F10_K006_6.mat,0,0
STFT_RBF_SVM,K006,N15_M01_F10,N15_M01_F10_K006_7.mat,0,0
STFT_RBF_SVM,K006,N15_M01_F10,N15_M01_F10_K006_8.mat,0,0
STFT_RBF_SVM,K006,N15_M01_F10,N15_M01_F10_K006_9.mat,0,0
STFT_RBF_SVM,K006,N15_M07_F04,N15_M07_F04_K006_1.mat,0,0
STFT_RBF_SVM,K006,N15_M07_F04,N15_M07_F04_K006_10.mat,0,0
STFT_RBF_SVM,K006,N15_M07_F04,N15_M07_F04_K006_11.mat,0,0
STFT_RBF_SVM,K006,N15_M07_F04,N15_M07_F04_K006_12.mat,0,0
STFT_RBF_SVM,K006,N15_M07_F04,N15_M07_F04_K006_13.mat,0,0
STFT_RBF_SVM,K006,N15_M07_F04,N15_M07_F04_K006_14.mat,0,0
STFT_RBF_SVM,K006,N15_M07_F04,N15_M07_F04_K006_15.mat,0,0
STFT_RBF_SVM,K006,N15_M07_F04,N15_M07_F04_K006_16.mat,0,0
STFT_RBF_SVM,K006,N15_M07_F04,N15_M07_F04_K006_17.mat,0,0
STFT_RBF_SVM,K006,N15_M07_F04,N15_M07_F04_K006_18.mat,0,0
STFT_RBF_SVM,K006,N15_M07_F04,N15_M07_F04_K006_19.mat,0,0
STFT_RBF_SVM,K006,N15_M07_F04,N15_M07_F04_K006_2.mat,0,0
STFT_RBF_SVM,K006,N15_M07_F04,N15_M07_F04_K006_20.mat,0,0
STFT_RBF_SVM,K006,N15_M07_F04,N15_M07_F04_K006_3.mat,0,0
STFT_RBF_SVM,K006,N15_M07_F04,N15_M07_F04_K006_4.mat,0,0
STFT_RBF_SVM,K006,N15_M07_F04,N15_M07_F04_K006_5.mat,0,0
STFT_RBF_SVM,K006,N15_M07_F04,N15_M07_F04_K006_6.mat,0,0
STFT_RBF_SVM,K006,N15_M07_F04,N15_M07_F04_K006_7.mat,0,0
STFT_RBF_SVM,K006,N15_M07_F04,N15_M07_F04_K006_8.mat,0,0
STFT_RBF_SVM,K006,N15_M07_F04,N15_M07_F04_K006_9.mat,0,0
STFT_RBF_SVM,K006,N15_M07_F10,N15_M07_F10_K006_1.mat,0,0
STFT_RBF_SVM,K006,N15_M07_F10,N15_M07_F10_K006_10.mat,0,0
STFT_RBF_SVM,K006,N15_M07_F10,N15_M07_F10_K006_11.mat,0,0
STFT_RBF_SVM,K006,N15_M07_F10,N15_M07_F10_K006_12.mat,0,0
STFT_RBF_SVM,K006,N15_M07_F10,N15_M07_F10_K006_13.mat,0,0
STFT_RBF_SVM,K006,N15_M07_F10,N15_M07_F10_K006_14.mat,0,0
STFT_RBF_SVM,K006,N15_M07_F10,N15_M07_F10_K006_15.mat,0,0
STFT_RBF_SVM,K006,N15_M07_F10,N15_M07_F10_K006_16.mat,0,0
STFT_RBF_SVM,K006,N15_M07_F10,N15_M07_F10_K006_17.mat,0,0
STFT_RBF_SVM,K006,N15_M07_F10,N15_M07_F10_K006_18.mat,0,0
STFT_RBF_SVM,K006,N15_M07_F10,N15_M07_F10_K006_19.mat,0,0
STFT_RBF_SVM,K006,N15_M07_F10,N15_M07_F10_K006_2.mat,0,0
STFT_RBF_SVM,K006,N15_M07_F10,N15_M07_F10_K006_20.mat,0,0
STFT_RBF_SVM,K006,N15_M07_F10,N15_M07_F10_K006_3.mat,0,0
STFT_RBF_SVM,K006,N15_M07_F10,N15_M07_F10_K006_4.mat,0,0
STFT_RBF_SVM,K006,N15_M07_F10,N15_M07_F10_K006_5.mat,0,0
STFT_RBF_SVM,K006,N15_M07_F10,N15_M07_F10_K006_6.mat,0,0
STFT_RBF_SVM,K006,N15_M07_F10,N15_M07_F10_K006_7.mat,0,0
STFT_RBF_SVM,K006,N15_M07_F10,N15_M07_F10_K006_8.mat,0,0
STFT_RBF_SVM,K006,N15_M07_F10,N15_M07_F10_K006_9.mat,0,0
STFT_RBF_SVM,KA01,N09_M07_F10,N09_M07_F10_KA01_1.mat,1,0
STFT_RBF_SVM,KA01,N09_M07_F10,N09_M07_F10_KA01_10.mat,1,0
STFT_RBF_SVM,KA01,N09_M07_F10,N09_M07_F10_KA01_11.mat,1,0
STFT_RBF_SVM,KA01,N09_M07_F10,N09_M07_F10_KA01_12.mat,1,0
STFT_RBF_SVM,KA01,N09_M07_F10,N09_M07_F10_KA01_13.mat,1,0
STFT_RBF_SVM,KA01,N09_M07_F10,N09_M07_F10_KA01_14.mat,1,0
STFT_RBF_SVM,KA01,N09_M07_F10,N09_M07_F10_KA01_15.mat,1,0
STFT_RBF_SVM,KA01,N09_M07_F10,N09_M07_F10_KA01_16.mat,1,0
STFT_RBF_SVM,KA01,N09_M07_F10,N09_M07_F10_KA01_17.mat,1,0
STFT_RBF_SVM,KA01,N09_M07_F10,N09_M07_F10_KA01_18.mat,1,0
STFT_RBF_SVM,KA01,N09_M07_F10,N09_M07_F10_KA01_19.mat,1,0
STFT_RBF_SVM,KA01,N09_M07_F10,N09_M07_F10_KA01_2.mat,1,0
STFT_RBF_SVM,KA01,N09_M07_F10,N09_M07_F10_KA01_20.mat,1,0
STFT_RBF_SVM,KA01,N09_M07_F10,N09_M07_F10_KA01_3.mat,1,0
STFT_RBF_SVM,KA01,N09_M07_F10,N09_M07_F10_KA01_4.mat,1,0
STFT_RBF_SVM,KA01,N09_M07_F10,N09_M07_F10_KA01_5.mat,1,0
STFT_RBF_SVM,KA01,N09_M07_F10,N09_M07_F10_KA01_6.mat,1,0
STFT_RBF_SVM,KA01,N09_M07_F10,N09_M07_F10_KA01_7.mat,1,0
STFT_RBF_SVM,KA01,N09_M07_F10,N09_M07_F10_KA01_8.mat,1,0
STFT_RBF_SVM,KA01,N09_M07_F10,N09_M07_F10_KA01_9.mat,1,0
STFT_RBF_SVM,KA01,N15_M01_F10,N15_M01_F10_KA01_1.mat,1,1
STFT_RBF_SVM,KA01,N15_M01_F10,N15_M01_F10_KA01_10.mat,1,1
STFT_RBF_SVM,KA01,N15_M01_F10,N15_M01_F10_KA01_11.mat,1,1
STFT_RBF_SVM,KA01,N15_M01_F10,N15_M01_F10_KA01_12.mat,1,1
STFT_RBF_SVM,KA01,N15_M01_F10,N15_M01_F10_KA01_13.mat,1,1
STFT_RBF_SVM,KA01,N15_M01_F10,N15_M01_F10_KA01_14.mat,1,1
STFT_RBF_SVM,KA01,N15_M01_F10,N15_M01_F10_KA01_15.mat,1,1
STFT_RBF_SVM,KA01,N15_M01_F10,N15_M01_F10_KA01_16.mat,1,1
STFT_RBF_SVM,KA01,N15_M01_F10,N15_M01_F10_KA01_17.mat,1,1
STFT_RBF_SVM,KA01,N15_M01_F10,N15_M01_F10_KA01_18.mat,1,1
STFT_RBF_SVM,KA01,N15_M01_F10,N15_M01_F10_KA01_19.mat,1,1
STFT_RBF_SVM,KA01,N15_M01_F10,N15_M01_F10_KA01_2.mat,1,1
STFT_RBF_SVM,KA01,N15_M01_F10,N15_M01_F10_KA01_20.mat,1,1
STFT_RBF_SVM,KA01,N15_M01_F10,N15_M01_F10_KA01_3.mat,1,1
STFT_RBF_SVM,KA01,N15_M01_F10,N15_M01_F10_KA01_4.mat,1,1
STFT_RBF_SVM,KA01,N15_M01_F10,N15_M01_F10_KA01_5.mat,1,1
STFT_RBF_SVM,KA01,N15_M01_F10,N15_M01_F10_KA01_6.mat,1,1
STFT_RBF_SVM,KA01,N15_M01_F10,N15_M01_F10_KA01_7.mat,1,1
STFT_RBF_SVM,KA01,N15_M01_F10,N15_M01_F10_KA01_8.mat,1,1
STFT_RBF_SVM,KA01,N15_M01_F10,N15_M01_F10_KA01_9.mat,1,1
STFT_RBF_SVM,KA01,N15_M07_F04,N15_M07_F04_KA01_1.mat,1,1
STFT_RBF_SVM,KA01,N15_M07_F04,N15_M07_F04_KA01_10.mat,1,1
STFT_RBF_SVM,KA01,N15_M07_F04,N15_M07_F04_KA01_11.mat,1,1
STFT_RBF_SVM,KA01,N15_M07_F04,N15_M07_F04_KA01_12.mat,1,1
STFT_RBF_SVM,KA01,N15_M07_F04,N15_M07_F04_KA01_13.mat,1,1
STFT_RBF_SVM,KA01,N15_M07_F04,N15_M07_F04_KA01_14.mat,1,1
STFT_RBF_SVM,KA01,N15_M07_F04,N15_M07_F04_KA01_15.mat,1,1
STFT_RBF_SVM,KA01,N15_M07_F04,N15_M07_F04_KA01_16.mat,1,1
STFT_RBF_SVM,KA01,N15_M07_F04,N15_M07_F04_KA01_17.mat,1,1
STFT_RBF_SVM,KA01,N15_M07_F04,N15_M07_F04_KA01_18.mat,1,1
STFT_RBF_SVM,KA01,N15_M07_F04,N15_M07_F04_KA01_19.mat,1,1
STFT_RBF_SVM,KA01,N15_M07_F04,N15_M07_F04_KA01_2.mat,1,1
STFT_RBF_SVM,KA01,N15_M07_F04,N15_M07_F04_KA01_20.mat,1,1
STFT_RBF_SVM,KA01,N15_M07_F04,N15_M07_F04_KA01_3.mat,1,1
STFT_RBF_SVM,KA01,N15_M07_F04,N15_M07_F04_KA01_4.mat,1,1
STFT_RBF_SVM,KA01,N15_M07_F04,N15_M07_F04_KA01_5.mat,1,1
STFT_RBF_SVM,KA01,N15_M07_F04,N15_M07_F04_KA01_6.mat,1,1
STFT_RBF_SVM,KA01,N15_M07_F04,N15_M07_F04_KA01_7.mat,1,1
STFT_RBF_SVM,KA01,N15_M07_F04,N15_M07_F04_KA01_8.mat,1,1
STFT_RBF_SVM,KA01,N15_M07_F04,N15_M07_F04_KA01_9.mat,1,1
STFT_RBF_SVM,KA01,N15_M07_F10,N15_M07_F10_KA01_1.mat,1,1
STFT_RBF_SVM,KA01,N15_M07_F10,N15_M07_F10_KA01_10.mat,1,1
STFT_RBF_SVM,KA01,N15_M07_F10,N15_M07_F10_KA01_11.mat,1,1
STFT_RBF_SVM,KA01,N15_M07_F10,N15_M07_F10_KA01_12.mat,1,1
STFT_RBF_SVM,KA01,N15_M07_F10,N15_M07_F10_KA01_13.mat,1,1
STFT_RBF_SVM,KA01,N15_M07_F10,N15_M07_F10_KA01_14.mat,1,1
STFT_RBF_SVM,KA01,N15_M07_F10,N15_M07_F10_KA01_15.mat,1,1
STFT_RBF_SVM,KA01,N15_M07_F10,N15_M07_F10_KA01_16.mat,1,1
STFT_RBF_SVM,KA01,N15_M07_F10,N15_M07_F10_KA01_17.mat,1,1
STFT_RBF_SVM,KA01,N15_M07_F10,N15_M07_F10_KA01_18.mat,1,1
STFT_RBF_SVM,KA01,N15_M07_F10,N15_M07_F10_KA01_19.mat,1,1
STFT_RBF_SVM,KA01,N15_M07_F10,N15_M07_F10_KA01_2.mat,1,1
STFT_RBF_SVM,KA01,N15_M07_F10,N15_M07_F10_KA01_20.mat,1,1
STFT_RBF_SVM,KA01,N15_M07_F10,N15_M07_F10_KA01_3.mat,1,1
STFT_RBF_SVM,KA01,N15_M07_F10,N15_M07_F10_KA01_4.mat,1,1
STFT_RBF_SVM,KA01,N15_M07_F10,N15_M07_F10_KA01_5.mat,1,1
STFT_RBF_SVM,KA01,N15_M07_F10,N15_M07_F10_KA01_6.mat,1,1
STFT_RBF_SVM,KA01,N15_M07_F10,N15_M07_F10_KA01_7.mat,1,1
STFT_RBF_SVM,KA01,N15_M07_F10,N15_M07_F10_KA01_8.mat,1,1
STFT_RBF_SVM,KA01,N15_M07_F10,N15_M07_F10_KA01_9.mat,1,1
STFT_RBF_SVM,KA03,N09_M07_F10,N09_M07_F10_KA03_1.mat,1,0
STFT_RBF_SVM,KA03,N09_M07_F10,N09_M07_F10_KA03_10.mat,1,0
STFT_RBF_SVM,KA03,N09_M07_F10,N09_M07_F10_KA03_11.mat,1,0
STFT_RBF_SVM,KA03,N09_M07_F10,N09_M07_F10_KA03_12.mat,1,0
STFT_RBF_SVM,KA03,N09_M07_F10,N09_M07_F10_KA03_13.mat,1,0
STFT_RBF_SVM,KA03,N09_M07_F10,N09_M07_F10_KA03_14.mat,1,0
STFT_RBF_SVM,KA03,N09_M07_F10,N09_M07_F10_KA03_15.mat,1,0
STFT_RBF_SVM,KA03,N09_M07_F10,N09_M07_F10_KA03_16.mat,1,0
STFT_RBF_SVM,KA03,N09_M07_F10,N09_M07_F10_KA03_17.mat,1,0
STFT_RBF_SVM,KA03,N09_M07_F10,N09_M07_F10_KA03_18.mat,1,0
STFT_RBF_SVM,KA03,N09_M07_F10,N09_M07_F10_KA03_19.mat,1,0
STFT_RBF_SVM,KA03,N09_M07_F10,N09_M07_F10_KA03_2.mat,1,0
STFT_RBF_SVM,KA03,N09_M07_F10,N09_M07_F10_KA03_20.mat,1,0
STFT_RBF_SVM,KA03,N09_M07_F10,N09_M07_F10_KA03_3.mat,1,0
STFT_RBF_SVM,KA03,N09_M07_F10,N09_M07_F10_KA03_4.mat,1,0
STFT_RBF_SVM,KA03,N09_M07_F10,N09_M07_F10_KA03_5.mat,1,0
STFT_RBF_SVM,KA03,N09_M07_F10,N09_M07_F10_KA03_6.mat,1,0
STFT_RBF_SVM,KA03,N09_M07_F10,N09_M07_F10_KA03_7.mat,1,0
STFT_RBF_SVM,KA03,N09_M07_F10,N09_M07_F10_KA03_8.mat,1,0
STFT_RBF_SVM,KA03,N09_M07_F10,N09_M07_F10_KA03_9.mat,1,0
STFT_RBF_SVM,KA03,N15_M01_F10,N15_M01_F10_KA03_1.mat,1,1
STFT_RBF_SVM,KA03,N15_M01_F10,N15_M01_F10_KA03_10.mat,1,1
STFT_RBF_SVM,KA03,N15_M01_F10,N15_M01_F10_KA03_11.mat,1,1
STFT_RBF_SVM,KA03,N15_M01_F10,N15_M01_F10_KA03_12.mat,1,1
STFT_RBF_SVM,KA03,N15_M01_F10,N15_M01_F10_KA03_13.mat,1,1
STFT_RBF_SVM,KA03,N15_M01_F10,N15_M01_F10_KA03_14.mat,1,1
STFT_RBF_SVM,KA03,N15_M01_F10,N15_M01_F10_KA03_15.mat,1,0
STFT_RBF_SVM,KA03,N15_M01_F10,N15_M01_F10_KA03_16.mat,1,1
STFT_RBF_SVM,KA03,N15_M01_F10,N15_M01_F10_KA03_17.mat,1,1
STFT_RBF_SVM,KA03,N15_M01_F10,N15_M01_F10_KA03_18.mat,1,1
STFT_RBF_SVM,KA03,N15_M01_F10,N15_M01_F10_KA03_19.mat,1,1
STFT_RBF_SVM,KA03,N15_M01_F10,N15_M01_F10_KA03_2.mat,1,1
STFT_RBF_SVM,KA03,N15_M01_F10,N15_M01_F10_KA03_20.mat,1,1
STFT_RBF_SVM,KA03,N15_M01_F10,N15_M01_F10_KA03_3.mat,1,0
STFT_RBF_SVM,KA03,N15_M01_F10,N15_M01_F10_KA03_4.mat,1,1
STFT_RBF_SVM,KA03,N15_M01_F10,N15_M01_F10_KA03_5.mat,1,0
STFT_RBF_SVM,KA03,N15_M01_F10,N15_M01_F10_KA03_6.mat,1,1
STFT_RBF_SVM,KA03,N15_M01_F10,N15_M01_F10_KA03_7.mat,1,1
STFT_RBF_SVM,KA03,N15_M01_F10,N15_M01_F10_KA03_8.mat,1,1
STFT_RBF_SVM,KA03,N15_M01_F10,N15_M01_F10_KA03_9.mat,1,1
STFT_RBF_SVM,KA03,N15_M07_F04,N15_M07_F04_KA03_1.mat,1,1
STFT_RBF_SVM,KA03,N15_M07_F04,N15_M07_F04_KA03_10.mat,1,1
STFT_RBF_SVM,KA03,N15_M07_F04,N15_M07_F04_KA03_11.mat,1,1
STFT_RBF_SVM,KA03,N15_M07_F04,N15_M07_F04_KA03_12.mat,1,1
STFT_RBF_SVM,KA03,N15_M07_F04,N15_M07_F04_KA03_13.mat,1,1
STFT_RBF_SVM,KA03,N15_M07_F04,N15_M07_F04_KA03_14.mat,1,1
STFT_RBF_SVM,KA03,N15_M07_F04,N15_M07_F04_KA03_15.mat,1,1
STFT_RBF_SVM,KA03,N15_M07_F04,N15_M07_F04_KA03_16.mat,1,1
STFT_RBF_SVM,KA03,N15_M07_F04,N15_M07_F04_KA03_17.mat,1,1
STFT_RBF_SVM,KA03,N15_M07_F04,N15_M07_F04_KA03_18.mat,1,1
STFT_RBF_SVM,KA03,N15_M07_F04,N15_M07_F04_KA03_19.mat,1,1
STFT_RBF_SVM,KA03,N15_M07_F04,N15_M07_F04_KA03_2.mat,1,1
STFT_RBF_SVM,KA03,N15_M07_F04,N15_M07_F04_KA03_20.mat,1,1
STFT_RBF_SVM,KA03,N15_M07_F04,N15_M07_F04_KA03_3.mat,1,1
STFT_RBF_SVM,KA03,N15_M07_F04,N15_M07_F04_KA03_4.mat,1,1
STFT_RBF_SVM,KA03,N15_M07_F04,N15_M07_F04_KA03_5.mat,1,1
STFT_RBF_SVM,KA03,N15_M07_F04,N15_M07_F04_KA03_6.mat,1,1
STFT_RBF_SVM,KA03,N15_M07_F04,N15_M07_F04_KA03_7.mat,1,1
STFT_RBF_SVM,KA03,N15_M07_F04,N15_M07_F04_KA03_8.mat,1,1
STFT_RBF_SVM,KA03,N15_M07_F04,N15_M07_F04_KA03_9.mat,1,1
STFT_RBF_SVM,KA03,N15_M07_F10,N15_M07_F10_KA03_1.mat,1,1
STFT_RBF_SVM,KA03,N15_M07_F10,N15_M07_F10_KA03_10.mat,1,1
STFT_RBF_SVM,KA03,N15_M07_F10,N15_M07_F10_KA03_11.mat,1,1
STFT_RBF_SVM,KA03,N15_M07_F10,N15_M07_F10_KA03_12.mat,1,1
STFT_RBF_SVM,KA03,N15_M07_F10,N15_M07_F10_KA03_13.mat,1,1
STFT_RBF_SVM,KA03,N15_M07_F10,N15_M07_F10_KA03_14.mat,1,1
STFT_RBF_SVM,KA03,N15_M07_F10,N15_M07_F10_KA03_15.mat,1,1
STFT_RBF_SVM,KA03,N15_M07_F10,N15_M07_F10_KA03_16.mat,1,1
STFT_RBF_SVM,KA03,N15_M07_F10,N15_M07_F10_KA03_17.mat,1,1
STFT_RBF_SVM,KA03,N15_M07_F10,N15_M07_F10_KA03_18.mat,1,1
STFT_RBF_SVM,KA03,N15_M07_F10,N15_M07_F10_KA03_19.mat,1,1
STFT_RBF_SVM,KA03,N15_M07_F10,N15_M07_F10_KA03_2.mat,1,1
STFT_RBF_SVM,KA03,N15_M07_F10,N15_M07_F10_KA03_20.mat,1,1
STFT_RBF_SVM,KA03,N15_M07_F10,N15_M07_F10_KA03_3.mat,1,1
STFT_RBF_SVM,KA03,N15_M07_F10,N15_M07_F10_KA03_4.mat,1,1
STFT_RBF_SVM,KA03,N15_M07_F10,N15_M07_F10_KA03_5.mat,1,1
STFT_RBF_SVM,KA03,N15_M07_F10,N15_M07_F10_KA03_6.mat,1,1
STFT_RBF_SVM,KA03,N15_M07_F10,N15_M07_F10_KA03_7.mat,1,1
STFT_RBF_SVM,KA03,N15_M07_F10,N15_M07_F10_KA03_8.mat,1,1
STFT_RBF_SVM,KA03,N15_M07_F10,N15_M07_F10_KA03_9.mat,1,1
STFT_RBF_SVM,KA04,N09_M07_F10,N09_M07_F10_KA04_1.mat,1,1
STFT_RBF_SVM,KA04,N09_M07_F10,N09_M07_F10_KA04_10.mat,1,1
STFT_RBF_SVM,KA04,N09_M07_F10,N09_M07_F10_KA04_11.mat,1,1
STFT_RBF_SVM,KA04,N09_M07_F10,N09_M07_F10_KA04_12.mat,1,1
STFT_RBF_SVM,KA04,N09_M07_F10,N09_M07_F10_KA04_13.mat,1,1
STFT_RBF_SVM,KA04,N09_M07_F10,N09_M07_F10_KA04_14.mat,1,1
STFT_RBF_SVM,KA04,N09_M07_F10,N09_M07_F10_KA04_15.mat,1,1
STFT_RBF_SVM,KA04,N09_M07_F10,N09_M07_F10_KA04_16.mat,1,1
STFT_RBF_SVM,KA04,N09_M07_F10,N09_M07_F10_KA04_17.mat,1,1
STFT_RBF_SVM,KA04,N09_M07_F10,N09_M07_F10_KA04_18.mat,1,1
STFT_RBF_SVM,KA04,N09_M07_F10,N09_M07_F10_KA04_19.mat,1,1
STFT_RBF_SVM,KA04,N09_M07_F10,N09_M07_F10_KA04_2.mat,1,1
STFT_RBF_SVM,KA04,N09_M07_F10,N09_M07_F10_KA04_20.mat,1,1
STFT_RBF_SVM,KA04,N09_M07_F10,N09_M07_F10_KA04_3.mat,1,1
STFT_RBF_SVM,KA04,N09_M07_F10,N09_M07_F10_KA04_4.mat,1,1
STFT_RBF_SVM,KA04,N09_M07_F10,N09_M07_F10_KA04_5.mat,1,1
STFT_RBF_SVM,KA04,N09_M07_F10,N09_M07_F10_KA04_6.mat,1,1
STFT_RBF_SVM,KA04,N09_M07_F10,N09_M07_F10_KA04_7.mat,1,1
STFT_RBF_SVM,KA04,N09_M07_F10,N09_M07_F10_KA04_8.mat,1,1
STFT_RBF_SVM,KA04,N09_M07_F10,N09_M07_F10_KA04_9.mat,1,1
STFT_RBF_SVM,KA04,N15_M01_F10,N15_M01_F10_KA04_1.mat,1,1
STFT_RBF_SVM,KA04,N15_M01_F10,N15_M01_F10_KA04_10.mat,1,1
STFT_RBF_SVM,KA04,N15_M01_F10,N15_M01_F10_KA04_11.mat,1,1
STFT_RBF_SVM,KA04,N15_M01_F10,N15_M01_F10_KA04_12.mat,1,1
STFT_RBF_SVM,KA04,N15_M01_F10,N15_M01_F10_KA04_13.mat,1,1
STFT_RBF_SVM,KA04,N15_M01_F10,N15_M01_F10_KA04_14.mat,1,1
STFT_RBF_SVM,KA04,N15_M01_F10,N15_M01_F10_KA04_15.mat,1,1
STFT_RBF_SVM,KA04,N15_M01_F10,N15_M01_F10_KA04_16.mat,1,1
STFT_RBF_SVM,KA04,N15_M01_F10,N15_M01_F10_KA04_17.mat,1,1
STFT_RBF_SVM,KA04,N15_M01_F10,N15_M01_F10_KA04_18.mat,1,1
STFT_RBF_SVM,KA04,N15_M01_F10,N15_M01_F10_KA04_19.mat,1,1
STFT_RBF_SVM,KA04,N15_M01_F10,N15_M01_F10_KA04_2.mat,1,1
STFT_RBF_SVM,KA04,N15_M01_F10,N15_M01_F10_KA04_20.mat,1,1
STFT_RBF_SVM,KA04,N15_M01_F10,N15_M01_F10_KA04_3.mat,1,1
STFT_RBF_SVM,KA04,N15_M01_F10,N15_M01_F10_KA04_4.mat,1,1
STFT_RBF_SVM,KA04,N15_M01_F10,N15_M01_F10_KA04_5.mat,1,1
STFT_RBF_SVM,KA04,N15_M01_F10,N15_M01_F10_KA04_6.mat,1,1
STFT_RBF_SVM,KA04,N15_M01_F10,N15_M01_F10_KA04_7.mat,1,1
STFT_RBF_SVM,KA04,N15_M01_F10,N15_M01_F10_KA04_8.mat,1,1
STFT_RBF_SVM,KA04,N15_M01_F10,N15_M01_F10_KA04_9.mat,1,1
STFT_RBF_SVM,KA04,N15_M07_F04,N15_M07_F04_KA04_1.mat,1,1
STFT_RBF_SVM,KA04,N15_M07_F04,N15_M07_F04_KA04_10.mat,1,1
STFT_RBF_SVM,KA04,N15_M07_F04,N15_M07_F04_KA04_11.mat,1,1
STFT_RBF_SVM,KA04,N15_M07_F04,N15_M07_F04_KA04_12.mat,1,1
STFT_RBF_SVM,KA04,N15_M07_F04,N15_M07_F04_KA04_13.mat,1,1
STFT_RBF_SVM,KA04,N15_M07_F04,N15_M07_F04_KA04_14.mat,1,1
STFT_RBF_SVM,KA04,N15_M07_F04,N15_M07_F04_KA04_15.mat,1,1
STFT_RBF_SVM,KA04,N15_M07_F04,N15_M07_F04_KA04_16.mat,1,1
STFT_RBF_SVM,KA04,N15_M07_F04,N15_M07_F04_KA04_17.mat,1,1
STFT_RBF_SVM,KA04,N15_M07_F04,N15_M07_F04_KA04_18.mat,1,1
STFT_RBF_SVM,KA04,N15_M07_F04,N15_M07_F04_KA04_19.mat,1,1
STFT_RBF_SVM,KA04,N15_M07_F04,N15_M07_F04_KA04_2.mat,1,1
STFT_RBF_SVM,KA04,N15_M07_F04,N15_M07_F04_KA04_20.mat,1,1
STFT_RBF_SVM,KA04,N15_M07_F04,N15_M07_F04_KA04_3.mat,1,1
STFT_RBF_SVM,KA04,N15_M07_F04,N15_M07_F04_KA04_4.mat,1,1
STFT_RBF_SVM,KA04,N15_M07_F04,N15_M07_F04_KA04_5.mat,1,1
STFT_RBF_SVM,KA04,N15_M07_F04,N15_M07_F04_KA04_6.mat,1,1
STFT_RBF_SVM,KA04,N15_M07_F04,N15_M07_F04_KA04_7.mat,1,1
STFT_RBF_SVM,KA04,N15_M07_F04,N15_M07_F04_KA04_8.mat,1,1
STFT_RBF_SVM,KA04,N15_M07_F04,N15_M07_F04_KA04_9.mat,1,1
STFT_RBF_SVM,KA04,N15_M07_F10,N15_M07_F10_KA04_1.mat,1,1
STFT_RBF_SVM,KA04,N15_M07_F10,N15_M07_F10_KA04_10.mat,1,1
STFT_RBF_SVM,KA04,N15_M07_F10,N15_M07_F10_KA04_11.mat,1,1
STFT_RBF_SVM,KA04,N15_M07_F10,N15_M07_F10_KA04_12.mat,1,1
STFT_RBF_SVM,KA04,N15_M07_F10,N15_M07_F10_KA04_13.mat,1,1
STFT_RBF_SVM,KA04,N15_M07_F10,N15_M07_F10_KA04_14.mat,1,1
STFT_RBF_SVM,KA04,N15_M07_F10,N15_M07_F10_KA04_15.mat,1,1
STFT_RBF_SVM,KA04,N15_M07_F10,N15_M07_F10_KA04_16.mat,1,1
STFT_RBF_SVM,KA04,N15_M07_F10,N15_M07_F10_KA04_17.mat,1,1
STFT_RBF_SVM,KA04,N15_M07_F10,N15_M07_F10_KA04_18.mat,1,1
STFT_RBF_SVM,KA04,N15_M07_F10,N15_M07_F10_KA04_19.mat,1,1
STFT_RBF_SVM,KA04,N15_M07_F10,N15_M07_F10_KA04_2.mat,1,1
STFT_RBF_SVM,KA04,N15_M07_F10,N15_M07_F10_KA04_20.mat,1,1
STFT_RBF_SVM,KA04,N15_M07_F10,N15_M07_F10_KA04_3.mat,1,1
STFT_RBF_SVM,KA04,N15_M07_F10,N15_M07_F10_KA04_4.mat,1,1
STFT_RBF_SVM,KA04,N15_M07_F10,N15_M07_F10_KA04_5.mat,1,1
STFT_RBF_SVM,KA04,N15_M07_F10,N15_M07_F10_KA04_6.mat,1,1
STFT_RBF_SVM,KA04,N15_M07_F10,N15_M07_F10_KA04_7.mat,1,1
STFT_RBF_SVM,KA04,N15_M07_F10,N15_M07_F10_KA04_8.mat,1,1
STFT_RBF_SVM,KA04,N15_M07_F10,N15_M07_F10_KA04_9.mat,1,1
STFT_RBF_SVM,KI05,N09_M07_F10,N09_M07_F10_KI05_1.mat,1,0
STFT_RBF_SVM,KI05,N09_M07_F10,N09_M07_F10_KI05_10.mat,1,0
STFT_RBF_SVM,KI05,N09_M07_F10,N09_M07_F10_KI05_11.mat,1,0
STFT_RBF_SVM,KI05,N09_M07_F10,N09_M07_F10_KI05_12.mat,1,0
STFT_RBF_SVM,KI05,N09_M07_F10,N09_M07_F10_KI05_13.mat,1,0
STFT_RBF_SVM,KI05,N09_M07_F10,N09_M07_F10_KI05_14.mat,1,0
STFT_RBF_SVM,KI05,N09_M07_F10,N09_M07_F10_KI05_15.mat,1,0
STFT_RBF_SVM,KI05,N09_M07_F10,N09_M07_F10_KI05_16.mat,1,0
STFT_RBF_SVM,KI05,N09_M07_F10,N09_M07_F10_KI05_17.mat,1,0
STFT_RBF_SVM,KI05,N09_M07_F10,N09_M07_F10_KI05_18.mat,1,0
STFT_RBF_SVM,KI05,N09_M07_F10,N09_M07_F10_KI05_19.mat,1,0
STFT_RBF_SVM,KI05,N09_M07_F10,N09_M07_F10_KI05_2.mat,1,0
STFT_RBF_SVM,KI05,N09_M07_F10,N09_M07_F10_KI05_20.mat,1,0
STFT_RBF_SVM,KI05,N09_M07_F10,N09_M07_F10_KI05_3.mat,1,0
STFT_RBF_SVM,KI05,N09_M07_F10,N09_M07_F10_KI05_4.mat,1,0
STFT_RBF_SVM,KI05,N09_M07_F10,N09_M07_F10_KI05_5.mat,1,0
STFT_RBF_SVM,KI05,N09_M07_F10,N09_M07_F10_KI05_6.mat,1,0
STFT_RBF_SVM,KI05,N09_M07_F10,N09_M07_F10_KI05_7.mat,1,0
STFT_RBF_SVM,KI05,N09_M07_F10,N09_M07_F10_KI05_8.mat,1,0
STFT_RBF_SVM,KI05,N09_M07_F10,N09_M07_F10_KI05_9.mat,1,0
STFT_RBF_SVM,KI05,N15_M01_F10,N15_M01_F10_KI05_1.mat,1,0
STFT_RBF_SVM,KI05,N15_M01_F10,N15_M01_F10_KI05_10.mat,1,0
STFT_RBF_SVM,KI05,N15_M01_F10,N15_M01_F10_KI05_11.mat,1,0
STFT_RBF_SVM,KI05,N15_M01_F10,N15_M01_F10_KI05_12.mat,1,0
STFT_RBF_SVM,KI05,N15_M01_F10,N15_M01_F10_KI05_13.mat,1,0
STFT_RBF_SVM,KI05,N15_M01_F10,N15_M01_F10_KI05_14.mat,1,0
STFT_RBF_SVM,KI05,N15_M01_F10,N15_M01_F10_KI05_15.mat,1,0
STFT_RBF_SVM,KI05,N15_M01_F10,N15_M01_F10_KI05_16.mat,1,0
STFT_RBF_SVM,KI05,N15_M01_F10,N15_M01_F10_KI05_17.mat,1,0
STFT_RBF_SVM,KI05,N15_M01_F10,N15_M01_F10_KI05_18.mat,1,0
STFT_RBF_SVM,KI05,N15_M01_F10,N15_M01_F10_KI05_19.mat,1,0
STFT_RBF_SVM,KI05,N15_M01_F10,N15_M01_F10_KI05_2.mat,1,0
STFT_RBF_SVM,KI05,N15_M01_F10,N15_M01_F10_KI05_20.mat,1,0
STFT_RBF_SVM,KI05,N15_M01_F10,N15_M01_F10_KI05_3.mat,1,0
STFT_RBF_SVM,KI05,N15_M01_F10,N15_M01_F10_KI05_4.mat,1,0
STFT_RBF_SVM,KI05,N15_M01_F10,N15_M01_F10_KI05_5.mat,1,0
STFT_RBF_SVM,KI05,N15_M01_F10,N15_M01_F10_KI05_6.mat,1,0
STFT_RBF_SVM,KI05,N15_M01_F10,N15_M01_F10_KI05_7.mat,1,0
STFT_RBF_SVM,KI05,N15_M01_F10,N15_M01_F10_KI05_8.mat,1,0
STFT_RBF_SVM,KI05,N15_M01_F10,N15_M01_F10_KI05_9.mat,1,0
STFT_RBF_SVM,KI05,N15_M07_F04,N15_M07_F04_KI05_1.mat,1,0
STFT_RBF_SVM,KI05,N15_M07_F04,N15_M07_F04_KI05_10.mat,1,0
STFT_RBF_SVM,KI05,N15_M07_F04,N15_M07_F04_KI05_11.mat,1,0
STFT_RBF_SVM,KI05,N15_M07_F04,N15_M07_F04_KI05_12.mat,1,0
STFT_RBF_SVM,KI05,N15_M07_F04,N15_M07_F04_KI05_13.mat,1,0
STFT_RBF_SVM,KI05,N15_M07_F04,N15_M07_F04_KI05_14.mat,1,0
STFT_RBF_SVM,KI05,N15_M07_F04,N15_M07_F04_KI05_15.mat,1,0
STFT_RBF_SVM,KI05,N15_M07_F04,N15_M07_F04_KI05_16.mat,1,0
STFT_RBF_SVM,KI05,N15_M07_F04,N15_M07_F04_KI05_17.mat,1,0
STFT_RBF_SVM,KI05,N15_M07_F04,N15_M07_F04_KI05_18.mat,1,0
STFT_RBF_SVM,KI05,N15_M07_F04,N15_M07_F04_KI05_19.mat,1,0
STFT_RBF_SVM,KI05,N15_M07_F04,N15_M07_F04_KI05_2.mat,1,0
STFT_RBF_SVM,KI05,N15_M07_F04,N15_M07_F04_KI05_20.mat,1,0
STFT_RBF_SVM,KI05,N15_M07_F04,N15_M07_F04_KI05_3.mat,1,0
STFT_RBF_SVM,KI05,N15_M07_F04,N15_M07_F04_KI05_4.mat,1,0
STFT_RBF_SVM,KI05,N15_M07_F04,N15_M07_F04_KI05_5.mat,1,0
STFT_RBF_SVM,KI05,N15_M07_F04,N15_M07_F04_KI05_6.mat,1,0
STFT_RBF_SVM,KI05,N15_M07_F04,N15_M07_F04_KI05_7.mat,1,0
STFT_RBF_SVM,KI05,N15_M07_F04,N15_M07_F04_KI05_8.mat,1,0
STFT_RBF_SVM,KI05,N15_M07_F04,N15_M07_F04_KI05_9.mat,1,0
STFT_RBF_SVM,KI05,N15_M07_F10,N15_M07_F10_KI05_1.mat,1,0
STFT_RBF_SVM,KI05,N15_M07_F10,N15_M07_F10_KI05_10.mat,1,0
STFT_RBF_SVM,KI05,N15_M07_F10,N15_M07_F10_KI05_11.mat,1,0
STFT_RBF_SVM,KI05,N15_M07_F10,N15_M07_F10_KI05_12.mat,1,0
STFT_RBF_SVM,KI05,N15_M07_F10,N15_M07_F10_KI05_13.mat,1,0
STFT_RBF_SVM,KI05,N15_M07_F10,N15_M07_F10_KI05_14.mat,1,0
STFT_RBF_SVM,KI05,N15_M07_F10,N15_M07_F10_KI05_15.mat,1,0
STFT_RBF_SVM,KI05,N15_M07_F10,N15_M07_F10_KI05_16.mat,1,0
STFT_RBF_SVM,KI05,N15_M07_F10,N15_M07_F10_KI05_17.mat,1,0
STFT_RBF_SVM,KI05,N15_M07_F10,N15_M07_F10_KI05_18.mat,1,0
STFT_RBF_SVM,KI05,N15_M07_F10,N15_M07_F10_KI05_19.mat,1,0
STFT_RBF_SVM,KI05,N15_M07_F10,N15_M07_F10_KI05_2.mat,1,0
STFT_RBF_SVM,KI05,N15_M07_F10,N15_M07_F10_KI05_20.mat,1,0
STFT_RBF_SVM,KI05,N15_M07_F10,N15_M07_F10_KI05_3.mat,1,0
STFT_RBF_SVM,KI05,N15_M07_F10,N15_M07_F10_KI05_4.mat,1,0
STFT_RBF_SVM,KI05,N15_M07_F10,N15_M07_F10_KI05_5.mat,1,0
STFT_RBF_SVM,KI05,N15_M07_F10,N15_M07_F10_KI05_6.mat,1,0
STFT_RBF_SVM,KI05,N15_M07_F10,N15_M07_F10_KI05_7.mat,1,0
STFT_RBF_SVM,KI05,N15_M07_F10,N15_M07_F10_KI05_8.mat,1,0
STFT_RBF_SVM,KI05,N15_M07_F10,N15_M07_F10_KI05_9.mat,1,0
STFT_Nearest_Centroid,K001,N09_M07_F10,N09_M07_F10_K001_1.mat,0,0
STFT_Nearest_Centroid,K001,N09_M07_F10,N09_M07_F10_K001_10.mat,0,0
STFT_Nearest_Centroid,K001,N09_M07_F10,N09_M07_F10_K001_11.mat,0,0
STFT_Nearest_Centroid,K001,N09_M07_F10,N09_M07_F10_K001_12.mat,0,0
STFT_Nearest_Centroid,K001,N09_M07_F10,N09_M07_F10_K001_13.mat,0,0
STFT_Nearest_Centroid,K001,N09_M07_F10,N09_M07_F10_K001_14.mat,0,0
STFT_Nearest_Centroid,K001,N09_M07_F10,N09_M07_F10_K001_15.mat,0,0
STFT_Nearest_Centroid,K001,N09_M07_F10,N09_M07_F10_K001_16.mat,0,0
STFT_Nearest_Centroid,K001,N09_M07_F10,N09_M07_F10_K001_17.mat,0,0
STFT_Nearest_Centroid,K001,N09_M07_F10,N09_M07_F10_K001_18.mat,0,0
STFT_Nearest_Centroid,K001,N09_M07_F10,N09_M07_F10_K001_19.mat,0,0
STFT_Nearest_Centroid,K001,N09_M07_F10,N09_M07_F10_K001_2.mat,0,0
STFT_Nearest_Centroid,K001,N09_M07_F10,N09_M07_F10_K001_20.mat,0,0
STFT_Nearest_Centroid,K001,N09_M07_F10,N09_M07_F10_K001_3.mat,0,0
STFT_Nearest_Centroid,K001,N09_M07_F10,N09_M07_F10_K001_4.mat,0,0
STFT_Nearest_Centroid,K001,N09_M07_F10,N09_M07_F10_K001_5.mat,0,0
STFT_Nearest_Centroid,K001,N09_M07_F10,N09_M07_F10_K001_6.mat,0,0
STFT_Nearest_Centroid,K001,N09_M07_F10,N09_M07_F10_K001_7.mat,0,0
STFT_Nearest_Centroid,K001,N09_M07_F10,N09_M07_F10_K001_8.mat,0,0
STFT_Nearest_Centroid,K001,N09_M07_F10,N09_M07_F10_K001_9.mat,0,0
STFT_Nearest_Centroid,K001,N15_M01_F10,N15_M01_F10_K001_1.mat,0,0
STFT_Nearest_Centroid,K001,N15_M01_F10,N15_M01_F10_K001_10.mat,0,0
STFT_Nearest_Centroid,K001,N15_M01_F10,N15_M01_F10_K001_11.mat,0,0
STFT_Nearest_Centroid,K001,N15_M01_F10,N15_M01_F10_K001_12.mat,0,0
STFT_Nearest_Centroid,K001,N15_M01_F10,N15_M01_F10_K001_13.mat,0,0
STFT_Nearest_Centroid,K001,N15_M01_F10,N15_M01_F10_K001_14.mat,0,0
STFT_Nearest_Centroid,K001,N15_M01_F10,N15_M01_F10_K001_15.mat,0,0
STFT_Nearest_Centroid,K001,N15_M01_F10,N15_M01_F10_K001_16.mat,0,0
STFT_Nearest_Centroid,K001,N15_M01_F10,N15_M01_F10_K001_17.mat,0,0
STFT_Nearest_Centroid,K001,N15_M01_F10,N15_M01_F10_K001_18.mat,0,0
STFT_Nearest_Centroid,K001,N15_M01_F10,N15_M01_F10_K001_19.mat,0,0
STFT_Nearest_Centroid,K001,N15_M01_F10,N15_M01_F10_K001_2.mat,0,0
STFT_Nearest_Centroid,K001,N15_M01_F10,N15_M01_F10_K001_20.mat,0,0
STFT_Nearest_Centroid,K001,N15_M01_F10,N15_M01_F10_K001_3.mat,0,0
STFT_Nearest_Centroid,K001,N15_M01_F10,N15_M01_F10_K001_4.mat,0,0
STFT_Nearest_Centroid,K001,N15_M01_F10,N15_M01_F10_K001_5.mat,0,0
STFT_Nearest_Centroid,K001,N15_M01_F10,N15_M01_F10_K001_6.mat,0,0
STFT_Nearest_Centroid,K001,N15_M01_F10,N15_M01_F10_K001_7.mat,0,0
STFT_Nearest_Centroid,K001,N15_M01_F10,N15_M01_F10_K001_8.mat,0,0
STFT_Nearest_Centroid,K001,N15_M01_F10,N15_M01_F10_K001_9.mat,0,0
STFT_Nearest_Centroid,K001,N15_M07_F04,N15_M07_F04_K001_1.mat,0,0
STFT_Nearest_Centroid,K001,N15_M07_F04,N15_M07_F04_K001_10.mat,0,0
STFT_Nearest_Centroid,K001,N15_M07_F04,N15_M07_F04_K001_11.mat,0,0
STFT_Nearest_Centroid,K001,N15_M07_F04,N15_M07_F04_K001_12.mat,0,0
STFT_Nearest_Centroid,K001,N15_M07_F04,N15_M07_F04_K001_13.mat,0,0
STFT_Nearest_Centroid,K001,N15_M07_F04,N15_M07_F04_K001_14.mat,0,0
STFT_Nearest_Centroid,K001,N15_M07_F04,N15_M07_F04_K001_15.mat,0,0
STFT_Nearest_Centroid,K001,N15_M07_F04,N15_M07_F04_K001_16.mat,0,0
STFT_Nearest_Centroid,K001,N15_M07_F04,N15_M07_F04_K001_17.mat,0,0
STFT_Nearest_Centroid,K001,N15_M07_F04,N15_M07_F04_K001_18.mat,0,0
STFT_Nearest_Centroid,K001,N15_M07_F04,N15_M07_F04_K001_19.mat,0,0
STFT_Nearest_Centroid,K001,N15_M07_F04,N15_M07_F04_K001_2.mat,0,0
STFT_Nearest_Centroid,K001,N15_M07_F04,N15_M07_F04_K001_20.mat,0,0
STFT_Nearest_Centroid,K001,N15_M07_F04,N15_M07_F04_K001_3.mat,0,0
STFT_Nearest_Centroid,K001,N15_M07_F04,N15_M07_F04_K001_4.mat,0,0
STFT_Nearest_Centroid,K001,N15_M07_F04,N15_M07_F04_K001_5.mat,0,0
STFT_Nearest_Centroid,K001,N15_M07_F04,N15_M07_F04_K001_6.mat,0,0
STFT_Nearest_Centroid,K001,N15_M07_F04,N15_M07_F04_K001_7.mat,0,0
STFT_Nearest_Centroid,K001,N15_M07_F04,N15_M07_F04_K001_8.mat,0,0
STFT_Nearest_Centroid,K001,N15_M07_F04,N15_M07_F04_K001_9.mat,0,0
STFT_Nearest_Centroid,K001,N15_M07_F10,N15_M07_F10_K001_1.mat,0,0
STFT_Nearest_Centroid,K001,N15_M07_F10,N15_M07_F10_K001_10.mat,0,0
STFT_Nearest_Centroid,K001,N15_M07_F10,N15_M07_F10_K001_11.mat,0,0
STFT_Nearest_Centroid,K001,N15_M07_F10,N15_M07_F10_K001_12.mat,0,0
STFT_Nearest_Centroid,K001,N15_M07_F10,N15_M07_F10_K001_13.mat,0,0
STFT_Nearest_Centroid,K001,N15_M07_F10,N15_M07_F10_K001_14.mat,0,0
STFT_Nearest_Centroid,K001,N15_M07_F10,N15_M07_F10_K001_15.mat,0,0
STFT_Nearest_Centroid,K001,N15_M07_F10,N15_M07_F10_K001_16.mat,0,0
STFT_Nearest_Centroid,K001,N15_M07_F10,N15_M07_F10_K001_17.mat,0,0
STFT_Nearest_Centroid,K001,N15_M07_F10,N15_M07_F10_K001_18.mat,0,0
STFT_Nearest_Centroid,K001,N15_M07_F10,N15_M07_F10_K001_19.mat,0,0
STFT_Nearest_Centroid,K001,N15_M07_F10,N15_M07_F10_K001_2.mat,0,0
STFT_Nearest_Centroid,K001,N15_M07_F10,N15_M07_F10_K001_20.mat,0,0
STFT_Nearest_Centroid,K001,N15_M07_F10,N15_M07_F10_K001_3.mat,0,0
STFT_Nearest_Centroid,K001,N15_M07_F10,N15_M07_F10_K001_4.mat,0,0
STFT_Nearest_Centroid,K001,N15_M07_F10,N15_M07_F10_K001_5.mat,0,0
STFT_Nearest_Centroid,K001,N15_M07_F10,N15_M07_F10_K001_6.mat,0,0
STFT_Nearest_Centroid,K001,N15_M07_F10,N15_M07_F10_K001_7.mat,0,0
STFT_Nearest_Centroid,K001,N15_M07_F10,N15_M07_F10_K001_8.mat,0,0
STFT_Nearest_Centroid,K001,N15_M07_F10,N15_M07_F10_K001_9.mat,0,0
STFT_Nearest_Centroid,K002,N09_M07_F10,N09_M07_F10_K002_1.mat,0,0
STFT_Nearest_Centroid,K002,N09_M07_F10,N09_M07_F10_K002_10.mat,0,0
STFT_Nearest_Centroid,K002,N09_M07_F10,N09_M07_F10_K002_11.mat,0,0
STFT_Nearest_Centroid,K002,N09_M07_F10,N09_M07_F10_K002_12.mat,0,0
STFT_Nearest_Centroid,K002,N09_M07_F10,N09_M07_F10_K002_13.mat,0,0
STFT_Nearest_Centroid,K002,N09_M07_F10,N09_M07_F10_K002_14.mat,0,0
STFT_Nearest_Centroid,K002,N09_M07_F10,N09_M07_F10_K002_15.mat,0,0
STFT_Nearest_Centroid,K002,N09_M07_F10,N09_M07_F10_K002_16.mat,0,0
STFT_Nearest_Centroid,K002,N09_M07_F10,N09_M07_F10_K002_17.mat,0,0
STFT_Nearest_Centroid,K002,N09_M07_F10,N09_M07_F10_K002_18.mat,0,0
STFT_Nearest_Centroid,K002,N09_M07_F10,N09_M07_F10_K002_19.mat,0,0
STFT_Nearest_Centroid,K002,N09_M07_F10,N09_M07_F10_K002_2.mat,0,0
STFT_Nearest_Centroid,K002,N09_M07_F10,N09_M07_F10_K002_20.mat,0,0
STFT_Nearest_Centroid,K002,N09_M07_F10,N09_M07_F10_K002_3.mat,0,0
STFT_Nearest_Centroid,K002,N09_M07_F10,N09_M07_F10_K002_4.mat,0,0
STFT_Nearest_Centroid,K002,N09_M07_F10,N09_M07_F10_K002_5.mat,0,0
STFT_Nearest_Centroid,K002,N09_M07_F10,N09_M07_F10_K002_6.mat,0,0
STFT_Nearest_Centroid,K002,N09_M07_F10,N09_M07_F10_K002_7.mat,0,0
STFT_Nearest_Centroid,K002,N09_M07_F10,N09_M07_F10_K002_8.mat,0,0
STFT_Nearest_Centroid,K002,N09_M07_F10,N09_M07_F10_K002_9.mat,0,0
STFT_Nearest_Centroid,K002,N15_M01_F10,N15_M01_F10_K002_1.mat,0,0
STFT_Nearest_Centroid,K002,N15_M01_F10,N15_M01_F10_K002_10.mat,0,0
STFT_Nearest_Centroid,K002,N15_M01_F10,N15_M01_F10_K002_11.mat,0,0
STFT_Nearest_Centroid,K002,N15_M01_F10,N15_M01_F10_K002_12.mat,0,0
STFT_Nearest_Centroid,K002,N15_M01_F10,N15_M01_F10_K002_13.mat,0,0
STFT_Nearest_Centroid,K002,N15_M01_F10,N15_M01_F10_K002_14.mat,0,0
STFT_Nearest_Centroid,K002,N15_M01_F10,N15_M01_F10_K002_15.mat,0,0
STFT_Nearest_Centroid,K002,N15_M01_F10,N15_M01_F10_K002_16.mat,0,0
STFT_Nearest_Centroid,K002,N15_M01_F10,N15_M01_F10_K002_17.mat,0,0
STFT_Nearest_Centroid,K002,N15_M01_F10,N15_M01_F10_K002_18.mat,0,0
STFT_Nearest_Centroid,K002,N15_M01_F10,N15_M01_F10_K002_19.mat,0,0
STFT_Nearest_Centroid,K002,N15_M01_F10,N15_M01_F10_K002_2.mat,0,0
STFT_Nearest_Centroid,K002,N15_M01_F10,N15_M01_F10_K002_20.mat,0,0
STFT_Nearest_Centroid,K002,N15_M01_F10,N15_M01_F10_K002_3.mat,0,0
STFT_Nearest_Centroid,K002,N15_M01_F10,N15_M01_F10_K002_4.mat,0,0
STFT_Nearest_Centroid,K002,N15_M01_F10,N15_M01_F10_K002_5.mat,0,0
STFT_Nearest_Centroid,K002,N15_M01_F10,N15_M01_F10_K002_6.mat,0,0
STFT_Nearest_Centroid,K002,N15_M01_F10,N15_M01_F10_K002_7.mat,0,0
STFT_Nearest_Centroid,K002,N15_M01_F10,N15_M01_F10_K002_8.mat,0,0
STFT_Nearest_Centroid,K002,N15_M01_F10,N15_M01_F10_K002_9.mat,0,0
STFT_Nearest_Centroid,K002,N15_M07_F04,N15_M07_F04_K002_1.mat,0,0
STFT_Nearest_Centroid,K002,N15_M07_F04,N15_M07_F04_K002_10.mat,0,0
STFT_Nearest_Centroid,K002,N15_M07_F04,N15_M07_F04_K002_11.mat,0,0
STFT_Nearest_Centroid,K002,N15_M07_F04,N15_M07_F04_K002_12.mat,0,0
STFT_Nearest_Centroid,K002,N15_M07_F04,N15_M07_F04_K002_13.mat,0,0
STFT_Nearest_Centroid,K002,N15_M07_F04,N15_M07_F04_K002_14.mat,0,0
STFT_Nearest_Centroid,K002,N15_M07_F04,N15_M07_F04_K002_15.mat,0,0
STFT_Nearest_Centroid,K002,N15_M07_F04,N15_M07_F04_K002_16.mat,0,0
STFT_Nearest_Centroid,K002,N15_M07_F04,N15_M07_F04_K002_17.mat,0,0
STFT_Nearest_Centroid,K002,N15_M07_F04,N15_M07_F04_K002_18.mat,0,0
STFT_Nearest_Centroid,K002,N15_M07_F04,N15_M07_F04_K002_19.mat,0,0
STFT_Nearest_Centroid,K002,N15_M07_F04,N15_M07_F04_K002_2.mat,0,0
STFT_Nearest_Centroid,K002,N15_M07_F04,N15_M07_F04_K002_20.mat,0,0
STFT_Nearest_Centroid,K002,N15_M07_F04,N15_M07_F04_K002_3.mat,0,0
STFT_Nearest_Centroid,K002,N15_M07_F04,N15_M07_F04_K002_4.mat,0,0
STFT_Nearest_Centroid,K002,N15_M07_F04,N15_M07_F04_K002_5.mat,0,0
STFT_Nearest_Centroid,K002,N15_M07_F04,N15_M07_F04_K002_6.mat,0,0
STFT_Nearest_Centroid,K002,N15_M07_F04,N15_M07_F04_K002_7.mat,0,0
STFT_Nearest_Centroid,K002,N15_M07_F04,N15_M07_F04_K002_8.mat,0,0
STFT_Nearest_Centroid,K002,N15_M07_F04,N15_M07_F04_K002_9.mat,0,0
STFT_Nearest_Centroid,K002,N15_M07_F10,N15_M07_F10_K002_1.mat,0,0
STFT_Nearest_Centroid,K002,N15_M07_F10,N15_M07_F10_K002_10.mat,0,0
STFT_Nearest_Centroid,K002,N15_M07_F10,N15_M07_F10_K002_11.mat,0,0
STFT_Nearest_Centroid,K002,N15_M07_F10,N15_M07_F10_K002_12.mat,0,0
STFT_Nearest_Centroid,K002,N15_M07_F10,N15_M07_F10_K002_13.mat,0,0
STFT_Nearest_Centroid,K002,N15_M07_F10,N15_M07_F10_K002_14.mat,0,0
STFT_Nearest_Centroid,K002,N15_M07_F10,N15_M07_F10_K002_15.mat,0,0
STFT_Nearest_Centroid,K002,N15_M07_F10,N15_M07_F10_K002_16.mat,0,0
STFT_Nearest_Centroid,K002,N15_M07_F10,N15_M07_F10_K002_17.mat,0,0
STFT_Nearest_Centroid,K002,N15_M07_F10,N15_M07_F10_K002_18.mat,0,0
STFT_Nearest_Centroid,K002,N15_M07_F10,N15_M07_F10_K002_19.mat,0,0
STFT_Nearest_Centroid,K002,N15_M07_F10,N15_M07_F10_K002_2.mat,0,0
STFT_Nearest_Centroid,K002,N15_M07_F10,N15_M07_F10_K002_20.mat,0,0
STFT_Nearest_Centroid,K002,N15_M07_F10,N15_M07_F10_K002_3.mat,0,0
STFT_Nearest_Centroid,K002,N15_M07_F10,N15_M07_F10_K002_4.mat,0,0
STFT_Nearest_Centroid,K002,N15_M07_F10,N15_M07_F10_K002_5.mat,0,0
STFT_Nearest_Centroid,K002,N15_M07_F10,N15_M07_F10_K002_6.mat,0,0
STFT_Nearest_Centroid,K002,N15_M07_F10,N15_M07_F10_K002_7.mat,0,0
STFT_Nearest_Centroid,K002,N15_M07_F10,N15_M07_F10_K002_8.mat,0,0
STFT_Nearest_Centroid,K002,N15_M07_F10,N15_M07_F10_K002_9.mat,0,0
STFT_Nearest_Centroid,K003,N09_M07_F10,N09_M07_F10_K003_1.mat,0,0
STFT_Nearest_Centroid,K003,N09_M07_F10,N09_M07_F10_K003_10.mat,0,0
STFT_Nearest_Centroid,K003,N09_M07_F10,N09_M07_F10_K003_11.mat,0,0
STFT_Nearest_Centroid,K003,N09_M07_F10,N09_M07_F10_K003_12.mat,0,0
STFT_Nearest_Centroid,K003,N09_M07_F10,N09_M07_F10_K003_13.mat,0,0
STFT_Nearest_Centroid,K003,N09_M07_F10,N09_M07_F10_K003_14.mat,0,0
STFT_Nearest_Centroid,K003,N09_M07_F10,N09_M07_F10_K003_15.mat,0,0
STFT_Nearest_Centroid,K003,N09_M07_F10,N09_M07_F10_K003_16.mat,0,0
STFT_Nearest_Centroid,K003,N09_M07_F10,N09_M07_F10_K003_17.mat,0,0
STFT_Nearest_Centroid,K003,N09_M07_F10,N09_M07_F10_K003_18.mat,0,0
STFT_Nearest_Centroid,K003,N09_M07_F10,N09_M07_F10_K003_19.mat,0,0
STFT_Nearest_Centroid,K003,N09_M07_F10,N09_M07_F10_K003_2.mat,0,0
STFT_Nearest_Centroid,K003,N09_M07_F10,N09_M07_F10_K003_20.mat,0,0
STFT_Nearest_Centroid,K003,N09_M07_F10,N09_M07_F10_K003_3.mat,0,0
STFT_Nearest_Centroid,K003,N09_M07_F10,N09_M07_F10_K003_4.mat,0,0
STFT_Nearest_Centroid,K003,N09_M07_F10,N09_M07_F10_K003_5.mat,0,0
STFT_Nearest_Centroid,K003,N09_M07_F10,N09_M07_F10_K003_6.mat,0,0
STFT_Nearest_Centroid,K003,N09_M07_F10,N09_M07_F10_K003_7.mat,0,0
STFT_Nearest_Centroid,K003,N09_M07_F10,N09_M07_F10_K003_8.mat,0,0
STFT_Nearest_Centroid,K003,N09_M07_F10,N09_M07_F10_K003_9.mat,0,0
STFT_Nearest_Centroid,K003,N15_M01_F10,N15_M01_F10_K003_1.mat,0,0
STFT_Nearest_Centroid,K003,N15_M01_F10,N15_M01_F10_K003_10.mat,0,0
STFT_Nearest_Centroid,K003,N15_M01_F10,N15_M01_F10_K003_11.mat,0,0
STFT_Nearest_Centroid,K003,N15_M01_F10,N15_M01_F10_K003_12.mat,0,0
STFT_Nearest_Centroid,K003,N15_M01_F10,N15_M01_F10_K003_13.mat,0,0
STFT_Nearest_Centroid,K003,N15_M01_F10,N15_M01_F10_K003_14.mat,0,0
STFT_Nearest_Centroid,K003,N15_M01_F10,N15_M01_F10_K003_15.mat,0,0
STFT_Nearest_Centroid,K003,N15_M01_F10,N15_M01_F10_K003_16.mat,0,0
STFT_Nearest_Centroid,K003,N15_M01_F10,N15_M01_F10_K003_17.mat,0,0
STFT_Nearest_Centroid,K003,N15_M01_F10,N15_M01_F10_K003_18.mat,0,0
STFT_Nearest_Centroid,K003,N15_M01_F10,N15_M01_F10_K003_19.mat,0,0
STFT_Nearest_Centroid,K003,N15_M01_F10,N15_M01_F10_K003_2.mat,0,0
STFT_Nearest_Centroid,K003,N15_M01_F10,N15_M01_F10_K003_20.mat,0,0
STFT_Nearest_Centroid,K003,N15_M01_F10,N15_M01_F10_K003_3.mat,0,0
STFT_Nearest_Centroid,K003,N15_M01_F10,N15_M01_F10_K003_4.mat,0,0
STFT_Nearest_Centroid,K003,N15_M01_F10,N15_M01_F10_K003_5.mat,0,0
STFT_Nearest_Centroid,K003,N15_M01_F10,N15_M01_F10_K003_6.mat,0,0
STFT_Nearest_Centroid,K003,N15_M01_F10,N15_M01_F10_K003_7.mat,0,0
STFT_Nearest_Centroid,K003,N15_M01_F10,N15_M01_F10_K003_8.mat,0,0
STFT_Nearest_Centroid,K003,N15_M01_F10,N15_M01_F10_K003_9.mat,0,0
STFT_Nearest_Centroid,K003,N15_M07_F04,N15_M07_F04_K003_1.mat,0,0
STFT_Nearest_Centroid,K003,N15_M07_F04,N15_M07_F04_K003_10.mat,0,0
STFT_Nearest_Centroid,K003,N15_M07_F04,N15_M07_F04_K003_11.mat,0,0
STFT_Nearest_Centroid,K003,N15_M07_F04,N15_M07_F04_K003_12.mat,0,0
STFT_Nearest_Centroid,K003,N15_M07_F04,N15_M07_F04_K003_13.mat,0,0
STFT_Nearest_Centroid,K003,N15_M07_F04,N15_M07_F04_K003_14.mat,0,0
STFT_Nearest_Centroid,K003,N15_M07_F04,N15_M07_F04_K003_15.mat,0,0
STFT_Nearest_Centroid,K003,N15_M07_F04,N15_M07_F04_K003_16.mat,0,0
STFT_Nearest_Centroid,K003,N15_M07_F04,N15_M07_F04_K003_17.mat,0,0
STFT_Nearest_Centroid,K003,N15_M07_F04,N15_M07_F04_K003_18.mat,0,0
STFT_Nearest_Centroid,K003,N15_M07_F04,N15_M07_F04_K003_19.mat,0,0
STFT_Nearest_Centroid,K003,N15_M07_F04,N15_M07_F04_K003_2.mat,0,0
STFT_Nearest_Centroid,K003,N15_M07_F04,N15_M07_F04_K003_20.mat,0,0
STFT_Nearest_Centroid,K003,N15_M07_F04,N15_M07_F04_K003_3.mat,0,0
STFT_Nearest_Centroid,K003,N15_M07_F04,N15_M07_F04_K003_4.mat,0,0
STFT_Nearest_Centroid,K003,N15_M07_F04,N15_M07_F04_K003_5.mat,0,0
STFT_Nearest_Centroid,K003,N15_M07_F04,N15_M07_F04_K003_6.mat,0,0
STFT_Nearest_Centroid,K003,N15_M07_F04,N15_M07_F04_K003_7.mat,0,0
STFT_Nearest_Centroid,K003,N15_M07_F04,N15_M07_F04_K003_8.mat,0,0
STFT_Nearest_Centroid,K003,N15_M07_F04,N15_M07_F04_K003_9.mat,0,0
STFT_Nearest_Centroid,K003,N15_M07_F10,N15_M07_F10_K003_1.mat,0,0
STFT_Nearest_Centroid,K003,N15_M07_F10,N15_M07_F10_K003_10.mat,0,0
STFT_Nearest_Centroid,K003,N15_M07_F10,N15_M07_F10_K003_11.mat,0,0
STFT_Nearest_Centroid,K003,N15_M07_F10,N15_M07_F10_K003_12.mat,0,0
STFT_Nearest_Centroid,K003,N15_M07_F10,N15_M07_F10_K003_13.mat,0,0
STFT_Nearest_Centroid,K003,N15_M07_F10,N15_M07_F10_K003_14.mat,0,0
STFT_Nearest_Centroid,K003,N15_M07_F10,N15_M07_F10_K003_15.mat,0,0
STFT_Nearest_Centroid,K003,N15_M07_F10,N15_M07_F10_K003_16.mat,0,0
STFT_Nearest_Centroid,K003,N15_M07_F10,N15_M07_F10_K003_17.mat,0,0
STFT_Nearest_Centroid,K003,N15_M07_F10,N15_M07_F10_K003_18.mat,0,0
STFT_Nearest_Centroid,K003,N15_M07_F10,N15_M07_F10_K003_19.mat,0,0
STFT_Nearest_Centroid,K003,N15_M07_F10,N15_M07_F10_K003_2.mat,0,0
STFT_Nearest_Centroid,K003,N15_M07_F10,N15_M07_F10_K003_20.mat,0,0
STFT_Nearest_Centroid,K003,N15_M07_F10,N15_M07_F10_K003_3.mat,0,0
STFT_Nearest_Centroid,K003,N15_M07_F10,N15_M07_F10_K003_4.mat,0,0
STFT_Nearest_Centroid,K003,N15_M07_F10,N15_M07_F10_K003_5.mat,0,0
STFT_Nearest_Centroid,K003,N15_M07_F10,N15_M07_F10_K003_6.mat,0,0
STFT_Nearest_Centroid,K003,N15_M07_F10,N15_M07_F10_K003_7.mat,0,0
STFT_Nearest_Centroid,K003,N15_M07_F10,N15_M07_F10_K003_8.mat,0,0
STFT_Nearest_Centroid,K003,N15_M07_F10,N15_M07_F10_K003_9.mat,0,0
STFT_Nearest_Centroid,K004,N09_M07_F10,N09_M07_F10_K004_1.mat,0,0
STFT_Nearest_Centroid,K004,N09_M07_F10,N09_M07_F10_K004_10.mat,0,0
STFT_Nearest_Centroid,K004,N09_M07_F10,N09_M07_F10_K004_11.mat,0,0
STFT_Nearest_Centroid,K004,N09_M07_F10,N09_M07_F10_K004_12.mat,0,0
STFT_Nearest_Centroid,K004,N09_M07_F10,N09_M07_F10_K004_13.mat,0,0
STFT_Nearest_Centroid,K004,N09_M07_F10,N09_M07_F10_K004_14.mat,0,0
STFT_Nearest_Centroid,K004,N09_M07_F10,N09_M07_F10_K004_15.mat,0,0
STFT_Nearest_Centroid,K004,N09_M07_F10,N09_M07_F10_K004_16.mat,0,0
STFT_Nearest_Centroid,K004,N09_M07_F10,N09_M07_F10_K004_17.mat,0,0
STFT_Nearest_Centroid,K004,N09_M07_F10,N09_M07_F10_K004_18.mat,0,0
STFT_Nearest_Centroid,K004,N09_M07_F10,N09_M07_F10_K004_19.mat,0,0
STFT_Nearest_Centroid,K004,N09_M07_F10,N09_M07_F10_K004_2.mat,0,0
STFT_Nearest_Centroid,K004,N09_M07_F10,N09_M07_F10_K004_20.mat,0,0
STFT_Nearest_Centroid,K004,N09_M07_F10,N09_M07_F10_K004_3.mat,0,0
STFT_Nearest_Centroid,K004,N09_M07_F10,N09_M07_F10_K004_4.mat,0,0
STFT_Nearest_Centroid,K004,N09_M07_F10,N09_M07_F10_K004_5.mat,0,0
STFT_Nearest_Centroid,K004,N09_M07_F10,N09_M07_F10_K004_6.mat,0,0
STFT_Nearest_Centroid,K004,N09_M07_F10,N09_M07_F10_K004_7.mat,0,0
STFT_Nearest_Centroid,K004,N09_M07_F10,N09_M07_F10_K004_8.mat,0,0
STFT_Nearest_Centroid,K004,N09_M07_F10,N09_M07_F10_K004_9.mat,0,0
STFT_Nearest_Centroid,K004,N15_M01_F10,N15_M01_F10_K004_1.mat,0,0
STFT_Nearest_Centroid,K004,N15_M01_F10,N15_M01_F10_K004_10.mat,0,0
STFT_Nearest_Centroid,K004,N15_M01_F10,N15_M01_F10_K004_11.mat,0,0
STFT_Nearest_Centroid,K004,N15_M01_F10,N15_M01_F10_K004_12.mat,0,0
STFT_Nearest_Centroid,K004,N15_M01_F10,N15_M01_F10_K004_13.mat,0,0
STFT_Nearest_Centroid,K004,N15_M01_F10,N15_M01_F10_K004_14.mat,0,0
STFT_Nearest_Centroid,K004,N15_M01_F10,N15_M01_F10_K004_15.mat,0,0
STFT_Nearest_Centroid,K004,N15_M01_F10,N15_M01_F10_K004_16.mat,0,0
STFT_Nearest_Centroid,K004,N15_M01_F10,N15_M01_F10_K004_17.mat,0,0
STFT_Nearest_Centroid,K004,N15_M01_F10,N15_M01_F10_K004_18.mat,0,0
STFT_Nearest_Centroid,K004,N15_M01_F10,N15_M01_F10_K004_19.mat,0,0
STFT_Nearest_Centroid,K004,N15_M01_F10,N15_M01_F10_K004_2.mat,0,0
STFT_Nearest_Centroid,K004,N15_M01_F10,N15_M01_F10_K004_20.mat,0,0
STFT_Nearest_Centroid,K004,N15_M01_F10,N15_M01_F10_K004_3.mat,0,0
STFT_Nearest_Centroid,K004,N15_M01_F10,N15_M01_F10_K004_4.mat,0,0
STFT_Nearest_Centroid,K004,N15_M01_F10,N15_M01_F10_K004_5.mat,0,0
STFT_Nearest_Centroid,K004,N15_M01_F10,N15_M01_F10_K004_6.mat,0,0
STFT_Nearest_Centroid,K004,N15_M01_F10,N15_M01_F10_K004_7.mat,0,0
STFT_Nearest_Centroid,K004,N15_M01_F10,N15_M01_F10_K004_8.mat,0,0
STFT_Nearest_Centroid,K004,N15_M01_F10,N15_M01_F10_K004_9.mat,0,0
STFT_Nearest_Centroid,K004,N15_M07_F04,N15_M07_F04_K004_1.mat,0,0
STFT_Nearest_Centroid,K004,N15_M07_F04,N15_M07_F04_K004_10.mat,0,0
STFT_Nearest_Centroid,K004,N15_M07_F04,N15_M07_F04_K004_11.mat,0,0
STFT_Nearest_Centroid,K004,N15_M07_F04,N15_M07_F04_K004_12.mat,0,0
STFT_Nearest_Centroid,K004,N15_M07_F04,N15_M07_F04_K004_13.mat,0,0
STFT_Nearest_Centroid,K004,N15_M07_F04,N15_M07_F04_K004_14.mat,0,0
STFT_Nearest_Centroid,K004,N15_M07_F04,N15_M07_F04_K004_15.mat,0,0
STFT_Nearest_Centroid,K004,N15_M07_F04,N15_M07_F04_K004_16.mat,0,0
STFT_Nearest_Centroid,K004,N15_M07_F04,N15_M07_F04_K004_17.mat,0,0
STFT_Nearest_Centroid,K004,N15_M07_F04,N15_M07_F04_K004_18.mat,0,0
STFT_Nearest_Centroid,K004,N15_M07_F04,N15_M07_F04_K004_19.mat,0,0
STFT_Nearest_Centroid,K004,N15_M07_F04,N15_M07_F04_K004_2.mat,0,0
STFT_Nearest_Centroid,K004,N15_M07_F04,N15_M07_F04_K004_20.mat,0,0
STFT_Nearest_Centroid,K004,N15_M07_F04,N15_M07_F04_K004_3.mat,0,0
STFT_Nearest_Centroid,K004,N15_M07_F04,N15_M07_F04_K004_4.mat,0,0
STFT_Nearest_Centroid,K004,N15_M07_F04,N15_M07_F04_K004_5.mat,0,0
STFT_Nearest_Centroid,K004,N15_M07_F04,N15_M07_F04_K004_6.mat,0,0
STFT_Nearest_Centroid,K004,N15_M07_F04,N15_M07_F04_K004_7.mat,0,0
STFT_Nearest_Centroid,K004,N15_M07_F04,N15_M07_F04_K004_8.mat,0,0
STFT_Nearest_Centroid,K004,N15_M07_F04,N15_M07_F04_K004_9.mat,0,0
STFT_Nearest_Centroid,K004,N15_M07_F10,N15_M07_F10_K004_1.mat,0,0
STFT_Nearest_Centroid,K004,N15_M07_F10,N15_M07_F10_K004_10.mat,0,0
STFT_Nearest_Centroid,K004,N15_M07_F10,N15_M07_F10_K004_11.mat,0,0
STFT_Nearest_Centroid,K004,N15_M07_F10,N15_M07_F10_K004_12.mat,0,0
STFT_Nearest_Centroid,K004,N15_M07_F10,N15_M07_F10_K004_13.mat,0,0
STFT_Nearest_Centroid,K004,N15_M07_F10,N15_M07_F10_K004_14.mat,0,0
STFT_Nearest_Centroid,K004,N15_M07_F10,N15_M07_F10_K004_15.mat,0,0
STFT_Nearest_Centroid,K004,N15_M07_F10,N15_M07_F10_K004_16.mat,0,0
STFT_Nearest_Centroid,K004,N15_M07_F10,N15_M07_F10_K004_17.mat,0,0
STFT_Nearest_Centroid,K004,N15_M07_F10,N15_M07_F10_K004_18.mat,0,0
STFT_Nearest_Centroid,K004,N15_M07_F10,N15_M07_F10_K004_19.mat,0,0
STFT_Nearest_Centroid,K004,N15_M07_F10,N15_M07_F10_K004_2.mat,0,0
STFT_Nearest_Centroid,K004,N15_M07_F10,N15_M07_F10_K004_20.mat,0,0
STFT_Nearest_Centroid,K004,N15_M07_F10,N15_M07_F10_K004_3.mat,0,0
STFT_Nearest_Centroid,K004,N15_M07_F10,N15_M07_F10_K004_4.mat,0,0
STFT_Nearest_Centroid,K004,N15_M07_F10,N15_M07_F10_K004_5.mat,0,0
STFT_Nearest_Centroid,K004,N15_M07_F10,N15_M07_F10_K004_6.mat,0,0
STFT_Nearest_Centroid,K004,N15_M07_F10,N15_M07_F10_K004_7.mat,0,0
STFT_Nearest_Centroid,K004,N15_M07_F10,N15_M07_F10_K004_8.mat,0,0
STFT_Nearest_Centroid,K004,N15_M07_F10,N15_M07_F10_K004_9.mat,0,0
STFT_Nearest_Centroid,K005,N09_M07_F10,N09_M07_F10_K005_1.mat,0,0
STFT_Nearest_Centroid,K005,N09_M07_F10,N09_M07_F10_K005_10.mat,0,0
STFT_Nearest_Centroid,K005,N09_M07_F10,N09_M07_F10_K005_11.mat,0,0
STFT_Nearest_Centroid,K005,N09_M07_F10,N09_M07_F10_K005_12.mat,0,0
STFT_Nearest_Centroid,K005,N09_M07_F10,N09_M07_F10_K005_13.mat,0,0
STFT_Nearest_Centroid,K005,N09_M07_F10,N09_M07_F10_K005_14.mat,0,0
STFT_Nearest_Centroid,K005,N09_M07_F10,N09_M07_F10_K005_15.mat,0,0
STFT_Nearest_Centroid,K005,N09_M07_F10,N09_M07_F10_K005_16.mat,0,0
STFT_Nearest_Centroid,K005,N09_M07_F10,N09_M07_F10_K005_17.mat,0,0
STFT_Nearest_Centroid,K005,N09_M07_F10,N09_M07_F10_K005_18.mat,0,0
STFT_Nearest_Centroid,K005,N09_M07_F10,N09_M07_F10_K005_19.mat,0,0
STFT_Nearest_Centroid,K005,N09_M07_F10,N09_M07_F10_K005_2.mat,0,0
STFT_Nearest_Centroid,K005,N09_M07_F10,N09_M07_F10_K005_20.mat,0,0
STFT_Nearest_Centroid,K005,N09_M07_F10,N09_M07_F10_K005_3.mat,0,0
STFT_Nearest_Centroid,K005,N09_M07_F10,N09_M07_F10_K005_4.mat,0,0
STFT_Nearest_Centroid,K005,N09_M07_F10,N09_M07_F10_K005_5.mat,0,0
STFT_Nearest_Centroid,K005,N09_M07_F10,N09_M07_F10_K005_6.mat,0,0
STFT_Nearest_Centroid,K005,N09_M07_F10,N09_M07_F10_K005_7.mat,0,0
STFT_Nearest_Centroid,K005,N09_M07_F10,N09_M07_F10_K005_8.mat,0,0
STFT_Nearest_Centroid,K005,N09_M07_F10,N09_M07_F10_K005_9.mat,0,0
STFT_Nearest_Centroid,K005,N15_M01_F10,N15_M01_F10_K005_1.mat,0,0
STFT_Nearest_Centroid,K005,N15_M01_F10,N15_M01_F10_K005_10.mat,0,0
STFT_Nearest_Centroid,K005,N15_M01_F10,N15_M01_F10_K005_11.mat,0,0
STFT_Nearest_Centroid,K005,N15_M01_F10,N15_M01_F10_K005_12.mat,0,0
STFT_Nearest_Centroid,K005,N15_M01_F10,N15_M01_F10_K005_13.mat,0,0
STFT_Nearest_Centroid,K005,N15_M01_F10,N15_M01_F10_K005_14.mat,0,0
STFT_Nearest_Centroid,K005,N15_M01_F10,N15_M01_F10_K005_15.mat,0,0
STFT_Nearest_Centroid,K005,N15_M01_F10,N15_M01_F10_K005_16.mat,0,0
STFT_Nearest_Centroid,K005,N15_M01_F10,N15_M01_F10_K005_17.mat,0,0
STFT_Nearest_Centroid,K005,N15_M01_F10,N15_M01_F10_K005_18.mat,0,0
STFT_Nearest_Centroid,K005,N15_M01_F10,N15_M01_F10_K005_19.mat,0,0
STFT_Nearest_Centroid,K005,N15_M01_F10,N15_M01_F10_K005_2.mat,0,0
STFT_Nearest_Centroid,K005,N15_M01_F10,N15_M01_F10_K005_20.mat,0,0
STFT_Nearest_Centroid,K005,N15_M01_F10,N15_M01_F10_K005_3.mat,0,0
STFT_Nearest_Centroid,K005,N15_M01_F10,N15_M01_F10_K005_4.mat,0,0
STFT_Nearest_Centroid,K005,N15_M01_F10,N15_M01_F10_K005_5.mat,0,0
STFT_Nearest_Centroid,K005,N15_M01_F10,N15_M01_F10_K005_6.mat,0,0
STFT_Nearest_Centroid,K005,N15_M01_F10,N15_M01_F10_K005_7.mat,0,0
STFT_Nearest_Centroid,K005,N15_M01_F10,N15_M01_F10_K005_8.mat,0,0
STFT_Nearest_Centroid,K005,N15_M01_F10,N15_M01_F10_K005_9.mat,0,0
STFT_Nearest_Centroid,K005,N15_M07_F04,N15_M07_F04_K005_1.mat,0,0
STFT_Nearest_Centroid,K005,N15_M07_F04,N15_M07_F04_K005_10.mat,0,0
STFT_Nearest_Centroid,K005,N15_M07_F04,N15_M07_F04_K005_11.mat,0,0
STFT_Nearest_Centroid,K005,N15_M07_F04,N15_M07_F04_K005_12.mat,0,0
STFT_Nearest_Centroid,K005,N15_M07_F04,N15_M07_F04_K005_13.mat,0,0
STFT_Nearest_Centroid,K005,N15_M07_F04,N15_M07_F04_K005_14.mat,0,0
STFT_Nearest_Centroid,K005,N15_M07_F04,N15_M07_F04_K005_15.mat,0,0
STFT_Nearest_Centroid,K005,N15_M07_F04,N15_M07_F04_K005_16.mat,0,0
STFT_Nearest_Centroid,K005,N15_M07_F04,N15_M07_F04_K005_17.mat,0,0
STFT_Nearest_Centroid,K005,N15_M07_F04,N15_M07_F04_K005_18.mat,0,0
STFT_Nearest_Centroid,K005,N15_M07_F04,N15_M07_F04_K005_19.mat,0,0
STFT_Nearest_Centroid,K005,N15_M07_F04,N15_M07_F04_K005_2.mat,0,0
STFT_Nearest_Centroid,K005,N15_M07_F04,N15_M07_F04_K005_20.mat,0,0
STFT_Nearest_Centroid,K005,N15_M07_F04,N15_M07_F04_K005_3.mat,0,0
STFT_Nearest_Centroid,K005,N15_M07_F04,N15_M07_F04_K005_4.mat,0,0
STFT_Nearest_Centroid,K005,N15_M07_F04,N15_M07_F04_K005_5.mat,0,0
STFT_Nearest_Centroid,K005,N15_M07_F04,N15_M07_F04_K005_6.mat,0,0
STFT_Nearest_Centroid,K005,N15_M07_F04,N15_M07_F04_K005_7.mat,0,0
STFT_Nearest_Centroid,K005,N15_M07_F04,N15_M07_F04_K005_8.mat,0,0
STFT_Nearest_Centroid,K005,N15_M07_F04,N15_M07_F04_K005_9.mat,0,0
STFT_Nearest_Centroid,K005,N15_M07_F10,N15_M07_F10_K005_1.mat,0,0
STFT_Nearest_Centroid,K005,N15_M07_F10,N15_M07_F10_K005_10.mat,0,0
STFT_Nearest_Centroid,K005,N15_M07_F10,N15_M07_F10_K005_11.mat,0,0
STFT_Nearest_Centroid,K005,N15_M07_F10,N15_M07_F10_K005_12.mat,0,0
STFT_Nearest_Centroid,K005,N15_M07_F10,N15_M07_F10_K005_13.mat,0,0
STFT_Nearest_Centroid,K005,N15_M07_F10,N15_M07_F10_K005_14.mat,0,0
STFT_Nearest_Centroid,K005,N15_M07_F10,N15_M07_F10_K005_15.mat,0,0
STFT_Nearest_Centroid,K005,N15_M07_F10,N15_M07_F10_K005_16.mat,0,0
STFT_Nearest_Centroid,K005,N15_M07_F10,N15_M07_F10_K005_17.mat,0,0
STFT_Nearest_Centroid,K005,N15_M07_F10,N15_M07_F10_K005_18.mat,0,0
STFT_Nearest_Centroid,K005,N15_M07_F10,N15_M07_F10_K005_19.mat,0,0
STFT_Nearest_Centroid,K005,N15_M07_F10,N15_M07_F10_K005_2.mat,0,0
STFT_Nearest_Centroid,K005,N15_M07_F10,N15_M07_F10_K005_20.mat,0,0
STFT_Nearest_Centroid,K005,N15_M07_F10,N15_M07_F10_K005_3.mat,0,0
STFT_Nearest_Centroid,K005,N15_M07_F10,N15_M07_F10_K005_4.mat,0,0
STFT_Nearest_Centroid,K005,N15_M07_F10,N15_M07_F10_K005_5.mat,0,0
STFT_Nearest_Centroid,K005,N15_M07_F10,N15_M07_F10_K005_6.mat,0,0
STFT_Nearest_Centroid,K005,N15_M07_F10,N15_M07_F10_K005_7.mat,0,0
STFT_Nearest_Centroid,K005,N15_M07_F10,N15_M07_F10_K005_8.mat,0,0
STFT_Nearest_Centroid,K005,N15_M07_F10,N15_M07_F10_K005_9.mat,0,0
STFT_Nearest_Centroid,K006,N09_M07_F10,N09_M07_F10_K006_1.mat,0,0
STFT_Nearest_Centroid,K006,N09_M07_F10,N09_M07_F10_K006_10.mat,0,0
STFT_Nearest_Centroid,K006,N09_M07_F10,N09_M07_F10_K006_11.mat,0,0
STFT_Nearest_Centroid,K006,N09_M07_F10,N09_M07_F10_K006_12.mat,0,0
STFT_Nearest_Centroid,K006,N09_M07_F10,N09_M07_F10_K006_13.mat,0,0
STFT_Nearest_Centroid,K006,N09_M07_F10,N09_M07_F10_K006_14.mat,0,0
STFT_Nearest_Centroid,K006,N09_M07_F10,N09_M07_F10_K006_15.mat,0,0
STFT_Nearest_Centroid,K006,N09_M07_F10,N09_M07_F10_K006_16.mat,0,0
STFT_Nearest_Centroid,K006,N09_M07_F10,N09_M07_F10_K006_17.mat,0,0
STFT_Nearest_Centroid,K006,N09_M07_F10,N09_M07_F10_K006_18.mat,0,0
STFT_Nearest_Centroid,K006,N09_M07_F10,N09_M07_F10_K006_19.mat,0,0
STFT_Nearest_Centroid,K006,N09_M07_F10,N09_M07_F10_K006_2.mat,0,0
STFT_Nearest_Centroid,K006,N09_M07_F10,N09_M07_F10_K006_20.mat,0,0
STFT_Nearest_Centroid,K006,N09_M07_F10,N09_M07_F10_K006_3.mat,0,0
STFT_Nearest_Centroid,K006,N09_M07_F10,N09_M07_F10_K006_4.mat,0,0
STFT_Nearest_Centroid,K006,N09_M07_F10,N09_M07_F10_K006_5.mat,0,0
STFT_Nearest_Centroid,K006,N09_M07_F10,N09_M07_F10_K006_6.mat,0,0
STFT_Nearest_Centroid,K006,N09_M07_F10,N09_M07_F10_K006_7.mat,0,0
STFT_Nearest_Centroid,K006,N09_M07_F10,N09_M07_F10_K006_8.mat,0,0
STFT_Nearest_Centroid,K006,N09_M07_F10,N09_M07_F10_K006_9.mat,0,0
STFT_Nearest_Centroid,K006,N15_M01_F10,N15_M01_F10_K006_1.mat,0,0
STFT_Nearest_Centroid,K006,N15_M01_F10,N15_M01_F10_K006_10.mat,0,0
STFT_Nearest_Centroid,K006,N15_M01_F10,N15_M01_F10_K006_11.mat,0,0
STFT_Nearest_Centroid,K006,N15_M01_F10,N15_M01_F10_K006_12.mat,0,0
STFT_Nearest_Centroid,K006,N15_M01_F10,N15_M01_F10_K006_13.mat,0,0
STFT_Nearest_Centroid,K006,N15_M01_F10,N15_M01_F10_K006_14.mat,0,0
STFT_Nearest_Centroid,K006,N15_M01_F10,N15_M01_F10_K006_15.mat,0,0
STFT_Nearest_Centroid,K006,N15_M01_F10,N15_M01_F10_K006_16.mat,0,0
STFT_Nearest_Centroid,K006,N15_M01_F10,N15_M01_F10_K006_17.mat,0,0
STFT_Nearest_Centroid,K006,N15_M01_F10,N15_M01_F10_K006_18.mat,0,0
STFT_Nearest_Centroid,K006,N15_M01_F10,N15_M01_F10_K006_19.mat,0,0
STFT_Nearest_Centroid,K006,N15_M01_F10,N15_M01_F10_K006_2.mat,0,0
STFT_Nearest_Centroid,K006,N15_M01_F10,N15_M01_F10_K006_20.mat,0,0
STFT_Nearest_Centroid,K006,N15_M01_F10,N15_M01_F10_K006_3.mat,0,0
STFT_Nearest_Centroid,K006,N15_M01_F10,N15_M01_F10_K006_4.mat,0,0
STFT_Nearest_Centroid,K006,N15_M01_F10,N15_M01_F10_K006_5.mat,0,0
STFT_Nearest_Centroid,K006,N15_M01_F10,N15_M01_F10_K006_6.mat,0,0
STFT_Nearest_Centroid,K006,N15_M01_F10,N15_M01_F10_K006_7.mat,0,0
STFT_Nearest_Centroid,K006,N15_M01_F10,N15_M01_F10_K006_8.mat,0,0
STFT_Nearest_Centroid,K006,N15_M01_F10,N15_M01_F10_K006_9.mat,0,0
STFT_Nearest_Centroid,K006,N15_M07_F04,N15_M07_F04_K006_1.mat,0,0
STFT_Nearest_Centroid,K006,N15_M07_F04,N15_M07_F04_K006_10.mat,0,0
STFT_Nearest_Centroid,K006,N15_M07_F04,N15_M07_F04_K006_11.mat,0,0
STFT_Nearest_Centroid,K006,N15_M07_F04,N15_M07_F04_K006_12.mat,0,0
STFT_Nearest_Centroid,K006,N15_M07_F04,N15_M07_F04_K006_13.mat,0,0
STFT_Nearest_Centroid,K006,N15_M07_F04,N15_M07_F04_K006_14.mat,0,0
STFT_Nearest_Centroid,K006,N15_M07_F04,N15_M07_F04_K006_15.mat,0,0
STFT_Nearest_Centroid,K006,N15_M07_F04,N15_M07_F04_K006_16.mat,0,0
STFT_Nearest_Centroid,K006,N15_M07_F04,N15_M07_F04_K006_17.mat,0,0
STFT_Nearest_Centroid,K006,N15_M07_F04,N15_M07_F04_K006_18.mat,0,0
STFT_Nearest_Centroid,K006,N15_M07_F04,N15_M07_F04_K006_19.mat,0,0
STFT_Nearest_Centroid,K006,N15_M07_F04,N15_M07_F04_K006_2.mat,0,0
STFT_Nearest_Centroid,K006,N15_M07_F04,N15_M07_F04_K006_20.mat,0,0
STFT_Nearest_Centroid,K006,N15_M07_F04,N15_M07_F04_K006_3.mat,0,0
STFT_Nearest_Centroid,K006,N15_M07_F04,N15_M07_F04_K006_4.mat,0,0
STFT_Nearest_Centroid,K006,N15_M07_F04,N15_M07_F04_K006_5.mat,0,0
STFT_Nearest_Centroid,K006,N15_M07_F04,N15_M07_F04_K006_6.mat,0,0
STFT_Nearest_Centroid,K006,N15_M07_F04,N15_M07_F04_K006_7.mat,0,0
STFT_Nearest_Centroid,K006,N15_M07_F04,N15_M07_F04_K006_8.mat,0,0
STFT_Nearest_Centroid,K006,N15_M07_F04,N15_M07_F04_K006_9.mat,0,0
STFT_Nearest_Centroid,K006,N15_M07_F10,N15_M07_F10_K006_1.mat,0,0
STFT_Nearest_Centroid,K006,N15_M07_F10,N15_M07_F10_K006_10.mat,0,0
STFT_Nearest_Centroid,K006,N15_M07_F10,N15_M07_F10_K006_11.mat,0,0
STFT_Nearest_Centroid,K006,N15_M07_F10,N15_M07_F10_K006_12.mat,0,0
STFT_Nearest_Centroid,K006,N15_M07_F10,N15_M07_F10_K006_13.mat,0,0
STFT_Nearest_Centroid,K006,N15_M07_F10,N15_M07_F10_K006_14.mat,0,0
STFT_Nearest_Centroid,K006,N15_M07_F10,N15_M07_F10_K006_15.mat,0,0
STFT_Nearest_Centroid,K006,N15_M07_F10,N15_M07_F10_K006_16.mat,0,0
STFT_Nearest_Centroid,K006,N15_M07_F10,N15_M07_F10_K006_17.mat,0,0
STFT_Nearest_Centroid,K006,N15_M07_F10,N15_M07_F10_K006_18.mat,0,0
STFT_Nearest_Centroid,K006,N15_M07_F10,N15_M07_F10_K006_19.mat,0,0
STFT_Nearest_Centroid,K006,N15_M07_F10,N15_M07_F10_K006_2.mat,0,1
STFT_Nearest_Centroid,K006,N15_M07_F10,N15_M07_F10_K006_20.mat,0,0
STFT_Nearest_Centroid,K006,N15_M07_F10,N15_M07_F10_K006_3.mat,0,0
STFT_Nearest_Centroid,K006,N15_M07_F10,N15_M07_F10_K006_4.mat,0,0
STFT_Nearest_Centroid,K006,N15_M07_F10,N15_M07_F10_K006_5.mat,0,1
STFT_Nearest_Centroid,K006,N15_M07_F10,N15_M07_F10_K006_6.mat,0,0
STFT_Nearest_Centroid,K006,N15_M07_F10,N15_M07_F10_K006_7.mat,0,0
STFT_Nearest_Centroid,K006,N15_M07_F10,N15_M07_F10_K006_8.mat,0,1
STFT_Nearest_Centroid,K006,N15_M07_F10,N15_M07_F10_K006_9.mat,0,0
STFT_Nearest_Centroid,KA01,N09_M07_F10,N09_M07_F10_KA01_1.mat,1,0
STFT_Nearest_Centroid,KA01,N09_M07_F10,N09_M07_F10_KA01_10.mat,1,0
STFT_Nearest_Centroid,KA01,N09_M07_F10,N09_M07_F10_KA01_11.mat,1,0
STFT_Nearest_Centroid,KA01,N09_M07_F10,N09_M07_F10_KA01_12.mat,1,0
STFT_Nearest_Centroid,KA01,N09_M07_F10,N09_M07_F10_KA01_13.mat,1,0
STFT_Nearest_Centroid,KA01,N09_M07_F10,N09_M07_F10_KA01_14.mat,1,0
STFT_Nearest_Centroid,KA01,N09_M07_F10,N09_M07_F10_KA01_15.mat,1,0
STFT_Nearest_Centroid,KA01,N09_M07_F10,N09_M07_F10_KA01_16.mat,1,0
STFT_Nearest_Centroid,KA01,N09_M07_F10,N09_M07_F10_KA01_17.mat,1,0
STFT_Nearest_Centroid,KA01,N09_M07_F10,N09_M07_F10_KA01_18.mat,1,0
STFT_Nearest_Centroid,KA01,N09_M07_F10,N09_M07_F10_KA01_19.mat,1,0
STFT_Nearest_Centroid,KA01,N09_M07_F10,N09_M07_F10_KA01_2.mat,1,0
STFT_Nearest_Centroid,KA01,N09_M07_F10,N09_M07_F10_KA01_20.mat,1,0
STFT_Nearest_Centroid,KA01,N09_M07_F10,N09_M07_F10_KA01_3.mat,1,0
STFT_Nearest_Centroid,KA01,N09_M07_F10,N09_M07_F10_KA01_4.mat,1,0
STFT_Nearest_Centroid,KA01,N09_M07_F10,N09_M07_F10_KA01_5.mat,1,0
STFT_Nearest_Centroid,KA01,N09_M07_F10,N09_M07_F10_KA01_6.mat,1,0
STFT_Nearest_Centroid,KA01,N09_M07_F10,N09_M07_F10_KA01_7.mat,1,0
STFT_Nearest_Centroid,KA01,N09_M07_F10,N09_M07_F10_KA01_8.mat,1,0
STFT_Nearest_Centroid,KA01,N09_M07_F10,N09_M07_F10_KA01_9.mat,1,0
STFT_Nearest_Centroid,KA01,N15_M01_F10,N15_M01_F10_KA01_1.mat,1,1
STFT_Nearest_Centroid,KA01,N15_M01_F10,N15_M01_F10_KA01_10.mat,1,1
STFT_Nearest_Centroid,KA01,N15_M01_F10,N15_M01_F10_KA01_11.mat,1,1
STFT_Nearest_Centroid,KA01,N15_M01_F10,N15_M01_F10_KA01_12.mat,1,1
STFT_Nearest_Centroid,KA01,N15_M01_F10,N15_M01_F10_KA01_13.mat,1,1
STFT_Nearest_Centroid,KA01,N15_M01_F10,N15_M01_F10_KA01_14.mat,1,1
STFT_Nearest_Centroid,KA01,N15_M01_F10,N15_M01_F10_KA01_15.mat,1,1
STFT_Nearest_Centroid,KA01,N15_M01_F10,N15_M01_F10_KA01_16.mat,1,1
STFT_Nearest_Centroid,KA01,N15_M01_F10,N15_M01_F10_KA01_17.mat,1,1
STFT_Nearest_Centroid,KA01,N15_M01_F10,N15_M01_F10_KA01_18.mat,1,1
STFT_Nearest_Centroid,KA01,N15_M01_F10,N15_M01_F10_KA01_19.mat,1,1
STFT_Nearest_Centroid,KA01,N15_M01_F10,N15_M01_F10_KA01_2.mat,1,1
STFT_Nearest_Centroid,KA01,N15_M01_F10,N15_M01_F10_KA01_20.mat,1,1
STFT_Nearest_Centroid,KA01,N15_M01_F10,N15_M01_F10_KA01_3.mat,1,1
STFT_Nearest_Centroid,KA01,N15_M01_F10,N15_M01_F10_KA01_4.mat,1,1
STFT_Nearest_Centroid,KA01,N15_M01_F10,N15_M01_F10_KA01_5.mat,1,1
STFT_Nearest_Centroid,KA01,N15_M01_F10,N15_M01_F10_KA01_6.mat,1,1
STFT_Nearest_Centroid,KA01,N15_M01_F10,N15_M01_F10_KA01_7.mat,1,1
STFT_Nearest_Centroid,KA01,N15_M01_F10,N15_M01_F10_KA01_8.mat,1,1
STFT_Nearest_Centroid,KA01,N15_M01_F10,N15_M01_F10_KA01_9.mat,1,1
STFT_Nearest_Centroid,KA01,N15_M07_F04,N15_M07_F04_KA01_1.mat,1,1
STFT_Nearest_Centroid,KA01,N15_M07_F04,N15_M07_F04_KA01_10.mat,1,1
STFT_Nearest_Centroid,KA01,N15_M07_F04,N15_M07_F04_KA01_11.mat,1,1
STFT_Nearest_Centroid,KA01,N15_M07_F04,N15_M07_F04_KA01_12.mat,1,1
STFT_Nearest_Centroid,KA01,N15_M07_F04,N15_M07_F04_KA01_13.mat,1,1
STFT_Nearest_Centroid,KA01,N15_M07_F04,N15_M07_F04_KA01_14.mat,1,1
STFT_Nearest_Centroid,KA01,N15_M07_F04,N15_M07_F04_KA01_15.mat,1,1
STFT_Nearest_Centroid,KA01,N15_M07_F04,N15_M07_F04_KA01_16.mat,1,1
STFT_Nearest_Centroid,KA01,N15_M07_F04,N15_M07_F04_KA01_17.mat,1,1
STFT_Nearest_Centroid,KA01,N15_M07_F04,N15_M07_F04_KA01_18.mat,1,1
STFT_Nearest_Centroid,KA01,N15_M07_F04,N15_M07_F04_KA01_19.mat,1,1
STFT_Nearest_Centroid,KA01,N15_M07_F04,N15_M07_F04_KA01_2.mat,1,1
STFT_Nearest_Centroid,KA01,N15_M07_F04,N15_M07_F04_KA01_20.mat,1,1
STFT_Nearest_Centroid,KA01,N15_M07_F04,N15_M07_F04_KA01_3.mat,1,1
STFT_Nearest_Centroid,KA01,N15_M07_F04,N15_M07_F04_KA01_4.mat,1,1
STFT_Nearest_Centroid,KA01,N15_M07_F04,N15_M07_F04_KA01_5.mat,1,1
STFT_Nearest_Centroid,KA01,N15_M07_F04,N15_M07_F04_KA01_6.mat,1,1
STFT_Nearest_Centroid,KA01,N15_M07_F04,N15_M07_F04_KA01_7.mat,1,1
STFT_Nearest_Centroid,KA01,N15_M07_F04,N15_M07_F04_KA01_8.mat,1,1
STFT_Nearest_Centroid,KA01,N15_M07_F04,N15_M07_F04_KA01_9.mat,1,1
STFT_Nearest_Centroid,KA01,N15_M07_F10,N15_M07_F10_KA01_1.mat,1,1
STFT_Nearest_Centroid,KA01,N15_M07_F10,N15_M07_F10_KA01_10.mat,1,1
STFT_Nearest_Centroid,KA01,N15_M07_F10,N15_M07_F10_KA01_11.mat,1,1
STFT_Nearest_Centroid,KA01,N15_M07_F10,N15_M07_F10_KA01_12.mat,1,1
STFT_Nearest_Centroid,KA01,N15_M07_F10,N15_M07_F10_KA01_13.mat,1,1
STFT_Nearest_Centroid,KA01,N15_M07_F10,N15_M07_F10_KA01_14.mat,1,1
STFT_Nearest_Centroid,KA01,N15_M07_F10,N15_M07_F10_KA01_15.mat,1,1
STFT_Nearest_Centroid,KA01,N15_M07_F10,N15_M07_F10_KA01_16.mat,1,1
STFT_Nearest_Centroid,KA01,N15_M07_F10,N15_M07_F10_KA01_17.mat,1,1
STFT_Nearest_Centroid,KA01,N15_M07_F10,N15_M07_F10_KA01_18.mat,1,1
STFT_Nearest_Centroid,KA01,N15_M07_F10,N15_M07_F10_KA01_19.mat,1,1
STFT_Nearest_Centroid,KA01,N15_M07_F10,N15_M07_F10_KA01_2.mat,1,1
STFT_Nearest_Centroid,KA01,N15_M07_F10,N15_M07_F10_KA01_20.mat,1,1
STFT_Nearest_Centroid,KA01,N15_M07_F10,N15_M07_F10_KA01_3.mat,1,1
STFT_Nearest_Centroid,KA01,N15_M07_F10,N15_M07_F10_KA01_4.mat,1,1
STFT_Nearest_Centroid,KA01,N15_M07_F10,N15_M07_F10_KA01_5.mat,1,1
STFT_Nearest_Centroid,KA01,N15_M07_F10,N15_M07_F10_KA01_6.mat,1,1
STFT_Nearest_Centroid,KA01,N15_M07_F10,N15_M07_F10_KA01_7.mat,1,1
STFT_Nearest_Centroid,KA01,N15_M07_F10,N15_M07_F10_KA01_8.mat,1,1
STFT_Nearest_Centroid,KA01,N15_M07_F10,N15_M07_F10_KA01_9.mat,1,1
STFT_Nearest_Centroid,KA03,N09_M07_F10,N09_M07_F10_KA03_1.mat,1,0
STFT_Nearest_Centroid,KA03,N09_M07_F10,N09_M07_F10_KA03_10.mat,1,0
STFT_Nearest_Centroid,KA03,N09_M07_F10,N09_M07_F10_KA03_11.mat,1,0
STFT_Nearest_Centroid,KA03,N09_M07_F10,N09_M07_F10_KA03_12.mat,1,0
STFT_Nearest_Centroid,KA03,N09_M07_F10,N09_M07_F10_KA03_13.mat,1,0
STFT_Nearest_Centroid,KA03,N09_M07_F10,N09_M07_F10_KA03_14.mat,1,0
STFT_Nearest_Centroid,KA03,N09_M07_F10,N09_M07_F10_KA03_15.mat,1,0
STFT_Nearest_Centroid,KA03,N09_M07_F10,N09_M07_F10_KA03_16.mat,1,0
STFT_Nearest_Centroid,KA03,N09_M07_F10,N09_M07_F10_KA03_17.mat,1,0
STFT_Nearest_Centroid,KA03,N09_M07_F10,N09_M07_F10_KA03_18.mat,1,0
STFT_Nearest_Centroid,KA03,N09_M07_F10,N09_M07_F10_KA03_19.mat,1,0
STFT_Nearest_Centroid,KA03,N09_M07_F10,N09_M07_F10_KA03_2.mat,1,0
STFT_Nearest_Centroid,KA03,N09_M07_F10,N09_M07_F10_KA03_20.mat,1,0
STFT_Nearest_Centroid,KA03,N09_M07_F10,N09_M07_F10_KA03_3.mat,1,0
STFT_Nearest_Centroid,KA03,N09_M07_F10,N09_M07_F10_KA03_4.mat,1,0
STFT_Nearest_Centroid,KA03,N09_M07_F10,N09_M07_F10_KA03_5.mat,1,0
STFT_Nearest_Centroid,KA03,N09_M07_F10,N09_M07_F10_KA03_6.mat,1,0
STFT_Nearest_Centroid,KA03,N09_M07_F10,N09_M07_F10_KA03_7.mat,1,0
STFT_Nearest_Centroid,KA03,N09_M07_F10,N09_M07_F10_KA03_8.mat,1,0
STFT_Nearest_Centroid,KA03,N09_M07_F10,N09_M07_F10_KA03_9.mat,1,0
STFT_Nearest_Centroid,KA03,N15_M01_F10,N15_M01_F10_KA03_1.mat,1,1
STFT_Nearest_Centroid,KA03,N15_M01_F10,N15_M01_F10_KA03_10.mat,1,1
STFT_Nearest_Centroid,KA03,N15_M01_F10,N15_M01_F10_KA03_11.mat,1,1
STFT_Nearest_Centroid,KA03,N15_M01_F10,N15_M01_F10_KA03_12.mat,1,1
STFT_Nearest_Centroid,KA03,N15_M01_F10,N15_M01_F10_KA03_13.mat,1,1
STFT_Nearest_Centroid,KA03,N15_M01_F10,N15_M01_F10_KA03_14.mat,1,1
STFT_Nearest_Centroid,KA03,N15_M01_F10,N15_M01_F10_KA03_15.mat,1,1
STFT_Nearest_Centroid,KA03,N15_M01_F10,N15_M01_F10_KA03_16.mat,1,1
STFT_Nearest_Centroid,KA03,N15_M01_F10,N15_M01_F10_KA03_17.mat,1,1
STFT_Nearest_Centroid,KA03,N15_M01_F10,N15_M01_F10_KA03_18.mat,1,1
STFT_Nearest_Centroid,KA03,N15_M01_F10,N15_M01_F10_KA03_19.mat,1,1
STFT_Nearest_Centroid,KA03,N15_M01_F10,N15_M01_F10_KA03_2.mat,1,1
STFT_Nearest_Centroid,KA03,N15_M01_F10,N15_M01_F10_KA03_20.mat,1,1
STFT_Nearest_Centroid,KA03,N15_M01_F10,N15_M01_F10_KA03_3.mat,1,1
STFT_Nearest_Centroid,KA03,N15_M01_F10,N15_M01_F10_KA03_4.mat,1,1
STFT_Nearest_Centroid,KA03,N15_M01_F10,N15_M01_F10_KA03_5.mat,1,1
STFT_Nearest_Centroid,KA03,N15_M01_F10,N15_M01_F10_KA03_6.mat,1,1
STFT_Nearest_Centroid,KA03,N15_M01_F10,N15_M01_F10_KA03_7.mat,1,1
STFT_Nearest_Centroid,KA03,N15_M01_F10,N15_M01_F10_KA03_8.mat,1,1
STFT_Nearest_Centroid,KA03,N15_M01_F10,N15_M01_F10_KA03_9.mat,1,1
STFT_Nearest_Centroid,KA03,N15_M07_F04,N15_M07_F04_KA03_1.mat,1,1
STFT_Nearest_Centroid,KA03,N15_M07_F04,N15_M07_F04_KA03_10.mat,1,1
STFT_Nearest_Centroid,KA03,N15_M07_F04,N15_M07_F04_KA03_11.mat,1,1
STFT_Nearest_Centroid,KA03,N15_M07_F04,N15_M07_F04_KA03_12.mat,1,1
STFT_Nearest_Centroid,KA03,N15_M07_F04,N15_M07_F04_KA03_13.mat,1,1
STFT_Nearest_Centroid,KA03,N15_M07_F04,N15_M07_F04_KA03_14.mat,1,1
STFT_Nearest_Centroid,KA03,N15_M07_F04,N15_M07_F04_KA03_15.mat,1,1
STFT_Nearest_Centroid,KA03,N15_M07_F04,N15_M07_F04_KA03_16.mat,1,1
STFT_Nearest_Centroid,KA03,N15_M07_F04,N15_M07_F04_KA03_17.mat,1,1
STFT_Nearest_Centroid,KA03,N15_M07_F04,N15_M07_F04_KA03_18.mat,1,1
STFT_Nearest_Centroid,KA03,N15_M07_F04,N15_M07_F04_KA03_19.mat,1,1
STFT_Nearest_Centroid,KA03,N15_M07_F04,N15_M07_F04_KA03_2.mat,1,1
STFT_Nearest_Centroid,KA03,N15_M07_F04,N15_M07_F04_KA03_20.mat,1,1
STFT_Nearest_Centroid,KA03,N15_M07_F04,N15_M07_F04_KA03_3.mat,1,1
STFT_Nearest_Centroid,KA03,N15_M07_F04,N15_M07_F04_KA03_4.mat,1,1
STFT_Nearest_Centroid,KA03,N15_M07_F04,N15_M07_F04_KA03_5.mat,1,1
STFT_Nearest_Centroid,KA03,N15_M07_F04,N15_M07_F04_KA03_6.mat,1,1
STFT_Nearest_Centroid,KA03,N15_M07_F04,N15_M07_F04_KA03_7.mat,1,1
STFT_Nearest_Centroid,KA03,N15_M07_F04,N15_M07_F04_KA03_8.mat,1,1
STFT_Nearest_Centroid,KA03,N15_M07_F04,N15_M07_F04_KA03_9.mat,1,1
STFT_Nearest_Centroid,KA03,N15_M07_F10,N15_M07_F10_KA03_1.mat,1,1
STFT_Nearest_Centroid,KA03,N15_M07_F10,N15_M07_F10_KA03_10.mat,1,1
STFT_Nearest_Centroid,KA03,N15_M07_F10,N15_M07_F10_KA03_11.mat,1,1
STFT_Nearest_Centroid,KA03,N15_M07_F10,N15_M07_F10_KA03_12.mat,1,1
STFT_Nearest_Centroid,KA03,N15_M07_F10,N15_M07_F10_KA03_13.mat,1,1
STFT_Nearest_Centroid,KA03,N15_M07_F10,N15_M07_F10_KA03_14.mat,1,1
STFT_Nearest_Centroid,KA03,N15_M07_F10,N15_M07_F10_KA03_15.mat,1,1
STFT_Nearest_Centroid,KA03,N15_M07_F10,N15_M07_F10_KA03_16.mat,1,1
STFT_Nearest_Centroid,KA03,N15_M07_F10,N15_M07_F10_KA03_17.mat,1,1
STFT_Nearest_Centroid,KA03,N15_M07_F10,N15_M07_F10_KA03_18.mat,1,1
STFT_Nearest_Centroid,KA03,N15_M07_F10,N15_M07_F10_KA03_19.mat,1,1
STFT_Nearest_Centroid,KA03,N15_M07_F10,N15_M07_F10_KA03_2.mat,1,1
STFT_Nearest_Centroid,KA03,N15_M07_F10,N15_M07_F10_KA03_20.mat,1,1
STFT_Nearest_Centroid,KA03,N15_M07_F10,N15_M07_F10_KA03_3.mat,1,1
STFT_Nearest_Centroid,KA03,N15_M07_F10,N15_M07_F10_KA03_4.mat,1,1
STFT_Nearest_Centroid,KA03,N15_M07_F10,N15_M07_F10_KA03_5.mat,1,1
STFT_Nearest_Centroid,KA03,N15_M07_F10,N15_M07_F10_KA03_6.mat,1,1
STFT_Nearest_Centroid,KA03,N15_M07_F10,N15_M07_F10_KA03_7.mat,1,1
STFT_Nearest_Centroid,KA03,N15_M07_F10,N15_M07_F10_KA03_8.mat,1,1
STFT_Nearest_Centroid,KA03,N15_M07_F10,N15_M07_F10_KA03_9.mat,1,1
STFT_Nearest_Centroid,KA04,N09_M07_F10,N09_M07_F10_KA04_1.mat,1,1
STFT_Nearest_Centroid,KA04,N09_M07_F10,N09_M07_F10_KA04_10.mat,1,1
STFT_Nearest_Centroid,KA04,N09_M07_F10,N09_M07_F10_KA04_11.mat,1,1
STFT_Nearest_Centroid,KA04,N09_M07_F10,N09_M07_F10_KA04_12.mat,1,1
STFT_Nearest_Centroid,KA04,N09_M07_F10,N09_M07_F10_KA04_13.mat,1,1
STFT_Nearest_Centroid,KA04,N09_M07_F10,N09_M07_F10_KA04_14.mat,1,1
STFT_Nearest_Centroid,KA04,N09_M07_F10,N09_M07_F10_KA04_15.mat,1,1
STFT_Nearest_Centroid,KA04,N09_M07_F10,N09_M07_F10_KA04_16.mat,1,1
STFT_Nearest_Centroid,KA04,N09_M07_F10,N09_M07_F10_KA04_17.mat,1,1
STFT_Nearest_Centroid,KA04,N09_M07_F10,N09_M07_F10_KA04_18.mat,1,1
STFT_Nearest_Centroid,KA04,N09_M07_F10,N09_M07_F10_KA04_19.mat,1,1
STFT_Nearest_Centroid,KA04,N09_M07_F10,N09_M07_F10_KA04_2.mat,1,1
STFT_Nearest_Centroid,KA04,N09_M07_F10,N09_M07_F10_KA04_20.mat,1,1
STFT_Nearest_Centroid,KA04,N09_M07_F10,N09_M07_F10_KA04_3.mat,1,1
STFT_Nearest_Centroid,KA04,N09_M07_F10,N09_M07_F10_KA04_4.mat,1,1
STFT_Nearest_Centroid,KA04,N09_M07_F10,N09_M07_F10_KA04_5.mat,1,1
STFT_Nearest_Centroid,KA04,N09_M07_F10,N09_M07_F10_KA04_6.mat,1,1
STFT_Nearest_Centroid,KA04,N09_M07_F10,N09_M07_F10_KA04_7.mat,1,1
STFT_Nearest_Centroid,KA04,N09_M07_F10,N09_M07_F10_KA04_8.mat,1,1
STFT_Nearest_Centroid,KA04,N09_M07_F10,N09_M07_F10_KA04_9.mat,1,1
STFT_Nearest_Centroid,KA04,N15_M01_F10,N15_M01_F10_KA04_1.mat,1,1
STFT_Nearest_Centroid,KA04,N15_M01_F10,N15_M01_F10_KA04_10.mat,1,1
STFT_Nearest_Centroid,KA04,N15_M01_F10,N15_M01_F10_KA04_11.mat,1,1
STFT_Nearest_Centroid,KA04,N15_M01_F10,N15_M01_F10_KA04_12.mat,1,1
STFT_Nearest_Centroid,KA04,N15_M01_F10,N15_M01_F10_KA04_13.mat,1,1
STFT_Nearest_Centroid,KA04,N15_M01_F10,N15_M01_F10_KA04_14.mat,1,1
STFT_Nearest_Centroid,KA04,N15_M01_F10,N15_M01_F10_KA04_15.mat,1,1
STFT_Nearest_Centroid,KA04,N15_M01_F10,N15_M01_F10_KA04_16.mat,1,1
STFT_Nearest_Centroid,KA04,N15_M01_F10,N15_M01_F10_KA04_17.mat,1,1
STFT_Nearest_Centroid,KA04,N15_M01_F10,N15_M01_F10_KA04_18.mat,1,1
STFT_Nearest_Centroid,KA04,N15_M01_F10,N15_M01_F10_KA04_19.mat,1,1
STFT_Nearest_Centroid,KA04,N15_M01_F10,N15_M01_F10_KA04_2.mat,1,1
STFT_Nearest_Centroid,KA04,N15_M01_F10,N15_M01_F10_KA04_20.mat,1,1
STFT_Nearest_Centroid,KA04,N15_M01_F10,N15_M01_F10_KA04_3.mat,1,1
STFT_Nearest_Centroid,KA04,N15_M01_F10,N15_M01_F10_KA04_4.mat,1,1
STFT_Nearest_Centroid,KA04,N15_M01_F10,N15_M01_F10_KA04_5.mat,1,1
STFT_Nearest_Centroid,KA04,N15_M01_F10,N15_M01_F10_KA04_6.mat,1,1
STFT_Nearest_Centroid,KA04,N15_M01_F10,N15_M01_F10_KA04_7.mat,1,1
STFT_Nearest_Centroid,KA04,N15_M01_F10,N15_M01_F10_KA04_8.mat,1,1
STFT_Nearest_Centroid,KA04,N15_M01_F10,N15_M01_F10_KA04_9.mat,1,1
STFT_Nearest_Centroid,KA04,N15_M07_F04,N15_M07_F04_KA04_1.mat,1,1
STFT_Nearest_Centroid,KA04,N15_M07_F04,N15_M07_F04_KA04_10.mat,1,1
STFT_Nearest_Centroid,KA04,N15_M07_F04,N15_M07_F04_KA04_11.mat,1,1
STFT_Nearest_Centroid,KA04,N15_M07_F04,N15_M07_F04_KA04_12.mat,1,1
STFT_Nearest_Centroid,KA04,N15_M07_F04,N15_M07_F04_KA04_13.mat,1,1
STFT_Nearest_Centroid,KA04,N15_M07_F04,N15_M07_F04_KA04_14.mat,1,1
STFT_Nearest_Centroid,KA04,N15_M07_F04,N15_M07_F04_KA04_15.mat,1,1
STFT_Nearest_Centroid,KA04,N15_M07_F04,N15_M07_F04_KA04_16.mat,1,1
STFT_Nearest_Centroid,KA04,N15_M07_F04,N15_M07_F04_KA04_17.mat,1,1
STFT_Nearest_Centroid,KA04,N15_M07_F04,N15_M07_F04_KA04_18.mat,1,1
STFT_Nearest_Centroid,KA04,N15_M07_F04,N15_M07_F04_KA04_19.mat,1,1
STFT_Nearest_Centroid,KA04,N15_M07_F04,N15_M07_F04_KA04_2.mat,1,1
STFT_Nearest_Centroid,KA04,N15_M07_F04,N15_M07_F04_KA04_20.mat,1,1
STFT_Nearest_Centroid,KA04,N15_M07_F04,N15_M07_F04_KA04_3.mat,1,1
STFT_Nearest_Centroid,KA04,N15_M07_F04,N15_M07_F04_KA04_4.mat,1,1
STFT_Nearest_Centroid,KA04,N15_M07_F04,N15_M07_F04_KA04_5.mat,1,1
STFT_Nearest_Centroid,KA04,N15_M07_F04,N15_M07_F04_KA04_6.mat,1,1
STFT_Nearest_Centroid,KA04,N15_M07_F04,N15_M07_F04_KA04_7.mat,1,1
STFT_Nearest_Centroid,KA04,N15_M07_F04,N15_M07_F04_KA04_8.mat,1,1
STFT_Nearest_Centroid,KA04,N15_M07_F04,N15_M07_F04_KA04_9.mat,1,1
STFT_Nearest_Centroid,KA04,N15_M07_F10,N15_M07_F10_KA04_1.mat,1,1
STFT_Nearest_Centroid,KA04,N15_M07_F10,N15_M07_F10_KA04_10.mat,1,1
STFT_Nearest_Centroid,KA04,N15_M07_F10,N15_M07_F10_KA04_11.mat,1,1
STFT_Nearest_Centroid,KA04,N15_M07_F10,N15_M07_F10_KA04_12.mat,1,1
STFT_Nearest_Centroid,KA04,N15_M07_F10,N15_M07_F10_KA04_13.mat,1,1
STFT_Nearest_Centroid,KA04,N15_M07_F10,N15_M07_F10_KA04_14.mat,1,1
STFT_Nearest_Centroid,KA04,N15_M07_F10,N15_M07_F10_KA04_15.mat,1,1
STFT_Nearest_Centroid,KA04,N15_M07_F10,N15_M07_F10_KA04_16.mat,1,1
STFT_Nearest_Centroid,KA04,N15_M07_F10,N15_M07_F10_KA04_17.mat,1,1
STFT_Nearest_Centroid,KA04,N15_M07_F10,N15_M07_F10_KA04_18.mat,1,1
STFT_Nearest_Centroid,KA04,N15_M07_F10,N15_M07_F10_KA04_19.mat,1,1
STFT_Nearest_Centroid,KA04,N15_M07_F10,N15_M07_F10_KA04_2.mat,1,1
STFT_Nearest_Centroid,KA04,N15_M07_F10,N15_M07_F10_KA04_20.mat,1,1
STFT_Nearest_Centroid,KA04,N15_M07_F10,N15_M07_F10_KA04_3.mat,1,1
STFT_Nearest_Centroid,KA04,N15_M07_F10,N15_M07_F10_KA04_4.mat,1,1
STFT_Nearest_Centroid,KA04,N15_M07_F10,N15_M07_F10_KA04_5.mat,1,1
STFT_Nearest_Centroid,KA04,N15_M07_F10,N15_M07_F10_KA04_6.mat,1,1
STFT_Nearest_Centroid,KA04,N15_M07_F10,N15_M07_F10_KA04_7.mat,1,1
STFT_Nearest_Centroid,KA04,N15_M07_F10,N15_M07_F10_KA04_8.mat,1,1
STFT_Nearest_Centroid,KA04,N15_M07_F10,N15_M07_F10_KA04_9.mat,1,1
STFT_Nearest_Centroid,KI05,N09_M07_F10,N09_M07_F10_KI05_1.mat,1,0
STFT_Nearest_Centroid,KI05,N09_M07_F10,N09_M07_F10_KI05_10.mat,1,0
STFT_Nearest_Centroid,KI05,N09_M07_F10,N09_M07_F10_KI05_11.mat,1,0
STFT_Nearest_Centroid,KI05,N09_M07_F10,N09_M07_F10_KI05_12.mat,1,0
STFT_Nearest_Centroid,KI05,N09_M07_F10,N09_M07_F10_KI05_13.mat,1,0
STFT_Nearest_Centroid,KI05,N09_M07_F10,N09_M07_F10_KI05_14.mat,1,0
STFT_Nearest_Centroid,KI05,N09_M07_F10,N09_M07_F10_KI05_15.mat,1,0
STFT_Nearest_Centroid,KI05,N09_M07_F10,N09_M07_F10_KI05_16.mat,1,0
STFT_Nearest_Centroid,KI05,N09_M07_F10,N09_M07_F10_KI05_17.mat,1,0
STFT_Nearest_Centroid,KI05,N09_M07_F10,N09_M07_F10_KI05_18.mat,1,0
STFT_Nearest_Centroid,KI05,N09_M07_F10,N09_M07_F10_KI05_19.mat,1,0
STFT_Nearest_Centroid,KI05,N09_M07_F10,N09_M07_F10_KI05_2.mat,1,0
STFT_Nearest_Centroid,KI05,N09_M07_F10,N09_M07_F10_KI05_20.mat,1,0
STFT_Nearest_Centroid,KI05,N09_M07_F10,N09_M07_F10_KI05_3.mat,1,0
STFT_Nearest_Centroid,KI05,N09_M07_F10,N09_M07_F10_KI05_4.mat,1,0
STFT_Nearest_Centroid,KI05,N09_M07_F10,N09_M07_F10_KI05_5.mat,1,0
STFT_Nearest_Centroid,KI05,N09_M07_F10,N09_M07_F10_KI05_6.mat,1,0
STFT_Nearest_Centroid,KI05,N09_M07_F10,N09_M07_F10_KI05_7.mat,1,0
STFT_Nearest_Centroid,KI05,N09_M07_F10,N09_M07_F10_KI05_8.mat,1,0
STFT_Nearest_Centroid,KI05,N09_M07_F10,N09_M07_F10_KI05_9.mat,1,0
STFT_Nearest_Centroid,KI05,N15_M01_F10,N15_M01_F10_KI05_1.mat,1,0
STFT_Nearest_Centroid,KI05,N15_M01_F10,N15_M01_F10_KI05_10.mat,1,0
STFT_Nearest_Centroid,KI05,N15_M01_F10,N15_M01_F10_KI05_11.mat,1,0
STFT_Nearest_Centroid,KI05,N15_M01_F10,N15_M01_F10_KI05_12.mat,1,0
STFT_Nearest_Centroid,KI05,N15_M01_F10,N15_M01_F10_KI05_13.mat,1,0
STFT_Nearest_Centroid,KI05,N15_M01_F10,N15_M01_F10_KI05_14.mat,1,0
STFT_Nearest_Centroid,KI05,N15_M01_F10,N15_M01_F10_KI05_15.mat,1,0
STFT_Nearest_Centroid,KI05,N15_M01_F10,N15_M01_F10_KI05_16.mat,1,0
STFT_Nearest_Centroid,KI05,N15_M01_F10,N15_M01_F10_KI05_17.mat,1,0
STFT_Nearest_Centroid,KI05,N15_M01_F10,N15_M01_F10_KI05_18.mat,1,0
STFT_Nearest_Centroid,KI05,N15_M01_F10,N15_M01_F10_KI05_19.mat,1,0
STFT_Nearest_Centroid,KI05,N15_M01_F10,N15_M01_F10_KI05_2.mat,1,0
STFT_Nearest_Centroid,KI05,N15_M01_F10,N15_M01_F10_KI05_20.mat,1,0
STFT_Nearest_Centroid,KI05,N15_M01_F10,N15_M01_F10_KI05_3.mat,1,0
STFT_Nearest_Centroid,KI05,N15_M01_F10,N15_M01_F10_KI05_4.mat,1,0
STFT_Nearest_Centroid,KI05,N15_M01_F10,N15_M01_F10_KI05_5.mat,1,0
STFT_Nearest_Centroid,KI05,N15_M01_F10,N15_M01_F10_KI05_6.mat,1,0
STFT_Nearest_Centroid,KI05,N15_M01_F10,N15_M01_F10_KI05_7.mat,1,0
STFT_Nearest_Centroid,KI05,N15_M01_F10,N15_M01_F10_KI05_8.mat,1,0
STFT_Nearest_Centroid,KI05,N15_M01_F10,N15_M01_F10_KI05_9.mat,1,0
STFT_Nearest_Centroid,KI05,N15_M07_F04,N15_M07_F04_KI05_1.mat,1,0
STFT_Nearest_Centroid,KI05,N15_M07_F04,N15_M07_F04_KI05_10.mat,1,0
STFT_Nearest_Centroid,KI05,N15_M07_F04,N15_M07_F04_KI05_11.mat,1,0
STFT_Nearest_Centroid,KI05,N15_M07_F04,N15_M07_F04_KI05_12.mat,1,0
STFT_Nearest_Centroid,KI05,N15_M07_F04,N15_M07_F04_KI05_13.mat,1,0
STFT_Nearest_Centroid,KI05,N15_M07_F04,N15_M07_F04_KI05_14.mat,1,0
STFT_Nearest_Centroid,KI05,N15_M07_F04,N15_M07_F04_KI05_15.mat,1,0
STFT_Nearest_Centroid,KI05,N15_M07_F04,N15_M07_F04_KI05_16.mat,1,0
STFT_Nearest_Centroid,KI05,N15_M07_F04,N15_M07_F04_KI05_17.mat,1,0
STFT_Nearest_Centroid,KI05,N15_M07_F04,N15_M07_F04_KI05_18.mat,1,0
STFT_Nearest_Centroid,KI05,N15_M07_F04,N15_M07_F04_KI05_19.mat,1,0
STFT_Nearest_Centroid,KI05,N15_M07_F04,N15_M07_F04_KI05_2.mat,1,0
STFT_Nearest_Centroid,KI05,N15_M07_F04,N15_M07_F04_KI05_20.mat,1,0
STFT_Nearest_Centroid,KI05,N15_M07_F04,N15_M07_F04_KI05_3.mat,1,0
STFT_Nearest_Centroid,KI05,N15_M07_F04,N15_M07_F04_KI05_4.mat,1,0
STFT_Nearest_Centroid,KI05,N15_M07_F04,N15_M07_F04_KI05_5.mat,1,0
STFT_Nearest_Centroid,KI05,N15_M07_F04,N15_M07_F04_KI05_6.mat,1,0
STFT_Nearest_Centroid,KI05,N15_M07_F04,N15_M07_F04_KI05_7.mat,1,0
STFT_Nearest_Centroid,KI05,N15_M07_F04,N15_M07_F04_KI05_8.mat,1,0
STFT_Nearest_Centroid,KI05,N15_M07_F04,N15_M07_F04_KI05_9.mat,1,0
STFT_Nearest_Centroid,KI05,N15_M07_F10,N15_M07_F10_KI05_1.mat,1,0
STFT_Nearest_Centroid,KI05,N15_M07_F10,N15_M07_F10_KI05_10.mat,1,0
STFT_Nearest_Centroid,KI05,N15_M07_F10,N15_M07_F10_KI05_11.mat,1,0
STFT_Nearest_Centroid,KI05,N15_M07_F10,N15_M07_F10_KI05_12.mat,1,0
STFT_Nearest_Centroid,KI05,N15_M07_F10,N15_M07_F10_KI05_13.mat,1,0
STFT_Nearest_Centroid,KI05,N15_M07_F10,N15_M07_F10_KI05_14.mat,1,0
STFT_Nearest_Centroid,KI05,N15_M07_F10,N15_M07_F10_KI05_15.mat,1,0
STFT_Nearest_Centroid,KI05,N15_M07_F10,N15_M07_F10_KI05_16.mat,1,0
STFT_Nearest_Centroid,KI05,N15_M07_F10,N15_M07_F10_KI05_17.mat,1,0
STFT_Nearest_Centroid,KI05,N15_M07_F10,N15_M07_F10_KI05_18.mat,1,0
STFT_Nearest_Centroid,KI05,N15_M07_F10,N15_M07_F10_KI05_19.mat,1,0
STFT_Nearest_Centroid,KI05,N15_M07_F10,N15_M07_F10_KI05_2.mat,1,0
STFT_Nearest_Centroid,KI05,N15_M07_F10,N15_M07_F10_KI05_20.mat,1,0
STFT_Nearest_Centroid,KI05,N15_M07_F10,N15_M07_F10_KI05_3.mat,1,0
STFT_Nearest_Centroid,KI05,N15_M07_F10,N15_M07_F10_KI05_4.mat,1,0
STFT_Nearest_Centroid,KI05,N15_M07_F10,N15_M07_F10_KI05_5.mat,1,0
STFT_Nearest_Centroid,KI05,N15_M07_F10,N15_M07_F10_KI05_6.mat,1,0
STFT_Nearest_Centroid,KI05,N15_M07_F10,N15_M07_F10_KI05_7.mat,1,0
STFT_Nearest_Centroid,KI05,N15_M07_F10,N15_M07_F10_KI05_8.mat,1,0
STFT_Nearest_Centroid,KI05,N15_M07_F10,N15_M07_F10_KI05_9.mat,1,0
STFT_Envelope_RBF_SVM,K001,N09_M07_F10,N09_M07_F10_K001_1.mat,0,0
STFT_Envelope_RBF_SVM,K001,N09_M07_F10,N09_M07_F10_K001_10.mat,0,0
STFT_Envelope_RBF_SVM,K001,N09_M07_F10,N09_M07_F10_K001_11.mat,0,0
STFT_Envelope_RBF_SVM,K001,N09_M07_F10,N09_M07_F10_K001_12.mat,0,0
STFT_Envelope_RBF_SVM,K001,N09_M07_F10,N09_M07_F10_K001_13.mat,0,0
STFT_Envelope_RBF_SVM,K001,N09_M07_F10,N09_M07_F10_K001_14.mat,0,0
STFT_Envelope_RBF_SVM,K001,N09_M07_F10,N09_M07_F10_K001_15.mat,0,0
STFT_Envelope_RBF_SVM,K001,N09_M07_F10,N09_M07_F10_K001_16.mat,0,0
STFT_Envelope_RBF_SVM,K001,N09_M07_F10,N09_M07_F10_K001_17.mat,0,0
STFT_Envelope_RBF_SVM,K001,N09_M07_F10,N09_M07_F10_K001_18.mat,0,0
STFT_Envelope_RBF_SVM,K001,N09_M07_F10,N09_M07_F10_K001_19.mat,0,0
STFT_Envelope_RBF_SVM,K001,N09_M07_F10,N09_M07_F10_K001_2.mat,0,0
STFT_Envelope_RBF_SVM,K001,N09_M07_F10,N09_M07_F10_K001_20.mat,0,0
STFT_Envelope_RBF_SVM,K001,N09_M07_F10,N09_M07_F10_K001_3.mat,0,0
STFT_Envelope_RBF_SVM,K001,N09_M07_F10,N09_M07_F10_K001_4.mat,0,0
STFT_Envelope_RBF_SVM,K001,N09_M07_F10,N09_M07_F10_K001_5.mat,0,0
STFT_Envelope_RBF_SVM,K001,N09_M07_F10,N09_M07_F10_K001_6.mat,0,0
STFT_Envelope_RBF_SVM,K001,N09_M07_F10,N09_M07_F10_K001_7.mat,0,0
STFT_Envelope_RBF_SVM,K001,N09_M07_F10,N09_M07_F10_K001_8.mat,0,0
STFT_Envelope_RBF_SVM,K001,N09_M07_F10,N09_M07_F10_K001_9.mat,0,0
STFT_Envelope_RBF_SVM,K001,N15_M01_F10,N15_M01_F10_K001_1.mat,0,0
STFT_Envelope_RBF_SVM,K001,N15_M01_F10,N15_M01_F10_K001_10.mat,0,0
STFT_Envelope_RBF_SVM,K001,N15_M01_F10,N15_M01_F10_K001_11.mat,0,0
STFT_Envelope_RBF_SVM,K001,N15_M01_F10,N15_M01_F10_K001_12.mat,0,0
STFT_Envelope_RBF_SVM,K001,N15_M01_F10,N15_M01_F10_K001_13.mat,0,0
STFT_Envelope_RBF_SVM,K001,N15_M01_F10,N15_M01_F10_K001_14.mat,0,0
STFT_Envelope_RBF_SVM,K001,N15_M01_F10,N15_M01_F10_K001_15.mat,0,0
STFT_Envelope_RBF_SVM,K001,N15_M01_F10,N15_M01_F10_K001_16.mat,0,0
STFT_Envelope_RBF_SVM,K001,N15_M01_F10,N15_M01_F10_K001_17.mat,0,0
STFT_Envelope_RBF_SVM,K001,N15_M01_F10,N15_M01_F10_K001_18.mat,0,0
STFT_Envelope_RBF_SVM,K001,N15_M01_F10,N15_M01_F10_K001_19.mat,0,0
STFT_Envelope_RBF_SVM,K001,N15_M01_F10,N15_M01_F10_K001_2.mat,0,0
STFT_Envelope_RBF_SVM,K001,N15_M01_F10,N15_M01_F10_K001_20.mat,0,0
STFT_Envelope_RBF_SVM,K001,N15_M01_F10,N15_M01_F10_K001_3.mat,0,0
STFT_Envelope_RBF_SVM,K001,N15_M01_F10,N15_M01_F10_K001_4.mat,0,0
STFT_Envelope_RBF_SVM,K001,N15_M01_F10,N15_M01_F10_K001_5.mat,0,0
STFT_Envelope_RBF_SVM,K001,N15_M01_F10,N15_M01_F10_K001_6.mat,0,0
STFT_Envelope_RBF_SVM,K001,N15_M01_F10,N15_M01_F10_K001_7.mat,0,0
STFT_Envelope_RBF_SVM,K001,N15_M01_F10,N15_M01_F10_K001_8.mat,0,0
STFT_Envelope_RBF_SVM,K001,N15_M01_F10,N15_M01_F10_K001_9.mat,0,0
STFT_Envelope_RBF_SVM,K001,N15_M07_F04,N15_M07_F04_K001_1.mat,0,0
STFT_Envelope_RBF_SVM,K001,N15_M07_F04,N15_M07_F04_K001_10.mat,0,0
STFT_Envelope_RBF_SVM,K001,N15_M07_F04,N15_M07_F04_K001_11.mat,0,0
STFT_Envelope_RBF_SVM,K001,N15_M07_F04,N15_M07_F04_K001_12.mat,0,0
STFT_Envelope_RBF_SVM,K001,N15_M07_F04,N15_M07_F04_K001_13.mat,0,0
STFT_Envelope_RBF_SVM,K001,N15_M07_F04,N15_M07_F04_K001_14.mat,0,0
STFT_Envelope_RBF_SVM,K001,N15_M07_F04,N15_M07_F04_K001_15.mat,0,0
STFT_Envelope_RBF_SVM,K001,N15_M07_F04,N15_M07_F04_K001_16.mat,0,0
STFT_Envelope_RBF_SVM,K001,N15_M07_F04,N15_M07_F04_K001_17.mat,0,0
STFT_Envelope_RBF_SVM,K001,N15_M07_F04,N15_M07_F04_K001_18.mat,0,0
STFT_Envelope_RBF_SVM,K001,N15_M07_F04,N15_M07_F04_K001_19.mat,0,0
STFT_Envelope_RBF_SVM,K001,N15_M07_F04,N15_M07_F04_K001_2.mat,0,0
STFT_Envelope_RBF_SVM,K001,N15_M07_F04,N15_M07_F04_K001_20.mat,0,0
STFT_Envelope_RBF_SVM,K001,N15_M07_F04,N15_M07_F04_K001_3.mat,0,0
STFT_Envelope_RBF_SVM,K001,N15_M07_F04,N15_M07_F04_K001_4.mat,0,0
STFT_Envelope_RBF_SVM,K001,N15_M07_F04,N15_M07_F04_K001_5.mat,0,0
STFT_Envelope_RBF_SVM,K001,N15_M07_F04,N15_M07_F04_K001_6.mat,0,0
STFT_Envelope_RBF_SVM,K001,N15_M07_F04,N15_M07_F04_K001_7.mat,0,0
STFT_Envelope_RBF_SVM,K001,N15_M07_F04,N15_M07_F04_K001_8.mat,0,0
STFT_Envelope_RBF_SVM,K001,N15_M07_F04,N15_M07_F04_K001_9.mat,0,0
STFT_Envelope_RBF_SVM,K001,N15_M07_F10,N15_M07_F10_K001_1.mat,0,0
STFT_Envelope_RBF_SVM,K001,N15_M07_F10,N15_M07_F10_K001_10.mat,0,0
STFT_Envelope_RBF_SVM,K001,N15_M07_F10,N15_M07_F10_K001_11.mat,0,0
STFT_Envelope_RBF_SVM,K001,N15_M07_F10,N15_M07_F10_K001_12.mat,0,0
STFT_Envelope_RBF_SVM,K001,N15_M07_F10,N15_M07_F10_K001_13.mat,0,0
STFT_Envelope_RBF_SVM,K001,N15_M07_F10,N15_M07_F10_K001_14.mat,0,0
STFT_Envelope_RBF_SVM,K001,N15_M07_F10,N15_M07_F10_K001_15.mat,0,0
STFT_Envelope_RBF_SVM,K001,N15_M07_F10,N15_M07_F10_K001_16.mat,0,0
STFT_Envelope_RBF_SVM,K001,N15_M07_F10,N15_M07_F10_K001_17.mat,0,0
STFT_Envelope_RBF_SVM,K001,N15_M07_F10,N15_M07_F10_K001_18.mat,0,0
STFT_Envelope_RBF_SVM,K001,N15_M07_F10,N15_M07_F10_K001_19.mat,0,0
STFT_Envelope_RBF_SVM,K001,N15_M07_F10,N15_M07_F10_K001_2.mat,0,0
STFT_Envelope_RBF_SVM,K001,N15_M07_F10,N15_M07_F10_K001_20.mat,0,0
STFT_Envelope_RBF_SVM,K001,N15_M07_F10,N15_M07_F10_K001_3.mat,0,0
STFT_Envelope_RBF_SVM,K001,N15_M07_F10,N15_M07_F10_K001_4.mat,0,0
STFT_Envelope_RBF_SVM,K001,N15_M07_F10,N15_M07_F10_K001_5.mat,0,0
STFT_Envelope_RBF_SVM,K001,N15_M07_F10,N15_M07_F10_K001_6.mat,0,0
STFT_Envelope_RBF_SVM,K001,N15_M07_F10,N15_M07_F10_K001_7.mat,0,0
STFT_Envelope_RBF_SVM,K001,N15_M07_F10,N15_M07_F10_K001_8.mat,0,0
STFT_Envelope_RBF_SVM,K001,N15_M07_F10,N15_M07_F10_K001_9.mat,0,0
STFT_Envelope_RBF_SVM,K002,N09_M07_F10,N09_M07_F10_K002_1.mat,0,1
STFT_Envelope_RBF_SVM,K002,N09_M07_F10,N09_M07_F10_K002_10.mat,0,1
STFT_Envelope_RBF_SVM,K002,N09_M07_F10,N09_M07_F10_K002_11.mat,0,1
STFT_Envelope_RBF_SVM,K002,N09_M07_F10,N09_M07_F10_K002_12.mat,0,1
STFT_Envelope_RBF_SVM,K002,N09_M07_F10,N09_M07_F10_K002_13.mat,0,1
STFT_Envelope_RBF_SVM,K002,N09_M07_F10,N09_M07_F10_K002_14.mat,0,1
STFT_Envelope_RBF_SVM,K002,N09_M07_F10,N09_M07_F10_K002_15.mat,0,1
STFT_Envelope_RBF_SVM,K002,N09_M07_F10,N09_M07_F10_K002_16.mat,0,1
STFT_Envelope_RBF_SVM,K002,N09_M07_F10,N09_M07_F10_K002_17.mat,0,1
STFT_Envelope_RBF_SVM,K002,N09_M07_F10,N09_M07_F10_K002_18.mat,0,1
STFT_Envelope_RBF_SVM,K002,N09_M07_F10,N09_M07_F10_K002_19.mat,0,1
STFT_Envelope_RBF_SVM,K002,N09_M07_F10,N09_M07_F10_K002_2.mat,0,1
STFT_Envelope_RBF_SVM,K002,N09_M07_F10,N09_M07_F10_K002_20.mat,0,1
STFT_Envelope_RBF_SVM,K002,N09_M07_F10,N09_M07_F10_K002_3.mat,0,1
STFT_Envelope_RBF_SVM,K002,N09_M07_F10,N09_M07_F10_K002_4.mat,0,1
STFT_Envelope_RBF_SVM,K002,N09_M07_F10,N09_M07_F10_K002_5.mat,0,1
STFT_Envelope_RBF_SVM,K002,N09_M07_F10,N09_M07_F10_K002_6.mat,0,1
STFT_Envelope_RBF_SVM,K002,N09_M07_F10,N09_M07_F10_K002_7.mat,0,1
STFT_Envelope_RBF_SVM,K002,N09_M07_F10,N09_M07_F10_K002_8.mat,0,1
STFT_Envelope_RBF_SVM,K002,N09_M07_F10,N09_M07_F10_K002_9.mat,0,1
STFT_Envelope_RBF_SVM,K002,N15_M01_F10,N15_M01_F10_K002_1.mat,0,1
STFT_Envelope_RBF_SVM,K002,N15_M01_F10,N15_M01_F10_K002_10.mat,0,1
STFT_Envelope_RBF_SVM,K002,N15_M01_F10,N15_M01_F10_K002_11.mat,0,1
STFT_Envelope_RBF_SVM,K002,N15_M01_F10,N15_M01_F10_K002_12.mat,0,1
STFT_Envelope_RBF_SVM,K002,N15_M01_F10,N15_M01_F10_K002_13.mat,0,1
STFT_Envelope_RBF_SVM,K002,N15_M01_F10,N15_M01_F10_K002_14.mat,0,1
STFT_Envelope_RBF_SVM,K002,N15_M01_F10,N15_M01_F10_K002_15.mat,0,1
STFT_Envelope_RBF_SVM,K002,N15_M01_F10,N15_M01_F10_K002_16.mat,0,1
STFT_Envelope_RBF_SVM,K002,N15_M01_F10,N15_M01_F10_K002_17.mat,0,1
STFT_Envelope_RBF_SVM,K002,N15_M01_F10,N15_M01_F10_K002_18.mat,0,1
STFT_Envelope_RBF_SVM,K002,N15_M01_F10,N15_M01_F10_K002_19.mat,0,1
STFT_Envelope_RBF_SVM,K002,N15_M01_F10,N15_M01_F10_K002_2.mat,0,1
STFT_Envelope_RBF_SVM,K002,N15_M01_F10,N15_M01_F10_K002_20.mat,0,1
STFT_Envelope_RBF_SVM,K002,N15_M01_F10,N15_M01_F10_K002_3.mat,0,1
STFT_Envelope_RBF_SVM,K002,N15_M01_F10,N15_M01_F10_K002_4.mat,0,1
STFT_Envelope_RBF_SVM,K002,N15_M01_F10,N15_M01_F10_K002_5.mat,0,1
STFT_Envelope_RBF_SVM,K002,N15_M01_F10,N15_M01_F10_K002_6.mat,0,1
STFT_Envelope_RBF_SVM,K002,N15_M01_F10,N15_M01_F10_K002_7.mat,0,1
STFT_Envelope_RBF_SVM,K002,N15_M01_F10,N15_M01_F10_K002_8.mat,0,1
STFT_Envelope_RBF_SVM,K002,N15_M01_F10,N15_M01_F10_K002_9.mat,0,1
STFT_Envelope_RBF_SVM,K002,N15_M07_F04,N15_M07_F04_K002_1.mat,0,1
STFT_Envelope_RBF_SVM,K002,N15_M07_F04,N15_M07_F04_K002_10.mat,0,1
STFT_Envelope_RBF_SVM,K002,N15_M07_F04,N15_M07_F04_K002_11.mat,0,1
STFT_Envelope_RBF_SVM,K002,N15_M07_F04,N15_M07_F04_K002_12.mat,0,1
STFT_Envelope_RBF_SVM,K002,N15_M07_F04,N15_M07_F04_K002_13.mat,0,1
STFT_Envelope_RBF_SVM,K002,N15_M07_F04,N15_M07_F04_K002_14.mat,0,1
STFT_Envelope_RBF_SVM,K002,N15_M07_F04,N15_M07_F04_K002_15.mat,0,1
STFT_Envelope_RBF_SVM,K002,N15_M07_F04,N15_M07_F04_K002_16.mat,0,1
STFT_Envelope_RBF_SVM,K002,N15_M07_F04,N15_M07_F04_K002_17.mat,0,1
STFT_Envelope_RBF_SVM,K002,N15_M07_F04,N15_M07_F04_K002_18.mat,0,1
STFT_Envelope_RBF_SVM,K002,N15_M07_F04,N15_M07_F04_K002_19.mat,0,1
STFT_Envelope_RBF_SVM,K002,N15_M07_F04,N15_M07_F04_K002_2.mat,0,1
STFT_Envelope_RBF_SVM,K002,N15_M07_F04,N15_M07_F04_K002_20.mat,0,1
STFT_Envelope_RBF_SVM,K002,N15_M07_F04,N15_M07_F04_K002_3.mat,0,1
STFT_Envelope_RBF_SVM,K002,N15_M07_F04,N15_M07_F04_K002_4.mat,0,1
STFT_Envelope_RBF_SVM,K002,N15_M07_F04,N15_M07_F04_K002_5.mat,0,1
STFT_Envelope_RBF_SVM,K002,N15_M07_F04,N15_M07_F04_K002_6.mat,0,1
STFT_Envelope_RBF_SVM,K002,N15_M07_F04,N15_M07_F04_K002_7.mat,0,1
STFT_Envelope_RBF_SVM,K002,N15_M07_F04,N15_M07_F04_K002_8.mat,0,1
STFT_Envelope_RBF_SVM,K002,N15_M07_F04,N15_M07_F04_K002_9.mat,0,1
STFT_Envelope_RBF_SVM,K002,N15_M07_F10,N15_M07_F10_K002_1.mat,0,1
STFT_Envelope_RBF_SVM,K002,N15_M07_F10,N15_M07_F10_K002_10.mat,0,1
STFT_Envelope_RBF_SVM,K002,N15_M07_F10,N15_M07_F10_K002_11.mat,0,1
STFT_Envelope_RBF_SVM,K002,N15_M07_F10,N15_M07_F10_K002_12.mat,0,1
STFT_Envelope_RBF_SVM,K002,N15_M07_F10,N15_M07_F10_K002_13.mat,0,1
STFT_Envelope_RBF_SVM,K002,N15_M07_F10,N15_M07_F10_K002_14.mat,0,1
STFT_Envelope_RBF_SVM,K002,N15_M07_F10,N15_M07_F10_K002_15.mat,0,1
STFT_Envelope_RBF_SVM,K002,N15_M07_F10,N15_M07_F10_K002_16.mat,0,1
STFT_Envelope_RBF_SVM,K002,N15_M07_F10,N15_M07_F10_K002_17.mat,0,1
STFT_Envelope_RBF_SVM,K002,N15_M07_F10,N15_M07_F10_K002_18.mat,0,1
STFT_Envelope_RBF_SVM,K002,N15_M07_F10,N15_M07_F10_K002_19.mat,0,1
STFT_Envelope_RBF_SVM,K002,N15_M07_F10,N15_M07_F10_K002_2.mat,0,1
STFT_Envelope_RBF_SVM,K002,N15_M07_F10,N15_M07_F10_K002_20.mat,0,1
STFT_Envelope_RBF_SVM,K002,N15_M07_F10,N15_M07_F10_K002_3.mat,0,1
STFT_Envelope_RBF_SVM,K002,N15_M07_F10,N15_M07_F10_K002_4.mat,0,1
STFT_Envelope_RBF_SVM,K002,N15_M07_F10,N15_M07_F10_K002_5.mat,0,1
STFT_Envelope_RBF_SVM,K002,N15_M07_F10,N15_M07_F10_K002_6.mat,0,1
STFT_Envelope_RBF_SVM,K002,N15_M07_F10,N15_M07_F10_K002_7.mat,0,1
STFT_Envelope_RBF_SVM,K002,N15_M07_F10,N15_M07_F10_K002_8.mat,0,1
STFT_Envelope_RBF_SVM,K002,N15_M07_F10,N15_M07_F10_K002_9.mat,0,1
STFT_Envelope_RBF_SVM,K003,N09_M07_F10,N09_M07_F10_K003_1.mat,0,0
STFT_Envelope_RBF_SVM,K003,N09_M07_F10,N09_M07_F10_K003_10.mat,0,0
STFT_Envelope_RBF_SVM,K003,N09_M07_F10,N09_M07_F10_K003_11.mat,0,0
STFT_Envelope_RBF_SVM,K003,N09_M07_F10,N09_M07_F10_K003_12.mat,0,0
STFT_Envelope_RBF_SVM,K003,N09_M07_F10,N09_M07_F10_K003_13.mat,0,0
STFT_Envelope_RBF_SVM,K003,N09_M07_F10,N09_M07_F10_K003_14.mat,0,0
STFT_Envelope_RBF_SVM,K003,N09_M07_F10,N09_M07_F10_K003_15.mat,0,0
STFT_Envelope_RBF_SVM,K003,N09_M07_F10,N09_M07_F10_K003_16.mat,0,0
STFT_Envelope_RBF_SVM,K003,N09_M07_F10,N09_M07_F10_K003_17.mat,0,0
STFT_Envelope_RBF_SVM,K003,N09_M07_F10,N09_M07_F10_K003_18.mat,0,0
STFT_Envelope_RBF_SVM,K003,N09_M07_F10,N09_M07_F10_K003_19.mat,0,0
STFT_Envelope_RBF_SVM,K003,N09_M07_F10,N09_M07_F10_K003_2.mat,0,0
STFT_Envelope_RBF_SVM,K003,N09_M07_F10,N09_M07_F10_K003_20.mat,0,0
STFT_Envelope_RBF_SVM,K003,N09_M07_F10,N09_M07_F10_K003_3.mat,0,0
STFT_Envelope_RBF_SVM,K003,N09_M07_F10,N09_M07_F10_K003_4.mat,0,0
STFT_Envelope_RBF_SVM,K003,N09_M07_F10,N09_M07_F10_K003_5.mat,0,0
STFT_Envelope_RBF_SVM,K003,N09_M07_F10,N09_M07_F10_K003_6.mat,0,0
STFT_Envelope_RBF_SVM,K003,N09_M07_F10,N09_M07_F10_K003_7.mat,0,0
STFT_Envelope_RBF_SVM,K003,N09_M07_F10,N09_M07_F10_K003_8.mat,0,0
STFT_Envelope_RBF_SVM,K003,N09_M07_F10,N09_M07_F10_K003_9.mat,0,0
STFT_Envelope_RBF_SVM,K003,N15_M01_F10,N15_M01_F10_K003_1.mat,0,0
STFT_Envelope_RBF_SVM,K003,N15_M01_F10,N15_M01_F10_K003_10.mat,0,0
STFT_Envelope_RBF_SVM,K003,N15_M01_F10,N15_M01_F10_K003_11.mat,0,0
STFT_Envelope_RBF_SVM,K003,N15_M01_F10,N15_M01_F10_K003_12.mat,0,0
STFT_Envelope_RBF_SVM,K003,N15_M01_F10,N15_M01_F10_K003_13.mat,0,0
STFT_Envelope_RBF_SVM,K003,N15_M01_F10,N15_M01_F10_K003_14.mat,0,0
STFT_Envelope_RBF_SVM,K003,N15_M01_F10,N15_M01_F10_K003_15.mat,0,0
STFT_Envelope_RBF_SVM,K003,N15_M01_F10,N15_M01_F10_K003_16.mat,0,0
STFT_Envelope_RBF_SVM,K003,N15_M01_F10,N15_M01_F10_K003_17.mat,0,0
STFT_Envelope_RBF_SVM,K003,N15_M01_F10,N15_M01_F10_K003_18.mat,0,0
STFT_Envelope_RBF_SVM,K003,N15_M01_F10,N15_M01_F10_K003_19.mat,0,0
STFT_Envelope_RBF_SVM,K003,N15_M01_F10,N15_M01_F10_K003_2.mat,0,0
STFT_Envelope_RBF_SVM,K003,N15_M01_F10,N15_M01_F10_K003_20.mat,0,0
STFT_Envelope_RBF_SVM,K003,N15_M01_F10,N15_M01_F10_K003_3.mat,0,0
STFT_Envelope_RBF_SVM,K003,N15_M01_F10,N15_M01_F10_K003_4.mat,0,0
STFT_Envelope_RBF_SVM,K003,N15_M01_F10,N15_M01_F10_K003_5.mat,0,0
STFT_Envelope_RBF_SVM,K003,N15_M01_F10,N15_M01_F10_K003_6.mat,0,0
STFT_Envelope_RBF_SVM,K003,N15_M01_F10,N15_M01_F10_K003_7.mat,0,0
STFT_Envelope_RBF_SVM,K003,N15_M01_F10,N15_M01_F10_K003_8.mat,0,0
STFT_Envelope_RBF_SVM,K003,N15_M01_F10,N15_M01_F10_K003_9.mat,0,0
STFT_Envelope_RBF_SVM,K003,N15_M07_F04,N15_M07_F04_K003_1.mat,0,0
STFT_Envelope_RBF_SVM,K003,N15_M07_F04,N15_M07_F04_K003_10.mat,0,0
STFT_Envelope_RBF_SVM,K003,N15_M07_F04,N15_M07_F04_K003_11.mat,0,0
STFT_Envelope_RBF_SVM,K003,N15_M07_F04,N15_M07_F04_K003_12.mat,0,0
STFT_Envelope_RBF_SVM,K003,N15_M07_F04,N15_M07_F04_K003_13.mat,0,0
STFT_Envelope_RBF_SVM,K003,N15_M07_F04,N15_M07_F04_K003_14.mat,0,0
STFT_Envelope_RBF_SVM,K003,N15_M07_F04,N15_M07_F04_K003_15.mat,0,0
STFT_Envelope_RBF_SVM,K003,N15_M07_F04,N15_M07_F04_K003_16.mat,0,0
STFT_Envelope_RBF_SVM,K003,N15_M07_F04,N15_M07_F04_K003_17.mat,0,0
STFT_Envelope_RBF_SVM,K003,N15_M07_F04,N15_M07_F04_K003_18.mat,0,0
STFT_Envelope_RBF_SVM,K003,N15_M07_F04,N15_M07_F04_K003_19.mat,0,0
STFT_Envelope_RBF_SVM,K003,N15_M07_F04,N15_M07_F04_K003_2.mat,0,0
STFT_Envelope_RBF_SVM,K003,N15_M07_F04,N15_M07_F04_K003_20.mat,0,0
STFT_Envelope_RBF_SVM,K003,N15_M07_F04,N15_M07_F04_K003_3.mat,0,0
STFT_Envelope_RBF_SVM,K003,N15_M07_F04,N15_M07_F04_K003_4.mat,0,0
STFT_Envelope_RBF_SVM,K003,N15_M07_F04,N15_M07_F04_K003_5.mat,0,0
STFT_Envelope_RBF_SVM,K003,N15_M07_F04,N15_M07_F04_K003_6.mat,0,0
STFT_Envelope_RBF_SVM,K003,N15_M07_F04,N15_M07_F04_K003_7.mat,0,0
STFT_Envelope_RBF_SVM,K003,N15_M07_F04,N15_M07_F04_K003_8.mat,0,0
STFT_Envelope_RBF_SVM,K003,N15_M07_F04,N15_M07_F04_K003_9.mat,0,0
STFT_Envelope_RBF_SVM,K003,N15_M07_F10,N15_M07_F10_K003_1.mat,0,0
STFT_Envelope_RBF_SVM,K003,N15_M07_F10,N15_M07_F10_K003_10.mat,0,0
STFT_Envelope_RBF_SVM,K003,N15_M07_F10,N15_M07_F10_K003_11.mat,0,0
STFT_Envelope_RBF_SVM,K003,N15_M07_F10,N15_M07_F10_K003_12.mat,0,0
STFT_Envelope_RBF_SVM,K003,N15_M07_F10,N15_M07_F10_K003_13.mat,0,0
STFT_Envelope_RBF_SVM,K003,N15_M07_F10,N15_M07_F10_K003_14.mat,0,0
STFT_Envelope_RBF_SVM,K003,N15_M07_F10,N15_M07_F10_K003_15.mat,0,0
STFT_Envelope_RBF_SVM,K003,N15_M07_F10,N15_M07_F10_K003_16.mat,0,0
STFT_Envelope_RBF_SVM,K003,N15_M07_F10,N15_M07_F10_K003_17.mat,0,0
STFT_Envelope_RBF_SVM,K003,N15_M07_F10,N15_M07_F10_K003_18.mat,0,0
STFT_Envelope_RBF_SVM,K003,N15_M07_F10,N15_M07_F10_K003_19.mat,0,0
STFT_Envelope_RBF_SVM,K003,N15_M07_F10,N15_M07_F10_K003_2.mat,0,0
STFT_Envelope_RBF_SVM,K003,N15_M07_F10,N15_M07_F10_K003_20.mat,0,0
STFT_Envelope_RBF_SVM,K003,N15_M07_F10,N15_M07_F10_K003_3.mat,0,0
STFT_Envelope_RBF_SVM,K003,N15_M07_F10,N15_M07_F10_K003_4.mat,0,0
STFT_Envelope_RBF_SVM,K003,N15_M07_F10,N15_M07_F10_K003_5.mat,0,0
STFT_Envelope_RBF_SVM,K003,N15_M07_F10,N15_M07_F10_K003_6.mat,0,0
STFT_Envelope_RBF_SVM,K003,N15_M07_F10,N15_M07_F10_K003_7.mat,0,0
STFT_Envelope_RBF_SVM,K003,N15_M07_F10,N15_M07_F10_K003_8.mat,0,0
STFT_Envelope_RBF_SVM,K003,N15_M07_F10,N15_M07_F10_K003_9.mat,0,0
STFT_Envelope_RBF_SVM,K004,N09_M07_F10,N09_M07_F10_K004_1.mat,0,0
STFT_Envelope_RBF_SVM,K004,N09_M07_F10,N09_M07_F10_K004_10.mat,0,0
STFT_Envelope_RBF_SVM,K004,N09_M07_F10,N09_M07_F10_K004_11.mat,0,0
STFT_Envelope_RBF_SVM,K004,N09_M07_F10,N09_M07_F10_K004_12.mat,0,0
STFT_Envelope_RBF_SVM,K004,N09_M07_F10,N09_M07_F10_K004_13.mat,0,0
STFT_Envelope_RBF_SVM,K004,N09_M07_F10,N09_M07_F10_K004_14.mat,0,0
STFT_Envelope_RBF_SVM,K004,N09_M07_F10,N09_M07_F10_K004_15.mat,0,0
STFT_Envelope_RBF_SVM,K004,N09_M07_F10,N09_M07_F10_K004_16.mat,0,0
STFT_Envelope_RBF_SVM,K004,N09_M07_F10,N09_M07_F10_K004_17.mat,0,0
STFT_Envelope_RBF_SVM,K004,N09_M07_F10,N09_M07_F10_K004_18.mat,0,0
STFT_Envelope_RBF_SVM,K004,N09_M07_F10,N09_M07_F10_K004_19.mat,0,0
STFT_Envelope_RBF_SVM,K004,N09_M07_F10,N09_M07_F10_K004_2.mat,0,0
STFT_Envelope_RBF_SVM,K004,N09_M07_F10,N09_M07_F10_K004_20.mat,0,0
STFT_Envelope_RBF_SVM,K004,N09_M07_F10,N09_M07_F10_K004_3.mat,0,0
STFT_Envelope_RBF_SVM,K004,N09_M07_F10,N09_M07_F10_K004_4.mat,0,0
STFT_Envelope_RBF_SVM,K004,N09_M07_F10,N09_M07_F10_K004_5.mat,0,0
STFT_Envelope_RBF_SVM,K004,N09_M07_F10,N09_M07_F10_K004_6.mat,0,0
STFT_Envelope_RBF_SVM,K004,N09_M07_F10,N09_M07_F10_K004_7.mat,0,0
STFT_Envelope_RBF_SVM,K004,N09_M07_F10,N09_M07_F10_K004_8.mat,0,0
STFT_Envelope_RBF_SVM,K004,N09_M07_F10,N09_M07_F10_K004_9.mat,0,0
STFT_Envelope_RBF_SVM,K004,N15_M01_F10,N15_M01_F10_K004_1.mat,0,0
STFT_Envelope_RBF_SVM,K004,N15_M01_F10,N15_M01_F10_K004_10.mat,0,0
STFT_Envelope_RBF_SVM,K004,N15_M01_F10,N15_M01_F10_K004_11.mat,0,0
STFT_Envelope_RBF_SVM,K004,N15_M01_F10,N15_M01_F10_K004_12.mat,0,0
STFT_Envelope_RBF_SVM,K004,N15_M01_F10,N15_M01_F10_K004_13.mat,0,0
STFT_Envelope_RBF_SVM,K004,N15_M01_F10,N15_M01_F10_K004_14.mat,0,0
STFT_Envelope_RBF_SVM,K004,N15_M01_F10,N15_M01_F10_K004_15.mat,0,0
STFT_Envelope_RBF_SVM,K004,N15_M01_F10,N15_M01_F10_K004_16.mat,0,0
STFT_Envelope_RBF_SVM,K004,N15_M01_F10,N15_M01_F10_K004_17.mat,0,0
STFT_Envelope_RBF_SVM,K004,N15_M01_F10,N15_M01_F10_K004_18.mat,0,0
STFT_Envelope_RBF_SVM,K004,N15_M01_F10,N15_M01_F10_K004_19.mat,0,0
STFT_Envelope_RBF_SVM,K004,N15_M01_F10,N15_M01_F10_K004_2.mat,0,0
STFT_Envelope_RBF_SVM,K004,N15_M01_F10,N15_M01_F10_K004_20.mat,0,0
STFT_Envelope_RBF_SVM,K004,N15_M01_F10,N15_M01_F10_K004_3.mat,0,0
STFT_Envelope_RBF_SVM,K004,N15_M01_F10,N15_M01_F10_K004_4.mat,0,0
STFT_Envelope_RBF_SVM,K004,N15_M01_F10,N15_M01_F10_K004_5.mat,0,0
STFT_Envelope_RBF_SVM,K004,N15_M01_F10,N15_M01_F10_K004_6.mat,0,0
STFT_Envelope_RBF_SVM,K004,N15_M01_F10,N15_M01_F10_K004_7.mat,0,0
STFT_Envelope_RBF_SVM,K004,N15_M01_F10,N15_M01_F10_K004_8.mat,0,0
STFT_Envelope_RBF_SVM,K004,N15_M01_F10,N15_M01_F10_K004_9.mat,0,0
STFT_Envelope_RBF_SVM,K004,N15_M07_F04,N15_M07_F04_K004_1.mat,0,0
STFT_Envelope_RBF_SVM,K004,N15_M07_F04,N15_M07_F04_K004_10.mat,0,0
STFT_Envelope_RBF_SVM,K004,N15_M07_F04,N15_M07_F04_K004_11.mat,0,0
STFT_Envelope_RBF_SVM,K004,N15_M07_F04,N15_M07_F04_K004_12.mat,0,0
STFT_Envelope_RBF_SVM,K004,N15_M07_F04,N15_M07_F04_K004_13.mat,0,0
STFT_Envelope_RBF_SVM,K004,N15_M07_F04,N15_M07_F04_K004_14.mat,0,0
STFT_Envelope_RBF_SVM,K004,N15_M07_F04,N15_M07_F04_K004_15.mat,0,0
STFT_Envelope_RBF_SVM,K004,N15_M07_F04,N15_M07_F04_K004_16.mat,0,0
STFT_Envelope_RBF_SVM,K004,N15_M07_F04,N15_M07_F04_K004_17.mat,0,0
STFT_Envelope_RBF_SVM,K004,N15_M07_F04,N15_M07_F04_K004_18.mat,0,0
STFT_Envelope_RBF_SVM,K004,N15_M07_F04,N15_M07_F04_K004_19.mat,0,0
STFT_Envelope_RBF_SVM,K004,N15_M07_F04,N15_M07_F04_K004_2.mat,0,0
STFT_Envelope_RBF_SVM,K004,N15_M07_F04,N15_M07_F04_K004_20.mat,0,0
STFT_Envelope_RBF_SVM,K004,N15_M07_F04,N15_M07_F04_K004_3.mat,0,0
STFT_Envelope_RBF_SVM,K004,N15_M07_F04,N15_M07_F04_K004_4.mat,0,0
STFT_Envelope_RBF_SVM,K004,N15_M07_F04,N15_M07_F04_K004_5.mat,0,0
STFT_Envelope_RBF_SVM,K004,N15_M07_F04,N15_M07_F04_K004_6.mat,0,0
STFT_Envelope_RBF_SVM,K004,N15_M07_F04,N15_M07_F04_K004_7.mat,0,0
STFT_Envelope_RBF_SVM,K004,N15_M07_F04,N15_M07_F04_K004_8.mat,0,0
STFT_Envelope_RBF_SVM,K004,N15_M07_F04,N15_M07_F04_K004_9.mat,0,0
STFT_Envelope_RBF_SVM,K004,N15_M07_F10,N15_M07_F10_K004_1.mat,0,0
STFT_Envelope_RBF_SVM,K004,N15_M07_F10,N15_M07_F10_K004_10.mat,0,0
STFT_Envelope_RBF_SVM,K004,N15_M07_F10,N15_M07_F10_K004_11.mat,0,0
STFT_Envelope_RBF_SVM,K004,N15_M07_F10,N15_M07_F10_K004_12.mat,0,0
STFT_Envelope_RBF_SVM,K004,N15_M07_F10,N15_M07_F10_K004_13.mat,0,0
STFT_Envelope_RBF_SVM,K004,N15_M07_F10,N15_M07_F10_K004_14.mat,0,0
STFT_Envelope_RBF_SVM,K004,N15_M07_F10,N15_M07_F10_K004_15.mat,0,0
STFT_Envelope_RBF_SVM,K004,N15_M07_F10,N15_M07_F10_K004_16.mat,0,0
STFT_Envelope_RBF_SVM,K004,N15_M07_F10,N15_M07_F10_K004_17.mat,0,0
STFT_Envelope_RBF_SVM,K004,N15_M07_F10,N15_M07_F10_K004_18.mat,0,0
STFT_Envelope_RBF_SVM,K004,N15_M07_F10,N15_M07_F10_K004_19.mat,0,0
STFT_Envelope_RBF_SVM,K004,N15_M07_F10,N15_M07_F10_K004_2.mat,0,0
STFT_Envelope_RBF_SVM,K004,N15_M07_F10,N15_M07_F10_K004_20.mat,0,0
STFT_Envelope_RBF_SVM,K004,N15_M07_F10,N15_M07_F10_K004_3.mat,0,0
STFT_Envelope_RBF_SVM,K004,N15_M07_F10,N15_M07_F10_K004_4.mat,0,0
STFT_Envelope_RBF_SVM,K004,N15_M07_F10,N15_M07_F10_K004_5.mat,0,0
STFT_Envelope_RBF_SVM,K004,N15_M07_F10,N15_M07_F10_K004_6.mat,0,0
STFT_Envelope_RBF_SVM,K004,N15_M07_F10,N15_M07_F10_K004_7.mat,0,0
STFT_Envelope_RBF_SVM,K004,N15_M07_F10,N15_M07_F10_K004_8.mat,0,0
STFT_Envelope_RBF_SVM,K004,N15_M07_F10,N15_M07_F10_K004_9.mat,0,0
STFT_Envelope_RBF_SVM,K005,N09_M07_F10,N09_M07_F10_K005_1.mat,0,0
STFT_Envelope_RBF_SVM,K005,N09_M07_F10,N09_M07_F10_K005_10.mat,0,0
STFT_Envelope_RBF_SVM,K005,N09_M07_F10,N09_M07_F10_K005_11.mat,0,0
STFT_Envelope_RBF_SVM,K005,N09_M07_F10,N09_M07_F10_K005_12.mat,0,0
STFT_Envelope_RBF_SVM,K005,N09_M07_F10,N09_M07_F10_K005_13.mat,0,0
STFT_Envelope_RBF_SVM,K005,N09_M07_F10,N09_M07_F10_K005_14.mat,0,0
STFT_Envelope_RBF_SVM,K005,N09_M07_F10,N09_M07_F10_K005_15.mat,0,0
STFT_Envelope_RBF_SVM,K005,N09_M07_F10,N09_M07_F10_K005_16.mat,0,0
STFT_Envelope_RBF_SVM,K005,N09_M07_F10,N09_M07_F10_K005_17.mat,0,0
STFT_Envelope_RBF_SVM,K005,N09_M07_F10,N09_M07_F10_K005_18.mat,0,0
STFT_Envelope_RBF_SVM,K005,N09_M07_F10,N09_M07_F10_K005_19.mat,0,0
STFT_Envelope_RBF_SVM,K005,N09_M07_F10,N09_M07_F10_K005_2.mat,0,0
STFT_Envelope_RBF_SVM,K005,N09_M07_F10,N09_M07_F10_K005_20.mat,0,0
STFT_Envelope_RBF_SVM,K005,N09_M07_F10,N09_M07_F10_K005_3.mat,0,0
STFT_Envelope_RBF_SVM,K005,N09_M07_F10,N09_M07_F10_K005_4.mat,0,0
STFT_Envelope_RBF_SVM,K005,N09_M07_F10,N09_M07_F10_K005_5.mat,0,0
STFT_Envelope_RBF_SVM,K005,N09_M07_F10,N09_M07_F10_K005_6.mat,0,0
STFT_Envelope_RBF_SVM,K005,N09_M07_F10,N09_M07_F10_K005_7.mat,0,0
STFT_Envelope_RBF_SVM,K005,N09_M07_F10,N09_M07_F10_K005_8.mat,0,0
STFT_Envelope_RBF_SVM,K005,N09_M07_F10,N09_M07_F10_K005_9.mat,0,0
STFT_Envelope_RBF_SVM,K005,N15_M01_F10,N15_M01_F10_K005_1.mat,0,0
STFT_Envelope_RBF_SVM,K005,N15_M01_F10,N15_M01_F10_K005_10.mat,0,0
STFT_Envelope_RBF_SVM,K005,N15_M01_F10,N15_M01_F10_K005_11.mat,0,0
STFT_Envelope_RBF_SVM,K005,N15_M01_F10,N15_M01_F10_K005_12.mat,0,0
STFT_Envelope_RBF_SVM,K005,N15_M01_F10,N15_M01_F10_K005_13.mat,0,0
STFT_Envelope_RBF_SVM,K005,N15_M01_F10,N15_M01_F10_K005_14.mat,0,0
STFT_Envelope_RBF_SVM,K005,N15_M01_F10,N15_M01_F10_K005_15.mat,0,0
STFT_Envelope_RBF_SVM,K005,N15_M01_F10,N15_M01_F10_K005_16.mat,0,0
STFT_Envelope_RBF_SVM,K005,N15_M01_F10,N15_M01_F10_K005_17.mat,0,0
STFT_Envelope_RBF_SVM,K005,N15_M01_F10,N15_M01_F10_K005_18.mat,0,0
STFT_Envelope_RBF_SVM,K005,N15_M01_F10,N15_M01_F10_K005_19.mat,0,0
STFT_Envelope_RBF_SVM,K005,N15_M01_F10,N15_M01_F10_K005_2.mat,0,0
STFT_Envelope_RBF_SVM,K005,N15_M01_F10,N15_M01_F10_K005_20.mat,0,0
STFT_Envelope_RBF_SVM,K005,N15_M01_F10,N15_M01_F10_K005_3.mat,0,0
STFT_Envelope_RBF_SVM,K005,N15_M01_F10,N15_M01_F10_K005_4.mat,0,0
STFT_Envelope_RBF_SVM,K005,N15_M01_F10,N15_M01_F10_K005_5.mat,0,0
STFT_Envelope_RBF_SVM,K005,N15_M01_F10,N15_M01_F10_K005_6.mat,0,0
STFT_Envelope_RBF_SVM,K005,N15_M01_F10,N15_M01_F10_K005_7.mat,0,0
STFT_Envelope_RBF_SVM,K005,N15_M01_F10,N15_M01_F10_K005_8.mat,0,0
STFT_Envelope_RBF_SVM,K005,N15_M01_F10,N15_M01_F10_K005_9.mat,0,0
STFT_Envelope_RBF_SVM,K005,N15_M07_F04,N15_M07_F04_K005_1.mat,0,0
STFT_Envelope_RBF_SVM,K005,N15_M07_F04,N15_M07_F04_K005_10.mat,0,0
STFT_Envelope_RBF_SVM,K005,N15_M07_F04,N15_M07_F04_K005_11.mat,0,0
STFT_Envelope_RBF_SVM,K005,N15_M07_F04,N15_M07_F04_K005_12.mat,0,0
STFT_Envelope_RBF_SVM,K005,N15_M07_F04,N15_M07_F04_K005_13.mat,0,0
STFT_Envelope_RBF_SVM,K005,N15_M07_F04,N15_M07_F04_K005_14.mat,0,0
STFT_Envelope_RBF_SVM,K005,N15_M07_F04,N15_M07_F04_K005_15.mat,0,0
STFT_Envelope_RBF_SVM,K005,N15_M07_F04,N15_M07_F04_K005_16.mat,0,0
STFT_Envelope_RBF_SVM,K005,N15_M07_F04,N15_M07_F04_K005_17.mat,0,0
STFT_Envelope_RBF_SVM,K005,N15_M07_F04,N15_M07_F04_K005_18.mat,0,0
STFT_Envelope_RBF_SVM,K005,N15_M07_F04,N15_M07_F04_K005_19.mat,0,0
STFT_Envelope_RBF_SVM,K005,N15_M07_F04,N15_M07_F04_K005_2.mat,0,0
STFT_Envelope_RBF_SVM,K005,N15_M07_F04,N15_M07_F04_K005_20.mat,0,0
STFT_Envelope_RBF_SVM,K005,N15_M07_F04,N15_M07_F04_K005_3.mat,0,0
STFT_Envelope_RBF_SVM,K005,N15_M07_F04,N15_M07_F04_K005_4.mat,0,0
STFT_Envelope_RBF_SVM,K005,N15_M07_F04,N15_M07_F04_K005_5.mat,0,0
STFT_Envelope_RBF_SVM,K005,N15_M07_F04,N15_M07_F04_K005_6.mat,0,0
STFT_Envelope_RBF_SVM,K005,N15_M07_F04,N15_M07_F04_K005_7.mat,0,0
STFT_Envelope_RBF_SVM,K005,N15_M07_F04,N15_M07_F04_K005_8.mat,0,0
STFT_Envelope_RBF_SVM,K005,N15_M07_F04,N15_M07_F04_K005_9.mat,0,0
STFT_Envelope_RBF_SVM,K005,N15_M07_F10,N15_M07_F10_K005_1.mat,0,0
STFT_Envelope_RBF_SVM,K005,N15_M07_F10,N15_M07_F10_K005_10.mat,0,0
STFT_Envelope_RBF_SVM,K005,N15_M07_F10,N15_M07_F10_K005_11.mat,0,0
STFT_Envelope_RBF_SVM,K005,N15_M07_F10,N15_M07_F10_K005_12.mat,0,0
STFT_Envelope_RBF_SVM,K005,N15_M07_F10,N15_M07_F10_K005_13.mat,0,0
STFT_Envelope_RBF_SVM,K005,N15_M07_F10,N15_M07_F10_K005_14.mat,0,0
STFT_Envelope_RBF_SVM,K005,N15_M07_F10,N15_M07_F10_K005_15.mat,0,0
STFT_Envelope_RBF_SVM,K005,N15_M07_F10,N15_M07_F10_K005_16.mat,0,0
STFT_Envelope_RBF_SVM,K005,N15_M07_F10,N15_M07_F10_K005_17.mat,0,0
STFT_Envelope_RBF_SVM,K005,N15_M07_F10,N15_M07_F10_K005_18.mat,0,0
STFT_Envelope_RBF_SVM,K005,N15_M07_F10,N15_M07_F10_K005_19.mat,0,0
STFT_Envelope_RBF_SVM,K005,N15_M07_F10,N15_M07_F10_K005_2.mat,0,0
STFT_Envelope_RBF_SVM,K005,N15_M07_F10,N15_M07_F10_K005_20.mat,0,0
STFT_Envelope_RBF_SVM,K005,N15_M07_F10,N15_M07_F10_K005_3.mat,0,0
STFT_Envelope_RBF_SVM,K005,N15_M07_F10,N15_M07_F10_K005_4.mat,0,0
STFT_Envelope_RBF_SVM,K005,N15_M07_F10,N15_M07_F10_K005_5.mat,0,0
STFT_Envelope_RBF_SVM,K005,N15_M07_F10,N15_M07_F10_K005_6.mat,0,0
STFT_Envelope_RBF_SVM,K005,N15_M07_F10,N15_M07_F10_K005_7.mat,0,0
STFT_Envelope_RBF_SVM,K005,N15_M07_F10,N15_M07_F10_K005_8.mat,0,0
STFT_Envelope_RBF_SVM,K005,N15_M07_F10,N15_M07_F10_K005_9.mat,0,0
STFT_Envelope_RBF_SVM,K006,N09_M07_F10,N09_M07_F10_K006_1.mat,0,0
STFT_Envelope_RBF_SVM,K006,N09_M07_F10,N09_M07_F10_K006_10.mat,0,0
STFT_Envelope_RBF_SVM,K006,N09_M07_F10,N09_M07_F10_K006_11.mat,0,0
STFT_Envelope_RBF_SVM,K006,N09_M07_F10,N09_M07_F10_K006_12.mat,0,0
STFT_Envelope_RBF_SVM,K006,N09_M07_F10,N09_M07_F10_K006_13.mat,0,0
STFT_Envelope_RBF_SVM,K006,N09_M07_F10,N09_M07_F10_K006_14.mat,0,0
STFT_Envelope_RBF_SVM,K006,N09_M07_F10,N09_M07_F10_K006_15.mat,0,0
STFT_Envelope_RBF_SVM,K006,N09_M07_F10,N09_M07_F10_K006_16.mat,0,0
STFT_Envelope_RBF_SVM,K006,N09_M07_F10,N09_M07_F10_K006_17.mat,0,0
STFT_Envelope_RBF_SVM,K006,N09_M07_F10,N09_M07_F10_K006_18.mat,0,0
STFT_Envelope_RBF_SVM,K006,N09_M07_F10,N09_M07_F10_K006_19.mat,0,0
STFT_Envelope_RBF_SVM,K006,N09_M07_F10,N09_M07_F10_K006_2.mat,0,0
STFT_Envelope_RBF_SVM,K006,N09_M07_F10,N09_M07_F10_K006_20.mat,0,0
STFT_Envelope_RBF_SVM,K006,N09_M07_F10,N09_M07_F10_K006_3.mat,0,0
STFT_Envelope_RBF_SVM,K006,N09_M07_F10,N09_M07_F10_K006_4.mat,0,0
STFT_Envelope_RBF_SVM,K006,N09_M07_F10,N09_M07_F10_K006_5.mat,0,0
STFT_Envelope_RBF_SVM,K006,N09_M07_F10,N09_M07_F10_K006_6.mat,0,0
STFT_Envelope_RBF_SVM,K006,N09_M07_F10,N09_M07_F10_K006_7.mat,0,0
STFT_Envelope_RBF_SVM,K006,N09_M07_F10,N09_M07_F10_K006_8.mat,0,0
STFT_Envelope_RBF_SVM,K006,N09_M07_F10,N09_M07_F10_K006_9.mat,0,0
STFT_Envelope_RBF_SVM,K006,N15_M01_F10,N15_M01_F10_K006_1.mat,0,0
STFT_Envelope_RBF_SVM,K006,N15_M01_F10,N15_M01_F10_K006_10.mat,0,0
STFT_Envelope_RBF_SVM,K006,N15_M01_F10,N15_M01_F10_K006_11.mat,0,0
STFT_Envelope_RBF_SVM,K006,N15_M01_F10,N15_M01_F10_K006_12.mat,0,0
STFT_Envelope_RBF_SVM,K006,N15_M01_F10,N15_M01_F10_K006_13.mat,0,0
STFT_Envelope_RBF_SVM,K006,N15_M01_F10,N15_M01_F10_K006_14.mat,0,0
STFT_Envelope_RBF_SVM,K006,N15_M01_F10,N15_M01_F10_K006_15.mat,0,0
STFT_Envelope_RBF_SVM,K006,N15_M01_F10,N15_M01_F10_K006_16.mat,0,0
STFT_Envelope_RBF_SVM,K006,N15_M01_F10,N15_M01_F10_K006_17.mat,0,0
STFT_Envelope_RBF_SVM,K006,N15_M01_F10,N15_M01_F10_K006_18.mat,0,0
STFT_Envelope_RBF_SVM,K006,N15_M01_F10,N15_M01_F10_K006_19.mat,0,0
STFT_Envelope_RBF_SVM,K006,N15_M01_F10,N15_M01_F10_K006_2.mat,0,0
STFT_Envelope_RBF_SVM,K006,N15_M01_F10,N15_M01_F10_K006_20.mat,0,0
STFT_Envelope_RBF_SVM,K006,N15_M01_F10,N15_M01_F10_K006_3.mat,0,0
STFT_Envelope_RBF_SVM,K006,N15_M01_F10,N15_M01_F10_K006_4.mat,0,0
STFT_Envelope_RBF_SVM,K006,N15_M01_F10,N15_M01_F10_K006_5.mat,0,0
STFT_Envelope_RBF_SVM,K006,N15_M01_F10,N15_M01_F10_K006_6.mat,0,0
STFT_Envelope_RBF_SVM,K006,N15_M01_F10,N15_M01_F10_K006_7.mat,0,0
STFT_Envelope_RBF_SVM,K006,N15_M01_F10,N15_M01_F10_K006_8.mat,0,0
STFT_Envelope_RBF_SVM,K006,N15_M01_F10,N15_M01_F10_K006_9.mat,0,0
STFT_Envelope_RBF_SVM,K006,N15_M07_F04,N15_M07_F04_K006_1.mat,0,0
STFT_Envelope_RBF_SVM,K006,N15_M07_F04,N15_M07_F04_K006_10.mat,0,0
STFT_Envelope_RBF_SVM,K006,N15_M07_F04,N15_M07_F04_K006_11.mat,0,0
STFT_Envelope_RBF_SVM,K006,N15_M07_F04,N15_M07_F04_K006_12.mat,0,0
STFT_Envelope_RBF_SVM,K006,N15_M07_F04,N15_M07_F04_K006_13.mat,0,0
STFT_Envelope_RBF_SVM,K006,N15_M07_F04,N15_M07_F04_K006_14.mat,0,0
STFT_Envelope_RBF_SVM,K006,N15_M07_F04,N15_M07_F04_K006_15.mat,0,0
STFT_Envelope_RBF_SVM,K006,N15_M07_F04,N15_M07_F04_K006_16.mat,0,0
STFT_Envelope_RBF_SVM,K006,N15_M07_F04,N15_M07_F04_K006_17.mat,0,0
STFT_Envelope_RBF_SVM,K006,N15_M07_F04,N15_M07_F04_K006_18.mat,0,0
STFT_Envelope_RBF_SVM,K006,N15_M07_F04,N15_M07_F04_K006_19.mat,0,0
STFT_Envelope_RBF_SVM,K006,N15_M07_F04,N15_M07_F04_K006_2.mat,0,0
STFT_Envelope_RBF_SVM,K006,N15_M07_F04,N15_M07_F04_K006_20.mat,0,0
STFT_Envelope_RBF_SVM,K006,N15_M07_F04,N15_M07_F04_K006_3.mat,0,0
STFT_Envelope_RBF_SVM,K006,N15_M07_F04,N15_M07_F04_K006_4.mat,0,0
STFT_Envelope_RBF_SVM,K006,N15_M07_F04,N15_M07_F04_K006_5.mat,0,0
STFT_Envelope_RBF_SVM,K006,N15_M07_F04,N15_M07_F04_K006_6.mat,0,0
STFT_Envelope_RBF_SVM,K006,N15_M07_F04,N15_M07_F04_K006_7.mat,0,0
STFT_Envelope_RBF_SVM,K006,N15_M07_F04,N15_M07_F04_K006_8.mat,0,0
STFT_Envelope_RBF_SVM,K006,N15_M07_F04,N15_M07_F04_K006_9.mat,0,0
STFT_Envelope_RBF_SVM,K006,N15_M07_F10,N15_M07_F10_K006_1.mat,0,0
STFT_Envelope_RBF_SVM,K006,N15_M07_F10,N15_M07_F10_K006_10.mat,0,0
STFT_Envelope_RBF_SVM,K006,N15_M07_F10,N15_M07_F10_K006_11.mat,0,0
STFT_Envelope_RBF_SVM,K006,N15_M07_F10,N15_M07_F10_K006_12.mat,0,0
STFT_Envelope_RBF_SVM,K006,N15_M07_F10,N15_M07_F10_K006_13.mat,0,0
STFT_Envelope_RBF_SVM,K006,N15_M07_F10,N15_M07_F10_K006_14.mat,0,0
STFT_Envelope_RBF_SVM,K006,N15_M07_F10,N15_M07_F10_K006_15.mat,0,0
STFT_Envelope_RBF_SVM,K006,N15_M07_F10,N15_M07_F10_K006_16.mat,0,0
STFT_Envelope_RBF_SVM,K006,N15_M07_F10,N15_M07_F10_K006_17.mat,0,0
STFT_Envelope_RBF_SVM,K006,N15_M07_F10,N15_M07_F10_K006_18.mat,0,0
STFT_Envelope_RBF_SVM,K006,N15_M07_F10,N15_M07_F10_K006_19.mat,0,0
STFT_Envelope_RBF_SVM,K006,N15_M07_F10,N15_M07_F10_K006_2.mat,0,0
STFT_Envelope_RBF_SVM,K006,N15_M07_F10,N15_M07_F10_K006_20.mat,0,0
STFT_Envelope_RBF_SVM,K006,N15_M07_F10,N15_M07_F10_K006_3.mat,0,0
STFT_Envelope_RBF_SVM,K006,N15_M07_F10,N15_M07_F10_K006_4.mat,0,0
STFT_Envelope_RBF_SVM,K006,N15_M07_F10,N15_M07_F10_K006_5.mat,0,0
STFT_Envelope_RBF_SVM,K006,N15_M07_F10,N15_M07_F10_K006_6.mat,0,0
STFT_Envelope_RBF_SVM,K006,N15_M07_F10,N15_M07_F10_K006_7.mat,0,0
STFT_Envelope_RBF_SVM,K006,N15_M07_F10,N15_M07_F10_K006_8.mat,0,0
STFT_Envelope_RBF_SVM,K006,N15_M07_F10,N15_M07_F10_K006_9.mat,0,0
STFT_Envelope_RBF_SVM,KA01,N09_M07_F10,N09_M07_F10_KA01_1.mat,1,1
STFT_Envelope_RBF_SVM,KA01,N09_M07_F10,N09_M07_F10_KA01_10.mat,1,1
STFT_Envelope_RBF_SVM,KA01,N09_M07_F10,N09_M07_F10_KA01_11.mat,1,1
STFT_Envelope_RBF_SVM,KA01,N09_M07_F10,N09_M07_F10_KA01_12.mat,1,1
STFT_Envelope_RBF_SVM,KA01,N09_M07_F10,N09_M07_F10_KA01_13.mat,1,1
STFT_Envelope_RBF_SVM,KA01,N09_M07_F10,N09_M07_F10_KA01_14.mat,1,1
STFT_Envelope_RBF_SVM,KA01,N09_M07_F10,N09_M07_F10_KA01_15.mat,1,1
STFT_Envelope_RBF_SVM,KA01,N09_M07_F10,N09_M07_F10_KA01_16.mat,1,1
STFT_Envelope_RBF_SVM,KA01,N09_M07_F10,N09_M07_F10_KA01_17.mat,1,1
STFT_Envelope_RBF_SVM,KA01,N09_M07_F10,N09_M07_F10_KA01_18.mat,1,1
STFT_Envelope_RBF_SVM,KA01,N09_M07_F10,N09_M07_F10_KA01_19.mat,1,1
STFT_Envelope_RBF_SVM,KA01,N09_M07_F10,N09_M07_F10_KA01_2.mat,1,1
STFT_Envelope_RBF_SVM,KA01,N09_M07_F10,N09_M07_F10_KA01_20.mat,1,1
STFT_Envelope_RBF_SVM,KA01,N09_M07_F10,N09_M07_F10_KA01_3.mat,1,1
STFT_Envelope_RBF_SVM,KA01,N09_M07_F10,N09_M07_F10_KA01_4.mat,1,1
STFT_Envelope_RBF_SVM,KA01,N09_M07_F10,N09_M07_F10_KA01_5.mat,1,1
STFT_Envelope_RBF_SVM,KA01,N09_M07_F10,N09_M07_F10_KA01_6.mat,1,1
STFT_Envelope_RBF_SVM,KA01,N09_M07_F10,N09_M07_F10_KA01_7.mat,1,1
STFT_Envelope_RBF_SVM,KA01,N09_M07_F10,N09_M07_F10_KA01_8.mat,1,1
STFT_Envelope_RBF_SVM,KA01,N09_M07_F10,N09_M07_F10_KA01_9.mat,1,1
STFT_Envelope_RBF_SVM,KA01,N15_M01_F10,N15_M01_F10_KA01_1.mat,1,1
STFT_Envelope_RBF_SVM,KA01,N15_M01_F10,N15_M01_F10_KA01_10.mat,1,1
STFT_Envelope_RBF_SVM,KA01,N15_M01_F10,N15_M01_F10_KA01_11.mat,1,1
STFT_Envelope_RBF_SVM,KA01,N15_M01_F10,N15_M01_F10_KA01_12.mat,1,1
STFT_Envelope_RBF_SVM,KA01,N15_M01_F10,N15_M01_F10_KA01_13.mat,1,1
STFT_Envelope_RBF_SVM,KA01,N15_M01_F10,N15_M01_F10_KA01_14.mat,1,1
STFT_Envelope_RBF_SVM,KA01,N15_M01_F10,N15_M01_F10_KA01_15.mat,1,1
STFT_Envelope_RBF_SVM,KA01,N15_M01_F10,N15_M01_F10_KA01_16.mat,1,1
STFT_Envelope_RBF_SVM,KA01,N15_M01_F10,N15_M01_F10_KA01_17.mat,1,1
STFT_Envelope_RBF_SVM,KA01,N15_M01_F10,N15_M01_F10_KA01_18.mat,1,1
STFT_Envelope_RBF_SVM,KA01,N15_M01_F10,N15_M01_F10_KA01_19.mat,1,1
STFT_Envelope_RBF_SVM,KA01,N15_M01_F10,N15_M01_F10_KA01_2.mat,1,1
STFT_Envelope_RBF_SVM,KA01,N15_M01_F10,N15_M01_F10_KA01_20.mat,1,1
STFT_Envelope_RBF_SVM,KA01,N15_M01_F10,N15_M01_F10_KA01_3.mat,1,1
STFT_Envelope_RBF_SVM,KA01,N15_M01_F10,N15_M01_F10_KA01_4.mat,1,1
STFT_Envelope_RBF_SVM,KA01,N15_M01_F10,N15_M01_F10_KA01_5.mat,1,1
STFT_Envelope_RBF_SVM,KA01,N15_M01_F10,N15_M01_F10_KA01_6.mat,1,1
STFT_Envelope_RBF_SVM,KA01,N15_M01_F10,N15_M01_F10_KA01_7.mat,1,1
STFT_Envelope_RBF_SVM,KA01,N15_M01_F10,N15_M01_F10_KA01_8.mat,1,1
STFT_Envelope_RBF_SVM,KA01,N15_M01_F10,N15_M01_F10_KA01_9.mat,1,1
STFT_Envelope_RBF_SVM,KA01,N15_M07_F04,N15_M07_F04_KA01_1.mat,1,1
STFT_Envelope_RBF_SVM,KA01,N15_M07_F04,N15_M07_F04_KA01_10.mat,1,1
STFT_Envelope_RBF_SVM,KA01,N15_M07_F04,N15_M07_F04_KA01_11.mat,1,1
STFT_Envelope_RBF_SVM,KA01,N15_M07_F04,N15_M07_F04_KA01_12.mat,1,1
STFT_Envelope_RBF_SVM,KA01,N15_M07_F04,N15_M07_F04_KA01_13.mat,1,1
STFT_Envelope_RBF_SVM,KA01,N15_M07_F04,N15_M07_F04_KA01_14.mat,1,1
STFT_Envelope_RBF_SVM,KA01,N15_M07_F04,N15_M07_F04_KA01_15.mat,1,1
STFT_Envelope_RBF_SVM,KA01,N15_M07_F04,N15_M07_F04_KA01_16.mat,1,1
STFT_Envelope_RBF_SVM,KA01,N15_M07_F04,N15_M07_F04_KA01_17.mat,1,1
STFT_Envelope_RBF_SVM,KA01,N15_M07_F04,N15_M07_F04_KA01_18.mat,1,1
STFT_Envelope_RBF_SVM,KA01,N15_M07_F04,N15_M07_F04_KA01_19.mat,1,1
STFT_Envelope_RBF_SVM,KA01,N15_M07_F04,N15_M07_F04_KA01_2.mat,1,1
STFT_Envelope_RBF_SVM,KA01,N15_M07_F04,N15_M07_F04_KA01_20.mat,1,1
STFT_Envelope_RBF_SVM,KA01,N15_M07_F04,N15_M07_F04_KA01_3.mat,1,1
STFT_Envelope_RBF_SVM,KA01,N15_M07_F04,N15_M07_F04_KA01_4.mat,1,1
STFT_Envelope_RBF_SVM,KA01,N15_M07_F04,N15_M07_F04_KA01_5.mat,1,1
STFT_Envelope_RBF_SVM,KA01,N15_M07_F04,N15_M07_F04_KA01_6.mat,1,1
STFT_Envelope_RBF_SVM,KA01,N15_M07_F04,N15_M07_F04_KA01_7.mat,1,1
STFT_Envelope_RBF_SVM,KA01,N15_M07_F04,N15_M07_F04_KA01_8.mat,1,1
STFT_Envelope_RBF_SVM,KA01,N15_M07_F04,N15_M07_F04_KA01_9.mat,1,1
STFT_Envelope_RBF_SVM,KA01,N15_M07_F10,N15_M07_F10_KA01_1.mat,1,1
STFT_Envelope_RBF_SVM,KA01,N15_M07_F10,N15_M07_F10_KA01_10.mat,1,1
STFT_Envelope_RBF_SVM,KA01,N15_M07_F10,N15_M07_F10_KA01_11.mat,1,1
STFT_Envelope_RBF_SVM,KA01,N15_M07_F10,N15_M07_F10_KA01_12.mat,1,1
STFT_Envelope_RBF_SVM,KA01,N15_M07_F10,N15_M07_F10_KA01_13.mat,1,1
STFT_Envelope_RBF_SVM,KA01,N15_M07_F10,N15_M07_F10_KA01_14.mat,1,1
STFT_Envelope_RBF_SVM,KA01,N15_M07_F10,N15_M07_F10_KA01_15.mat,1,1
STFT_Envelope_RBF_SVM,KA01,N15_M07_F10,N15_M07_F10_KA01_16.mat,1,1
STFT_Envelope_RBF_SVM,KA01,N15_M07_F10,N15_M07_F10_KA01_17.mat,1,1
STFT_Envelope_RBF_SVM,KA01,N15_M07_F10,N15_M07_F10_KA01_18.mat,1,1
STFT_Envelope_RBF_SVM,KA01,N15_M07_F10,N15_M07_F10_KA01_19.mat,1,1
STFT_Envelope_RBF_SVM,KA01,N15_M07_F10,N15_M07_F10_KA01_2.mat,1,1
STFT_Envelope_RBF_SVM,KA01,N15_M07_F10,N15_M07_F10_KA01_20.mat,1,1
STFT_Envelope_RBF_SVM,KA01,N15_M07_F10,N15_M07_F10_KA01_3.mat,1,1
STFT_Envelope_RBF_SVM,KA01,N15_M07_F10,N15_M07_F10_KA01_4.mat,1,1
STFT_Envelope_RBF_SVM,KA01,N15_M07_F10,N15_M07_F10_KA01_5.mat,1,1
STFT_Envelope_RBF_SVM,KA01,N15_M07_F10,N15_M07_F10_KA01_6.mat,1,1
STFT_Envelope_RBF_SVM,KA01,N15_M07_F10,N15_M07_F10_KA01_7.mat,1,1
STFT_Envelope_RBF_SVM,KA01,N15_M07_F10,N15_M07_F10_KA01_8.mat,1,1
STFT_Envelope_RBF_SVM,KA01,N15_M07_F10,N15_M07_F10_KA01_9.mat,1,1
STFT_Envelope_RBF_SVM,KA03,N09_M07_F10,N09_M07_F10_KA03_1.mat,1,0
STFT_Envelope_RBF_SVM,KA03,N09_M07_F10,N09_M07_F10_KA03_10.mat,1,0
STFT_Envelope_RBF_SVM,KA03,N09_M07_F10,N09_M07_F10_KA03_11.mat,1,0
STFT_Envelope_RBF_SVM,KA03,N09_M07_F10,N09_M07_F10_KA03_12.mat,1,0
STFT_Envelope_RBF_SVM,KA03,N09_M07_F10,N09_M07_F10_KA03_13.mat,1,0
STFT_Envelope_RBF_SVM,KA03,N09_M07_F10,N09_M07_F10_KA03_14.mat,1,0
STFT_Envelope_RBF_SVM,KA03,N09_M07_F10,N09_M07_F10_KA03_15.mat,1,0
STFT_Envelope_RBF_SVM,KA03,N09_M07_F10,N09_M07_F10_KA03_16.mat,1,0
STFT_Envelope_RBF_SVM,KA03,N09_M07_F10,N09_M07_F10_KA03_17.mat,1,0
STFT_Envelope_RBF_SVM,KA03,N09_M07_F10,N09_M07_F10_KA03_18.mat,1,0
STFT_Envelope_RBF_SVM,KA03,N09_M07_F10,N09_M07_F10_KA03_19.mat,1,0
STFT_Envelope_RBF_SVM,KA03,N09_M07_F10,N09_M07_F10_KA03_2.mat,1,0
STFT_Envelope_RBF_SVM,KA03,N09_M07_F10,N09_M07_F10_KA03_20.mat,1,0
STFT_Envelope_RBF_SVM,KA03,N09_M07_F10,N09_M07_F10_KA03_3.mat,1,0
STFT_Envelope_RBF_SVM,KA03,N09_M07_F10,N09_M07_F10_KA03_4.mat,1,0
STFT_Envelope_RBF_SVM,KA03,N09_M07_F10,N09_M07_F10_KA03_5.mat,1,0
STFT_Envelope_RBF_SVM,KA03,N09_M07_F10,N09_M07_F10_KA03_6.mat,1,0
STFT_Envelope_RBF_SVM,KA03,N09_M07_F10,N09_M07_F10_KA03_7.mat,1,0
STFT_Envelope_RBF_SVM,KA03,N09_M07_F10,N09_M07_F10_KA03_8.mat,1,0
STFT_Envelope_RBF_SVM,KA03,N09_M07_F10,N09_M07_F10_KA03_9.mat,1,0
STFT_Envelope_RBF_SVM,KA03,N15_M01_F10,N15_M01_F10_KA03_1.mat,1,0
STFT_Envelope_RBF_SVM,KA03,N15_M01_F10,N15_M01_F10_KA03_10.mat,1,0
STFT_Envelope_RBF_SVM,KA03,N15_M01_F10,N15_M01_F10_KA03_11.mat,1,0
STFT_Envelope_RBF_SVM,KA03,N15_M01_F10,N15_M01_F10_KA03_12.mat,1,0
STFT_Envelope_RBF_SVM,KA03,N15_M01_F10,N15_M01_F10_KA03_13.mat,1,0
STFT_Envelope_RBF_SVM,KA03,N15_M01_F10,N15_M01_F10_KA03_14.mat,1,0
STFT_Envelope_RBF_SVM,KA03,N15_M01_F10,N15_M01_F10_KA03_15.mat,1,0
STFT_Envelope_RBF_SVM,KA03,N15_M01_F10,N15_M01_F10_KA03_16.mat,1,0
STFT_Envelope_RBF_SVM,KA03,N15_M01_F10,N15_M01_F10_KA03_17.mat,1,0
STFT_Envelope_RBF_SVM,KA03,N15_M01_F10,N15_M01_F10_KA03_18.mat,1,0
STFT_Envelope_RBF_SVM,KA03,N15_M01_F10,N15_M01_F10_KA03_19.mat,1,0
STFT_Envelope_RBF_SVM,KA03,N15_M01_F10,N15_M01_F10_KA03_2.mat,1,0
STFT_Envelope_RBF_SVM,KA03,N15_M01_F10,N15_M01_F10_KA03_20.mat,1,0
STFT_Envelope_RBF_SVM,KA03,N15_M01_F10,N15_M01_F10_KA03_3.mat,1,0
STFT_Envelope_RBF_SVM,KA03,N15_M01_F10,N15_M01_F10_KA03_4.mat,1,0
STFT_Envelope_RBF_SVM,KA03,N15_M01_F10,N15_M01_F10_KA03_5.mat,1,0
STFT_Envelope_RBF_SVM,KA03,N15_M01_F10,N15_M01_F10_KA03_6.mat,1,0
STFT_Envelope_RBF_SVM,KA03,N15_M01_F10,N15_M01_F10_KA03_7.mat,1,0
STFT_Envelope_RBF_SVM,KA03,N15_M01_F10,N15_M01_F10_KA03_8.mat,1,0
STFT_Envelope_RBF_SVM,KA03,N15_M01_F10,N15_M01_F10_KA03_9.mat,1,0
STFT_Envelope_RBF_SVM,KA03,N15_M07_F04,N15_M07_F04_KA03_1.mat,1,1
STFT_Envelope_RBF_SVM,KA03,N15_M07_F04,N15_M07_F04_KA03_10.mat,1,1
STFT_Envelope_RBF_SVM,KA03,N15_M07_F04,N15_M07_F04_KA03_11.mat,1,1
STFT_Envelope_RBF_SVM,KA03,N15_M07_F04,N15_M07_F04_KA03_12.mat,1,1
STFT_Envelope_RBF_SVM,KA03,N15_M07_F04,N15_M07_F04_KA03_13.mat,1,1
STFT_Envelope_RBF_SVM,KA03,N15_M07_F04,N15_M07_F04_KA03_14.mat,1,1
STFT_Envelope_RBF_SVM,KA03,N15_M07_F04,N15_M07_F04_KA03_15.mat,1,1
STFT_Envelope_RBF_SVM,KA03,N15_M07_F04,N15_M07_F04_KA03_16.mat,1,1
STFT_Envelope_RBF_SVM,KA03,N15_M07_F04,N15_M07_F04_KA03_17.mat,1,1
STFT_Envelope_RBF_SVM,KA03,N15_M07_F04,N15_M07_F04_KA03_18.mat,1,1
STFT_Envelope_RBF_SVM,KA03,N15_M07_F04,N15_M07_F04_KA03_19.mat,1,1
STFT_Envelope_RBF_SVM,KA03,N15_M07_F04,N15_M07_F04_KA03_2.mat,1,1
STFT_Envelope_RBF_SVM,KA03,N15_M07_F04,N15_M07_F04_KA03_20.mat,1,1
STFT_Envelope_RBF_SVM,KA03,N15_M07_F04,N15_M07_F04_KA03_3.mat,1,1
STFT_Envelope_RBF_SVM,KA03,N15_M07_F04,N15_M07_F04_KA03_4.mat,1,1
STFT_Envelope_RBF_SVM,KA03,N15_M07_F04,N15_M07_F04_KA03_5.mat,1,1
STFT_Envelope_RBF_SVM,KA03,N15_M07_F04,N15_M07_F04_KA03_6.mat,1,1
STFT_Envelope_RBF_SVM,KA03,N15_M07_F04,N15_M07_F04_KA03_7.mat,1,1
STFT_Envelope_RBF_SVM,KA03,N15_M07_F04,N15_M07_F04_KA03_8.mat,1,1
STFT_Envelope_RBF_SVM,KA03,N15_M07_F04,N15_M07_F04_KA03_9.mat,1,1
STFT_Envelope_RBF_SVM,KA03,N15_M07_F10,N15_M07_F10_KA03_1.mat,1,0
STFT_Envelope_RBF_SVM,KA03,N15_M07_F10,N15_M07_F10_KA03_10.mat,1,0
STFT_Envelope_RBF_SVM,KA03,N15_M07_F10,N15_M07_F10_KA03_11.mat,1,1
STFT_Envelope_RBF_SVM,KA03,N15_M07_F10,N15_M07_F10_KA03_12.mat,1,0
STFT_Envelope_RBF_SVM,KA03,N15_M07_F10,N15_M07_F10_KA03_13.mat,1,1
STFT_Envelope_RBF_SVM,KA03,N15_M07_F10,N15_M07_F10_KA03_14.mat,1,0
STFT_Envelope_RBF_SVM,KA03,N15_M07_F10,N15_M07_F10_KA03_15.mat,1,0
STFT_Envelope_RBF_SVM,KA03,N15_M07_F10,N15_M07_F10_KA03_16.mat,1,0
STFT_Envelope_RBF_SVM,KA03,N15_M07_F10,N15_M07_F10_KA03_17.mat,1,0
STFT_Envelope_RBF_SVM,KA03,N15_M07_F10,N15_M07_F10_KA03_18.mat,1,0
STFT_Envelope_RBF_SVM,KA03,N15_M07_F10,N15_M07_F10_KA03_19.mat,1,0
STFT_Envelope_RBF_SVM,KA03,N15_M07_F10,N15_M07_F10_KA03_2.mat,1,1
STFT_Envelope_RBF_SVM,KA03,N15_M07_F10,N15_M07_F10_KA03_20.mat,1,0
STFT_Envelope_RBF_SVM,KA03,N15_M07_F10,N15_M07_F10_KA03_3.mat,1,0
STFT_Envelope_RBF_SVM,KA03,N15_M07_F10,N15_M07_F10_KA03_4.mat,1,0
STFT_Envelope_RBF_SVM,KA03,N15_M07_F10,N15_M07_F10_KA03_5.mat,1,0
STFT_Envelope_RBF_SVM,KA03,N15_M07_F10,N15_M07_F10_KA03_6.mat,1,1
STFT_Envelope_RBF_SVM,KA03,N15_M07_F10,N15_M07_F10_KA03_7.mat,1,0
STFT_Envelope_RBF_SVM,KA03,N15_M07_F10,N15_M07_F10_KA03_8.mat,1,0
STFT_Envelope_RBF_SVM,KA03,N15_M07_F10,N15_M07_F10_KA03_9.mat,1,0
STFT_Envelope_RBF_SVM,KA04,N09_M07_F10,N09_M07_F10_KA04_1.mat,1,1
STFT_Envelope_RBF_SVM,KA04,N09_M07_F10,N09_M07_F10_KA04_10.mat,1,1
STFT_Envelope_RBF_SVM,KA04,N09_M07_F10,N09_M07_F10_KA04_11.mat,1,1
STFT_Envelope_RBF_SVM,KA04,N09_M07_F10,N09_M07_F10_KA04_12.mat,1,1
STFT_Envelope_RBF_SVM,KA04,N09_M07_F10,N09_M07_F10_KA04_13.mat,1,1
STFT_Envelope_RBF_SVM,KA04,N09_M07_F10,N09_M07_F10_KA04_14.mat,1,1
STFT_Envelope_RBF_SVM,KA04,N09_M07_F10,N09_M07_F10_KA04_15.mat,1,1
STFT_Envelope_RBF_SVM,KA04,N09_M07_F10,N09_M07_F10_KA04_16.mat,1,1
STFT_Envelope_RBF_SVM,KA04,N09_M07_F10,N09_M07_F10_KA04_17.mat,1,1
STFT_Envelope_RBF_SVM,KA04,N09_M07_F10,N09_M07_F10_KA04_18.mat,1,1
STFT_Envelope_RBF_SVM,KA04,N09_M07_F10,N09_M07_F10_KA04_19.mat,1,1
STFT_Envelope_RBF_SVM,KA04,N09_M07_F10,N09_M07_F10_KA04_2.mat,1,1
STFT_Envelope_RBF_SVM,KA04,N09_M07_F10,N09_M07_F10_KA04_20.mat,1,1
STFT_Envelope_RBF_SVM,KA04,N09_M07_F10,N09_M07_F10_KA04_3.mat,1,1
STFT_Envelope_RBF_SVM,KA04,N09_M07_F10,N09_M07_F10_KA04_4.mat,1,1
STFT_Envelope_RBF_SVM,KA04,N09_M07_F10,N09_M07_F10_KA04_5.mat,1,1
STFT_Envelope_RBF_SVM,KA04,N09_M07_F10,N09_M07_F10_KA04_6.mat,1,1
STFT_Envelope_RBF_SVM,KA04,N09_M07_F10,N09_M07_F10_KA04_7.mat,1,1
STFT_Envelope_RBF_SVM,KA04,N09_M07_F10,N09_M07_F10_KA04_8.mat,1,1
STFT_Envelope_RBF_SVM,KA04,N09_M07_F10,N09_M07_F10_KA04_9.mat,1,1
STFT_Envelope_RBF_SVM,KA04,N15_M01_F10,N15_M01_F10_KA04_1.mat,1,1
STFT_Envelope_RBF_SVM,KA04,N15_M01_F10,N15_M01_F10_KA04_10.mat,1,1
STFT_Envelope_RBF_SVM,KA04,N15_M01_F10,N15_M01_F10_KA04_11.mat,1,1
STFT_Envelope_RBF_SVM,KA04,N15_M01_F10,N15_M01_F10_KA04_12.mat,1,1
STFT_Envelope_RBF_SVM,KA04,N15_M01_F10,N15_M01_F10_KA04_13.mat,1,1
STFT_Envelope_RBF_SVM,KA04,N15_M01_F10,N15_M01_F10_KA04_14.mat,1,1
STFT_Envelope_RBF_SVM,KA04,N15_M01_F10,N15_M01_F10_KA04_15.mat,1,1
STFT_Envelope_RBF_SVM,KA04,N15_M01_F10,N15_M01_F10_KA04_16.mat,1,1
STFT_Envelope_RBF_SVM,KA04,N15_M01_F10,N15_M01_F10_KA04_17.mat,1,1
STFT_Envelope_RBF_SVM,KA04,N15_M01_F10,N15_M01_F10_KA04_18.mat,1,1
STFT_Envelope_RBF_SVM,KA04,N15_M01_F10,N15_M01_F10_KA04_19.mat,1,1
STFT_Envelope_RBF_SVM,KA04,N15_M01_F10,N15_M01_F10_KA04_2.mat,1,1
STFT_Envelope_RBF_SVM,KA04,N15_M01_F10,N15_M01_F10_KA04_20.mat,1,1
STFT_Envelope_RBF_SVM,KA04,N15_M01_F10,N15_M01_F10_KA04_3.mat,1,1
STFT_Envelope_RBF_SVM,KA04,N15_M01_F10,N15_M01_F10_KA04_4.mat,1,1
STFT_Envelope_RBF_SVM,KA04,N15_M01_F10,N15_M01_F10_KA04_5.mat,1,1
STFT_Envelope_RBF_SVM,KA04,N15_M01_F10,N15_M01_F10_KA04_6.mat,1,1
STFT_Envelope_RBF_SVM,KA04,N15_M01_F10,N15_M01_F10_KA04_7.mat,1,1
STFT_Envelope_RBF_SVM,KA04,N15_M01_F10,N15_M01_F10_KA04_8.mat,1,1
STFT_Envelope_RBF_SVM,KA04,N15_M01_F10,N15_M01_F10_KA04_9.mat,1,1
STFT_Envelope_RBF_SVM,KA04,N15_M07_F04,N15_M07_F04_KA04_1.mat,1,1
STFT_Envelope_RBF_SVM,KA04,N15_M07_F04,N15_M07_F04_KA04_10.mat,1,1
STFT_Envelope_RBF_SVM,KA04,N15_M07_F04,N15_M07_F04_KA04_11.mat,1,1
STFT_Envelope_RBF_SVM,KA04,N15_M07_F04,N15_M07_F04_KA04_12.mat,1,1
STFT_Envelope_RBF_SVM,KA04,N15_M07_F04,N15_M07_F04_KA04_13.mat,1,1
STFT_Envelope_RBF_SVM,KA04,N15_M07_F04,N15_M07_F04_KA04_14.mat,1,1
STFT_Envelope_RBF_SVM,KA04,N15_M07_F04,N15_M07_F04_KA04_15.mat,1,1
STFT_Envelope_RBF_SVM,KA04,N15_M07_F04,N15_M07_F04_KA04_16.mat,1,1
STFT_Envelope_RBF_SVM,KA04,N15_M07_F04,N15_M07_F04_KA04_17.mat,1,1
STFT_Envelope_RBF_SVM,KA04,N15_M07_F04,N15_M07_F04_KA04_18.mat,1,1
STFT_Envelope_RBF_SVM,KA04,N15_M07_F04,N15_M07_F04_KA04_19.mat,1,1
STFT_Envelope_RBF_SVM,KA04,N15_M07_F04,N15_M07_F04_KA04_2.mat,1,1
STFT_Envelope_RBF_SVM,KA04,N15_M07_F04,N15_M07_F04_KA04_20.mat,1,1
STFT_Envelope_RBF_SVM,KA04,N15_M07_F04,N15_M07_F04_KA04_3.mat,1,1
STFT_Envelope_RBF_SVM,KA04,N15_M07_F04,N15_M07_F04_KA04_4.mat,1,1
STFT_Envelope_RBF_SVM,KA04,N15_M07_F04,N15_M07_F04_KA04_5.mat,1,1
STFT_Envelope_RBF_SVM,KA04,N15_M07_F04,N15_M07_F04_KA04_6.mat,1,1
STFT_Envelope_RBF_SVM,KA04,N15_M07_F04,N15_M07_F04_KA04_7.mat,1,1
STFT_Envelope_RBF_SVM,KA04,N15_M07_F04,N15_M07_F04_KA04_8.mat,1,1
STFT_Envelope_RBF_SVM,KA04,N15_M07_F04,N15_M07_F04_KA04_9.mat,1,1
STFT_Envelope_RBF_SVM,KA04,N15_M07_F10,N15_M07_F10_KA04_1.mat,1,1
STFT_Envelope_RBF_SVM,KA04,N15_M07_F10,N15_M07_F10_KA04_10.mat,1,1
STFT_Envelope_RBF_SVM,KA04,N15_M07_F10,N15_M07_F10_KA04_11.mat,1,1
STFT_Envelope_RBF_SVM,KA04,N15_M07_F10,N15_M07_F10_KA04_12.mat,1,1
STFT_Envelope_RBF_SVM,KA04,N15_M07_F10,N15_M07_F10_KA04_13.mat,1,1
STFT_Envelope_RBF_SVM,KA04,N15_M07_F10,N15_M07_F10_KA04_14.mat,1,1
STFT_Envelope_RBF_SVM,KA04,N15_M07_F10,N15_M07_F10_KA04_15.mat,1,1
STFT_Envelope_RBF_SVM,KA04,N15_M07_F10,N15_M07_F10_KA04_16.mat,1,1
STFT_Envelope_RBF_SVM,KA04,N15_M07_F10,N15_M07_F10_KA04_17.mat,1,1
STFT_Envelope_RBF_SVM,KA04,N15_M07_F10,N15_M07_F10_KA04_18.mat,1,1
STFT_Envelope_RBF_SVM,KA04,N15_M07_F10,N15_M07_F10_KA04_19.mat,1,1
STFT_Envelope_RBF_SVM,KA04,N15_M07_F10,N15_M07_F10_KA04_2.mat,1,1
STFT_Envelope_RBF_SVM,KA04,N15_M07_F10,N15_M07_F10_KA04_20.mat,1,1
STFT_Envelope_RBF_SVM,KA04,N15_M07_F10,N15_M07_F10_KA04_3.mat,1,1
STFT_Envelope_RBF_SVM,KA04,N15_M07_F10,N15_M07_F10_KA04_4.mat,1,1
STFT_Envelope_RBF_SVM,KA04,N15_M07_F10,N15_M07_F10_KA04_5.mat,1,1
STFT_Envelope_RBF_SVM,KA04,N15_M07_F10,N15_M07_F10_KA04_6.mat,1,1
STFT_Envelope_RBF_SVM,KA04,N15_M07_F10,N15_M07_F10_KA04_7.mat,1,1
STFT_Envelope_RBF_SVM,KA04,N15_M07_F10,N15_M07_F10_KA04_8.mat,1,1
STFT_Envelope_RBF_SVM,KA04,N15_M07_F10,N15_M07_F10_KA04_9.mat,1,1
STFT_Envelope_RBF_SVM,KI05,N09_M07_F10,N09_M07_F10_KI05_1.mat,1,0
STFT_Envelope_RBF_SVM,KI05,N09_M07_F10,N09_M07_F10_KI05_10.mat,1,0
STFT_Envelope_RBF_SVM,KI05,N09_M07_F10,N09_M07_F10_KI05_11.mat,1,0
STFT_Envelope_RBF_SVM,KI05,N09_M07_F10,N09_M07_F10_KI05_12.mat,1,0
STFT_Envelope_RBF_SVM,KI05,N09_M07_F10,N09_M07_F10_KI05_13.mat,1,0
STFT_Envelope_RBF_SVM,KI05,N09_M07_F10,N09_M07_F10_KI05_14.mat,1,0
STFT_Envelope_RBF_SVM,KI05,N09_M07_F10,N09_M07_F10_KI05_15.mat,1,0
STFT_Envelope_RBF_SVM,KI05,N09_M07_F10,N09_M07_F10_KI05_16.mat,1,0
STFT_Envelope_RBF_SVM,KI05,N09_M07_F10,N09_M07_F10_KI05_17.mat,1,0
STFT_Envelope_RBF_SVM,KI05,N09_M07_F10,N09_M07_F10_KI05_18.mat,1,0
STFT_Envelope_RBF_SVM,KI05,N09_M07_F10,N09_M07_F10_KI05_19.mat,1,0
STFT_Envelope_RBF_SVM,KI05,N09_M07_F10,N09_M07_F10_KI05_2.mat,1,0
STFT_Envelope_RBF_SVM,KI05,N09_M07_F10,N09_M07_F10_KI05_20.mat,1,0
STFT_Envelope_RBF_SVM,KI05,N09_M07_F10,N09_M07_F10_KI05_3.mat,1,0
STFT_Envelope_RBF_SVM,KI05,N09_M07_F10,N09_M07_F10_KI05_4.mat,1,0
STFT_Envelope_RBF_SVM,KI05,N09_M07_F10,N09_M07_F10_KI05_5.mat,1,0
STFT_Envelope_RBF_SVM,KI05,N09_M07_F10,N09_M07_F10_KI05_6.mat,1,0
STFT_Envelope_RBF_SVM,KI05,N09_M07_F10,N09_M07_F10_KI05_7.mat,1,0
STFT_Envelope_RBF_SVM,KI05,N09_M07_F10,N09_M07_F10_KI05_8.mat,1,0
STFT_Envelope_RBF_SVM,KI05,N09_M07_F10,N09_M07_F10_KI05_9.mat,1,0
STFT_Envelope_RBF_SVM,KI05,N15_M01_F10,N15_M01_F10_KI05_1.mat,1,0
STFT_Envelope_RBF_SVM,KI05,N15_M01_F10,N15_M01_F10_KI05_10.mat,1,0
STFT_Envelope_RBF_SVM,KI05,N15_M01_F10,N15_M01_F10_KI05_11.mat,1,0
STFT_Envelope_RBF_SVM,KI05,N15_M01_F10,N15_M01_F10_KI05_12.mat,1,0
STFT_Envelope_RBF_SVM,KI05,N15_M01_F10,N15_M01_F10_KI05_13.mat,1,0
STFT_Envelope_RBF_SVM,KI05,N15_M01_F10,N15_M01_F10_KI05_14.mat,1,0
STFT_Envelope_RBF_SVM,KI05,N15_M01_F10,N15_M01_F10_KI05_15.mat,1,0
STFT_Envelope_RBF_SVM,KI05,N15_M01_F10,N15_M01_F10_KI05_16.mat,1,0
STFT_Envelope_RBF_SVM,KI05,N15_M01_F10,N15_M01_F10_KI05_17.mat,1,0
STFT_Envelope_RBF_SVM,KI05,N15_M01_F10,N15_M01_F10_KI05_18.mat,1,0
STFT_Envelope_RBF_SVM,KI05,N15_M01_F10,N15_M01_F10_KI05_19.mat,1,0
STFT_Envelope_RBF_SVM,KI05,N15_M01_F10,N15_M01_F10_KI05_2.mat,1,0
STFT_Envelope_RBF_SVM,KI05,N15_M01_F10,N15_M01_F10_KI05_20.mat,1,0
STFT_Envelope_RBF_SVM,KI05,N15_M01_F10,N15_M01_F10_KI05_3.mat,1,0
STFT_Envelope_RBF_SVM,KI05,N15_M01_F10,N15_M01_F10_KI05_4.mat,1,0
STFT_Envelope_RBF_SVM,KI05,N15_M01_F10,N15_M01_F10_KI05_5.mat,1,0
STFT_Envelope_RBF_SVM,KI05,N15_M01_F10,N15_M01_F10_KI05_6.mat,1,0
STFT_Envelope_RBF_SVM,KI05,N15_M01_F10,N15_M01_F10_KI05_7.mat,1,0
STFT_Envelope_RBF_SVM,KI05,N15_M01_F10,N15_M01_F10_KI05_8.mat,1,0
STFT_Envelope_RBF_SVM,KI05,N15_M01_F10,N15_M01_F10_KI05_9.mat,1,0
STFT_Envelope_RBF_SVM,KI05,N15_M07_F04,N15_M07_F04_KI05_1.mat,1,0
STFT_Envelope_RBF_SVM,KI05,N15_M07_F04,N15_M07_F04_KI05_10.mat,1,0
STFT_Envelope_RBF_SVM,KI05,N15_M07_F04,N15_M07_F04_KI05_11.mat,1,0
STFT_Envelope_RBF_SVM,KI05,N15_M07_F04,N15_M07_F04_KI05_12.mat,1,0
STFT_Envelope_RBF_SVM,KI05,N15_M07_F04,N15_M07_F04_KI05_13.mat,1,0
STFT_Envelope_RBF_SVM,KI05,N15_M07_F04,N15_M07_F04_KI05_14.mat,1,0
STFT_Envelope_RBF_SVM,KI05,N15_M07_F04,N15_M07_F04_KI05_15.mat,1,0
STFT_Envelope_RBF_SVM,KI05,N15_M07_F04,N15_M07_F04_KI05_16.mat,1,0
STFT_Envelope_RBF_SVM,KI05,N15_M07_F04,N15_M07_F04_KI05_17.mat,1,0
STFT_Envelope_RBF_SVM,KI05,N15_M07_F04,N15_M07_F04_KI05_18.mat,1,0
STFT_Envelope_RBF_SVM,KI05,N15_M07_F04,N15_M07_F04_KI05_19.mat,1,0
STFT_Envelope_RBF_SVM,KI05,N15_M07_F04,N15_M07_F04_KI05_2.mat,1,0
STFT_Envelope_RBF_SVM,KI05,N15_M07_F04,N15_M07_F04_KI05_20.mat,1,0
STFT_Envelope_RBF_SVM,KI05,N15_M07_F04,N15_M07_F04_KI05_3.mat,1,0
STFT_Envelope_RBF_SVM,KI05,N15_M07_F04,N15_M07_F04_KI05_4.mat,1,0
STFT_Envelope_RBF_SVM,KI05,N15_M07_F04,N15_M07_F04_KI05_5.mat,1,0
STFT_Envelope_RBF_SVM,KI05,N15_M07_F04,N15_M07_F04_KI05_6.mat,1,0
STFT_Envelope_RBF_SVM,KI05,N15_M07_F04,N15_M07_F04_KI05_7.mat,1,0
STFT_Envelope_RBF_SVM,KI05,N15_M07_F04,N15_M07_F04_KI05_8.mat,1,0
STFT_Envelope_RBF_SVM,KI05,N15_M07_F04,N15_M07_F04_KI05_9.mat,1,0
STFT_Envelope_RBF_SVM,KI05,N15_M07_F10,N15_M07_F10_KI05_1.mat,1,0
STFT_Envelope_RBF_SVM,KI05,N15_M07_F10,N15_M07_F10_KI05_10.mat,1,0
STFT_Envelope_RBF_SVM,KI05,N15_M07_F10,N15_M07_F10_KI05_11.mat,1,0
STFT_Envelope_RBF_SVM,KI05,N15_M07_F10,N15_M07_F10_KI05_12.mat,1,0
STFT_Envelope_RBF_SVM,KI05,N15_M07_F10,N15_M07_F10_KI05_13.mat,1,0
STFT_Envelope_RBF_SVM,KI05,N15_M07_F10,N15_M07_F10_KI05_14.mat,1,0
STFT_Envelope_RBF_SVM,KI05,N15_M07_F10,N15_M07_F10_KI05_15.mat,1,0
STFT_Envelope_RBF_SVM,KI05,N15_M07_F10,N15_M07_F10_KI05_16.mat,1,0
STFT_Envelope_RBF_SVM,KI05,N15_M07_F10,N15_M07_F10_KI05_17.mat,1,0
STFT_Envelope_RBF_SVM,KI05,N15_M07_F10,N15_M07_F10_KI05_18.mat,1,0
STFT_Envelope_RBF_SVM,KI05,N15_M07_F10,N15_M07_F10_KI05_19.mat,1,0
STFT_Envelope_RBF_SVM,KI05,N15_M07_F10,N15_M07_F10_KI05_2.mat,1,0
STFT_Envelope_RBF_SVM,KI05,N15_M07_F10,N15_M07_F10_KI05_20.mat,1,0
STFT_Envelope_RBF_SVM,KI05,N15_M07_F10,N15_M07_F10_KI05_3.mat,1,0
STFT_Envelope_RBF_SVM,KI05,N15_M07_F10,N15_M07_F10_KI05_4.mat,1,0
STFT_Envelope_RBF_SVM,KI05,N15_M07_F10,N15_M07_F10_KI05_5.mat,1,0
STFT_Envelope_RBF_SVM,KI05,N15_M07_F10,N15_M07_F10_KI05_6.mat,1,0
STFT_Envelope_RBF_SVM,KI05,N15_M07_F10,N15_M07_F10_KI05_7.mat,1,0
STFT_Envelope_RBF_SVM,KI05,N15_M07_F10,N15_M07_F10_KI05_8.mat,1,0
STFT_Envelope_RBF_SVM,KI05,N15_M07_F10,N15_M07_F10_KI05_9.mat,1,0
STFT_Envelope_Nearest_Centroid,K001,N09_M07_F10,N09_M07_F10_K001_1.mat,0,0
STFT_Envelope_Nearest_Centroid,K001,N09_M07_F10,N09_M07_F10_K001_10.mat,0,0
STFT_Envelope_Nearest_Centroid,K001,N09_M07_F10,N09_M07_F10_K001_11.mat,0,0
STFT_Envelope_Nearest_Centroid,K001,N09_M07_F10,N09_M07_F10_K001_12.mat,0,0
STFT_Envelope_Nearest_Centroid,K001,N09_M07_F10,N09_M07_F10_K001_13.mat,0,0
STFT_Envelope_Nearest_Centroid,K001,N09_M07_F10,N09_M07_F10_K001_14.mat,0,0
STFT_Envelope_Nearest_Centroid,K001,N09_M07_F10,N09_M07_F10_K001_15.mat,0,0
STFT_Envelope_Nearest_Centroid,K001,N09_M07_F10,N09_M07_F10_K001_16.mat,0,0
STFT_Envelope_Nearest_Centroid,K001,N09_M07_F10,N09_M07_F10_K001_17.mat,0,0
STFT_Envelope_Nearest_Centroid,K001,N09_M07_F10,N09_M07_F10_K001_18.mat,0,0
STFT_Envelope_Nearest_Centroid,K001,N09_M07_F10,N09_M07_F10_K001_19.mat,0,0
STFT_Envelope_Nearest_Centroid,K001,N09_M07_F10,N09_M07_F10_K001_2.mat,0,0
STFT_Envelope_Nearest_Centroid,K001,N09_M07_F10,N09_M07_F10_K001_20.mat,0,0
STFT_Envelope_Nearest_Centroid,K001,N09_M07_F10,N09_M07_F10_K001_3.mat,0,0
STFT_Envelope_Nearest_Centroid,K001,N09_M07_F10,N09_M07_F10_K001_4.mat,0,0
STFT_Envelope_Nearest_Centroid,K001,N09_M07_F10,N09_M07_F10_K001_5.mat,0,0
STFT_Envelope_Nearest_Centroid,K001,N09_M07_F10,N09_M07_F10_K001_6.mat,0,0
STFT_Envelope_Nearest_Centroid,K001,N09_M07_F10,N09_M07_F10_K001_7.mat,0,0
STFT_Envelope_Nearest_Centroid,K001,N09_M07_F10,N09_M07_F10_K001_8.mat,0,0
STFT_Envelope_Nearest_Centroid,K001,N09_M07_F10,N09_M07_F10_K001_9.mat,0,0
STFT_Envelope_Nearest_Centroid,K001,N15_M01_F10,N15_M01_F10_K001_1.mat,0,0
STFT_Envelope_Nearest_Centroid,K001,N15_M01_F10,N15_M01_F10_K001_10.mat,0,0
STFT_Envelope_Nearest_Centroid,K001,N15_M01_F10,N15_M01_F10_K001_11.mat,0,0
STFT_Envelope_Nearest_Centroid,K001,N15_M01_F10,N15_M01_F10_K001_12.mat,0,0
STFT_Envelope_Nearest_Centroid,K001,N15_M01_F10,N15_M01_F10_K001_13.mat,0,0
STFT_Envelope_Nearest_Centroid,K001,N15_M01_F10,N15_M01_F10_K001_14.mat,0,0
STFT_Envelope_Nearest_Centroid,K001,N15_M01_F10,N15_M01_F10_K001_15.mat,0,0
STFT_Envelope_Nearest_Centroid,K001,N15_M01_F10,N15_M01_F10_K001_16.mat,0,0
STFT_Envelope_Nearest_Centroid,K001,N15_M01_F10,N15_M01_F10_K001_17.mat,0,0
STFT_Envelope_Nearest_Centroid,K001,N15_M01_F10,N15_M01_F10_K001_18.mat,0,0
STFT_Envelope_Nearest_Centroid,K001,N15_M01_F10,N15_M01_F10_K001_19.mat,0,0
STFT_Envelope_Nearest_Centroid,K001,N15_M01_F10,N15_M01_F10_K001_2.mat,0,0
STFT_Envelope_Nearest_Centroid,K001,N15_M01_F10,N15_M01_F10_K001_20.mat,0,0
STFT_Envelope_Nearest_Centroid,K001,N15_M01_F10,N15_M01_F10_K001_3.mat,0,0
STFT_Envelope_Nearest_Centroid,K001,N15_M01_F10,N15_M01_F10_K001_4.mat,0,0
STFT_Envelope_Nearest_Centroid,K001,N15_M01_F10,N15_M01_F10_K001_5.mat,0,0
STFT_Envelope_Nearest_Centroid,K001,N15_M01_F10,N15_M01_F10_K001_6.mat,0,0
STFT_Envelope_Nearest_Centroid,K001,N15_M01_F10,N15_M01_F10_K001_7.mat,0,0
STFT_Envelope_Nearest_Centroid,K001,N15_M01_F10,N15_M01_F10_K001_8.mat,0,0
STFT_Envelope_Nearest_Centroid,K001,N15_M01_F10,N15_M01_F10_K001_9.mat,0,0
STFT_Envelope_Nearest_Centroid,K001,N15_M07_F04,N15_M07_F04_K001_1.mat,0,0
STFT_Envelope_Nearest_Centroid,K001,N15_M07_F04,N15_M07_F04_K001_10.mat,0,0
STFT_Envelope_Nearest_Centroid,K001,N15_M07_F04,N15_M07_F04_K001_11.mat,0,0
STFT_Envelope_Nearest_Centroid,K001,N15_M07_F04,N15_M07_F04_K001_12.mat,0,0
STFT_Envelope_Nearest_Centroid,K001,N15_M07_F04,N15_M07_F04_K001_13.mat,0,0
STFT_Envelope_Nearest_Centroid,K001,N15_M07_F04,N15_M07_F04_K001_14.mat,0,0
STFT_Envelope_Nearest_Centroid,K001,N15_M07_F04,N15_M07_F04_K001_15.mat,0,0
STFT_Envelope_Nearest_Centroid,K001,N15_M07_F04,N15_M07_F04_K001_16.mat,0,0
STFT_Envelope_Nearest_Centroid,K001,N15_M07_F04,N15_M07_F04_K001_17.mat,0,0
STFT_Envelope_Nearest_Centroid,K001,N15_M07_F04,N15_M07_F04_K001_18.mat,0,0
STFT_Envelope_Nearest_Centroid,K001,N15_M07_F04,N15_M07_F04_K001_19.mat,0,0
STFT_Envelope_Nearest_Centroid,K001,N15_M07_F04,N15_M07_F04_K001_2.mat,0,0
STFT_Envelope_Nearest_Centroid,K001,N15_M07_F04,N15_M07_F04_K001_20.mat,0,0
STFT_Envelope_Nearest_Centroid,K001,N15_M07_F04,N15_M07_F04_K001_3.mat,0,0
STFT_Envelope_Nearest_Centroid,K001,N15_M07_F04,N15_M07_F04_K001_4.mat,0,0
STFT_Envelope_Nearest_Centroid,K001,N15_M07_F04,N15_M07_F04_K001_5.mat,0,0
STFT_Envelope_Nearest_Centroid,K001,N15_M07_F04,N15_M07_F04_K001_6.mat,0,0
STFT_Envelope_Nearest_Centroid,K001,N15_M07_F04,N15_M07_F04_K001_7.mat,0,0
STFT_Envelope_Nearest_Centroid,K001,N15_M07_F04,N15_M07_F04_K001_8.mat,0,0
STFT_Envelope_Nearest_Centroid,K001,N15_M07_F04,N15_M07_F04_K001_9.mat,0,0
STFT_Envelope_Nearest_Centroid,K001,N15_M07_F10,N15_M07_F10_K001_1.mat,0,0
STFT_Envelope_Nearest_Centroid,K001,N15_M07_F10,N15_M07_F10_K001_10.mat,0,0
STFT_Envelope_Nearest_Centroid,K001,N15_M07_F10,N15_M07_F10_K001_11.mat,0,0
STFT_Envelope_Nearest_Centroid,K001,N15_M07_F10,N15_M07_F10_K001_12.mat,0,0
STFT_Envelope_Nearest_Centroid,K001,N15_M07_F10,N15_M07_F10_K001_13.mat,0,0
STFT_Envelope_Nearest_Centroid,K001,N15_M07_F10,N15_M07_F10_K001_14.mat,0,0
STFT_Envelope_Nearest_Centroid,K001,N15_M07_F10,N15_M07_F10_K001_15.mat,0,0
STFT_Envelope_Nearest_Centroid,K001,N15_M07_F10,N15_M07_F10_K001_16.mat,0,0
STFT_Envelope_Nearest_Centroid,K001,N15_M07_F10,N15_M07_F10_K001_17.mat,0,0
STFT_Envelope_Nearest_Centroid,K001,N15_M07_F10,N15_M07_F10_K001_18.mat,0,0
STFT_Envelope_Nearest_Centroid,K001,N15_M07_F10,N15_M07_F10_K001_19.mat,0,0
STFT_Envelope_Nearest_Centroid,K001,N15_M07_F10,N15_M07_F10_K001_2.mat,0,0
STFT_Envelope_Nearest_Centroid,K001,N15_M07_F10,N15_M07_F10_K001_20.mat,0,0
STFT_Envelope_Nearest_Centroid,K001,N15_M07_F10,N15_M07_F10_K001_3.mat,0,0
STFT_Envelope_Nearest_Centroid,K001,N15_M07_F10,N15_M07_F10_K001_4.mat,0,0
STFT_Envelope_Nearest_Centroid,K001,N15_M07_F10,N15_M07_F10_K001_5.mat,0,0
STFT_Envelope_Nearest_Centroid,K001,N15_M07_F10,N15_M07_F10_K001_6.mat,0,0
STFT_Envelope_Nearest_Centroid,K001,N15_M07_F10,N15_M07_F10_K001_7.mat,0,0
STFT_Envelope_Nearest_Centroid,K001,N15_M07_F10,N15_M07_F10_K001_8.mat,0,0
STFT_Envelope_Nearest_Centroid,K001,N15_M07_F10,N15_M07_F10_K001_9.mat,0,0
STFT_Envelope_Nearest_Centroid,K002,N09_M07_F10,N09_M07_F10_K002_1.mat,0,0
STFT_Envelope_Nearest_Centroid,K002,N09_M07_F10,N09_M07_F10_K002_10.mat,0,0
STFT_Envelope_Nearest_Centroid,K002,N09_M07_F10,N09_M07_F10_K002_11.mat,0,0
STFT_Envelope_Nearest_Centroid,K002,N09_M07_F10,N09_M07_F10_K002_12.mat,0,0
STFT_Envelope_Nearest_Centroid,K002,N09_M07_F10,N09_M07_F10_K002_13.mat,0,0
STFT_Envelope_Nearest_Centroid,K002,N09_M07_F10,N09_M07_F10_K002_14.mat,0,0
STFT_Envelope_Nearest_Centroid,K002,N09_M07_F10,N09_M07_F10_K002_15.mat,0,0
STFT_Envelope_Nearest_Centroid,K002,N09_M07_F10,N09_M07_F10_K002_16.mat,0,0
STFT_Envelope_Nearest_Centroid,K002,N09_M07_F10,N09_M07_F10_K002_17.mat,0,0
STFT_Envelope_Nearest_Centroid,K002,N09_M07_F10,N09_M07_F10_K002_18.mat,0,0
STFT_Envelope_Nearest_Centroid,K002,N09_M07_F10,N09_M07_F10_K002_19.mat,0,0
STFT_Envelope_Nearest_Centroid,K002,N09_M07_F10,N09_M07_F10_K002_2.mat,0,0
STFT_Envelope_Nearest_Centroid,K002,N09_M07_F10,N09_M07_F10_K002_20.mat,0,0
STFT_Envelope_Nearest_Centroid,K002,N09_M07_F10,N09_M07_F10_K002_3.mat,0,0
STFT_Envelope_Nearest_Centroid,K002,N09_M07_F10,N09_M07_F10_K002_4.mat,0,0
STFT_Envelope_Nearest_Centroid,K002,N09_M07_F10,N09_M07_F10_K002_5.mat,0,0
STFT_Envelope_Nearest_Centroid,K002,N09_M07_F10,N09_M07_F10_K002_6.mat,0,0
STFT_Envelope_Nearest_Centroid,K002,N09_M07_F10,N09_M07_F10_K002_7.mat,0,0
STFT_Envelope_Nearest_Centroid,K002,N09_M07_F10,N09_M07_F10_K002_8.mat,0,0
STFT_Envelope_Nearest_Centroid,K002,N09_M07_F10,N09_M07_F10_K002_9.mat,0,0
STFT_Envelope_Nearest_Centroid,K002,N15_M01_F10,N15_M01_F10_K002_1.mat,0,0
STFT_Envelope_Nearest_Centroid,K002,N15_M01_F10,N15_M01_F10_K002_10.mat,0,0
STFT_Envelope_Nearest_Centroid,K002,N15_M01_F10,N15_M01_F10_K002_11.mat,0,0
STFT_Envelope_Nearest_Centroid,K002,N15_M01_F10,N15_M01_F10_K002_12.mat,0,0
STFT_Envelope_Nearest_Centroid,K002,N15_M01_F10,N15_M01_F10_K002_13.mat,0,0
STFT_Envelope_Nearest_Centroid,K002,N15_M01_F10,N15_M01_F10_K002_14.mat,0,0
STFT_Envelope_Nearest_Centroid,K002,N15_M01_F10,N15_M01_F10_K002_15.mat,0,0
STFT_Envelope_Nearest_Centroid,K002,N15_M01_F10,N15_M01_F10_K002_16.mat,0,0
STFT_Envelope_Nearest_Centroid,K002,N15_M01_F10,N15_M01_F10_K002_17.mat,0,0
STFT_Envelope_Nearest_Centroid,K002,N15_M01_F10,N15_M01_F10_K002_18.mat,0,0
STFT_Envelope_Nearest_Centroid,K002,N15_M01_F10,N15_M01_F10_K002_19.mat,0,0
STFT_Envelope_Nearest_Centroid,K002,N15_M01_F10,N15_M01_F10_K002_2.mat,0,0
STFT_Envelope_Nearest_Centroid,K002,N15_M01_F10,N15_M01_F10_K002_20.mat,0,0
STFT_Envelope_Nearest_Centroid,K002,N15_M01_F10,N15_M01_F10_K002_3.mat,0,0
STFT_Envelope_Nearest_Centroid,K002,N15_M01_F10,N15_M01_F10_K002_4.mat,0,0
STFT_Envelope_Nearest_Centroid,K002,N15_M01_F10,N15_M01_F10_K002_5.mat,0,0
STFT_Envelope_Nearest_Centroid,K002,N15_M01_F10,N15_M01_F10_K002_6.mat,0,0
STFT_Envelope_Nearest_Centroid,K002,N15_M01_F10,N15_M01_F10_K002_7.mat,0,0
STFT_Envelope_Nearest_Centroid,K002,N15_M01_F10,N15_M01_F10_K002_8.mat,0,0
STFT_Envelope_Nearest_Centroid,K002,N15_M01_F10,N15_M01_F10_K002_9.mat,0,0
STFT_Envelope_Nearest_Centroid,K002,N15_M07_F04,N15_M07_F04_K002_1.mat,0,0
STFT_Envelope_Nearest_Centroid,K002,N15_M07_F04,N15_M07_F04_K002_10.mat,0,0
STFT_Envelope_Nearest_Centroid,K002,N15_M07_F04,N15_M07_F04_K002_11.mat,0,0
STFT_Envelope_Nearest_Centroid,K002,N15_M07_F04,N15_M07_F04_K002_12.mat,0,0
STFT_Envelope_Nearest_Centroid,K002,N15_M07_F04,N15_M07_F04_K002_13.mat,0,0
STFT_Envelope_Nearest_Centroid,K002,N15_M07_F04,N15_M07_F04_K002_14.mat,0,0
STFT_Envelope_Nearest_Centroid,K002,N15_M07_F04,N15_M07_F04_K002_15.mat,0,0
STFT_Envelope_Nearest_Centroid,K002,N15_M07_F04,N15_M07_F04_K002_16.mat,0,0
STFT_Envelope_Nearest_Centroid,K002,N15_M07_F04,N15_M07_F04_K002_17.mat,0,0
STFT_Envelope_Nearest_Centroid,K002,N15_M07_F04,N15_M07_F04_K002_18.mat,0,0
STFT_Envelope_Nearest_Centroid,K002,N15_M07_F04,N15_M07_F04_K002_19.mat,0,0
STFT_Envelope_Nearest_Centroid,K002,N15_M07_F04,N15_M07_F04_K002_2.mat,0,0
STFT_Envelope_Nearest_Centroid,K002,N15_M07_F04,N15_M07_F04_K002_20.mat,0,0
STFT_Envelope_Nearest_Centroid,K002,N15_M07_F04,N15_M07_F04_K002_3.mat,0,0
STFT_Envelope_Nearest_Centroid,K002,N15_M07_F04,N15_M07_F04_K002_4.mat,0,0
STFT_Envelope_Nearest_Centroid,K002,N15_M07_F04,N15_M07_F04_K002_5.mat,0,0
STFT_Envelope_Nearest_Centroid,K002,N15_M07_F04,N15_M07_F04_K002_6.mat,0,0
STFT_Envelope_Nearest_Centroid,K002,N15_M07_F04,N15_M07_F04_K002_7.mat,0,0
STFT_Envelope_Nearest_Centroid,K002,N15_M07_F04,N15_M07_F04_K002_8.mat,0,0
STFT_Envelope_Nearest_Centroid,K002,N15_M07_F04,N15_M07_F04_K002_9.mat,0,0
STFT_Envelope_Nearest_Centroid,K002,N15_M07_F10,N15_M07_F10_K002_1.mat,0,0
STFT_Envelope_Nearest_Centroid,K002,N15_M07_F10,N15_M07_F10_K002_10.mat,0,0
STFT_Envelope_Nearest_Centroid,K002,N15_M07_F10,N15_M07_F10_K002_11.mat,0,0
STFT_Envelope_Nearest_Centroid,K002,N15_M07_F10,N15_M07_F10_K002_12.mat,0,0
STFT_Envelope_Nearest_Centroid,K002,N15_M07_F10,N15_M07_F10_K002_13.mat,0,0
STFT_Envelope_Nearest_Centroid,K002,N15_M07_F10,N15_M07_F10_K002_14.mat,0,0
STFT_Envelope_Nearest_Centroid,K002,N15_M07_F10,N15_M07_F10_K002_15.mat,0,0
STFT_Envelope_Nearest_Centroid,K002,N15_M07_F10,N15_M07_F10_K002_16.mat,0,0
STFT_Envelope_Nearest_Centroid,K002,N15_M07_F10,N15_M07_F10_K002_17.mat,0,0
STFT_Envelope_Nearest_Centroid,K002,N15_M07_F10,N15_M07_F10_K002_18.mat,0,0
STFT_Envelope_Nearest_Centroid,K002,N15_M07_F10,N15_M07_F10_K002_19.mat,0,0
STFT_Envelope_Nearest_Centroid,K002,N15_M07_F10,N15_M07_F10_K002_2.mat,0,0
STFT_Envelope_Nearest_Centroid,K002,N15_M07_F10,N15_M07_F10_K002_20.mat,0,0
STFT_Envelope_Nearest_Centroid,K002,N15_M07_F10,N15_M07_F10_K002_3.mat,0,0
STFT_Envelope_Nearest_Centroid,K002,N15_M07_F10,N15_M07_F10_K002_4.mat,0,0
STFT_Envelope_Nearest_Centroid,K002,N15_M07_F10,N15_M07_F10_K002_5.mat,0,0
STFT_Envelope_Nearest_Centroid,K002,N15_M07_F10,N15_M07_F10_K002_6.mat,0,0
STFT_Envelope_Nearest_Centroid,K002,N15_M07_F10,N15_M07_F10_K002_7.mat,0,0
STFT_Envelope_Nearest_Centroid,K002,N15_M07_F10,N15_M07_F10_K002_8.mat,0,0
STFT_Envelope_Nearest_Centroid,K002,N15_M07_F10,N15_M07_F10_K002_9.mat,0,0
STFT_Envelope_Nearest_Centroid,K003,N09_M07_F10,N09_M07_F10_K003_1.mat,0,0
STFT_Envelope_Nearest_Centroid,K003,N09_M07_F10,N09_M07_F10_K003_10.mat,0,0
STFT_Envelope_Nearest_Centroid,K003,N09_M07_F10,N09_M07_F10_K003_11.mat,0,0
STFT_Envelope_Nearest_Centroid,K003,N09_M07_F10,N09_M07_F10_K003_12.mat,0,0
STFT_Envelope_Nearest_Centroid,K003,N09_M07_F10,N09_M07_F10_K003_13.mat,0,0
STFT_Envelope_Nearest_Centroid,K003,N09_M07_F10,N09_M07_F10_K003_14.mat,0,0
STFT_Envelope_Nearest_Centroid,K003,N09_M07_F10,N09_M07_F10_K003_15.mat,0,0
STFT_Envelope_Nearest_Centroid,K003,N09_M07_F10,N09_M07_F10_K003_16.mat,0,0
STFT_Envelope_Nearest_Centroid,K003,N09_M07_F10,N09_M07_F10_K003_17.mat,0,0
STFT_Envelope_Nearest_Centroid,K003,N09_M07_F10,N09_M07_F10_K003_18.mat,0,0
STFT_Envelope_Nearest_Centroid,K003,N09_M07_F10,N09_M07_F10_K003_19.mat,0,0
STFT_Envelope_Nearest_Centroid,K003,N09_M07_F10,N09_M07_F10_K003_2.mat,0,0
STFT_Envelope_Nearest_Centroid,K003,N09_M07_F10,N09_M07_F10_K003_20.mat,0,0
STFT_Envelope_Nearest_Centroid,K003,N09_M07_F10,N09_M07_F10_K003_3.mat,0,0
STFT_Envelope_Nearest_Centroid,K003,N09_M07_F10,N09_M07_F10_K003_4.mat,0,0
STFT_Envelope_Nearest_Centroid,K003,N09_M07_F10,N09_M07_F10_K003_5.mat,0,0
STFT_Envelope_Nearest_Centroid,K003,N09_M07_F10,N09_M07_F10_K003_6.mat,0,0
STFT_Envelope_Nearest_Centroid,K003,N09_M07_F10,N09_M07_F10_K003_7.mat,0,0
STFT_Envelope_Nearest_Centroid,K003,N09_M07_F10,N09_M07_F10_K003_8.mat,0,0
STFT_Envelope_Nearest_Centroid,K003,N09_M07_F10,N09_M07_F10_K003_9.mat,0,0
STFT_Envelope_Nearest_Centroid,K003,N15_M01_F10,N15_M01_F10_K003_1.mat,0,0
STFT_Envelope_Nearest_Centroid,K003,N15_M01_F10,N15_M01_F10_K003_10.mat,0,0
STFT_Envelope_Nearest_Centroid,K003,N15_M01_F10,N15_M01_F10_K003_11.mat,0,0
STFT_Envelope_Nearest_Centroid,K003,N15_M01_F10,N15_M01_F10_K003_12.mat,0,0
STFT_Envelope_Nearest_Centroid,K003,N15_M01_F10,N15_M01_F10_K003_13.mat,0,0
STFT_Envelope_Nearest_Centroid,K003,N15_M01_F10,N15_M01_F10_K003_14.mat,0,0
STFT_Envelope_Nearest_Centroid,K003,N15_M01_F10,N15_M01_F10_K003_15.mat,0,0
STFT_Envelope_Nearest_Centroid,K003,N15_M01_F10,N15_M01_F10_K003_16.mat,0,0
STFT_Envelope_Nearest_Centroid,K003,N15_M01_F10,N15_M01_F10_K003_17.mat,0,0
STFT_Envelope_Nearest_Centroid,K003,N15_M01_F10,N15_M01_F10_K003_18.mat,0,0
STFT_Envelope_Nearest_Centroid,K003,N15_M01_F10,N15_M01_F10_K003_19.mat,0,0
STFT_Envelope_Nearest_Centroid,K003,N15_M01_F10,N15_M01_F10_K003_2.mat,0,0
STFT_Envelope_Nearest_Centroid,K003,N15_M01_F10,N15_M01_F10_K003_20.mat,0,0
STFT_Envelope_Nearest_Centroid,K003,N15_M01_F10,N15_M01_F10_K003_3.mat,0,0
STFT_Envelope_Nearest_Centroid,K003,N15_M01_F10,N15_M01_F10_K003_4.mat,0,0
STFT_Envelope_Nearest_Centroid,K003,N15_M01_F10,N15_M01_F10_K003_5.mat,0,0
STFT_Envelope_Nearest_Centroid,K003,N15_M01_F10,N15_M01_F10_K003_6.mat,0,0
STFT_Envelope_Nearest_Centroid,K003,N15_M01_F10,N15_M01_F10_K003_7.mat,0,0
STFT_Envelope_Nearest_Centroid,K003,N15_M01_F10,N15_M01_F10_K003_8.mat,0,0
STFT_Envelope_Nearest_Centroid,K003,N15_M01_F10,N15_M01_F10_K003_9.mat,0,0
STFT_Envelope_Nearest_Centroid,K003,N15_M07_F04,N15_M07_F04_K003_1.mat,0,0
STFT_Envelope_Nearest_Centroid,K003,N15_M07_F04,N15_M07_F04_K003_10.mat,0,0
STFT_Envelope_Nearest_Centroid,K003,N15_M07_F04,N15_M07_F04_K003_11.mat,0,0
STFT_Envelope_Nearest_Centroid,K003,N15_M07_F04,N15_M07_F04_K003_12.mat,0,0
STFT_Envelope_Nearest_Centroid,K003,N15_M07_F04,N15_M07_F04_K003_13.mat,0,0
STFT_Envelope_Nearest_Centroid,K003,N15_M07_F04,N15_M07_F04_K003_14.mat,0,0
STFT_Envelope_Nearest_Centroid,K003,N15_M07_F04,N15_M07_F04_K003_15.mat,0,0
STFT_Envelope_Nearest_Centroid,K003,N15_M07_F04,N15_M07_F04_K003_16.mat,0,0
STFT_Envelope_Nearest_Centroid,K003,N15_M07_F04,N15_M07_F04_K003_17.mat,0,0
STFT_Envelope_Nearest_Centroid,K003,N15_M07_F04,N15_M07_F04_K003_18.mat,0,0
STFT_Envelope_Nearest_Centroid,K003,N15_M07_F04,N15_M07_F04_K003_19.mat,0,0
STFT_Envelope_Nearest_Centroid,K003,N15_M07_F04,N15_M07_F04_K003_2.mat,0,0
STFT_Envelope_Nearest_Centroid,K003,N15_M07_F04,N15_M07_F04_K003_20.mat,0,0
STFT_Envelope_Nearest_Centroid,K003,N15_M07_F04,N15_M07_F04_K003_3.mat,0,0
STFT_Envelope_Nearest_Centroid,K003,N15_M07_F04,N15_M07_F04_K003_4.mat,0,0
STFT_Envelope_Nearest_Centroid,K003,N15_M07_F04,N15_M07_F04_K003_5.mat,0,0
STFT_Envelope_Nearest_Centroid,K003,N15_M07_F04,N15_M07_F04_K003_6.mat,0,0
STFT_Envelope_Nearest_Centroid,K003,N15_M07_F04,N15_M07_F04_K003_7.mat,0,0
STFT_Envelope_Nearest_Centroid,K003,N15_M07_F04,N15_M07_F04_K003_8.mat,0,0
STFT_Envelope_Nearest_Centroid,K003,N15_M07_F04,N15_M07_F04_K003_9.mat,0,0
STFT_Envelope_Nearest_Centroid,K003,N15_M07_F10,N15_M07_F10_K003_1.mat,0,0
STFT_Envelope_Nearest_Centroid,K003,N15_M07_F10,N15_M07_F10_K003_10.mat,0,0
STFT_Envelope_Nearest_Centroid,K003,N15_M07_F10,N15_M07_F10_K003_11.mat,0,0
STFT_Envelope_Nearest_Centroid,K003,N15_M07_F10,N15_M07_F10_K003_12.mat,0,0
STFT_Envelope_Nearest_Centroid,K003,N15_M07_F10,N15_M07_F10_K003_13.mat,0,0
STFT_Envelope_Nearest_Centroid,K003,N15_M07_F10,N15_M07_F10_K003_14.mat,0,0
STFT_Envelope_Nearest_Centroid,K003,N15_M07_F10,N15_M07_F10_K003_15.mat,0,0
STFT_Envelope_Nearest_Centroid,K003,N15_M07_F10,N15_M07_F10_K003_16.mat,0,0
STFT_Envelope_Nearest_Centroid,K003,N15_M07_F10,N15_M07_F10_K003_17.mat,0,0
STFT_Envelope_Nearest_Centroid,K003,N15_M07_F10,N15_M07_F10_K003_18.mat,0,0
STFT_Envelope_Nearest_Centroid,K003,N15_M07_F10,N15_M07_F10_K003_19.mat,0,0
STFT_Envelope_Nearest_Centroid,K003,N15_M07_F10,N15_M07_F10_K003_2.mat,0,0
STFT_Envelope_Nearest_Centroid,K003,N15_M07_F10,N15_M07_F10_K003_20.mat,0,0
STFT_Envelope_Nearest_Centroid,K003,N15_M07_F10,N15_M07_F10_K003_3.mat,0,0
STFT_Envelope_Nearest_Centroid,K003,N15_M07_F10,N15_M07_F10_K003_4.mat,0,0
STFT_Envelope_Nearest_Centroid,K003,N15_M07_F10,N15_M07_F10_K003_5.mat,0,0
STFT_Envelope_Nearest_Centroid,K003,N15_M07_F10,N15_M07_F10_K003_6.mat,0,0
STFT_Envelope_Nearest_Centroid,K003,N15_M07_F10,N15_M07_F10_K003_7.mat,0,0
STFT_Envelope_Nearest_Centroid,K003,N15_M07_F10,N15_M07_F10_K003_8.mat,0,0
STFT_Envelope_Nearest_Centroid,K003,N15_M07_F10,N15_M07_F10_K003_9.mat,0,0
STFT_Envelope_Nearest_Centroid,K004,N09_M07_F10,N09_M07_F10_K004_1.mat,0,0
STFT_Envelope_Nearest_Centroid,K004,N09_M07_F10,N09_M07_F10_K004_10.mat,0,0
STFT_Envelope_Nearest_Centroid,K004,N09_M07_F10,N09_M07_F10_K004_11.mat,0,0
STFT_Envelope_Nearest_Centroid,K004,N09_M07_F10,N09_M07_F10_K004_12.mat,0,0
STFT_Envelope_Nearest_Centroid,K004,N09_M07_F10,N09_M07_F10_K004_13.mat,0,0
STFT_Envelope_Nearest_Centroid,K004,N09_M07_F10,N09_M07_F10_K004_14.mat,0,0
STFT_Envelope_Nearest_Centroid,K004,N09_M07_F10,N09_M07_F10_K004_15.mat,0,0
STFT_Envelope_Nearest_Centroid,K004,N09_M07_F10,N09_M07_F10_K004_16.mat,0,0
STFT_Envelope_Nearest_Centroid,K004,N09_M07_F10,N09_M07_F10_K004_17.mat,0,0
STFT_Envelope_Nearest_Centroid,K004,N09_M07_F10,N09_M07_F10_K004_18.mat,0,0
STFT_Envelope_Nearest_Centroid,K004,N09_M07_F10,N09_M07_F10_K004_19.mat,0,0
STFT_Envelope_Nearest_Centroid,K004,N09_M07_F10,N09_M07_F10_K004_2.mat,0,0
STFT_Envelope_Nearest_Centroid,K004,N09_M07_F10,N09_M07_F10_K004_20.mat,0,0
STFT_Envelope_Nearest_Centroid,K004,N09_M07_F10,N09_M07_F10_K004_3.mat,0,0
STFT_Envelope_Nearest_Centroid,K004,N09_M07_F10,N09_M07_F10_K004_4.mat,0,0
STFT_Envelope_Nearest_Centroid,K004,N09_M07_F10,N09_M07_F10_K004_5.mat,0,0
STFT_Envelope_Nearest_Centroid,K004,N09_M07_F10,N09_M07_F10_K004_6.mat,0,0
STFT_Envelope_Nearest_Centroid,K004,N09_M07_F10,N09_M07_F10_K004_7.mat,0,0
STFT_Envelope_Nearest_Centroid,K004,N09_M07_F10,N09_M07_F10_K004_8.mat,0,0
STFT_Envelope_Nearest_Centroid,K004,N09_M07_F10,N09_M07_F10_K004_9.mat,0,0
STFT_Envelope_Nearest_Centroid,K004,N15_M01_F10,N15_M01_F10_K004_1.mat,0,0
STFT_Envelope_Nearest_Centroid,K004,N15_M01_F10,N15_M01_F10_K004_10.mat,0,0
STFT_Envelope_Nearest_Centroid,K004,N15_M01_F10,N15_M01_F10_K004_11.mat,0,0
STFT_Envelope_Nearest_Centroid,K004,N15_M01_F10,N15_M01_F10_K004_12.mat,0,0
STFT_Envelope_Nearest_Centroid,K004,N15_M01_F10,N15_M01_F10_K004_13.mat,0,0
STFT_Envelope_Nearest_Centroid,K004,N15_M01_F10,N15_M01_F10_K004_14.mat,0,0
STFT_Envelope_Nearest_Centroid,K004,N15_M01_F10,N15_M01_F10_K004_15.mat,0,0
STFT_Envelope_Nearest_Centroid,K004,N15_M01_F10,N15_M01_F10_K004_16.mat,0,0
STFT_Envelope_Nearest_Centroid,K004,N15_M01_F10,N15_M01_F10_K004_17.mat,0,0
STFT_Envelope_Nearest_Centroid,K004,N15_M01_F10,N15_M01_F10_K004_18.mat,0,0
STFT_Envelope_Nearest_Centroid,K004,N15_M01_F10,N15_M01_F10_K004_19.mat,0,0
STFT_Envelope_Nearest_Centroid,K004,N15_M01_F10,N15_M01_F10_K004_2.mat,0,0
STFT_Envelope_Nearest_Centroid,K004,N15_M01_F10,N15_M01_F10_K004_20.mat,0,0
STFT_Envelope_Nearest_Centroid,K004,N15_M01_F10,N15_M01_F10_K004_3.mat,0,0
STFT_Envelope_Nearest_Centroid,K004,N15_M01_F10,N15_M01_F10_K004_4.mat,0,0
STFT_Envelope_Nearest_Centroid,K004,N15_M01_F10,N15_M01_F10_K004_5.mat,0,0
STFT_Envelope_Nearest_Centroid,K004,N15_M01_F10,N15_M01_F10_K004_6.mat,0,0
STFT_Envelope_Nearest_Centroid,K004,N15_M01_F10,N15_M01_F10_K004_7.mat,0,0
STFT_Envelope_Nearest_Centroid,K004,N15_M01_F10,N15_M01_F10_K004_8.mat,0,0
STFT_Envelope_Nearest_Centroid,K004,N15_M01_F10,N15_M01_F10_K004_9.mat,0,0
STFT_Envelope_Nearest_Centroid,K004,N15_M07_F04,N15_M07_F04_K004_1.mat,0,0
STFT_Envelope_Nearest_Centroid,K004,N15_M07_F04,N15_M07_F04_K004_10.mat,0,0
STFT_Envelope_Nearest_Centroid,K004,N15_M07_F04,N15_M07_F04_K004_11.mat,0,0
STFT_Envelope_Nearest_Centroid,K004,N15_M07_F04,N15_M07_F04_K004_12.mat,0,0
STFT_Envelope_Nearest_Centroid,K004,N15_M07_F04,N15_M07_F04_K004_13.mat,0,0
STFT_Envelope_Nearest_Centroid,K004,N15_M07_F04,N15_M07_F04_K004_14.mat,0,0
STFT_Envelope_Nearest_Centroid,K004,N15_M07_F04,N15_M07_F04_K004_15.mat,0,0
STFT_Envelope_Nearest_Centroid,K004,N15_M07_F04,N15_M07_F04_K004_16.mat,0,0
STFT_Envelope_Nearest_Centroid,K004,N15_M07_F04,N15_M07_F04_K004_17.mat,0,0
STFT_Envelope_Nearest_Centroid,K004,N15_M07_F04,N15_M07_F04_K004_18.mat,0,0
STFT_Envelope_Nearest_Centroid,K004,N15_M07_F04,N15_M07_F04_K004_19.mat,0,0
STFT_Envelope_Nearest_Centroid,K004,N15_M07_F04,N15_M07_F04_K004_2.mat,0,0
STFT_Envelope_Nearest_Centroid,K004,N15_M07_F04,N15_M07_F04_K004_20.mat,0,0
STFT_Envelope_Nearest_Centroid,K004,N15_M07_F04,N15_M07_F04_K004_3.mat,0,0
STFT_Envelope_Nearest_Centroid,K004,N15_M07_F04,N15_M07_F04_K004_4.mat,0,0
STFT_Envelope_Nearest_Centroid,K004,N15_M07_F04,N15_M07_F04_K004_5.mat,0,0
STFT_Envelope_Nearest_Centroid,K004,N15_M07_F04,N15_M07_F04_K004_6.mat,0,0
STFT_Envelope_Nearest_Centroid,K004,N15_M07_F04,N15_M07_F04_K004_7.mat,0,0
STFT_Envelope_Nearest_Centroid,K004,N15_M07_F04,N15_M07_F04_K004_8.mat,0,0
STFT_Envelope_Nearest_Centroid,K004,N15_M07_F04,N15_M07_F04_K004_9.mat,0,0
STFT_Envelope_Nearest_Centroid,K004,N15_M07_F10,N15_M07_F10_K004_1.mat,0,0
STFT_Envelope_Nearest_Centroid,K004,N15_M07_F10,N15_M07_F10_K004_10.mat,0,0
STFT_Envelope_Nearest_Centroid,K004,N15_M07_F10,N15_M07_F10_K004_11.mat,0,0
STFT_Envelope_Nearest_Centroid,K004,N15_M07_F10,N15_M07_F10_K004_12.mat,0,0
STFT_Envelope_Nearest_Centroid,K004,N15_M07_F10,N15_M07_F10_K004_13.mat,0,0
STFT_Envelope_Nearest_Centroid,K004,N15_M07_F10,N15_M07_F10_K004_14.mat,0,0
STFT_Envelope_Nearest_Centroid,K004,N15_M07_F10,N15_M07_F10_K004_15.mat,0,0
STFT_Envelope_Nearest_Centroid,K004,N15_M07_F10,N15_M07_F10_K004_16.mat,0,0
STFT_Envelope_Nearest_Centroid,K004,N15_M07_F10,N15_M07_F10_K004_17.mat,0,0
STFT_Envelope_Nearest_Centroid,K004,N15_M07_F10,N15_M07_F10_K004_18.mat,0,0
STFT_Envelope_Nearest_Centroid,K004,N15_M07_F10,N15_M07_F10_K004_19.mat,0,0
STFT_Envelope_Nearest_Centroid,K004,N15_M07_F10,N15_M07_F10_K004_2.mat,0,0
STFT_Envelope_Nearest_Centroid,K004,N15_M07_F10,N15_M07_F10_K004_20.mat,0,0
STFT_Envelope_Nearest_Centroid,K004,N15_M07_F10,N15_M07_F10_K004_3.mat,0,0
STFT_Envelope_Nearest_Centroid,K004,N15_M07_F10,N15_M07_F10_K004_4.mat,0,0
STFT_Envelope_Nearest_Centroid,K004,N15_M07_F10,N15_M07_F10_K004_5.mat,0,0
STFT_Envelope_Nearest_Centroid,K004,N15_M07_F10,N15_M07_F10_K004_6.mat,0,0
STFT_Envelope_Nearest_Centroid,K004,N15_M07_F10,N15_M07_F10_K004_7.mat,0,0
STFT_Envelope_Nearest_Centroid,K004,N15_M07_F10,N15_M07_F10_K004_8.mat,0,0
STFT_Envelope_Nearest_Centroid,K004,N15_M07_F10,N15_M07_F10_K004_9.mat,0,0
STFT_Envelope_Nearest_Centroid,K005,N09_M07_F10,N09_M07_F10_K005_1.mat,0,0
STFT_Envelope_Nearest_Centroid,K005,N09_M07_F10,N09_M07_F10_K005_10.mat,0,0
STFT_Envelope_Nearest_Centroid,K005,N09_M07_F10,N09_M07_F10_K005_11.mat,0,0
STFT_Envelope_Nearest_Centroid,K005,N09_M07_F10,N09_M07_F10_K005_12.mat,0,0
STFT_Envelope_Nearest_Centroid,K005,N09_M07_F10,N09_M07_F10_K005_13.mat,0,0
STFT_Envelope_Nearest_Centroid,K005,N09_M07_F10,N09_M07_F10_K005_14.mat,0,0
STFT_Envelope_Nearest_Centroid,K005,N09_M07_F10,N09_M07_F10_K005_15.mat,0,0
STFT_Envelope_Nearest_Centroid,K005,N09_M07_F10,N09_M07_F10_K005_16.mat,0,0
STFT_Envelope_Nearest_Centroid,K005,N09_M07_F10,N09_M07_F10_K005_17.mat,0,0
STFT_Envelope_Nearest_Centroid,K005,N09_M07_F10,N09_M07_F10_K005_18.mat,0,0
STFT_Envelope_Nearest_Centroid,K005,N09_M07_F10,N09_M07_F10_K005_19.mat,0,0
STFT_Envelope_Nearest_Centroid,K005,N09_M07_F10,N09_M07_F10_K005_2.mat,0,0
STFT_Envelope_Nearest_Centroid,K005,N09_M07_F10,N09_M07_F10_K005_20.mat,0,0
STFT_Envelope_Nearest_Centroid,K005,N09_M07_F10,N09_M07_F10_K005_3.mat,0,0
STFT_Envelope_Nearest_Centroid,K005,N09_M07_F10,N09_M07_F10_K005_4.mat,0,0
STFT_Envelope_Nearest_Centroid,K005,N09_M07_F10,N09_M07_F10_K005_5.mat,0,0
STFT_Envelope_Nearest_Centroid,K005,N09_M07_F10,N09_M07_F10_K005_6.mat,0,0
STFT_Envelope_Nearest_Centroid,K005,N09_M07_F10,N09_M07_F10_K005_7.mat,0,0
STFT_Envelope_Nearest_Centroid,K005,N09_M07_F10,N09_M07_F10_K005_8.mat,0,0
STFT_Envelope_Nearest_Centroid,K005,N09_M07_F10,N09_M07_F10_K005_9.mat,0,0
STFT_Envelope_Nearest_Centroid,K005,N15_M01_F10,N15_M01_F10_K005_1.mat,0,0
STFT_Envelope_Nearest_Centroid,K005,N15_M01_F10,N15_M01_F10_K005_10.mat,0,0
STFT_Envelope_Nearest_Centroid,K005,N15_M01_F10,N15_M01_F10_K005_11.mat,0,0
STFT_Envelope_Nearest_Centroid,K005,N15_M01_F10,N15_M01_F10_K005_12.mat,0,0
STFT_Envelope_Nearest_Centroid,K005,N15_M01_F10,N15_M01_F10_K005_13.mat,0,0
STFT_Envelope_Nearest_Centroid,K005,N15_M01_F10,N15_M01_F10_K005_14.mat,0,0
STFT_Envelope_Nearest_Centroid,K005,N15_M01_F10,N15_M01_F10_K005_15.mat,0,0
STFT_Envelope_Nearest_Centroid,K005,N15_M01_F10,N15_M01_F10_K005_16.mat,0,0
STFT_Envelope_Nearest_Centroid,K005,N15_M01_F10,N15_M01_F10_K005_17.mat,0,0
STFT_Envelope_Nearest_Centroid,K005,N15_M01_F10,N15_M01_F10_K005_18.mat,0,0
STFT_Envelope_Nearest_Centroid,K005,N15_M01_F10,N15_M01_F10_K005_19.mat,0,0
STFT_Envelope_Nearest_Centroid,K005,N15_M01_F10,N15_M01_F10_K005_2.mat,0,0
STFT_Envelope_Nearest_Centroid,K005,N15_M01_F10,N15_M01_F10_K005_20.mat,0,0
STFT_Envelope_Nearest_Centroid,K005,N15_M01_F10,N15_M01_F10_K005_3.mat,0,0
STFT_Envelope_Nearest_Centroid,K005,N15_M01_F10,N15_M01_F10_K005_4.mat,0,0
STFT_Envelope_Nearest_Centroid,K005,N15_M01_F10,N15_M01_F10_K005_5.mat,0,0
STFT_Envelope_Nearest_Centroid,K005,N15_M01_F10,N15_M01_F10_K005_6.mat,0,0
STFT_Envelope_Nearest_Centroid,K005,N15_M01_F10,N15_M01_F10_K005_7.mat,0,0
STFT_Envelope_Nearest_Centroid,K005,N15_M01_F10,N15_M01_F10_K005_8.mat,0,0
STFT_Envelope_Nearest_Centroid,K005,N15_M01_F10,N15_M01_F10_K005_9.mat,0,0
STFT_Envelope_Nearest_Centroid,K005,N15_M07_F04,N15_M07_F04_K005_1.mat,0,0
STFT_Envelope_Nearest_Centroid,K005,N15_M07_F04,N15_M07_F04_K005_10.mat,0,0
STFT_Envelope_Nearest_Centroid,K005,N15_M07_F04,N15_M07_F04_K005_11.mat,0,0
STFT_Envelope_Nearest_Centroid,K005,N15_M07_F04,N15_M07_F04_K005_12.mat,0,0
STFT_Envelope_Nearest_Centroid,K005,N15_M07_F04,N15_M07_F04_K005_13.mat,0,0
STFT_Envelope_Nearest_Centroid,K005,N15_M07_F04,N15_M07_F04_K005_14.mat,0,0
STFT_Envelope_Nearest_Centroid,K005,N15_M07_F04,N15_M07_F04_K005_15.mat,0,0
STFT_Envelope_Nearest_Centroid,K005,N15_M07_F04,N15_M07_F04_K005_16.mat,0,0
STFT_Envelope_Nearest_Centroid,K005,N15_M07_F04,N15_M07_F04_K005_17.mat,0,0
STFT_Envelope_Nearest_Centroid,K005,N15_M07_F04,N15_M07_F04_K005_18.mat,0,0
STFT_Envelope_Nearest_Centroid,K005,N15_M07_F04,N15_M07_F04_K005_19.mat,0,0
STFT_Envelope_Nearest_Centroid,K005,N15_M07_F04,N15_M07_F04_K005_2.mat,0,0
STFT_Envelope_Nearest_Centroid,K005,N15_M07_F04,N15_M07_F04_K005_20.mat,0,0
STFT_Envelope_Nearest_Centroid,K005,N15_M07_F04,N15_M07_F04_K005_3.mat,0,0
STFT_Envelope_Nearest_Centroid,K005,N15_M07_F04,N15_M07_F04_K005_4.mat,0,0
STFT_Envelope_Nearest_Centroid,K005,N15_M07_F04,N15_M07_F04_K005_5.mat,0,0
STFT_Envelope_Nearest_Centroid,K005,N15_M07_F04,N15_M07_F04_K005_6.mat,0,0
STFT_Envelope_Nearest_Centroid,K005,N15_M07_F04,N15_M07_F04_K005_7.mat,0,0
STFT_Envelope_Nearest_Centroid,K005,N15_M07_F04,N15_M07_F04_K005_8.mat,0,0
STFT_Envelope_Nearest_Centroid,K005,N15_M07_F04,N15_M07_F04_K005_9.mat,0,0
STFT_Envelope_Nearest_Centroid,K005,N15_M07_F10,N15_M07_F10_K005_1.mat,0,0
STFT_Envelope_Nearest_Centroid,K005,N15_M07_F10,N15_M07_F10_K005_10.mat,0,0
STFT_Envelope_Nearest_Centroid,K005,N15_M07_F10,N15_M07_F10_K005_11.mat,0,0
STFT_Envelope_Nearest_Centroid,K005,N15_M07_F10,N15_M07_F10_K005_12.mat,0,0
STFT_Envelope_Nearest_Centroid,K005,N15_M07_F10,N15_M07_F10_K005_13.mat,0,0
STFT_Envelope_Nearest_Centroid,K005,N15_M07_F10,N15_M07_F10_K005_14.mat,0,0
STFT_Envelope_Nearest_Centroid,K005,N15_M07_F10,N15_M07_F10_K005_15.mat,0,0
STFT_Envelope_Nearest_Centroid,K005,N15_M07_F10,N15_M07_F10_K005_16.mat,0,0
STFT_Envelope_Nearest_Centroid,K005,N15_M07_F10,N15_M07_F10_K005_17.mat,0,0
STFT_Envelope_Nearest_Centroid,K005,N15_M07_F10,N15_M07_F10_K005_18.mat,0,0
STFT_Envelope_Nearest_Centroid,K005,N15_M07_F10,N15_M07_F10_K005_19.mat,0,0
STFT_Envelope_Nearest_Centroid,K005,N15_M07_F10,N15_M07_F10_K005_2.mat,0,0
STFT_Envelope_Nearest_Centroid,K005,N15_M07_F10,N15_M07_F10_K005_20.mat,0,0
STFT_Envelope_Nearest_Centroid,K005,N15_M07_F10,N15_M07_F10_K005_3.mat,0,0
STFT_Envelope_Nearest_Centroid,K005,N15_M07_F10,N15_M07_F10_K005_4.mat,0,0
STFT_Envelope_Nearest_Centroid,K005,N15_M07_F10,N15_M07_F10_K005_5.mat,0,0
STFT_Envelope_Nearest_Centroid,K005,N15_M07_F10,N15_M07_F10_K005_6.mat,0,0
STFT_Envelope_Nearest_Centroid,K005,N15_M07_F10,N15_M07_F10_K005_7.mat,0,0
STFT_Envelope_Nearest_Centroid,K005,N15_M07_F10,N15_M07_F10_K005_8.mat,0,0
STFT_Envelope_Nearest_Centroid,K005,N15_M07_F10,N15_M07_F10_K005_9.mat,0,0
STFT_Envelope_Nearest_Centroid,K006,N09_M07_F10,N09_M07_F10_K006_1.mat,0,0
STFT_Envelope_Nearest_Centroid,K006,N09_M07_F10,N09_M07_F10_K006_10.mat,0,0
STFT_Envelope_Nearest_Centroid,K006,N09_M07_F10,N09_M07_F10_K006_11.mat,0,0
STFT_Envelope_Nearest_Centroid,K006,N09_M07_F10,N09_M07_F10_K006_12.mat,0,0
STFT_Envelope_Nearest_Centroid,K006,N09_M07_F10,N09_M07_F10_K006_13.mat,0,0
STFT_Envelope_Nearest_Centroid,K006,N09_M07_F10,N09_M07_F10_K006_14.mat,0,0
STFT_Envelope_Nearest_Centroid,K006,N09_M07_F10,N09_M07_F10_K006_15.mat,0,0
STFT_Envelope_Nearest_Centroid,K006,N09_M07_F10,N09_M07_F10_K006_16.mat,0,0
STFT_Envelope_Nearest_Centroid,K006,N09_M07_F10,N09_M07_F10_K006_17.mat,0,0
STFT_Envelope_Nearest_Centroid,K006,N09_M07_F10,N09_M07_F10_K006_18.mat,0,0
STFT_Envelope_Nearest_Centroid,K006,N09_M07_F10,N09_M07_F10_K006_19.mat,0,0
STFT_Envelope_Nearest_Centroid,K006,N09_M07_F10,N09_M07_F10_K006_2.mat,0,0
STFT_Envelope_Nearest_Centroid,K006,N09_M07_F10,N09_M07_F10_K006_20.mat,0,0
STFT_Envelope_Nearest_Centroid,K006,N09_M07_F10,N09_M07_F10_K006_3.mat,0,0
STFT_Envelope_Nearest_Centroid,K006,N09_M07_F10,N09_M07_F10_K006_4.mat,0,0
STFT_Envelope_Nearest_Centroid,K006,N09_M07_F10,N09_M07_F10_K006_5.mat,0,0
STFT_Envelope_Nearest_Centroid,K006,N09_M07_F10,N09_M07_F10_K006_6.mat,0,0
STFT_Envelope_Nearest_Centroid,K006,N09_M07_F10,N09_M07_F10_K006_7.mat,0,0
STFT_Envelope_Nearest_Centroid,K006,N09_M07_F10,N09_M07_F10_K006_8.mat,0,0
STFT_Envelope_Nearest_Centroid,K006,N09_M07_F10,N09_M07_F10_K006_9.mat,0,0
STFT_Envelope_Nearest_Centroid,K006,N15_M01_F10,N15_M01_F10_K006_1.mat,0,0
STFT_Envelope_Nearest_Centroid,K006,N15_M01_F10,N15_M01_F10_K006_10.mat,0,0
STFT_Envelope_Nearest_Centroid,K006,N15_M01_F10,N15_M01_F10_K006_11.mat,0,0
STFT_Envelope_Nearest_Centroid,K006,N15_M01_F10,N15_M01_F10_K006_12.mat,0,0
STFT_Envelope_Nearest_Centroid,K006,N15_M01_F10,N15_M01_F10_K006_13.mat,0,0
STFT_Envelope_Nearest_Centroid,K006,N15_M01_F10,N15_M01_F10_K006_14.mat,0,0
STFT_Envelope_Nearest_Centroid,K006,N15_M01_F10,N15_M01_F10_K006_15.mat,0,0
STFT_Envelope_Nearest_Centroid,K006,N15_M01_F10,N15_M01_F10_K006_16.mat,0,0
STFT_Envelope_Nearest_Centroid,K006,N15_M01_F10,N15_M01_F10_K006_17.mat,0,0
STFT_Envelope_Nearest_Centroid,K006,N15_M01_F10,N15_M01_F10_K006_18.mat,0,0
STFT_Envelope_Nearest_Centroid,K006,N15_M01_F10,N15_M01_F10_K006_19.mat,0,0
STFT_Envelope_Nearest_Centroid,K006,N15_M01_F10,N15_M01_F10_K006_2.mat,0,0
STFT_Envelope_Nearest_Centroid,K006,N15_M01_F10,N15_M01_F10_K006_20.mat,0,0
STFT_Envelope_Nearest_Centroid,K006,N15_M01_F10,N15_M01_F10_K006_3.mat,0,0
STFT_Envelope_Nearest_Centroid,K006,N15_M01_F10,N15_M01_F10_K006_4.mat,0,0
STFT_Envelope_Nearest_Centroid,K006,N15_M01_F10,N15_M01_F10_K006_5.mat,0,0
STFT_Envelope_Nearest_Centroid,K006,N15_M01_F10,N15_M01_F10_K006_6.mat,0,0
STFT_Envelope_Nearest_Centroid,K006,N15_M01_F10,N15_M01_F10_K006_7.mat,0,0
STFT_Envelope_Nearest_Centroid,K006,N15_M01_F10,N15_M01_F10_K006_8.mat,0,0
STFT_Envelope_Nearest_Centroid,K006,N15_M01_F10,N15_M01_F10_K006_9.mat,0,0
STFT_Envelope_Nearest_Centroid,K006,N15_M07_F04,N15_M07_F04_K006_1.mat,0,0
STFT_Envelope_Nearest_Centroid,K006,N15_M07_F04,N15_M07_F04_K006_10.mat,0,0
STFT_Envelope_Nearest_Centroid,K006,N15_M07_F04,N15_M07_F04_K006_11.mat,0,0
STFT_Envelope_Nearest_Centroid,K006,N15_M07_F04,N15_M07_F04_K006_12.mat,0,0
STFT_Envelope_Nearest_Centroid,K006,N15_M07_F04,N15_M07_F04_K006_13.mat,0,0
STFT_Envelope_Nearest_Centroid,K006,N15_M07_F04,N15_M07_F04_K006_14.mat,0,0
STFT_Envelope_Nearest_Centroid,K006,N15_M07_F04,N15_M07_F04_K006_15.mat,0,0
STFT_Envelope_Nearest_Centroid,K006,N15_M07_F04,N15_M07_F04_K006_16.mat,0,0
STFT_Envelope_Nearest_Centroid,K006,N15_M07_F04,N15_M07_F04_K006_17.mat,0,0
STFT_Envelope_Nearest_Centroid,K006,N15_M07_F04,N15_M07_F04_K006_18.mat,0,0
STFT_Envelope_Nearest_Centroid,K006,N15_M07_F04,N15_M07_F04_K006_19.mat,0,0
STFT_Envelope_Nearest_Centroid,K006,N15_M07_F04,N15_M07_F04_K006_2.mat,0,0
STFT_Envelope_Nearest_Centroid,K006,N15_M07_F04,N15_M07_F04_K006_20.mat,0,0
STFT_Envelope_Nearest_Centroid,K006,N15_M07_F04,N15_M07_F04_K006_3.mat,0,0
STFT_Envelope_Nearest_Centroid,K006,N15_M07_F04,N15_M07_F04_K006_4.mat,0,0
STFT_Envelope_Nearest_Centroid,K006,N15_M07_F04,N15_M07_F04_K006_5.mat,0,0
STFT_Envelope_Nearest_Centroid,K006,N15_M07_F04,N15_M07_F04_K006_6.mat,0,0
STFT_Envelope_Nearest_Centroid,K006,N15_M07_F04,N15_M07_F04_K006_7.mat,0,0
STFT_Envelope_Nearest_Centroid,K006,N15_M07_F04,N15_M07_F04_K006_8.mat,0,0
STFT_Envelope_Nearest_Centroid,K006,N15_M07_F04,N15_M07_F04_K006_9.mat,0,0
STFT_Envelope_Nearest_Centroid,K006,N15_M07_F10,N15_M07_F10_K006_1.mat,0,0
STFT_Envelope_Nearest_Centroid,K006,N15_M07_F10,N15_M07_F10_K006_10.mat,0,0
STFT_Envelope_Nearest_Centroid,K006,N15_M07_F10,N15_M07_F10_K006_11.mat,0,0
STFT_Envelope_Nearest_Centroid,K006,N15_M07_F10,N15_M07_F10_K006_12.mat,0,0
STFT_Envelope_Nearest_Centroid,K006,N15_M07_F10,N15_M07_F10_K006_13.mat,0,0
STFT_Envelope_Nearest_Centroid,K006,N15_M07_F10,N15_M07_F10_K006_14.mat,0,0
STFT_Envelope_Nearest_Centroid,K006,N15_M07_F10,N15_M07_F10_K006_15.mat,0,0
STFT_Envelope_Nearest_Centroid,K006,N15_M07_F10,N15_M07_F10_K006_16.mat,0,0
STFT_Envelope_Nearest_Centroid,K006,N15_M07_F10,N15_M07_F10_K006_17.mat,0,0
STFT_Envelope_Nearest_Centroid,K006,N15_M07_F10,N15_M07_F10_K006_18.mat,0,0
STFT_Envelope_Nearest_Centroid,K006,N15_M07_F10,N15_M07_F10_K006_19.mat,0,0
STFT_Envelope_Nearest_Centroid,K006,N15_M07_F10,N15_M07_F10_K006_2.mat,0,0
STFT_Envelope_Nearest_Centroid,K006,N15_M07_F10,N15_M07_F10_K006_20.mat,0,0
STFT_Envelope_Nearest_Centroid,K006,N15_M07_F10,N15_M07_F10_K006_3.mat,0,0
STFT_Envelope_Nearest_Centroid,K006,N15_M07_F10,N15_M07_F10_K006_4.mat,0,0
STFT_Envelope_Nearest_Centroid,K006,N15_M07_F10,N15_M07_F10_K006_5.mat,0,0
STFT_Envelope_Nearest_Centroid,K006,N15_M07_F10,N15_M07_F10_K006_6.mat,0,0
STFT_Envelope_Nearest_Centroid,K006,N15_M07_F10,N15_M07_F10_K006_7.mat,0,0
STFT_Envelope_Nearest_Centroid,K006,N15_M07_F10,N15_M07_F10_K006_8.mat,0,0
STFT_Envelope_Nearest_Centroid,K006,N15_M07_F10,N15_M07_F10_K006_9.mat,0,0
STFT_Envelope_Nearest_Centroid,KA01,N09_M07_F10,N09_M07_F10_KA01_1.mat,1,1
STFT_Envelope_Nearest_Centroid,KA01,N09_M07_F10,N09_M07_F10_KA01_10.mat,1,1
STFT_Envelope_Nearest_Centroid,KA01,N09_M07_F10,N09_M07_F10_KA01_11.mat,1,1
STFT_Envelope_Nearest_Centroid,KA01,N09_M07_F10,N09_M07_F10_KA01_12.mat,1,1
STFT_Envelope_Nearest_Centroid,KA01,N09_M07_F10,N09_M07_F10_KA01_13.mat,1,1
STFT_Envelope_Nearest_Centroid,KA01,N09_M07_F10,N09_M07_F10_KA01_14.mat,1,1
STFT_Envelope_Nearest_Centroid,KA01,N09_M07_F10,N09_M07_F10_KA01_15.mat,1,1
STFT_Envelope_Nearest_Centroid,KA01,N09_M07_F10,N09_M07_F10_KA01_16.mat,1,1
STFT_Envelope_Nearest_Centroid,KA01,N09_M07_F10,N09_M07_F10_KA01_17.mat,1,1
STFT_Envelope_Nearest_Centroid,KA01,N09_M07_F10,N09_M07_F10_KA01_18.mat,1,1
STFT_Envelope_Nearest_Centroid,KA01,N09_M07_F10,N09_M07_F10_KA01_19.mat,1,1
STFT_Envelope_Nearest_Centroid,KA01,N09_M07_F10,N09_M07_F10_KA01_2.mat,1,1
STFT_Envelope_Nearest_Centroid,KA01,N09_M07_F10,N09_M07_F10_KA01_20.mat,1,1
STFT_Envelope_Nearest_Centroid,KA01,N09_M07_F10,N09_M07_F10_KA01_3.mat,1,1
STFT_Envelope_Nearest_Centroid,KA01,N09_M07_F10,N09_M07_F10_KA01_4.mat,1,1
STFT_Envelope_Nearest_Centroid,KA01,N09_M07_F10,N09_M07_F10_KA01_5.mat,1,1
STFT_Envelope_Nearest_Centroid,KA01,N09_M07_F10,N09_M07_F10_KA01_6.mat,1,1
STFT_Envelope_Nearest_Centroid,KA01,N09_M07_F10,N09_M07_F10_KA01_7.mat,1,1
STFT_Envelope_Nearest_Centroid,KA01,N09_M07_F10,N09_M07_F10_KA01_8.mat,1,1
STFT_Envelope_Nearest_Centroid,KA01,N09_M07_F10,N09_M07_F10_KA01_9.mat,1,1
STFT_Envelope_Nearest_Centroid,KA01,N15_M01_F10,N15_M01_F10_KA01_1.mat,1,1
STFT_Envelope_Nearest_Centroid,KA01,N15_M01_F10,N15_M01_F10_KA01_10.mat,1,1
STFT_Envelope_Nearest_Centroid,KA01,N15_M01_F10,N15_M01_F10_KA01_11.mat,1,1
STFT_Envelope_Nearest_Centroid,KA01,N15_M01_F10,N15_M01_F10_KA01_12.mat,1,1
STFT_Envelope_Nearest_Centroid,KA01,N15_M01_F10,N15_M01_F10_KA01_13.mat,1,1
STFT_Envelope_Nearest_Centroid,KA01,N15_M01_F10,N15_M01_F10_KA01_14.mat,1,1
STFT_Envelope_Nearest_Centroid,KA01,N15_M01_F10,N15_M01_F10_KA01_15.mat,1,1
STFT_Envelope_Nearest_Centroid,KA01,N15_M01_F10,N15_M01_F10_KA01_16.mat,1,1
STFT_Envelope_Nearest_Centroid,KA01,N15_M01_F10,N15_M01_F10_KA01_17.mat,1,1
STFT_Envelope_Nearest_Centroid,KA01,N15_M01_F10,N15_M01_F10_KA01_18.mat,1,1
STFT_Envelope_Nearest_Centroid,KA01,N15_M01_F10,N15_M01_F10_KA01_19.mat,1,1
STFT_Envelope_Nearest_Centroid,KA01,N15_M01_F10,N15_M01_F10_KA01_2.mat,1,1
STFT_Envelope_Nearest_Centroid,KA01,N15_M01_F10,N15_M01_F10_KA01_20.mat,1,1
STFT_Envelope_Nearest_Centroid,KA01,N15_M01_F10,N15_M01_F10_KA01_3.mat,1,1
STFT_Envelope_Nearest_Centroid,KA01,N15_M01_F10,N15_M01_F10_KA01_4.mat,1,1
STFT_Envelope_Nearest_Centroid,KA01,N15_M01_F10,N15_M01_F10_KA01_5.mat,1,1
STFT_Envelope_Nearest_Centroid,KA01,N15_M01_F10,N15_M01_F10_KA01_6.mat,1,1
STFT_Envelope_Nearest_Centroid,KA01,N15_M01_F10,N15_M01_F10_KA01_7.mat,1,1
STFT_Envelope_Nearest_Centroid,KA01,N15_M01_F10,N15_M01_F10_KA01_8.mat,1,1
STFT_Envelope_Nearest_Centroid,KA01,N15_M01_F10,N15_M01_F10_KA01_9.mat,1,1
STFT_Envelope_Nearest_Centroid,KA01,N15_M07_F04,N15_M07_F04_KA01_1.mat,1,1
STFT_Envelope_Nearest_Centroid,KA01,N15_M07_F04,N15_M07_F04_KA01_10.mat,1,1
STFT_Envelope_Nearest_Centroid,KA01,N15_M07_F04,N15_M07_F04_KA01_11.mat,1,1
STFT_Envelope_Nearest_Centroid,KA01,N15_M07_F04,N15_M07_F04_KA01_12.mat,1,1
STFT_Envelope_Nearest_Centroid,KA01,N15_M07_F04,N15_M07_F04_KA01_13.mat,1,1
STFT_Envelope_Nearest_Centroid,KA01,N15_M07_F04,N15_M07_F04_KA01_14.mat,1,1
STFT_Envelope_Nearest_Centroid,KA01,N15_M07_F04,N15_M07_F04_KA01_15.mat,1,1
STFT_Envelope_Nearest_Centroid,KA01,N15_M07_F04,N15_M07_F04_KA01_16.mat,1,1
STFT_Envelope_Nearest_Centroid,KA01,N15_M07_F04,N15_M07_F04_KA01_17.mat,1,1
STFT_Envelope_Nearest_Centroid,KA01,N15_M07_F04,N15_M07_F04_KA01_18.mat,1,1
STFT_Envelope_Nearest_Centroid,KA01,N15_M07_F04,N15_M07_F04_KA01_19.mat,1,1
STFT_Envelope_Nearest_Centroid,KA01,N15_M07_F04,N15_M07_F04_KA01_2.mat,1,1
STFT_Envelope_Nearest_Centroid,KA01,N15_M07_F04,N15_M07_F04_KA01_20.mat,1,1
STFT_Envelope_Nearest_Centroid,KA01,N15_M07_F04,N15_M07_F04_KA01_3.mat,1,1
STFT_Envelope_Nearest_Centroid,KA01,N15_M07_F04,N15_M07_F04_KA01_4.mat,1,1
STFT_Envelope_Nearest_Centroid,KA01,N15_M07_F04,N15_M07_F04_KA01_5.mat,1,1
STFT_Envelope_Nearest_Centroid,KA01,N15_M07_F04,N15_M07_F04_KA01_6.mat,1,1
STFT_Envelope_Nearest_Centroid,KA01,N15_M07_F04,N15_M07_F04_KA01_7.mat,1,1
STFT_Envelope_Nearest_Centroid,KA01,N15_M07_F04,N15_M07_F04_KA01_8.mat,1,1
STFT_Envelope_Nearest_Centroid,KA01,N15_M07_F04,N15_M07_F04_KA01_9.mat,1,1
STFT_Envelope_Nearest_Centroid,KA01,N15_M07_F10,N15_M07_F10_KA01_1.mat,1,1
STFT_Envelope_Nearest_Centroid,KA01,N15_M07_F10,N15_M07_F10_KA01_10.mat,1,1
STFT_Envelope_Nearest_Centroid,KA01,N15_M07_F10,N15_M07_F10_KA01_11.mat,1,1
STFT_Envelope_Nearest_Centroid,KA01,N15_M07_F10,N15_M07_F10_KA01_12.mat,1,1
STFT_Envelope_Nearest_Centroid,KA01,N15_M07_F10,N15_M07_F10_KA01_13.mat,1,1
STFT_Envelope_Nearest_Centroid,KA01,N15_M07_F10,N15_M07_F10_KA01_14.mat,1,1
STFT_Envelope_Nearest_Centroid,KA01,N15_M07_F10,N15_M07_F10_KA01_15.mat,1,1
STFT_Envelope_Nearest_Centroid,KA01,N15_M07_F10,N15_M07_F10_KA01_16.mat,1,1
STFT_Envelope_Nearest_Centroid,KA01,N15_M07_F10,N15_M07_F10_KA01_17.mat,1,1
STFT_Envelope_Nearest_Centroid,KA01,N15_M07_F10,N15_M07_F10_KA01_18.mat,1,1
STFT_Envelope_Nearest_Centroid,KA01,N15_M07_F10,N15_M07_F10_KA01_19.mat,1,1
STFT_Envelope_Nearest_Centroid,KA01,N15_M07_F10,N15_M07_F10_KA01_2.mat,1,1
STFT_Envelope_Nearest_Centroid,KA01,N15_M07_F10,N15_M07_F10_KA01_20.mat,1,1
STFT_Envelope_Nearest_Centroid,KA01,N15_M07_F10,N15_M07_F10_KA01_3.mat,1,1
STFT_Envelope_Nearest_Centroid,KA01,N15_M07_F10,N15_M07_F10_KA01_4.mat,1,1
STFT_Envelope_Nearest_Centroid,KA01,N15_M07_F10,N15_M07_F10_KA01_5.mat,1,1
STFT_Envelope_Nearest_Centroid,KA01,N15_M07_F10,N15_M07_F10_KA01_6.mat,1,1
STFT_Envelope_Nearest_Centroid,KA01,N15_M07_F10,N15_M07_F10_KA01_7.mat,1,1
STFT_Envelope_Nearest_Centroid,KA01,N15_M07_F10,N15_M07_F10_KA01_8.mat,1,1
STFT_Envelope_Nearest_Centroid,KA01,N15_M07_F10,N15_M07_F10_KA01_9.mat,1,1
STFT_Envelope_Nearest_Centroid,KA03,N09_M07_F10,N09_M07_F10_KA03_1.mat,1,0
STFT_Envelope_Nearest_Centroid,KA03,N09_M07_F10,N09_M07_F10_KA03_10.mat,1,0
STFT_Envelope_Nearest_Centroid,KA03,N09_M07_F10,N09_M07_F10_KA03_11.mat,1,0
STFT_Envelope_Nearest_Centroid,KA03,N09_M07_F10,N09_M07_F10_KA03_12.mat,1,0
STFT_Envelope_Nearest_Centroid,KA03,N09_M07_F10,N09_M07_F10_KA03_13.mat,1,0
STFT_Envelope_Nearest_Centroid,KA03,N09_M07_F10,N09_M07_F10_KA03_14.mat,1,0
STFT_Envelope_Nearest_Centroid,KA03,N09_M07_F10,N09_M07_F10_KA03_15.mat,1,0
STFT_Envelope_Nearest_Centroid,KA03,N09_M07_F10,N09_M07_F10_KA03_16.mat,1,0
STFT_Envelope_Nearest_Centroid,KA03,N09_M07_F10,N09_M07_F10_KA03_17.mat,1,0
STFT_Envelope_Nearest_Centroid,KA03,N09_M07_F10,N09_M07_F10_KA03_18.mat,1,0
STFT_Envelope_Nearest_Centroid,KA03,N09_M07_F10,N09_M07_F10_KA03_19.mat,1,0
STFT_Envelope_Nearest_Centroid,KA03,N09_M07_F10,N09_M07_F10_KA03_2.mat,1,0
STFT_Envelope_Nearest_Centroid,KA03,N09_M07_F10,N09_M07_F10_KA03_20.mat,1,0
STFT_Envelope_Nearest_Centroid,KA03,N09_M07_F10,N09_M07_F10_KA03_3.mat,1,0
STFT_Envelope_Nearest_Centroid,KA03,N09_M07_F10,N09_M07_F10_KA03_4.mat,1,0
STFT_Envelope_Nearest_Centroid,KA03,N09_M07_F10,N09_M07_F10_KA03_5.mat,1,0
STFT_Envelope_Nearest_Centroid,KA03,N09_M07_F10,N09_M07_F10_KA03_6.mat,1,0
STFT_Envelope_Nearest_Centroid,KA03,N09_M07_F10,N09_M07_F10_KA03_7.mat,1,0
STFT_Envelope_Nearest_Centroid,KA03,N09_M07_F10,N09_M07_F10_KA03_8.mat,1,0
STFT_Envelope_Nearest_Centroid,KA03,N09_M07_F10,N09_M07_F10_KA03_9.mat,1,0
STFT_Envelope_Nearest_Centroid,KA03,N15_M01_F10,N15_M01_F10_KA03_1.mat,1,0
STFT_Envelope_Nearest_Centroid,KA03,N15_M01_F10,N15_M01_F10_KA03_10.mat,1,0
STFT_Envelope_Nearest_Centroid,KA03,N15_M01_F10,N15_M01_F10_KA03_11.mat,1,0
STFT_Envelope_Nearest_Centroid,KA03,N15_M01_F10,N15_M01_F10_KA03_12.mat,1,0
STFT_Envelope_Nearest_Centroid,KA03,N15_M01_F10,N15_M01_F10_KA03_13.mat,1,0
STFT_Envelope_Nearest_Centroid,KA03,N15_M01_F10,N15_M01_F10_KA03_14.mat,1,0
STFT_Envelope_Nearest_Centroid,KA03,N15_M01_F10,N15_M01_F10_KA03_15.mat,1,0
STFT_Envelope_Nearest_Centroid,KA03,N15_M01_F10,N15_M01_F10_KA03_16.mat,1,0
STFT_Envelope_Nearest_Centroid,KA03,N15_M01_F10,N15_M01_F10_KA03_17.mat,1,0
STFT_Envelope_Nearest_Centroid,KA03,N15_M01_F10,N15_M01_F10_KA03_18.mat,1,0
STFT_Envelope_Nearest_Centroid,KA03,N15_M01_F10,N15_M01_F10_KA03_19.mat,1,0
STFT_Envelope_Nearest_Centroid,KA03,N15_M01_F10,N15_M01_F10_KA03_2.mat,1,0
STFT_Envelope_Nearest_Centroid,KA03,N15_M01_F10,N15_M01_F10_KA03_20.mat,1,0
STFT_Envelope_Nearest_Centroid,KA03,N15_M01_F10,N15_M01_F10_KA03_3.mat,1,0
STFT_Envelope_Nearest_Centroid,KA03,N15_M01_F10,N15_M01_F10_KA03_4.mat,1,0
STFT_Envelope_Nearest_Centroid,KA03,N15_M01_F10,N15_M01_F10_KA03_5.mat,1,0
STFT_Envelope_Nearest_Centroid,KA03,N15_M01_F10,N15_M01_F10_KA03_6.mat,1,0
STFT_Envelope_Nearest_Centroid,KA03,N15_M01_F10,N15_M01_F10_KA03_7.mat,1,0
STFT_Envelope_Nearest_Centroid,KA03,N15_M01_F10,N15_M01_F10_KA03_8.mat,1,0
STFT_Envelope_Nearest_Centroid,KA03,N15_M01_F10,N15_M01_F10_KA03_9.mat,1,0
STFT_Envelope_Nearest_Centroid,KA03,N15_M07_F04,N15_M07_F04_KA03_1.mat,1,1
STFT_Envelope_Nearest_Centroid,KA03,N15_M07_F04,N15_M07_F04_KA03_10.mat,1,1
STFT_Envelope_Nearest_Centroid,KA03,N15_M07_F04,N15_M07_F04_KA03_11.mat,1,1
STFT_Envelope_Nearest_Centroid,KA03,N15_M07_F04,N15_M07_F04_KA03_12.mat,1,1
STFT_Envelope_Nearest_Centroid,KA03,N15_M07_F04,N15_M07_F04_KA03_13.mat,1,1
STFT_Envelope_Nearest_Centroid,KA03,N15_M07_F04,N15_M07_F04_KA03_14.mat,1,1
STFT_Envelope_Nearest_Centroid,KA03,N15_M07_F04,N15_M07_F04_KA03_15.mat,1,1
STFT_Envelope_Nearest_Centroid,KA03,N15_M07_F04,N15_M07_F04_KA03_16.mat,1,1
STFT_Envelope_Nearest_Centroid,KA03,N15_M07_F04,N15_M07_F04_KA03_17.mat,1,1
STFT_Envelope_Nearest_Centroid,KA03,N15_M07_F04,N15_M07_F04_KA03_18.mat,1,1
STFT_Envelope_Nearest_Centroid,KA03,N15_M07_F04,N15_M07_F04_KA03_19.mat,1,1
STFT_Envelope_Nearest_Centroid,KA03,N15_M07_F04,N15_M07_F04_KA03_2.mat,1,1
STFT_Envelope_Nearest_Centroid,KA03,N15_M07_F04,N15_M07_F04_KA03_20.mat,1,1
STFT_Envelope_Nearest_Centroid,KA03,N15_M07_F04,N15_M07_F04_KA03_3.mat,1,1
STFT_Envelope_Nearest_Centroid,KA03,N15_M07_F04,N15_M07_F04_KA03_4.mat,1,1
STFT_Envelope_Nearest_Centroid,KA03,N15_M07_F04,N15_M07_F04_KA03_5.mat,1,1
STFT_Envelope_Nearest_Centroid,KA03,N15_M07_F04,N15_M07_F04_KA03_6.mat,1,1
STFT_Envelope_Nearest_Centroid,KA03,N15_M07_F04,N15_M07_F04_KA03_7.mat,1,1
STFT_Envelope_Nearest_Centroid,KA03,N15_M07_F04,N15_M07_F04_KA03_8.mat,1,1
STFT_Envelope_Nearest_Centroid,KA03,N15_M07_F04,N15_M07_F04_KA03_9.mat,1,1
STFT_Envelope_Nearest_Centroid,KA03,N15_M07_F10,N15_M07_F10_KA03_1.mat,1,1
STFT_Envelope_Nearest_Centroid,KA03,N15_M07_F10,N15_M07_F10_KA03_10.mat,1,0
STFT_Envelope_Nearest_Centroid,KA03,N15_M07_F10,N15_M07_F10_KA03_11.mat,1,1
STFT_Envelope_Nearest_Centroid,KA03,N15_M07_F10,N15_M07_F10_KA03_12.mat,1,0
STFT_Envelope_Nearest_Centroid,KA03,N15_M07_F10,N15_M07_F10_KA03_13.mat,1,1
STFT_Envelope_Nearest_Centroid,KA03,N15_M07_F10,N15_M07_F10_KA03_14.mat,1,0
STFT_Envelope_Nearest_Centroid,KA03,N15_M07_F10,N15_M07_F10_KA03_15.mat,1,0
STFT_Envelope_Nearest_Centroid,KA03,N15_M07_F10,N15_M07_F10_KA03_16.mat,1,0
STFT_Envelope_Nearest_Centroid,KA03,N15_M07_F10,N15_M07_F10_KA03_17.mat,1,0
STFT_Envelope_Nearest_Centroid,KA03,N15_M07_F10,N15_M07_F10_KA03_18.mat,1,0
STFT_Envelope_Nearest_Centroid,KA03,N15_M07_F10,N15_M07_F10_KA03_19.mat,1,0
STFT_Envelope_Nearest_Centroid,KA03,N15_M07_F10,N15_M07_F10_KA03_2.mat,1,1
STFT_Envelope_Nearest_Centroid,KA03,N15_M07_F10,N15_M07_F10_KA03_20.mat,1,0
STFT_Envelope_Nearest_Centroid,KA03,N15_M07_F10,N15_M07_F10_KA03_3.mat,1,0
STFT_Envelope_Nearest_Centroid,KA03,N15_M07_F10,N15_M07_F10_KA03_4.mat,1,0
STFT_Envelope_Nearest_Centroid,KA03,N15_M07_F10,N15_M07_F10_KA03_5.mat,1,1
STFT_Envelope_Nearest_Centroid,KA03,N15_M07_F10,N15_M07_F10_KA03_6.mat,1,1
STFT_Envelope_Nearest_Centroid,KA03,N15_M07_F10,N15_M07_F10_KA03_7.mat,1,1
STFT_Envelope_Nearest_Centroid,KA03,N15_M07_F10,N15_M07_F10_KA03_8.mat,1,0
STFT_Envelope_Nearest_Centroid,KA03,N15_M07_F10,N15_M07_F10_KA03_9.mat,1,0
STFT_Envelope_Nearest_Centroid,KA04,N09_M07_F10,N09_M07_F10_KA04_1.mat,1,1
STFT_Envelope_Nearest_Centroid,KA04,N09_M07_F10,N09_M07_F10_KA04_10.mat,1,1
STFT_Envelope_Nearest_Centroid,KA04,N09_M07_F10,N09_M07_F10_KA04_11.mat,1,1
STFT_Envelope_Nearest_Centroid,KA04,N09_M07_F10,N09_M07_F10_KA04_12.mat,1,1
STFT_Envelope_Nearest_Centroid,KA04,N09_M07_F10,N09_M07_F10_KA04_13.mat,1,1
STFT_Envelope_Nearest_Centroid,KA04,N09_M07_F10,N09_M07_F10_KA04_14.mat,1,1
STFT_Envelope_Nearest_Centroid,KA04,N09_M07_F10,N09_M07_F10_KA04_15.mat,1,1
STFT_Envelope_Nearest_Centroid,KA04,N09_M07_F10,N09_M07_F10_KA04_16.mat,1,1
STFT_Envelope_Nearest_Centroid,KA04,N09_M07_F10,N09_M07_F10_KA04_17.mat,1,1
STFT_Envelope_Nearest_Centroid,KA04,N09_M07_F10,N09_M07_F10_KA04_18.mat,1,1
STFT_Envelope_Nearest_Centroid,KA04,N09_M07_F10,N09_M07_F10_KA04_19.mat,1,1
STFT_Envelope_Nearest_Centroid,KA04,N09_M07_F10,N09_M07_F10_KA04_2.mat,1,1
STFT_Envelope_Nearest_Centroid,KA04,N09_M07_F10,N09_M07_F10_KA04_20.mat,1,1
STFT_Envelope_Nearest_Centroid,KA04,N09_M07_F10,N09_M07_F10_KA04_3.mat,1,1
STFT_Envelope_Nearest_Centroid,KA04,N09_M07_F10,N09_M07_F10_KA04_4.mat,1,1
STFT_Envelope_Nearest_Centroid,KA04,N09_M07_F10,N09_M07_F10_KA04_5.mat,1,1
STFT_Envelope_Nearest_Centroid,KA04,N09_M07_F10,N09_M07_F10_KA04_6.mat,1,1
STFT_Envelope_Nearest_Centroid,KA04,N09_M07_F10,N09_M07_F10_KA04_7.mat,1,1
STFT_Envelope_Nearest_Centroid,KA04,N09_M07_F10,N09_M07_F10_KA04_8.mat,1,1
STFT_Envelope_Nearest_Centroid,KA04,N09_M07_F10,N09_M07_F10_KA04_9.mat,1,1
STFT_Envelope_Nearest_Centroid,KA04,N15_M01_F10,N15_M01_F10_KA04_1.mat,1,1
STFT_Envelope_Nearest_Centroid,KA04,N15_M01_F10,N15_M01_F10_KA04_10.mat,1,1
STFT_Envelope_Nearest_Centroid,KA04,N15_M01_F10,N15_M01_F10_KA04_11.mat,1,1
STFT_Envelope_Nearest_Centroid,KA04,N15_M01_F10,N15_M01_F10_KA04_12.mat,1,1
STFT_Envelope_Nearest_Centroid,KA04,N15_M01_F10,N15_M01_F10_KA04_13.mat,1,1
STFT_Envelope_Nearest_Centroid,KA04,N15_M01_F10,N15_M01_F10_KA04_14.mat,1,1
STFT_Envelope_Nearest_Centroid,KA04,N15_M01_F10,N15_M01_F10_KA04_15.mat,1,1
STFT_Envelope_Nearest_Centroid,KA04,N15_M01_F10,N15_M01_F10_KA04_16.mat,1,1
STFT_Envelope_Nearest_Centroid,KA04,N15_M01_F10,N15_M01_F10_KA04_17.mat,1,1
STFT_Envelope_Nearest_Centroid,KA04,N15_M01_F10,N15_M01_F10_KA04_18.mat,1,1
STFT_Envelope_Nearest_Centroid,KA04,N15_M01_F10,N15_M01_F10_KA04_19.mat,1,1
STFT_Envelope_Nearest_Centroid,KA04,N15_M01_F10,N15_M01_F10_KA04_2.mat,1,1
STFT_Envelope_Nearest_Centroid,KA04,N15_M01_F10,N15_M01_F10_KA04_20.mat,1,1
STFT_Envelope_Nearest_Centroid,KA04,N15_M01_F10,N15_M01_F10_KA04_3.mat,1,1
STFT_Envelope_Nearest_Centroid,KA04,N15_M01_F10,N15_M01_F10_KA04_4.mat,1,1
STFT_Envelope_Nearest_Centroid,KA04,N15_M01_F10,N15_M01_F10_KA04_5.mat,1,1
STFT_Envelope_Nearest_Centroid,KA04,N15_M01_F10,N15_M01_F10_KA04_6.mat,1,1
STFT_Envelope_Nearest_Centroid,KA04,N15_M01_F10,N15_M01_F10_KA04_7.mat,1,1
STFT_Envelope_Nearest_Centroid,KA04,N15_M01_F10,N15_M01_F10_KA04_8.mat,1,1
STFT_Envelope_Nearest_Centroid,KA04,N15_M01_F10,N15_M01_F10_KA04_9.mat,1,1
STFT_Envelope_Nearest_Centroid,KA04,N15_M07_F04,N15_M07_F04_KA04_1.mat,1,1
STFT_Envelope_Nearest_Centroid,KA04,N15_M07_F04,N15_M07_F04_KA04_10.mat,1,1
STFT_Envelope_Nearest_Centroid,KA04,N15_M07_F04,N15_M07_F04_KA04_11.mat,1,1
STFT_Envelope_Nearest_Centroid,KA04,N15_M07_F04,N15_M07_F04_KA04_12.mat,1,1
STFT_Envelope_Nearest_Centroid,KA04,N15_M07_F04,N15_M07_F04_KA04_13.mat,1,1
STFT_Envelope_Nearest_Centroid,KA04,N15_M07_F04,N15_M07_F04_KA04_14.mat,1,1
STFT_Envelope_Nearest_Centroid,KA04,N15_M07_F04,N15_M07_F04_KA04_15.mat,1,1
STFT_Envelope_Nearest_Centroid,KA04,N15_M07_F04,N15_M07_F04_KA04_16.mat,1,1
STFT_Envelope_Nearest_Centroid,KA04,N15_M07_F04,N15_M07_F04_KA04_17.mat,1,1
STFT_Envelope_Nearest_Centroid,KA04,N15_M07_F04,N15_M07_F04_KA04_18.mat,1,1
STFT_Envelope_Nearest_Centroid,KA04,N15_M07_F04,N15_M07_F04_KA04_19.mat,1,1
STFT_Envelope_Nearest_Centroid,KA04,N15_M07_F04,N15_M07_F04_KA04_2.mat,1,1
STFT_Envelope_Nearest_Centroid,KA04,N15_M07_F04,N15_M07_F04_KA04_20.mat,1,1
STFT_Envelope_Nearest_Centroid,KA04,N15_M07_F04,N15_M07_F04_KA04_3.mat,1,1
STFT_Envelope_Nearest_Centroid,KA04,N15_M07_F04,N15_M07_F04_KA04_4.mat,1,1
STFT_Envelope_Nearest_Centroid,KA04,N15_M07_F04,N15_M07_F04_KA04_5.mat,1,1
STFT_Envelope_Nearest_Centroid,KA04,N15_M07_F04,N15_M07_F04_KA04_6.mat,1,1
STFT_Envelope_Nearest_Centroid,KA04,N15_M07_F04,N15_M07_F04_KA04_7.mat,1,1
STFT_Envelope_Nearest_Centroid,KA04,N15_M07_F04,N15_M07_F04_KA04_8.mat,1,1
STFT_Envelope_Nearest_Centroid,KA04,N15_M07_F04,N15_M07_F04_KA04_9.mat,1,1
STFT_Envelope_Nearest_Centroid,KA04,N15_M07_F10,N15_M07_F10_KA04_1.mat,1,1
STFT_Envelope_Nearest_Centroid,KA04,N15_M07_F10,N15_M07_F10_KA04_10.mat,1,1
STFT_Envelope_Nearest_Centroid,KA04,N15_M07_F10,N15_M07_F10_KA04_11.mat,1,1
STFT_Envelope_Nearest_Centroid,KA04,N15_M07_F10,N15_M07_F10_KA04_12.mat,1,1
STFT_Envelope_Nearest_Centroid,KA04,N15_M07_F10,N15_M07_F10_KA04_13.mat,1,1
STFT_Envelope_Nearest_Centroid,KA04,N15_M07_F10,N15_M07_F10_KA04_14.mat,1,1
STFT_Envelope_Nearest_Centroid,KA04,N15_M07_F10,N15_M07_F10_KA04_15.mat,1,1
STFT_Envelope_Nearest_Centroid,KA04,N15_M07_F10,N15_M07_F10_KA04_16.mat,1,1
STFT_Envelope_Nearest_Centroid,KA04,N15_M07_F10,N15_M07_F10_KA04_17.mat,1,1
STFT_Envelope_Nearest_Centroid,KA04,N15_M07_F10,N15_M07_F10_KA04_18.mat,1,1
STFT_Envelope_Nearest_Centroid,KA04,N15_M07_F10,N15_M07_F10_KA04_19.mat,1,1
STFT_Envelope_Nearest_Centroid,KA04,N15_M07_F10,N15_M07_F10_KA04_2.mat,1,1
STFT_Envelope_Nearest_Centroid,KA04,N15_M07_F10,N15_M07_F10_KA04_20.mat,1,1
STFT_Envelope_Nearest_Centroid,KA04,N15_M07_F10,N15_M07_F10_KA04_3.mat,1,1
STFT_Envelope_Nearest_Centroid,KA04,N15_M07_F10,N15_M07_F10_KA04_4.mat,1,1
STFT_Envelope_Nearest_Centroid,KA04,N15_M07_F10,N15_M07_F10_KA04_5.mat,1,1
STFT_Envelope_Nearest_Centroid,KA04,N15_M07_F10,N15_M07_F10_KA04_6.mat,1,1
STFT_Envelope_Nearest_Centroid,KA04,N15_M07_F10,N15_M07_F10_KA04_7.mat,1,1
STFT_Envelope_Nearest_Centroid,KA04,N15_M07_F10,N15_M07_F10_KA04_8.mat,1,1
STFT_Envelope_Nearest_Centroid,KA04,N15_M07_F10,N15_M07_F10_KA04_9.mat,1,1
STFT_Envelope_Nearest_Centroid,KI05,N09_M07_F10,N09_M07_F10_KI05_1.mat,1,0
STFT_Envelope_Nearest_Centroid,KI05,N09_M07_F10,N09_M07_F10_KI05_10.mat,1,0
STFT_Envelope_Nearest_Centroid,KI05,N09_M07_F10,N09_M07_F10_KI05_11.mat,1,0
STFT_Envelope_Nearest_Centroid,KI05,N09_M07_F10,N09_M07_F10_KI05_12.mat,1,0
STFT_Envelope_Nearest_Centroid,KI05,N09_M07_F10,N09_M07_F10_KI05_13.mat,1,0
STFT_Envelope_Nearest_Centroid,KI05,N09_M07_F10,N09_M07_F10_KI05_14.mat,1,0
STFT_Envelope_Nearest_Centroid,KI05,N09_M07_F10,N09_M07_F10_KI05_15.mat,1,0
STFT_Envelope_Nearest_Centroid,KI05,N09_M07_F10,N09_M07_F10_KI05_16.mat,1,0
STFT_Envelope_Nearest_Centroid,KI05,N09_M07_F10,N09_M07_F10_KI05_17.mat,1,0
STFT_Envelope_Nearest_Centroid,KI05,N09_M07_F10,N09_M07_F10_KI05_18.mat,1,0
STFT_Envelope_Nearest_Centroid,KI05,N09_M07_F10,N09_M07_F10_KI05_19.mat,1,0
STFT_Envelope_Nearest_Centroid,KI05,N09_M07_F10,N09_M07_F10_KI05_2.mat,1,0
STFT_Envelope_Nearest_Centroid,KI05,N09_M07_F10,N09_M07_F10_KI05_20.mat,1,0
STFT_Envelope_Nearest_Centroid,KI05,N09_M07_F10,N09_M07_F10_KI05_3.mat,1,0
STFT_Envelope_Nearest_Centroid,KI05,N09_M07_F10,N09_M07_F10_KI05_4.mat,1,0
STFT_Envelope_Nearest_Centroid,KI05,N09_M07_F10,N09_M07_F10_KI05_5.mat,1,0
STFT_Envelope_Nearest_Centroid,KI05,N09_M07_F10,N09_M07_F10_KI05_6.mat,1,0
STFT_Envelope_Nearest_Centroid,KI05,N09_M07_F10,N09_M07_F10_KI05_7.mat,1,0
STFT_Envelope_Nearest_Centroid,KI05,N09_M07_F10,N09_M07_F10_KI05_8.mat,1,0
STFT_Envelope_Nearest_Centroid,KI05,N09_M07_F10,N09_M07_F10_KI05_9.mat,1,0
STFT_Envelope_Nearest_Centroid,KI05,N15_M01_F10,N15_M01_F10_KI05_1.mat,1,0
STFT_Envelope_Nearest_Centroid,KI05,N15_M01_F10,N15_M01_F10_KI05_10.mat,1,0
STFT_Envelope_Nearest_Centroid,KI05,N15_M01_F10,N15_M01_F10_KI05_11.mat,1,0
STFT_Envelope_Nearest_Centroid,KI05,N15_M01_F10,N15_M01_F10_KI05_12.mat,1,0
STFT_Envelope_Nearest_Centroid,KI05,N15_M01_F10,N15_M01_F10_KI05_13.mat,1,0
STFT_Envelope_Nearest_Centroid,KI05,N15_M01_F10,N15_M01_F10_KI05_14.mat,1,0
STFT_Envelope_Nearest_Centroid,KI05,N15_M01_F10,N15_M01_F10_KI05_15.mat,1,0
STFT_Envelope_Nearest_Centroid,KI05,N15_M01_F10,N15_M01_F10_KI05_16.mat,1,0
STFT_Envelope_Nearest_Centroid,KI05,N15_M01_F10,N15_M01_F10_KI05_17.mat,1,0
STFT_Envelope_Nearest_Centroid,KI05,N15_M01_F10,N15_M01_F10_KI05_18.mat,1,0
STFT_Envelope_Nearest_Centroid,KI05,N15_M01_F10,N15_M01_F10_KI05_19.mat,1,0
STFT_Envelope_Nearest_Centroid,KI05,N15_M01_F10,N15_M01_F10_KI05_2.mat,1,0
STFT_Envelope_Nearest_Centroid,KI05,N15_M01_F10,N15_M01_F10_KI05_20.mat,1,0
STFT_Envelope_Nearest_Centroid,KI05,N15_M01_F10,N15_M01_F10_KI05_3.mat,1,0
STFT_Envelope_Nearest_Centroid,KI05,N15_M01_F10,N15_M01_F10_KI05_4.mat,1,0
STFT_Envelope_Nearest_Centroid,KI05,N15_M01_F10,N15_M01_F10_KI05_5.mat,1,0
STFT_Envelope_Nearest_Centroid,KI05,N15_M01_F10,N15_M01_F10_KI05_6.mat,1,0
STFT_Envelope_Nearest_Centroid,KI05,N15_M01_F10,N15_M01_F10_KI05_7.mat,1,0
STFT_Envelope_Nearest_Centroid,KI05,N15_M01_F10,N15_M01_F10_KI05_8.mat,1,0
STFT_Envelope_Nearest_Centroid,KI05,N15_M01_F10,N15_M01_F10_KI05_9.mat,1,0
STFT_Envelope_Nearest_Centroid,KI05,N15_M07_F04,N15_M07_F04_KI05_1.mat,1,0
STFT_Envelope_Nearest_Centroid,KI05,N15_M07_F04,N15_M07_F04_KI05_10.mat,1,0
STFT_Envelope_Nearest_Centroid,KI05,N15_M07_F04,N15_M07_F04_KI05_11.mat,1,0
STFT_Envelope_Nearest_Centroid,KI05,N15_M07_F04,N15_M07_F04_KI05_12.mat,1,0
STFT_Envelope_Nearest_Centroid,KI05,N15_M07_F04,N15_M07_F04_KI05_13.mat,1,0
STFT_Envelope_Nearest_Centroid,KI05,N15_M07_F04,N15_M07_F04_KI05_14.mat,1,0
STFT_Envelope_Nearest_Centroid,KI05,N15_M07_F04,N15_M07_F04_KI05_15.mat,1,0
STFT_Envelope_Nearest_Centroid,KI05,N15_M07_F04,N15_M07_F04_KI05_16.mat,1,0
STFT_Envelope_Nearest_Centroid,KI05,N15_M07_F04,N15_M07_F04_KI05_17.mat,1,0
STFT_Envelope_Nearest_Centroid,KI05,N15_M07_F04,N15_M07_F04_KI05_18.mat,1,0
STFT_Envelope_Nearest_Centroid,KI05,N15_M07_F04,N15_M07_F04_KI05_19.mat,1,0
STFT_Envelope_Nearest_Centroid,KI05,N15_M07_F04,N15_M07_F04_KI05_2.mat,1,0
STFT_Envelope_Nearest_Centroid,KI05,N15_M07_F04,N15_M07_F04_KI05_20.mat,1,0
STFT_Envelope_Nearest_Centroid,KI05,N15_M07_F04,N15_M07_F04_KI05_3.mat,1,0
STFT_Envelope_Nearest_Centroid,KI05,N15_M07_F04,N15_M07_F04_KI05_4.mat,1,0
STFT_Envelope_Nearest_Centroid,KI05,N15_M07_F04,N15_M07_F04_KI05_5.mat,1,0
STFT_Envelope_Nearest_Centroid,KI05,N15_M07_F04,N15_M07_F04_KI05_6.mat,1,0
STFT_Envelope_Nearest_Centroid,KI05,N15_M07_F04,N15_M07_F04_KI05_7.mat,1,0
STFT_Envelope_Nearest_Centroid,KI05,N15_M07_F04,N15_M07_F04_KI05_8.mat,1,0
STFT_Envelope_Nearest_Centroid,KI05,N15_M07_F04,N15_M07_F04_KI05_9.mat,1,0
STFT_Envelope_Nearest_Centroid,KI05,N15_M07_F10,N15_M07_F10_KI05_1.mat,1,0
STFT_Envelope_Nearest_Centroid,KI05,N15_M07_F10,N15_M07_F10_KI05_10.mat,1,0
STFT_Envelope_Nearest_Centroid,KI05,N15_M07_F10,N15_M07_F10_KI05_11.mat,1,0
STFT_Envelope_Nearest_Centroid,KI05,N15_M07_F10,N15_M07_F10_KI05_12.mat,1,0
STFT_Envelope_Nearest_Centroid,KI05,N15_M07_F10,N15_M07_F10_KI05_13.mat,1,0
STFT_Envelope_Nearest_Centroid,KI05,N15_M07_F10,N15_M07_F10_KI05_14.mat,1,0
STFT_Envelope_Nearest_Centroid,KI05,N15_M07_F10,N15_M07_F10_KI05_15.mat,1,0
STFT_Envelope_Nearest_Centroid,KI05,N15_M07_F10,N15_M07_F10_KI05_16.mat,1,0
STFT_Envelope_Nearest_Centroid,KI05,N15_M07_F10,N15_M07_F10_KI05_17.mat,1,0
STFT_Envelope_Nearest_Centroid,KI05,N15_M07_F10,N15_M07_F10_KI05_18.mat,1,0
STFT_Envelope_Nearest_Centroid,KI05,N15_M07_F10,N15_M07_F10_KI05_19.mat,1,0
STFT_Envelope_Nearest_Centroid,KI05,N15_M07_F10,N15_M07_F10_KI05_2.mat,1,0
STFT_Envelope_Nearest_Centroid,KI05,N15_M07_F10,N15_M07_F10_KI05_20.mat,1,0
STFT_Envelope_Nearest_Centroid,KI05,N15_M07_F10,N15_M07_F10_KI05_3.mat,1,0
STFT_Envelope_Nearest_Centroid,KI05,N15_M07_F10,N15_M07_F10_KI05_4.mat,1,0
STFT_Envelope_Nearest_Centroid,KI05,N15_M07_F10,N15_M07_F10_KI05_5.mat,1,0
STFT_Envelope_Nearest_Centroid,KI05,N15_M07_F10,N15_M07_F10_KI05_6.mat,1,0
STFT_Envelope_Nearest_Centroid,KI05,N15_M07_F10,N15_M07_F10_KI05_7.mat,1,0
STFT_Envelope_Nearest_Centroid,KI05,N15_M07_F10,N15_M07_F10_KI05_8.mat,1,0
STFT_Envelope_Nearest_Centroid,KI05,N15_M07_F10,N15_M07_F10_KI05_9.mat,1,0
